0 0 0.2971930937306064 3
0 1 0.14707304270274218 3
0 2 0.16353871826015204 3
0 3 0.039245436039971174 3
0 4 0.07844209648538279 3
0 5 0.08469157082547109 3
0 6 0.05359642324621556 3
0 7 0.17663309516875442 3
0 8 0.3647456802045329 3
0 9 24.287794821856078 3
0 10 0.08328595832649198 3
0 11 0.08264842123580125 3
0 12 0.23409351661713004 3
0 13 0.12463703650098727 3
0 14 0.057498510269691556 3
0 15 0.1186110718242724 3
0 16 0.10346533069074007 3
0 17 0.16893605923607563 3
0 18 0.1422330299585248 3
0 19 0.20274835857260373 3
0 20 0.17652172504601132 3
0 21 0.0772390258294633 3
0 22 0.09126133925381726 3
0 23 411116.2200261105 3
0 24 0.061610922739244574 3
0 25 0.1671174004751523 3
0 26 0.13297068877754495 3
0 27 0.14907884819341063 3
0 28 0.12083027661472183 3
0 29 16.865432391812206 3
0 30 0.07548582468425674 3
0 31 0.08959374259525506 3
0 32 0.041856192898478965 3
0 33 0.11453204193980389 3
0 34 0.11451971862942231 3
0 35 0.06816303582312838 3
0 36 0.08721790322155351 3
0 37 0.05018658053113954 3
0 38 0.09423945932665882 3
0 39 0.3568433730944875 3
0 40 0.18546634589744806 3
0 41 0.15053178059431888 3
0 42 0.1570808055181244 3
0 43 111510.6493132593 3
0 44 0.16948580825210022 3
0 45 38.36779293477223 3
0 46 0.07244484170108914 3
0 47 0.17998184753155064 3
0 48 0.22077396717740452 3
0 49 56263.91951319303 3
0 50 0.07640289747803301 3
0 51 0.04485614599132682 3
0 52 0.08517759243258556 3
0 53 0.06036485874121819 3
0 54 49.17849874233246 3
0 55 0.11335468896522351 3
0 56 6133554.346426845 3
0 57 0.11887824472670877 3
0 58 0.1686917526015001 3
0 59 0.11145711001535726 3
0 60 0.15667942222565132 3
0 61 0.04229730810248116 3
0 62 0.24208435204083822 3
0 63 0.15568398076503315 3
0 64 0.2143895086323084 3
0 65 2267145.482939154 3
0 66 0.18269659928335122 3
0 67 0.040236340924124016 3
0 68 0.12967506932579576 3
0 69 0.1408429614468337 3
0 70 0.15861644111062936 3
0 71 0.13039606775929702 3
0 72 0.07160736041756999 3
0 73 0.14768581576884146 3
0 74 0.023128440279601915 3
0 75 0.07723873728387656 3
0 76 0.1650834695167708 3
0 77 0.5302071301447852 3
0 78 30.016967994645157 3
0 79 0.09304181652425259 3
0 80 0.07280403297489071 3
0 81 3.7381631078859416 3
0 82 0.06545354711019516 3
0 83 0.04973912864826067 3
0 84 0.07813544121090273 3
0 85 0.11490971193173781 3
0 86 0.06108682100417875 3
0 87 0.09619330524354525 3
0 88 0.046226279210362084 3
0 89 0.08029323655194577 3
0 90 0.051094202080727846 3
0 91 0.12430743598841774 3
0 92 0.10897996821013665 3
0 93 0.14828628339776742 3
0 94 0.54251606885119 3
0 95 0.03977452506964254 3
0 96 0.39557841379197667 3
0 97 0.13006063005155355 3
0 98 0.1039788021948151 3
0 99 0.07091837430983138 3
0 100 0.10429748410535734 3
0 101 0.09806975803314699 3
0 102 0.08847143565641759 3
0 103 0.08849278459784177 3
0 104 0.1370833762117284 3
0 105 0.10131354164425924 3
0 106 0.18088390831665674 3
0 107 0.13307271230126047 3
0 108 0.054153936742770234 3
0 109 0.07218069488452404 3
0 110 0.15400876364021138 3
0 111 0.12555886647179673 3
0 112 0.1904797552003927 3
0 113 0.07020512410519984 3
0 114 0.11397664216612433 3
0 115 0.03543196297874274 3
0 116 0.11995043751772776 3
0 117 0.047799649198209886 3
0 118 0.07078698777474232 3
0 119 0.12092702033341063 3
0 120 0.18985802409447122 3
0 121 0.09825882054320285 3
0 122 0.08000642731917536 3
0 123 0.1219788657827563 3
0 124 0.16182741484232113 3
0 125 0.06284547830196131 3
0 126 0.4633298841283438 3
0 127 0.12506484056514086 3
0 128 144.5662448147825 3
0 129 36.05927062506395 3
0 130 0.15816890837898193 3
0 131 0.12931362604846222 3
0 132 0.14079573252028196 3
0 133 0.21536755760305618 3
0 134 0.07582257673760368 3
0 135 0.1559337706658784 3
0 136 0.10072391670399611 3
0 137 0.11657245711868507 3
0 138 0.17118894368144766 3
0 139 2260167.8267473187 3
0 140 0.09156701875639707 3
0 141 0.10961649279200968 3
0 142 0.1457348832949087 3
0 143 0.16387070363778136 3
0 144 0.2032769734464169 3
0 145 0.16614425779478026 3
0 146 97.51032391551821 3
0 147 0.16276893116387078 3
0 148 0.1554893539652659 3
0 149 0.17794389034739194 3
0 150 0.19925763190093615 3
0 151 0.12306020371858076 3
0 152 0.15014782606093988 3
0 153 0.11551281717556541 3
0 154 12.149553734358795 3
0 155 0.14683960069513372 3
0 156 0.18641535409716242 3
0 157 0.06378608918057417 3
0 158 0.15060424212177254 3
0 159 0.15614753379306462 3
0 160 0.0638875396351488 3
0 161 0.16953397746517157 3
0 162 0.06279486544106125 3
0 163 0.0963711923983021 3
0 164 0.1842750568325938 3
0 165 526805.7652483417 3
0 166 0.02972520462306855 3
0 167 0.02435775695685407 3
0 168 0.10316091082346052 3
0 169 0.13543740963276127 3
0 170 0.07707134931278038 3
0 171 0.1294402461543396 3
0 172 11.025553368925811 3
0 173 0.12316817313110304 3
0 174 0.1318092490955444 3
0 175 0.09089550690954303 3
0 176 0.05888810082059224 3
0 177 0.13059186983080084 3
0 178 0.12987344353079974 3
0 179 0.06953401650880585 3
0 180 0.15229958366571877 3
0 181 0.043815997065210374 3
0 182 0.1568204992807243 3
0 183 0.43150562898451306 3
0 184 0.16170758338723545 3
0 185 0.1454738856353476 3
0 186 0.145752947002615 3
0 187 0.05797053450863266 3
0 188 26759.744286838133 3
0 189 0.1473375527456306 3
0 190 0.2869516301393804 3
0 191 0.08194281768779174 3
0 192 1904219579.4919226 3
0 193 0.12738868659812141 3
0 194 0.06295623151274803 3
0 195 0.13152061108734844 3
0 196 0.29291266219485745 3
0 197 0.17934701871335168 3
0 198 0.12290696284195164 3
0 199 0.05684102292763977 3
0 200 0.1522999461496479 3
0 201 12.622751064524282 3
0 202 0.16723757858989208 3
0 203 0.14580462450683385 3
0 204 0.18619519618374802 3
0 205 0.5018274736553217 3
0 206 0.0997890850433153 3
0 207 0.12103563411489696 3
0 208 0.17128711224235454 3
0 209 0.05029850120956485 3
0 210 0.09772844894349723 3
0 211 0.08241160146424699 3
0 212 0.14573924329765822 3
0 213 0.11661646959827694 3
0 214 0.10708671067133929 3
0 215 0.09375036782508481 3
0 216 0.11180828036460301 3
0 217 0.09189206007359288 3
0 218 0.12915850872050377 3
0 219 0.24857390678395946 3
0 220 0.27989348897065847 3
0 221 0.18527011830267748 3
0 222 0.07225824501209129 3
0 223 0.07424022582675413 3
0 224 0.06188324041546274 3
0 225 0.0690212327826147 3
0 226 65.65877179450275 3
0 227 0.15876725869517602 3
0 228 0.20028493959297253 3
0 229 0.07643025117887543 3
0 230 1.4376895914472385 3
0 231 0.1741277065705183 3
0 232 0.13975172120241225 3
0 233 0.16718618009537278 3
0 234 0.18443207169469936 3
0 235 0.10547141610946331 3
0 236 3.024491882592713 3
0 237 0.12858922565126085 3
0 238 0.13652323719681614 3
0 239 0.06184344775460284 3
0 240 3.641232898163621 3
0 241 0.0748231014280831 3
0 242 34.276214899168814 3
0 243 0.053523259452161916 3
0 244 0.12332781824728958 3
0 245 0.12324550756682379 3
0 246 0.14059242481494733 3
0 247 0.15588684289368054 3
0 248 0.15778205872668158 3
0 249 0.02868066139877109 3
0 250 0.19180280321295595 3
0 251 0.07854786278187413 3
0 252 0.2174404701050812 3
0 253 0.0739303752306945 3
0 254 0.16380328791165866 3
0 255 0.06902243159856508 3
0 256 0.09929733697527428 3
0 257 0.021486505835272913 3
0 258 0.10813512660836638 3
0 259 0.1460507263498029 3
0 260 0.12986430650656228 3
0 261 0.10835223710112425 3
0 262 0.28351645371918743 3
0 263 0.16372791388682364 3
0 264 0.21973992480583934 3
0 265 0.2151862935505163 3
0 266 0.12119442430851719 3
0 267 0.09649024770573225 3
0 268 0.04052448495149482 3
0 269 0.0973346149662675 3
0 270 0.07065761695915798 3
0 271 0.12201146234306923 3
0 272 0.19113141317868884 3
0 273 0.0694304789921088 3
0 274 0.06917224230130917 3
0 275 0.1459983681297103 3
0 276 0.03424880208260392 3
0 277 0.08044721252227464 3
0 278 0.11442680651470301 3
0 279 0.15096472736871674 3
0 280 0.30476972258005364 3
0 281 0.03581251980463291 3
0 282 0.06405677728596261 3
0 283 0.16915460532709914 3
0 284 0.3114674088993927 3
0 285 0.2059794939262033 3
0 286 2499.41352624204 3
0 287 2.217731877883471 3
0 288 0.09421685957748589 3
0 289 0.08433911135600333 3
0 290 0.1330124105330909 3
0 291 0.16973441194445463 3
0 292 0.06802670357385109 3
0 293 0.09633337649773667 3
0 294 0.15476866235947132 3
0 295 0.158154471535515 3
0 296 0.2779881081123038 3
0 297 0.08682455851081226 3
0 298 0.1533023038923587 3
0 299 0.05986685510381189 3
0 300 0.14405454961993114 3
0 301 0.0999195441322443 3
0 302 4.997581937751965 3
0 303 0.14108322231990175 3
0 304 0.12662056282688053 3
0 305 0.19650343082470897 3
0 306 0.12341307599699129 3
0 307 0.09730000107051838 3
0 308 0.1145357621135116 3
0 309 0.13751326067797262 3
0 310 0.2994187961567665 3
0 311 0.07517250849595362 3
0 312 0.10290707066219958 3
0 313 0.15484023689952958 3
0 314 0.10705584440146604 3
0 315 43967242.499018475 3
0 316 0.14038432277541119 3
0 317 0.22226829417250807 3
0 318 0.07855918835965169 3
0 319 0.09380542144755458 3
0 320 0.23972088085883467 3
0 321 367.6310527932019 3
0 322 0.08570370333303748 3
0 323 0.07393818965622044 3
0 324 9806523.264648154 3
0 325 0.28163598885586955 3
0 326 0.14527555854027333 3
0 327 0.14630893056409217 3
0 328 534898.8153881114 3
0 329 0.501312072098833 3
0 330 4782.577690032141 3
0 331 0.10473230303963517 3
0 332 0.18041803670283313 3
0 333 0.18283363170094433 3
0 334 0.021421683079084028 3
0 335 0.161070021645638 3
0 336 0.1052687324605456 3
0 337 0.12157920306164138 3
0 338 0.17342619338822407 3
0 339 0.1777791186154489 3
0 340 0.1740176712847185 3
0 341 0.13727560647385867 3
0 342 0.0831832654051863 3
0 343 0.09376770181891049 3
0 344 0.17254113220589684 3
0 345 0.8807454113433236 3
0 346 0.1789002621902394 3
0 347 0.14595740854830697 3
0 348 0.10570656725378273 3
0 349 0.16353153756071948 3
0 350 0.1256915953957935 3
0 351 0.20052648948498714 3
0 352 0.11014207184252146 3
0 353 0.159433350751861 3
0 354 0.1746267037937384 3
0 355 0.08570912211870892 3
0 356 0.10973874701162656 3
0 357 0.12994658373088877 3
0 358 0.1985392312572432 3
0 359 1.4146460102358587 3
0 360 0.09320150253781474 3
0 361 0.09839351820145825 3
0 362 0.06769346484336086 3
0 363 497908.5809183239 3
0 364 0.043458885444215466 3
0 365 0.1426758433917246 3
0 366 0.09005098071226966 3
0 367 60539198.40953068 3
0 368 0.09934519583937343 3
0 369 0.09845594049736393 3
0 370 0.20067263843071395 3
0 371 0.11495832007047765 3
0 372 263868.38447891985 3
0 373 0.11575687479523661 3
0 374 0.14711967044323246 3
0 375 0.14985436265788307 3
0 376 0.7015976308898064 3
0 377 0.10731403681003965 3
0 378 22.331068055210842 3
0 379 0.38980449842520215 3
0 380 16463553.294580689 3
0 381 0.053596423237690184 3
0 382 0.1496323822042548 3
0 383 0.11622346038975244 3
0 384 0.03468357829010461 3
0 385 0.10291180634691294 3
0 386 0.19087385973087218 3
0 387 0.14998141420920486 3
0 388 0.15603269731017883 3
0 389 0.10017477739021194 3
0 390 0.1535608668868519 3
0 391 0.124654778596754 3
0 392 0.09687283503806714 3
0 393 11.023105754355871 3
0 394 0.11505964053899516 3
0 395 0.08361331428987424 3
0 396 0.17725152392863294 3
0 397 0.14309811446958842 3
0 398 0.21111964124167237 3
0 399 0.035933216568668644 3
0 400 0.18486799447260824 3
0 401 0.11427932540939344 3
0 402 0.1649997025098335 3
0 403 0.04185491017911114 3
0 404 0.11716957152479267 3
0 405 0.17531828360969315 3
0 406 0.08039709124835093 3
0 407 0.05042783012516076 3
0 408 0.13927320038992277 3
0 409 0.14110672119083215 3
0 410 0.1461802319536616 3
0 411 0.06179523992034895 3
0 412 0.08350415161673218 3
0 413 0.10095533698445923 3
0 414 0.16928458291658996 3
0 415 0.05831426955100459 3
0 416 0.13493531869258862 3
0 417 0.0898754175099758 3
0 418 0.15865959313311406 3
0 419 0.12985428826432688 3
0 420 0.19223202067002804 3
0 421 0.08494839362344017 3
0 422 0.09546440086773635 3
0 423 0.09546836892358528 3
0 424 0.099833927393858 3
0 425 0.1807648381911193 3
0 426 0.09613360382590311 3
0 427 570606.9996974001 3
0 428 0.13728244328048683 3
0 429 252.35008138372766 3
0 430 0.08308049984192563 3
0 431 0.12717861998993613 3
0 432 1.4957525656535506 3
0 433 0.2281727487939827 3
0 434 0.1322607301706868 3
0 435 0.5077369825012251 3
0 436 0.14591744059230238 3
0 437 0.13173749709439264 3
0 438 0.10889789520139023 3
0 439 0.16966684483896702 3
0 440 0.14242032423451328 3
0 441 0.20337695354127838 3
0 442 31.567805797603043 3
0 443 0.18617487607130714 3
0 444 0.05959702816227175 3
0 445 0.142948734172781 3
0 446 0.10006450896541136 3
0 447 0.14876598151856096 3
0 448 0.15665732534178808 3
0 449 0.14407632920860516 3
0 450 42686335.10703788 3
0 451 0.09234073709245691 3
0 452 0.09154428779023366 3
0 453 0.06781912793381296 3
0 454 0.0982710619078876 3
0 455 117113164.00929108 3
0 456 0.09384043418237602 3
0 457 0.11835258087304874 3
0 458 0.11618336808442341 3
0 459 0.08275513180762481 3
0 460 0.12451669513973715 3
0 461 0.2244669433540361 3
0 462 0.15383345708446908 3
0 463 0.08017180565506633 3
0 464 0.20794846923710447 3
0 465 0.13974303338004807 3
0 466 0.05010374102693783 3
0 467 0.1339095796114527 3
0 468 33623.41014000482 3
0 469 0.078019965934213 3
0 470 0.21503520506132434 3
0 471 0.03292969024567328 3
0 472 0.20352101652114016 3
0 473 0.11062560784925428 3
0 474 0.13511840522552943 3
0 475 2.141313324548166 3
0 476 0.30211792264133214 3
0 477 0.1615508188837074 3
0 478 0.032782671597030744 3
0 479 0.15589516405588544 3
0 480 0.14544351116969703 3
0 481 0.13890487395755508 3
0 482 0.1392761383723264 3
0 483 0.1892596299158309 3
0 484 0.14969232635661872 3
0 485 0.09315112452358529 3
0 486 0.144077866472277 3
0 487 0.16099579910266582 3
0 488 0.06392892767488212 3
0 489 0.10056518175600268 3
0 490 0.1483493339839908 3
0 491 766.6597734875572 3
0 492 0.1035183079356429 3
0 493 0.12525712358395374 3
0 494 28287235.372187026 3
0 495 0.1297683680659013 3
0 496 0.19034874612140407 3
0 497 0.2873756979577865 3
0 498 0.20014194711807162 3
0 499 0.1571623634331204 3
0 500 1.864703574353604 3
0 501 0.06139142998762017 3
0 502 0.10357974950317304 3
0 503 0.09453755654415576 3
0 504 0.07952159107908874 3
0 505 0.1343382661407408 3
0 506 0.04781866183639536 3
0 507 0.11844544905235349 3
0 508 0.10983274671368086 3
0 509 0.1516222277897783 3
0 510 0.1776057579268287 3
0 511 0.16078843794768236 3
0 512 0.12515301456818387 3
0 513 0.05526451682976962 3
0 514 0.09126690876311143 3
0 515 0.12547414338786894 3
0 516 0.22842491615594043 3
0 517 0.06295512002492624 3
0 518 0.1885640651834124 3
0 519 0.07678211195823995 3
0 520 0.16646975425643867 3
0 521 0.16979390850375659 3
0 522 0.13459487679030618 3
0 523 0.16161864611228835 3
0 524 0.15600144981744007 3
0 525 0.16884326176143577 3
0 526 0.14128754971234725 3
0 527 0.04806939871474985 3
0 528 0.20591276451521087 3
0 529 309.7220031372991 3
0 530 0.038606624129507106 3
0 531 0.11171049992839074 3
0 532 0.08273440855038154 3
0 533 0.11161168774500714 3
0 534 0.08795301849602521 3
0 535 0.10062612793683956 3
0 536 0.1426435460900455 3
0 537 0.1253149884960535 3
0 538 0.1280317810980554 3
0 539 0.27338251207801245 3
0 540 0.33738178349620956 3
0 541 0.07764253893567136 3
0 542 0.11658243411889736 3
0 543 0.11616851120586838 3
0 544 0.05158133393676375 3
0 545 0.07759929867812346 3
0 546 2894137.392304125 3
0 547 0.061656900357846364 3
0 548 0.08640521018748755 3
0 549 0.19857571124034387 3
0 550 0.0961470062261257 3
0 551 0.9510608208751659 3
0 552 0.07445980467007787 3
0 553 0.1308472840896034 3
0 554 0.08442564569488946 3
0 555 1.2574796676270605 3
0 556 0.09253568598739309 3
0 557 4.868612449059786 3
0 558 2.100887262020532 3
0 559 0.15430865790371123 3
0 560 0.21152885737796054 3
0 561 0.030912031726471372 3
0 562 0.05858913539699851 3
0 563 0.041466872321632986 3
0 564 0.18137956869938232 3
0 565 0.11339410368140389 3
0 566 0.15980585977020478 3
0 567 0.8402764573860947 3
0 568 4725.507784884815 3
0 569 0.12738830982759025 3
0 570 0.18597847841652504 3
0 571 0.7269962144487812 3
0 572 0.11047301068409769 3
0 573 0.09294384491351168 3
0 574 0.0508415931304307 3
0 575 0.32626378435312675 3
0 576 0.16749054158290697 3
0 577 0.18772558067409073 3
0 578 0.06398908572414883 3
0 579 15.605000636384931 3
0 580 0.07482691083187837 3
0 581 0.07728567622288147 3
0 582 1.9271599377788324 3
0 583 0.13412531278223927 3
0 584 0.04648244941392468 3
0 585 0.1992930977754752 3
0 586 0.09067888395265673 3
0 587 0.13674928155644778 3
0 588 0.12318649864718653 3
0 589 0.07652866195370053 3
0 590 0.13625046134233623 3
0 591 0.10243971581036834 3
0 592 0.046219214137024955 3
0 593 0.17854179479984258 3
0 594 0.13464431389689044 3
0 595 0.3044398654402141 3
0 596 0.1632060597885729 3
0 597 0.20844594610431552 3
0 598 0.1765198971999297 3
0 599 0.10972470565171105 3
0 600 0.047515085225015186 3
0 601 0.22497636794532294 3
0 602 409.014043604259 3
0 603 0.12359913297561707 3
0 604 0.17058980024795042 3
0 605 0.028175872660655944 3
0 606 0.048388602305612136 3
0 607 0.0818152748185347 3
0 608 17.301824619618497 3
0 609 0.20021033424157136 3
0 610 0.022974365598030275 3
0 611 0.08478215208802657 3
0 612 0.06886784606494119 3
0 613 0.21058943722895704 3
0 614 0.059615670593436317 3
0 615 0.10270446221795972 3
0 616 0.11970623593413726 3
0 617 0.024191047470133016 3
0 618 0.04766422574617282 3
0 619 0.11396148087538768 3
0 620 0.1525613935531148 3
0 621 0.057651406428801226 3
0 622 0.08178698931400227 3
0 623 0.1394389266628772 3
0 624 0.03202193929775546 3
0 625 56.34354220350767 3
0 626 10798297.085787883 3
0 627 0.02199119432351077 3
0 628 0.0997284398508729 3
0 629 0.11854744382251083 3
0 630 0.030899395494002696 3
0 631 20.208392648185956 3
0 632 97.9523790347077 3
0 633 0.09076453771944913 3
0 634 0.11845125387232776 3
0 635 0.12168242595030404 3
0 636 0.07347815100677398 3
0 637 6918051.416949832 3
0 638 123.41231222967235 3
0 639 0.18731715364444615 3
0 640 0.16219340042762476 3
0 641 0.16817604845667375 3
0 642 0.0842945486324968 3
0 643 0.20934976191120744 3
0 644 0.17848007068235303 3
0 645 0.13566758792789751 3
0 646 0.1666251559811138 3
0 647 0.100684396460678 3
0 648 0.08981500578747677 3
0 649 129323.18847964879 3
0 650 0.08961159391821247 3
0 651 0.10037931471662835 3
0 652 0.17699735880392772 3
0 653 0.11015825051010976 3
0 654 0.09822443259520708 3
0 655 0.1078393461647759 3
0 656 0.08915604139259845 3
0 657 0.08997423983230597 3
0 658 0.1543030952891207 3
0 659 0.06462385602700946 3
0 660 0.38240513347527544 3
0 661 0.1786751733489044 3
0 662 0.13509498971861214 3
0 663 0.11587078923725043 3
0 664 0.04520351607280672 3
0 665 49.159422860371485 3
0 666 89.88920226913535 3
0 667 0.18775117955130788 3
0 668 0.11714926963410514 3
0 669 0.04275272651338275 3
0 670 0.1570621957930869 3
0 671 0.06985861610631675 3
0 672 0.08003683502728899 3
0 673 0.06847499318691166 3
0 674 0.04120308113071209 3
0 675 0.20147281932405262 3
0 676 0.1515528841598714 3
0 677 0.13189395938034792 3
0 678 0.1324985472244277 3
0 679 0.04514061287545826 3
0 680 0.17683204609705072 3
0 681 0.15324968141715736 3
0 682 0.20631505873652434 3
0 683 0.08170944826559147 3
0 684 0.20100543258109682 3
0 685 12.854259308388237 3
0 686 0.13106180951482216 3
0 687 0.1845408326002889 3
0 688 0.11596092708626378 3
0 689 0.09419273452092101 3
0 690 0.1120491919961898 3
0 691 0.10744290864521484 3
0 692 0.1199911713460797 3
0 693 0.08535748992348874 3
0 694 0.08426548290307427 3
0 695 0.3839395030982014 3
0 696 0.18781019316232328 3
0 697 0.07457013522088708 3
0 698 0.11953869108283748 3
0 699 0.22849251300415177 3
0 700 0.12366966152327537 3
0 701 0.1409778769373921 3
0 702 0.14780943154451825 3
0 703 0.15842381378094675 3
0 704 0.12654261485909132 3
0 705 0.09703104921777879 3
0 706 0.1266118416449487 3
0 707 0.06797679497283894 3
0 708 0.15995834274650686 3
0 709 0.13976324825339986 3
0 710 0.11676315616798581 3
0 711 0.05157512392576211 3
0 712 0.07441734840680204 3
0 713 0.11362364297007008 3
0 714 0.06151679002946397 3
0 715 1.36727151298738 3
0 716 0.07217983462686055 3
0 717 0.1110861346807899 3
0 718 0.10534286447188645 3
0 719 0.06789451670897462 3
0 720 0.0988387008072079 3
0 721 0.08675598983862717 3
0 722 20347879.424354948 3
0 723 0.11178524837311553 3
0 724 0.23961431275998438 3
0 725 0.1922690962216215 3
0 726 0.09902634582990888 3
0 727 0.07104943308603803 3
0 728 0.15757734558348369 3
0 729 0.21303618929312498 3
0 730 0.13673070266744888 3
0 731 0.06915492211988712 3
0 732 0.18075886106221556 3
0 733 0.14187513052826248 3
0 734 0.07541447711462558 3
0 735 0.05637315671965873 3
0 736 0.09206498122294049 3
0 737 0.064882369728692 3
0 738 0.18874754465643143 3
0 739 0.2089577823840829 3
0 740 0.06731303765682142 3
0 741 0.10996455542796682 3
0 742 0.14455182422481555 3
0 743 0.18555323932303078 3
0 744 0.05672161498608067 3
0 745 48463921.90078342 3
0 746 0.20017175215057295 3
0 747 0.15796024779583573 3
0 748 0.03681035680506693 3
0 749 0.1973418499873512 3
0 750 58.12101936261061 3
0 751 0.1803976770925082 3
0 752 0.07618757164690136 3
0 753 0.20213749294513642 3
0 754 0.07214982992239113 3
0 755 0.14675928411247302 3
0 756 0.06949683301146238 3
0 757 0.22696226023269447 3
0 758 0.9541735157856743 3
0 759 0.22033038152804155 3
0 760 0.1520199804387282 3
0 761 0.1099557646549726 3
0 762 0.08484997070708458 3
0 763 42977.75813117071 3
0 764 3108639.634672522 3
0 765 0.049242682497602705 3
0 766 0.10120970848445862 3
0 767 0.1799089438006503 3
0 768 0.04876745090945948 3
0 769 0.033993947505534985 3
0 770 0.16894084887119948 3
0 771 0.1587667637551098 3
0 772 0.0944152077247911 3
0 773 592412.1038476843 3
0 774 0.16311923775350617 3
0 775 0.1676183815866101 3
0 776 0.18207618874917159 3
0 777 0.38414525412263434 3
0 778 0.11173075110265628 3
0 779 0.11561729365205682 3
0 780 0.13349591740640898 3
0 781 0.10301637509170547 3
0 782 0.15620561827046606 3
0 783 0.09556528253566417 3
0 784 0.08703617832008861 3
0 785 0.12139520777909321 3
0 786 0.19264761045888015 3
0 787 0.04563270855160615 3
0 788 0.2309071718773114 3
0 789 36.43937186428328 3
0 790 0.10213577399389627 3
0 791 0.19415772314239407 3
0 792 0.1519850562245549 3
0 793 0.04891196324572928 3
0 794 0.16703436298325974 3
0 795 0.21355074520825584 3
0 796 0.13656107989956476 3
0 797 0.1752493918273855 3
0 798 48.0931306091361 3
0 799 0.08272278189199674 3
0 800 0.16148643456336162 3
0 801 0.08416377187220377 3
0 802 0.13388117303035746 3
0 803 0.10322691591320034 3
0 804 0.1627752500005678 3
0 805 0.20253108153071148 3
0 806 0.18513727075879235 3
0 807 0.05149718474684514 3
0 808 0.08758192621785804 3
0 809 0.08935971496479446 3
0 810 0.07144745747574414 3
0 811 0.10933561647877794 3
0 812 0.0683134262604659 3
0 813 0.18190204900939366 3
0 814 0.13250761457371169 3
0 815 0.09306891744923815 3
0 816 0.11924636371849213 3
0 817 0.09259951661446797 3
0 818 0.0670035537679342 3
0 819 0.212528143153159 3
0 820 7423479.396099846 3
0 821 0.0959603165578714 3
0 822 0.09791364887105264 3
0 823 0.1069642758004727 3
0 824 0.09557028713338019 3
0 825 0.08667291223872137 3
0 826 0.6265749911986142 3
0 827 0.0966225174197325 3
0 828 0.2041447550285058 3
0 829 0.1536631602526195 3
0 830 0.03371351466859675 3
0 831 0.09585562180494346 3
0 832 0.16843636201539036 3
0 833 0.17945907749347184 3
0 834 8.817036852881984 3
0 835 0.40785987182223865 3
0 836 0.16232709679485222 3
0 837 0.07242623430014512 3
0 838 0.07499079220529704 3
0 839 0.05667681139547417 3
0 840 0.12201146254499887 3
0 841 0.1201926950141506 3
0 842 9614456.221062483 3
0 843 0.1446212360723691 3
0 844 0.07994712051031219 3
0 845 0.15016199453699164 3
0 846 0.7247317370795378 3
0 847 0.11017775770818797 3
0 848 0.20774903986930682 3
0 849 0.15421456556386196 3
0 850 1.2703252331034407 3
0 851 0.15926968873970954 3
0 852 0.14317082023153824 3
0 853 0.1547207778534823 3
0 854 0.027099473990377675 3
0 855 0.08206286490395555 3
0 856 0.22609979552817716 3
0 857 0.16405278101056212 3
0 858 0.07186577624071168 3
0 859 0.15034459086535243 3
0 860 0.9410802609306351 3
0 861 0.1680841875747695 3
0 862 0.15342759690784222 3
0 863 0.0951552500720458 3
0 864 0.04132638917757884 3
0 865 0.06881640181490213 3
0 866 0.15754227942638166 3
0 867 0.10768525119446933 3
0 868 0.31169231047411666 3
0 869 0.13210390608229503 3
0 870 0.07159248640802483 3
0 871 117041895.34253949 3
0 872 0.09634884568244778 3
0 873 0.09234531089721992 3
0 874 0.041722611192239 3
0 875 0.18338869047213333 3
0 876 0.1430441360253172 3
0 877 0.07735020181525137 3
0 878 0.0768591694693195 3
0 879 0.032183521021596356 3
0 880 10024.477224786202 3
0 881 0.15171435780894588 3
0 882 0.15148299652613384 3
0 883 0.0703989715996197 3
0 884 0.14825347286623328 3
0 885 0.16647393510481476 3
0 886 0.1990259909368922 3
0 887 0.11206920928245927 3
0 888 0.19040399545206818 3
0 889 0.11254217499987032 3
0 890 0.23998150861845163 3
0 891 0.10941181561533796 3
0 892 0.0869955100164758 3
0 893 0.7039032761564223 3
0 894 0.09486915245151155 3
0 895 0.23712003048234373 3
0 896 0.1920155255863683 3
0 897 0.08482243677894669 3
0 898 0.07357707689404189 3
0 899 0.07460356139953006 3
0 900 0.07954460027174946 3
0 901 0.13066556103894325 3
0 902 0.14799218466376132 3
0 903 481308340.0617252 3
0 904 0.05137220844562733 3
0 905 0.0314680203988005 3
0 906 0.1207372600095747 3
0 907 0.21548998231415825 3
0 908 0.2645324779956837 3
0 909 374453.30417944136 3
0 910 0.10683969535333328 3
0 911 0.16122257412168592 3
0 912 0.13902565008872145 3
0 913 3.2188588646732734 3
0 914 709923.4864691537 3
0 915 0.027095657949593517 3
0 916 0.2118941567539907 3
0 917 0.1289991565592858 3
0 918 0.06308878494200064 3
0 919 15.508729890968905 3
0 920 0.07392540119567595 3
0 921 0.14538076411780845 3
0 922 0.08451123023584152 3
0 923 0.07255859997330637 3
0 924 0.09603030177459934 3
0 925 0.08997695688889842 3
0 926 0.023226991430523484 3
0 927 6822386.843902546 3
0 928 0.021392342909480503 3
0 929 0.017160688951530882 3
0 930 0.10892679892107046 3
0 931 6.912829507618711 3
0 932 0.08250322843632382 3
0 933 0.18027337865249637 3
0 934 0.4156455741130438 3
0 935 0.17899698829847935 3
0 936 0.06763711492972181 3
0 937 0.06782297327260538 3
0 938 0.19544958788544795 3
0 939 0.09631666261999171 3
0 940 0.14626645851569617 3
0 941 0.16583855762140126 3
0 942 0.12637168521443137 3
0 943 0.16928278534456834 3
0 944 0.15990926723667648 3
0 945 0.13029969356347307 3
0 946 0.22210183944009296 3
0 947 34460191.63794321 3
0 948 0.11007812167869323 3
0 949 0.20345910854517357 3
0 950 0.16663380989141954 3
0 951 0.16944937725236098 3
0 952 0.12138872509770636 3
0 953 419866.3387656175 3
0 954 0.061914249182276136 3
0 955 0.4433061043381578 3
0 956 0.11432690957837492 3
0 957 0.11889218690547608 3
0 958 0.10052990397494145 3
0 959 0.11456131405219001 3
0 960 0.09824375364615874 3
0 961 0.22021028523079697 3
0 962 0.1624256308642537 3
0 963 0.09007062855152571 3
0 964 181314812.36043403 3
0 965 0.09683239031393669 3
0 966 0.1650893129713025 3
0 967 0.1183823210485541 3
0 968 0.12254247163993674 3
0 969 0.18202066131526617 3
0 970 0.16966684484540004 3
0 971 0.2807428466867791 3
0 972 0.0576725050503746 3
0 973 0.1578048143033935 3
0 974 0.04195271596593498 3
0 975 11.40786100389073 3
0 976 2066.8586298913433 3
0 977 0.08170743064490678 3
0 978 0.1545795854898542 3
0 979 0.06334331856626495 3
0 980 0.08249224901394461 3
0 981 0.12853086931579646 3
0 982 0.08997406419388063 3
0 983 0.07442748208627957 3
0 984 0.05629312208344756 3
0 985 0.07796830696292341 3
0 986 1.691601491725924 3
0 987 0.07938445619445561 3
0 988 0.1331097627077703 3
0 989 0.06722521205817554 3
0 990 0.20185790887018212 3
0 991 0.16169785056202762 3
0 992 0.13449659586352009 3
0 993 646719704.3585589 3
0 994 0.11829795148554192 3
0 995 0.11904011697885104 3
0 996 0.13195226071468288 3
0 997 0.0896752447252002 3
0 998 0.1456348709322366 3
0 999 0.0690722401339201 3
0 1000 0.16744300464597162 3
0 1001 0.1186880697351282 3
0 1002 0.0763644721829555 3
0 1003 0.18104623872058467 3
0 1004 0.07964743828172194 3
0 1005 0.1025517143126815 3
0 1006 0.1772797914403123 3
0 1007 3.146916580046838 3
0 1008 0.12216928024835591 3
0 1009 0.17468783284824485 3
0 1010 0.07116651561994382 3
0 1011 0.04570564586918933 3
0 1012 0.038464439516812436 3
0 1013 0.04759624073455522 3
0 1014 0.15457669393187612 3
0 1015 0.035662768170651886 3
0 1016 0.19957151614169863 3
0 1017 0.07886922098060982 3
0 1018 0.0930913004676856 3
0 1019 0.10191309890899153 3
0 1020 0.2871234993258083 3
0 1021 0.14640315960084407 3
0 1022 0.10026823713560871 3
0 1023 0.10330777042878347 3
0 1024 0.13678997392755085 3
0 1025 0.12132263299551074 3
0 1026 0.09452651851478608 3
0 1027 0.09833936879660787 3
0 1028 1.3594951125768286 3
0 1029 0.08084089077420702 3
0 1030 0.1114615757560584 3
0 1031 0.13839549624823616 3
0 1032 0.12300415699643469 3
0 1033 0.05748373127893142 3
0 1034 0.13176576625266986 3
0 1035 0.07116656233500546 3
0 1036 0.15871969358201504 3
0 1037 0.20991776275628998 3
0 1038 0.14038983956827117 3
0 1039 1269130458.9550784 3
0 1040 731.513242980241 3
0 1041 0.08130314445522377 3
0 1042 0.34462393726501045 3
0 1043 0.16224116148433826 3
0 1044 0.08846257860718801 3
0 1045 0.08072682340109409 3
0 1046 0.0744217192309196 3
0 1047 2095.815794443987 3
0 1048 0.11509008484969672 3
0 1049 0.04612556275267307 3
0 1050 0.13161945552302365 3
0 1051 0.041014964814939554 3
0 1052 0.2953418189034255 3
0 1053 3.006213327615438 3
0 1054 0.47390838310878075 3
0 1055 0.09191207036854536 3
0 1056 4.576745369668896 3
0 1057 0.0869293792854296 3
0 1058 0.1834034275468939 3
0 1059 321.69567039489135 3
0 1060 0.1543973547457212 3
0 1061 0.24529508460909868 3
0 1062 0.09287676463932197 3
0 1063 0.115669489882741 3
0 1064 0.09838401465846842 3
0 1065 0.0770524322130232 3
0 1066 116.03852564107326 3
0 1067 0.09922095187384375 3
0 1068 0.14038204064641577 3
0 1069 0.11789225732213651 3
0 1070 0.1072423045740117 3
0 1071 0.0783374060228347 3
0 1072 0.08103129386548263 3
0 1073 0.04670973560656645 3
0 1074 0.1061621695967325 3
0 1075 0.15260254705981535 3
0 1076 0.20261182030992994 3
0 1077 13.661336936899895 3
0 1078 0.15317858373796664 3
0 1079 0.17728936427921504 3
0 1080 0.0439074299013126 3
0 1081 0.08941258718920932 3
0 1082 0.1716838911588924 3
0 1083 10769760.27866856 3
0 1084 0.09338496497408365 3
0 1085 0.08140984794699291 3
0 1086 0.11290209476149222 3
0 1087 0.1841504276559876 3
0 1088 0.08836966797281158 3
0 1089 0.299143388020046 3
0 1090 0.0977698077947356 3
0 1091 0.06841587273914257 3
0 1092 0.10932322084979755 3
0 1093 0.20262757260301392 3
0 1094 0.10310849600145758 3
0 1095 0.09056639837374486 3
0 1096 0.07321830470941046 3
0 1097 0.09278548064461598 3
0 1098 0.1632015086334362 3
0 1099 0.1983525728915638 3
0 1100 0.10931582389282929 3
0 1101 0.09701087240988632 3
0 1102 0.06050990339658686 3
0 1103 0.24002395529389783 3
0 1104 0.1451588305192662 3
0 1105 0.2080517360744375 3
0 1106 0.06274619181715221 3
0 1107 0.11069495230079053 3
0 1108 0.19149145365342504 3
0 1109 0.24460186728442201 3
0 1110 0.16064683426959053 3
0 1111 0.12582824650224275 3
0 1112 0.13797689532939858 3
0 1113 0.06476643085247993 3
0 1114 0.17389556130429 3
0 1115 0.0738231600385145 3
0 1116 0.07077093751820039 3
0 1117 0.19692922779354913 3
0 1118 2096.326241644638 3
0 1119 0.13794121573200274 3
0 1120 17773518.425532967 3
0 1121 0.2126167985466501 3
0 1122 0.12923917002915472 3
0 1123 49.54730757015963 3
0 1124 0.12761269394349617 3
0 1125 0.10701454236475975 3
0 1126 0.18794468863388245 3
0 1127 0.15278745923395728 3
0 1128 0.1714236159847702 3
0 1129 0.06057924367389624 3
0 1130 0.04280455184128258 3
0 1131 0.12512281782960952 3
0 1132 0.1718723062462923 3
0 1133 0.5153321162641004 3
0 1134 0.04897232412537628 3
0 1135 0.18410568866481924 3
0 1136 81937.09188498785 3
0 1137 0.18319184680444414 3
0 1138 0.13580558475455495 3
0 1139 0.10639907985023057 3
0 1140 0.07212136527821118 3
0 1141 0.10105450924634633 3
0 1142 0.10077959641450919 3
0 1143 0.049155561733189225 3
0 1144 0.1492699477452585 3
0 1145 0.2247233944100523 3
0 1146 0.10512058391994313 3
0 1147 0.1690914853251311 3
0 1148 0.12125405384383751 3
0 1149 0.0815364665609837 3
0 1150 0.16579907434219235 3
0 1151 0.03622255405501021 3
0 1152 560586054.5949867 3
0 1153 0.1935791512024169 3
0 1154 0.03881246045778125 3
0 1155 0.17287480398348573 3
0 1156 0.07187837591860351 3
0 1157 0.1698684236942303 3
0 1158 0.06922711830084192 3
0 1159 0.11873894865334238 3
0 1160 0.250383608137386 3
0 1161 0.1586021876178319 3
0 1162 0.03378533429656275 3
0 1163 0.08909566368377345 3
0 1164 0.10790987609439295 3
0 1165 0.1111569704611159 3
0 1166 0.13204966569867047 3
0 1167 0.06895597011389863 3
0 1168 0.21089611871099526 3
0 1169 0.13688062889405378 3
0 1170 0.06895792489781843 3
0 1171 0.13594497814797155 3
0 1172 0.04093119810966967 3
0 1173 0.14493207824662965 3
0 1174 0.11423148361141557 3
0 1175 0.17733878144641183 3
0 1176 0.16353871826026328 3
0 1177 0.18816523259350212 3
0 1178 0.13386629286880714 3
0 1179 5.554483800572604 3
0 1180 0.1714684106501466 3
0 1181 0.045676774608589626 3
0 1182 829904.9086463746 3
0 1183 0.033457187701249655 3
0 1184 74.30748336464143 3
0 1185 0.09253617278922828 3
0 1186 0.10513650909644023 3
0 1187 0.29774683543580743 3
0 1188 0.20408643638919846 3
0 1189 0.483453227473822 3
0 1190 0.0395059164942648 3
0 1191 0.2089214465289814 3
0 1192 0.1768298148404207 3
0 1193 0.1259662323674625 3
0 1194 0.05560711804988949 3
0 1195 0.19351921171257103 3
0 1196 0.15710201185322534 3
0 1197 0.1791453130126393 3
0 1198 0.07002155143622311 3
0 1199 0.15043885685418118 3
0 1200 0.05890258335843725 3
0 1201 0.15161567605049867 3
0 1202 0.10261133345922956 3
0 1203 0.1385726689833517 3
0 1204 0.1611813783345625 3
0 1205 0.07739725867412336 3
0 1206 0.09872018929889159 3
0 1207 0.508661890202066 3
0 1208 0.058119508652551645 3
0 1209 0.06245130425514845 3
0 1210 4730.885810442033 3
0 1211 0.06027616576651179 3
0 1212 0.05239057247885879 3
0 1213 0.10266411363489901 3
0 1214 0.12358791502273213 3
0 1215 0.14756313484208444 3
0 1216 1236.340466800222 3
0 1217 0.18410520593656624 3
0 1218 0.13850319347796664 3
0 1219 0.31180370942772 3
0 1220 0.06328715507175368 3
0 1221 0.1295213405875775 3
0 1222 0.06556172217136397 3
0 1223 0.07998134546353354 3
0 1224 0.023248288591145798 3
0 1225 0.13305346912182078 3
0 1226 0.1718978624693932 3
0 1227 0.07238269110990994 3
0 1228 0.4122859329799306 3
0 1229 17770100.76800562 3
0 1230 0.05161253829390783 3
0 1231 0.09625835184379726 3
0 1232 0.08926224782539527 3
0 1233 0.19324868914424215 3
0 1234 0.1841277343958569 3
0 1235 0.04884802557124902 3
0 1236 0.12101691518580411 3
0 1237 4411098.090740075 3
0 1238 0.20770650455818332 3
0 1239 0.09161471026898886 3
0 1240 0.1606562115451277 3
0 1241 0.3311816293574271 3
0 1242 1904219579.4919226 3
0 1243 30293457.50197745 3
0 1244 0.09586724911039254 3
0 1245 0.05981814511937053 3
0 1246 0.09789416781437228 3
0 1247 338.7517870652617 3
0 1248 0.137491499916345 3
0 1249 0.19326614997762837 3
0 1250 0.1388550970674816 3
0 1251 0.15852664836497804 3
0 1252 0.16016422745756861 3
0 1253 0.586554393935235 3
0 1254 0.18137907229542866 3
0 1255 0.17687510076250104 3
0 1256 0.20996095189559924 3
0 1257 0.14031347511773265 3
0 1258 0.10796801113626521 3
0 1259 0.08157431188526099 3
0 1260 0.16579684310393525 3
0 1261 0.06855751146800691 3
0 1262 0.06079675744130058 3
0 1263 40.60156678109373 3
0 1264 0.13427688851057218 3
0 1265 8.530471053511116 3
0 1266 1036.996662430575 3
0 1267 0.11557497975222199 3
0 1268 0.18571969930257623 3
0 1269 0.07079618001881824 3
0 1270 0.12787329459509908 3
0 1271 14137189.152524 3
0 1272 0.16825312296939185 3
0 1273 87.78040831839223 3
0 1274 0.2234440160540831 3
0 1275 0.174631067816023 3
0 1276 0.2154880112089767 3
0 1277 0.051966594986410625 3
0 1278 0.12483938313246909 3
0 1279 6.486295399355697 3
0 1280 0.1008184143722211 3
0 1281 0.1563115399752921 3
0 1282 0.12546432454314105 3
0 1283 0.04119277852983178 3
0 1284 0.14015983562381218 3
0 1285 0.0410165578671849 3
0 1286 0.1369422421432594 3
0 1287 0.14521117382018447 3
0 1288 0.19482481969301993 3
0 1289 0.1669672110378199 3
0 1290 0.033045486676749156 3
0 1291 0.05077933368946405 3
0 1292 0.05746951864015866 3
0 1293 0.12287256919642284 3
0 1294 1.0005889082906847 3
0 1295 0.12919797078501521 3
0 1296 0.21617851001715468 3
0 1297 0.1433083982271967 3
0 1298 0.07159476372261414 3
0 1299 0.04786218439392922 3
0 1300 0.8856248440768277 3
0 1301 0.08181239478864874 3
0 1302 0.0803937941208047 3
0 1303 0.05721954905974557 3
0 1304 33995.436340310924 3
0 1305 0.08723515226081142 3
0 1306 0.21155250228869352 3
0 1307 0.2765850714486866 3
0 1308 0.20167401152655196 3
0 1309 0.3796235435238739 3
0 1310 0.18484361975216992 3
0 1311 0.15410276279507423 3
0 1312 0.2177231769931468 3
0 1313 0.11931852710350029 3
0 1314 0.10667174404680219 3
0 1315 0.08598488039601557 3
0 1316 6.119529323613999 3
0 1317 0.16656880680921105 3
0 1318 0.07469828370845641 3
0 1319 0.0956475520852221 3
0 1320 0.0557346585517466 3
0 1321 0.08392701110147241 3
0 1322 0.13886936052975504 3
0 1323 0.2774696608661123 3
0 1324 0.07846549970348407 3
0 1325 0.1495153424648922 3
0 1326 0.0825402987217736 3
0 1327 0.09047748154490481 3
0 1328 0.05561574712104321 3
0 1329 0.20643576867821709 3
0 1330 0.13032573451801743 3
0 1331 6.075471321368048 3
0 1332 0.06024838280655932 3
0 1333 1.6188882945403527 3
0 1334 0.4705032172548083 3
0 1335 0.14684436552177788 3
0 1336 0.15407999307763504 3
0 1337 0.10677768547667214 3
0 1338 0.08703836442844377 3
0 1339 0.12471568463508508 3
0 1340 0.07948491280151586 3
0 1341 4278.469999676497 3
0 1342 0.11657090348896691 3
0 1343 0.1264504635772181 3
0 1344 0.16853997303185317 3
0 1345 0.15450176283109446 3
0 1346 0.1205366830428383 3
0 1347 0.18801509745914252 3
0 1348 23.91582027622947 3
0 1349 0.11231909298018598 3
0 1350 0.1390221387286861 3
0 1351 0.166671882153315 3
0 1352 0.15392361186086245 3
0 1353 0.06239459370633587 3
0 1354 0.09336857768966143 3
0 1355 0.16307955340851554 3
0 1356 15101631.960963592 3
0 1357 0.09605679112540061 3
0 1358 0.044746200346524156 3
0 1359 0.0974653504975887 3
0 1360 0.14967984348363852 3
0 1361 0.20794794197088579 3
0 1362 21632722.257505164 3
0 1363 0.10631305967858275 3
0 1364 0.11619335729932091 3
0 1365 0.15770309122385867 3
0 1366 0.13452714842667315 3
0 1367 49.812304919187966 3
0 1368 1220.651292173721 3
0 1369 0.1134469831898069 3
0 1370 0.07745682577230838 3
0 1371 0.10090984566131642 3
0 1372 0.12658201868826152 3
0 1373 0.11008077197798298 3
0 1374 0.11147110507561879 3
0 1375 0.06001687162842913 3
0 1376 0.22488238238531688 3
0 1377 1172.4247199959718 3
0 1378 0.08946442061244485 3
0 1379 0.4452689459848227 3
0 1380 0.08170101231047268 3
0 1381 0.13621813391384618 3
0 1382 0.03194676898696805 3
0 1383 0.059717404973512106 3
0 1384 0.08822443618580128 3
0 1385 0.15458017681004013 3
0 1386 0.1513362503895428 3
0 1387 0.10393901048015376 3
0 1388 0.10949643870765796 3
0 1389 6.58069780309261 3
0 1390 0.15221305302024912 3
0 1391 0.05291473474825812 3
0 1392 0.35785107848518494 3
0 1393 0.1382282327644602 3
0 1394 0.17329073371677137 3
0 1395 0.10465703772506596 3
0 1396 0.30597856358864023 3
0 1397 0.10662798523534545 3
0 1398 0.07657517477814826 3
0 1399 0.1410465419867774 3
0 1400 0.13055310688327246 3
0 1401 0.16143352580620524 3
0 1402 0.13086066368523386 3
0 1403 0.0728005780448305 3
0 1404 0.21893838609086802 3
0 1405 0.07265984489590872 3
0 1406 1.4911912563295595 3
0 1407 0.28508328320803744 3
0 1408 0.10654756270567452 3
0 1409 0.04685338105199812 3
0 1410 0.12917578705075783 3
0 1411 0.07766887425202597 3
0 1412 0.11144436568713881 3
0 1413 0.03955958693996878 3
0 1414 0.19995686608803104 3
0 1415 0.14227325103319788 3
0 1416 0.17472647614198014 3
0 1417 0.14949905346857517 3
0 1418 16751.69437552889 3
0 1419 0.10134859682207888 3
0 1420 0.14449176773741165 3
0 1421 0.17905874469062966 3
0 1422 0.07990975452226275 3
0 1423 0.0673559685422206 3
0 1424 0.13719561511760894 3
0 1425 0.08316201348996535 3
0 1426 0.11687061375418853 3
0 1427 0.12777508774021598 3
0 1428 0.20626433760407725 3
0 1429 0.131606207722115 3
0 1430 0.13877259029945258 3
0 1431 0.19174600726042718 3
0 1432 0.1311964975636647 3
0 1433 0.16620466889264846 3
0 1434 0.18591740622656183 3
0 1435 0.14514002906619158 3
0 1436 0.07669295827656078 3
0 1437 0.25055418778105515 3
0 1438 0.09732433342895949 3
0 1439 0.15699316286700601 3
0 1440 0.1544671750365596 3
0 1441 0.0998919081556791 3
0 1442 0.1069851643889588 3
0 1443 0.12443960260415289 3
0 1444 0.0860462318605721 3
0 1445 0.15854730181649215 3
0 1446 0.07771395580121958 3
0 1447 0.1572418403721998 3
0 1448 0.15371429829946495 3
0 1449 0.14637262262687153 3
0 1450 0.06996355638962864 3
0 1451 0.08826044741454947 3
0 1452 0.09308657412368788 3
0 1453 2112633126.345778 3
0 1454 0.0777928040229619 3
0 1455 0.08675049483037058 3
0 1456 0.15822948180054835 3
0 1457 0.0282838032736493 3
0 1458 0.1235833122874997 3
0 1459 0.09327195674950178 3
0 1460 0.08486713892447768 3
0 1461 0.28700085383041796 3
0 1462 0.08269884206650623 3
0 1463 0.20307208061477103 3
0 1464 0.17401417230794936 3
0 1465 0.11803401746107166 3
0 1466 0.09154457189603656 3
0 1467 0.09598952088331748 3
0 1468 0.1462973246805044 3
0 1469 0.28565659734652443 3
0 1470 0.16638637440400866 3
0 1471 0.3719446251843172 3
0 1472 0.12282272130383054 3
0 1473 0.09422318748839235 3
0 1474 10.573305401125943 3
0 1475 0.10550171017618716 3
0 1476 0.21266538078015135 3
0 1477 0.14705138705148618 3
0 1478 225.57069815088778 3
0 1479 0.17652172504665423 3
0 1480 3630.7000394454108 3
0 1481 3.6807599369866044 3
0 1482 0.12917468268667595 3
0 1483 0.16058251377658894 3
0 1484 0.15757576329660877 3
0 1485 0.17970635263170698 3
0 1486 0.09015626055175112 3
0 1487 0.16147048905279826 3
0 1488 0.07629391756835088 3
0 1489 0.08113408999556758 3
0 1490 0.07182469961258482 3
0 1491 0.07290219808300966 3
0 1492 0.08510347413918569 3
0 1493 0.13480341073250482 3
0 1494 0.22611889505680038 3
0 1495 0.10463453628843458 3
0 1496 0.04395897386032287 3
0 1497 0.0830371648001598 3
0 1498 0.11756828617749211 3
0 1499 0.04740851754689418 3
0 1500 0.2069525887142249 3
0 1501 0.15264291972791538 3
0 1502 0.10099455329795183 3
0 1503 0.1617174089758176 3
0 1504 0.07201062871341134 3
0 1505 0.18427542548760523 3
0 1506 0.04725262169774509 3
0 1507 0.11176289772561927 3
0 1508 0.17035532546651388 3
0 1509 0.030121956606334738 3
0 1510 0.1272746536970216 3
0 1511 0.15463330049520635 3
0 1512 0.1795817313012615 3
0 1513 0.051199595920196656 3
0 1514 0.16279753209936165 3
0 1515 0.1870900905891734 3
0 1516 0.040959042878675765 3
0 1517 6546418.323434339 3
0 1518 0.06087595764917975 3
0 1519 21031180.61280708 3
0 1520 0.03597754680933105 3
0 1521 0.16831640822727734 3
0 1522 0.0229512234152971 3
0 1523 0.14519600976601751 3
0 1524 591163.8974878782 3
0 1525 0.2047760523621712 3
0 1526 0.21487955894585162 3
0 1527 0.16021940572384974 3
0 1528 0.138675487990701 3
0 1529 0.07739421957780852 3
0 1530 0.10092217006038937 3
0 1531 0.28463573626416844 3
0 1532 1014880347.6637915 3
0 1533 0.035245139351634994 3
0 1534 0.28890707143620775 3
0 1535 0.03578706330791755 3
0 1536 0.17090997723308146 3
0 1537 0.08691487850559941 3
0 1538 0.13525534944579146 3
0 1539 0.12516208251157698 3
0 1540 0.06562370925114938 3
0 1541 0.15612827309612687 3
0 1542 0.08674432875887293 3
0 1543 0.09457915007618706 3
0 1544 0.05487944733520304 3
0 1545 0.0298585382659674 3
0 1546 0.05227289070803577 3
0 1547 0.1912158587051643 3
0 1548 0.15066806679964284 3
0 1549 0.09878749916078045 3
0 1550 0.03218352420543682 3
0 1551 0.09910174286870704 3
0 1552 0.11118033815444606 3
0 1553 0.189999799295039 3
0 1554 0.021131213796467572 3
0 1555 0.1471977817123092 3
0 1556 0.15925442666963457 3
0 1557 0.07572258891281904 3
0 1558 0.07263397267014433 3
0 1559 0.11286755294951858 3
0 1560 0.13523762087286176 3
0 1561 0.0753285267511599 3
0 1562 0.10347129823274781 3
0 1563 0.1523632587182485 3
0 1564 0.101460390820268 3
0 1565 0.06148793890825904 3
0 1566 0.05754339062027357 3
0 1567 0.1920005653207801 3
0 1568 0.0993875910828632 3
0 1569 165.12051832620335 3
0 1570 0.11742433893831372 3
0 1571 0.1811727707689602 3
0 1572 0.110399318009929 3
0 1573 0.11919709108741934 3
0 1574 0.024785302676612445 3
0 1575 0.10996455542796682 3
0 1576 0.041150931496233334 3
0 1577 0.492613660949641 3
0 1578 102.73866307335477 3
0 1579 0.13270152303086802 3
0 1580 0.04834860692205408 3
0 1581 0.06083557473490187 3
0 1582 0.22635293679875215 3
0 1583 0.10568719537585229 3
0 1584 0.08889585524489077 3
0 1585 0.06364348189323826 3
0 1586 0.18313808133374468 3
0 1587 0.07869078424052098 3
0 1588 0.08532439401539381 3
0 1589 0.13563828745404213 3
0 1590 0.17782401295994862 3
0 1591 0.07972408836132117 3
0 1592 0.14877076323190536 3
0 1593 0.08518423948539554 3
0 1594 0.06646229201421794 3
0 1595 0.1923183797842947 3
0 1596 0.11610016727254473 3
0 1597 0.0722606915182157 3
0 1598 0.13505849316463722 3
0 1599 4613459.316422321 3
0 1600 0.04588056237812296 3
0 1601 0.12380411599215146 3
0 1602 0.041090264233276295 3
0 1603 0.08432513622460702 3
0 1604 0.09991031638313655 3
0 1605 0.15898274686176236 3
0 1606 100.24114451299297 3
0 1607 499.8969495900568 3
0 1608 0.1596995249065542 3
0 1609 15.115954050091485 3
0 1610 0.13106517735677434 3
0 1611 0.14516335564543534 3
0 1612 0.1549858498399351 3
0 1613 0.09218756634134814 3
0 1614 0.10168486278944248 3
0 1615 0.10472957657527515 3
0 1616 0.15522973290729478 3
0 1617 0.2422238848384533 3
0 1618 0.08411865613573505 3
0 1619 0.048679041861500766 3
0 1620 0.07174178366866368 3
0 1621 0.17385764383182634 3
0 1622 90.91106711770016 3
0 1623 0.08529142748092394 3
0 1624 0.14178729233167378 3
0 1625 0.8547925875271356 3
0 1626 0.09147461764962714 3
0 1627 0.1869899428397955 3
0 1628 0.20714717248231182 3
0 1629 0.07602389421670133 3
0 1630 0.07321038698205791 3
0 1631 0.10908494827761342 3
0 1632 0.0690447715573639 3
0 1633 0.19083863195240677 3
0 1634 0.08555183292859839 3
0 1635 0.14579446767066243 3
0 1636 0.17627689456025067 3
0 1637 0.10717468423655946 3
0 1638 0.13376465992672823 3
0 1639 0.1581186308829164 3
0 1640 0.19468027065459437 3
0 1641 0.036422326638187515 3
0 1642 0.15477887787251535 3
0 1643 0.31847679747964625 3
0 1644 0.08444076140684016 3
0 1645 0.09674742412930346 3
0 1646 1.1875653579211511 3
0 1647 0.18063700683170786 3
0 1648 0.4563735718014703 3
0 1649 0.09967820219381787 3
0 1650 0.15239208882022165 3
0 1651 0.07345049001947251 3
0 1652 0.3109230160949707 3
0 1653 0.17786116647757577 3
0 1654 0.030762727877043497 3
0 1655 0.22880195603286424 3
0 1656 0.09978585822382104 3
0 1657 0.20271627013569396 3
0 1658 0.11333004212465363 3
0 1659 0.16889874883594694 3
0 1660 0.09262561323805885 3
0 1661 0.08258423975126235 3
0 1662 0.08494224646606754 3
0 1663 74593.65637969619 3
0 1664 0.08917141060740764 3
0 1665 1.0888954018599362 3
0 1666 0.20836585328042986 3
0 1667 1.8223923704704064 3
0 1668 0.08270074874287578 3
0 1669 0.09943446746030517 3
0 1670 0.033259643700525754 3
0 1671 0.08483573765778211 3
0 1672 0.12412584295780756 3
0 1673 3.2979727921354827 3
0 1674 0.10064089811256058 3
0 1675 0.04235096899682699 3
0 1676 0.2032832495347045 3
0 1677 0.11419177768243689 3
0 1678 0.6576772661302552 3
0 1679 0.11552715791330219 3
0 1680 0.19592102057175423 3
0 1681 0.14794036499901578 3
0 1682 0.05635399482400383 3
0 1683 0.09628498869740881 3
0 1684 0.12378835357485878 3
0 1685 0.05538266155727975 3
0 1686 0.13678975142992955 3
0 1687 0.10355157399593294 3
0 1688 0.18421178016697484 3
0 1689 0.17972632783689013 3
0 1690 0.10230375488359558 3
0 1691 0.10125501256883782 3
0 1692 0.8464261612337185 3
0 1693 0.0755705942158478 3
0 1694 0.13366904687351847 3
0 1695 0.07731073340552994 3
0 1696 0.128916918044419 3
0 1697 0.0848351678739131 3
0 1698 0.04152895180921489 3
0 1699 0.09488917368257521 3
0 1700 0.24089547695295244 3
0 1701 0.10935927747728484 3
0 1702 0.18718543256970682 3
0 1703 0.12308027164588949 3
0 1704 0.18274456655310525 3
0 1705 0.07094174004137968 3
0 1706 0.14495858367985592 3
0 1707 0.03219391463627968 3
0 1708 0.1440532838072693 3
0 1709 0.08794171153150154 3
0 1710 0.39682148706410186 3
0 1711 0.15057899061891492 3
0 1712 0.13137138968519801 3
0 1713 0.15425897054172336 3
0 1714 0.16868262559238428 3
0 1715 5441656.767341149 3
0 1716 0.11980890117113738 3
0 1717 0.06427597647897723 3
0 1718 0.3806218966421305 3
0 1719 0.12987477554509147 3
0 1720 0.13618023999077364 3
0 1721 85.7558153838514 3
0 1722 0.1352627588443122 3
0 1723 0.04706608866405673 3
0 1724 0.0737928611261497 3
0 1725 0.08083934774068051 3
0 1726 0.12010271992193355 3
0 1727 0.048569463847856376 3
0 1728 0.18378077993061948 3
0 1729 0.13787847833700476 3
0 1730 0.09855910290867373 3
0 1731 0.2961632894115652 3
0 1732 0.10485005908791185 3
0 1733 0.10061142494070117 3
0 1734 0.18045599427020598 3
0 1735 0.6320563699914165 3
0 1736 0.18452162650132997 3
0 1737 0.07779009437949234 3
0 1738 0.09661705257697338 3
0 1739 0.08182649798861977 3
0 1740 0.18211971509518027 3
0 1741 0.14916960848823788 3
0 1742 591980.5273653659 3
0 1743 0.036615153087092824 3
0 1744 38.892983390829244 3
0 1745 0.1524404520038973 3
0 1746 0.11710882635614756 3
0 1747 0.28351322349930913 3
0 1748 0.0789270716449856 3
0 1749 0.26401291448426395 3
0 1750 0.07918246171034114 3
0 1751 0.19409442533804422 3
0 1752 0.08832259114669555 3
0 1753 0.19601479215203438 3
0 1754 0.026633854293667544 3
0 1755 0.15140557194180884 3
0 1756 0.07112075683587199 3
0 1757 0.1733083326448954 3
0 1758 0.09966332951777092 3
0 1759 0.14945168336604311 3
0 1760 0.21467057177624055 3
0 1761 0.3897661103403519 3
0 1762 0.12370130779607941 3
0 1763 28785561.868307617 3
0 1764 0.10802195710479219 3
0 1765 0.33485139409004033 3
0 1766 0.09486426868821074 3
0 1767 0.31922306269220313 3
0 1768 0.30040969838141757 3
0 1769 0.08670260316594391 3
0 1770 0.03496878897169636 3
0 1771 11414.563736367167 3
0 1772 0.18443509445093037 3
0 1773 0.13756944770598611 3
0 1774 0.03569129031079731 3
0 1775 0.04390644626708362 3
0 1776 0.07624701262487663 3
0 1777 0.10078252671698393 3
0 1778 0.12347589175032009 3
0 1779 0.07640354757523882 3
0 1780 0.0954457910214711 3
0 1781 0.21738409299875797 3
0 1782 0.0548834667997933 3
0 1783 0.15843040495294178 3
0 1784 0.15546606783091446 3
0 1785 0.07493900148648157 3
0 1786 0.18628512725240814 3
0 1787 0.09124153257754754 3
0 1788 0.1747232231028886 3
0 1789 0.06769650793184954 3
0 1790 0.17130434688989724 3
0 1791 0.1877571581050982 3
0 1792 0.09373750035277102 3
0 1793 0.21384522932779662 3
0 1794 0.16292081848838078 3
0 1795 0.10138531887009428 3
0 1796 0.07869636682545793 3
0 1797 0.15591490025546698 3
0 1798 0.09688539099587856 3
0 1799 0.09733928011679964 3
0 1800 0.15323564784516694 3
0 1801 0.0985916224955155 3
0 1802 0.17529145580509442 3
0 1803 0.1031638088652802 3
0 1804 0.17321571371439348 3
0 1805 0.08818541606184552 3
0 1806 329828.8433645524 3
0 1807 0.036443944774777234 3
0 1808 0.11619645079206804 3
0 1809 0.18361835172050336 3
0 1810 0.11844918594892984 3
0 1811 0.08131850797830699 3
0 1812 0.08354393433252073 3
0 1813 0.15535073878124095 3
0 1814 0.09361916660212645 3
0 1815 0.0381393373161988 3
0 1816 0.03641396540600962 3
0 1817 0.0861780108221489 3
0 1818 0.1379014009891885 3
0 1819 0.1885711468196326 3
0 1820 0.11723123955193535 3
0 1821 0.1250269812123672 3
0 1822 0.12652451726526004 3
0 1823 0.4096605486750329 3
0 1824 0.14519600957080647 3
0 1825 0.17365877382109648 3
0 1826 0.09603907726894655 3
0 1827 11.403867921188988 3
0 1828 0.08271544119624967 3
0 1829 0.11678205857711922 3
0 1830 2463.2322306631486 3
0 1831 1.9531495672026655 3
0 1832 0.09330274986209217 3
0 1833 0.15281173373958748 3
0 1834 0.13515247231401004 3
0 1835 0.057188875763807046 3
0 1836 0.19956413282454957 3
0 1837 0.13753464329630044 3
0 1838 0.13374584901817788 3
0 1839 0.10827519602613847 3
0 1840 0.31156418186802826 3
0 1841 0.13887753890142596 3
0 1842 0.06720548911634433 3
0 1843 0.2350338908785794 3
0 1844 0.12460700275269843 3
0 1845 0.5549786013431351 3
0 1846 0.1317202341411577 3
0 1847 0.08260588331018931 3
0 1848 3.224378081662697 3
0 1849 0.04115562909554333 3
0 1850 0.2521755588797187 3
0 1851 0.15167943116477617 3
0 1852 0.143985696162727 3
0 1853 0.07801805167650704 3
0 1854 0.3127827247762833 3
0 1855 0.0935170364703544 3
0 1856 0.08551301852630809 3
0 1857 0.12121191664806766 3
0 1858 0.2518299913525415 3
0 1859 0.20139182267972178 3
0 1860 0.1940855113586644 3
0 1861 0.17462483571198512 3
0 1862 7360044.304836998 3
0 1863 0.10319742970713155 3
0 1864 0.16891303744833666 3
0 1865 0.10868239120775576 3
0 1866 338.75178706607807 3
0 1867 0.07570886113480416 3
0 1868 0.10161529662083274 3
0 1869 0.21803020420436026 3
0 1870 0.18340218433601557 3
0 1871 0.06031327943908927 3
0 1872 0.1507429765135862 3
0 1873 0.07930796279278875 3
0 1874 0.1550089085224458 3
0 1875 0.08724127464777298 3
0 1876 0.04347484392495488 3
0 1877 14060546.518155092 3
0 1878 0.17068074547263162 3
0 1879 0.09042619247227966 3
0 1880 0.053020212094981076 3
0 1881 0.03573632984397411 3
0 1882 0.171729743332375 3
0 1883 0.1741403296982696 3
0 1884 0.06649047492476298 3
0 1885 0.07637448359021151 3
0 1886 18.136984296426395 3
0 1887 0.1674782223580204 3
0 1888 0.13786822089204678 3
0 1889 0.1264471644765734 3
0 1890 0.24265279032613096 3
0 1891 3.740886528615282 3
0 1892 0.11040918954853565 3
0 1893 0.42595059947094915 3
0 1894 0.2249581792020692 3
0 1895 0.10590038455524989 3
0 1896 0.15095922679821175 3
0 1897 0.1611081756464973 3
0 1898 26.450947602429224 3
0 1899 0.2803119313429041 3
0 1900 0.1412591898969747 3
0 1901 0.07871603990087557 3
0 1902 605.7595272640816 3
0 1903 0.05737346256046644 3
0 1904 0.14642753926175744 3
0 1905 0.057645356932823064 3
0 1906 0.1627409155817672 3
0 1907 716.9235233937542 3
0 1908 0.07629391756835088 3
0 1909 0.9125583222748378 3
0 1910 0.056997406607630356 3
0 1911 0.07036022966504367 3
0 1912 879.0323667402319 3
0 1913 0.07196102269066608 3
0 1914 0.08420637349523385 3
0 1915 0.15496149207141835 3
0 1916 0.036197157662324904 3
0 1917 0.506181601089307 3
0 1918 0.1510114329240012 3
0 1919 0.05151788665489581 3
0 1920 0.029368179309845695 3
0 1921 0.2056371913156015 3
0 1922 0.262839436386858 3
0 1923 0.10107259577129783 3
0 1924 0.17206429129266598 3
0 1925 0.12200639864965936 3
0 1926 0.06907109813014112 3
0 1927 0.2250312357849233 3
0 1928 0.4573635164996161 3
0 1929 0.09995077387920126 3
0 1930 0.12346046715671347 3
0 1931 0.11337170193568265 3
0 1932 0.13582840723941234 3
0 1933 0.18261808486179135 3
0 1934 0.13155892397238828 3
0 1935 1.1111558868748745 3
0 1936 0.11012969084492566 3
0 1937 0.11517265362042398 3
0 1938 0.25499471248562056 3
0 1939 0.1582624851441159 3
0 1940 0.139114648436729 3
0 1941 0.09314254499084502 3
0 1942 0.18693161349371287 3
0 1943 0.09125630862308681 3
0 1944 0.15238228473175283 3
0 1945 0.16941975668094136 3
0 1946 0.08547324372395629 3
0 1947 0.16818209510386892 3
0 1948 0.1216698021901354 3
0 1949 0.08946479445552405 3
0 1950 0.1478053362048095 3
0 1951 0.19259768505684022 3
0 1952 0.08190359036670444 3
0 1953 0.1823950360268957 3
0 1954 0.08752658047615891 3
0 1955 0.12128515653274964 3
0 1956 0.1714201329678276 3
0 1957 0.1516794406252322 3
0 1958 0.07854306455298703 3
0 1959 0.20797703453000252 3
0 1960 0.07421204290416664 3
0 1961 0.1796331380119741 3
0 1962 0.0783404066888265 3
0 1963 3.0784355266539376 3
0 1964 0.08074788913689213 3
0 1965 0.1805898879444626 3
0 1966 0.3966613422574377 3
0 1967 6.26056316673526 3
0 1968 57824831.83772782 3
0 1969 0.1925300774108035 3
0 1970 0.1018486991193094 3
0 1971 0.08417138132743882 3
0 1972 1.1431282593195153 3
0 1973 5.552415917910589 3
0 1974 0.21133861794533976 3
0 1975 0.11920820194771473 3
0 1976 0.16208073194644487 3
0 1977 0.11634775641132722 3
0 1978 0.04216003371946762 3
0 1979 0.11551375403251891 3
0 1980 0.04500340047341805 3
0 1981 0.16869822420198702 3
0 1982 0.15427105118030765 3
0 1983 0.04509089051095538 3
0 1984 0.05434526688080741 3
0 1985 0.0813070617963972 3
0 1986 0.11445751404884232 3
0 1987 0.09492036180801669 3
0 1988 0.16395029964731586 3
0 1989 0.11510418670648317 3
0 1990 0.054116051087268906 3
0 1991 11.338923225542807 3
0 1992 0.1647541819225569 3
0 1993 0.1266876332838736 3
0 1994 0.09872930915180689 3
0 1995 0.07376888193602615 3
0 1996 0.07047763200063963 3
0 1997 0.14635081516373283 3
0 1998 0.14880010686823986 3
0 1999 0.10306859139930534 3
1 0 0.017160688951530882 3
1 1 0.021131213796467572 3
1 2 0.021392342909480503 3
1 3 0.021421683079084028 3
1 4 0.021486505835272913 3
1 5 0.02199119432351077 3
1 6 0.0229512234152971 3
1 7 0.022974365598030275 3
1 8 0.023128440279601915 3
1 9 0.023226991430523484 3
1 10 0.023248288591145798 3
1 11 0.024191047470133016 3
1 12 0.02435775695685407 3
1 13 0.024785302676612445 3
1 14 0.026633854293667544 3
1 15 0.027095657949593517 3
1 16 0.027099473990377675 3
1 17 0.028175872660655944 3
1 18 0.0282838032736493 3
1 19 0.02868066139877109 3
1 20 0.029368179309845695 3
1 21 0.02972520462306855 3
1 22 0.0298585382659674 3
1 23 0.030121956606334738 3
1 24 0.030762727877043497 3
1 25 0.030899395494002696 3
1 26 0.030912031726471372 3
1 27 0.0314680203988005 3
1 28 0.03194676898696805 3
1 29 0.03202193929775546 3
1 30 0.032183521021596356 3
1 31 0.03218352420543682 3
1 32 0.03219391463627968 3
1 33 0.032782671597030744 3
1 34 0.03292969024567328 3
1 35 0.033045486676749156 3
1 36 0.033259643700525754 3
1 37 0.033457187701249655 3
1 38 0.03371351466859675 3
1 39 0.03378533429656275 3
1 40 0.033993947505534985 3
1 41 0.03424880208260392 3
1 42 0.03468357829010461 3
1 43 0.03496878897169636 3
1 44 0.035245139351634994 3
1 45 0.03543196297874274 3
1 46 0.035662768170651886 3
1 47 0.03569129031079731 3
1 48 0.03573632984397411 3
1 49 0.03578706330791755 3
1 50 0.03581251980463291 3
1 51 0.035933216568668644 3
1 52 0.03597754680933105 3
1 53 0.036197157662324904 3
1 54 0.03622255405501021 3
1 55 0.03641396540600962 3
1 56 0.036422326638187515 3
1 57 0.036443944774777234 3
1 58 0.036615153087092824 3
1 59 0.03681035680506693 3
1 60 0.0381393373161988 3
1 61 0.038464439516812436 3
1 62 0.038606624129507106 3
1 63 0.03881246045778125 3
1 64 0.039245436039971174 3
1 65 0.0395059164942648 3
1 66 0.03955958693996878 3
1 67 0.03977452506964254 3
1 68 0.040236340924124016 3
1 69 0.04052448495149482 3
1 70 0.04093119810966967 3
1 71 0.040959042878675765 3
1 72 0.041014964814939554 3
1 73 0.0410165578671849 3
1 74 0.041090264233276295 3
1 75 0.041150931496233334 3
1 76 0.04115562909554333 3
1 77 0.04119277852983178 3
1 78 0.04120308113071209 3
1 79 0.04132638917757884 3
1 80 0.041466872321632986 3
1 81 0.04152895180921489 3
1 82 0.041722611192239 3
1 83 0.04185491017911114 3
1 84 0.041856192898478965 3
1 85 0.04195271596593498 3
1 86 0.04216003371946762 3
1 87 0.04229730810248116 3
1 88 0.04235096899682699 3
1 89 0.04275272651338275 3
1 90 0.04280455184128258 3
1 91 0.043458885444215466 3
1 92 0.04347484392495488 3
1 93 0.043815997065210374 3
1 94 0.04390644626708362 3
1 95 0.0439074299013126 3
1 96 0.04395897386032287 3
1 97 0.044746200346524156 3
1 98 0.04485614599132682 3
1 99 0.04500340047341805 3
1 100 0.04509089051095538 3
1 101 0.04514061287545826 3
1 102 0.04520351607280672 3
1 103 0.04563270855160615 3
1 104 0.045676774608589626 3
1 105 0.04570564586918933 3
1 106 0.04588056237812296 3
1 107 0.04612556275267307 3
1 108 0.046219214137024955 3
1 109 0.046226279210362084 3
1 110 0.04648244941392468 3
1 111 0.04670973560656645 3
1 112 0.04685338105199812 3
1 113 0.04706608866405673 3
1 114 0.04725262169774509 3
1 115 0.04740851754689418 3
1 116 0.047515085225015186 3
1 117 0.04759624073455522 3
1 118 0.04766422574617282 3
1 119 0.047799649198209886 3
1 120 0.04781866183639536 3
1 121 0.04786218439392922 3
1 122 0.04806939871474985 3
1 123 0.04834860692205408 3
1 124 0.048388602305612136 3
1 125 0.048569463847856376 3
1 126 0.048679041861500766 3
1 127 0.04876745090945948 3
1 128 0.04884802557124902 3
1 129 0.04891196324572928 3
1 130 0.04897232412537628 3
1 131 0.049155561733189225 3
1 132 0.049242682497602705 3
1 133 0.04973912864826067 3
1 134 0.05010374102693783 3
1 135 0.05018658053113954 3
1 136 0.05029850120956485 3
1 137 0.05042783012516076 3
1 138 0.05077933368946405 3
1 139 0.0508415931304307 3
1 140 0.051094202080727846 3
1 141 0.051199595920196656 3
1 142 0.05137220844562733 3
1 143 0.05149718474684514 3
1 144 0.05151788665489581 3
1 145 0.05157512392576211 3
1 146 0.05158133393676375 3
1 147 0.05161253829390783 3
1 148 0.051966594986410625 3
1 149 0.05227289070803577 3
1 150 0.05239057247885879 3
1 151 0.05291473474825812 3
1 152 0.053020212094981076 3
1 153 0.053523259452161916 3
1 154 0.053596423237690184 3
1 155 0.05359642324621556 3
1 156 0.054116051087268906 3
1 157 0.054153936742770234 3
1 158 0.05434526688080741 3
1 159 0.05487944733520304 3
1 160 0.0548834667997933 3
1 161 0.05526451682976962 3
1 162 0.05538266155727975 3
1 163 0.05560711804988949 3
1 164 0.05561574712104321 3
1 165 0.0557346585517466 3
1 166 0.05629312208344756 3
1 167 0.05635399482400383 3
1 168 0.05637315671965873 3
1 169 0.05667681139547417 3
1 170 0.05672161498608067 3
1 171 0.05684102292763977 3
1 172 0.056997406607630356 3
1 173 0.057188875763807046 3
1 174 0.05721954905974557 3
1 175 0.05737346256046644 3
1 176 0.05746951864015866 3
1 177 0.05748373127893142 3
1 178 0.057498510269691556 3
1 179 0.05754339062027357 3
1 180 0.057645356932823064 3
1 181 0.057651406428801226 3
1 182 0.0576725050503746 3
1 183 0.05797053450863266 3
1 184 0.058119508652551645 3
1 185 0.05831426955100459 3
1 186 0.05858913539699851 3
1 187 0.05888810082059224 3
1 188 0.05890258335843725 3
1 189 0.05959702816227175 3
1 190 0.059615670593436317 3
1 191 0.059717404973512106 3
1 192 0.05981814511937053 3
1 193 0.05986685510381189 3
1 194 0.06001687162842913 3
1 195 0.06024838280655932 3
1 196 0.06027616576651179 3
1 197 0.06031327943908927 3
1 198 0.06036485874121819 3
1 199 0.06050990339658686 3
1 200 0.08323102183447068 3
1 201 0.09702019041816859 3
1 202 0.0741250733724825 3
1 203 0.06028654405786002 3
1 204 0.09206445012356987 3
1 205 0.02057953489900644 3
1 206 0.13085087678119803 3
1 207 0.02794381904945512 3
1 208 12678511.387404652 3
1 209 0.02814566098350891 3
1 210 0.03921987162335676 3
1 211 0.0650726548459629 3
1 212 0.0450908905075379 3
1 213 0.04021791776123659 3
1 214 0.0976086078386785 3
1 215 0.04196922841428308 3
1 216 0.028367471690910355 3
1 217 0.030081136877401875 3
1 218 0.03994743707062872 3
1 219 67551.23045876747 3
1 220 1080172.1946253104 3
1 221 0.0923493404570479 3
1 222 0.05493340670939894 3
1 223 0.04177447635738566 3
1 224 0.14044319846298214 3
1 225 0.023226991451675918 3
1 226 0.1522847548083751 3
1 227 0.03484667471613596 3
1 228 0.035933216555141506 3
1 229 0.12147481413170248 3
1 230 0.10258304139888173 3
1 231 0.1580451530345322 3
1 232 0.03496878897169636 3
1 233 0.055460606870215805 3
1 234 0.04517166174265363 3
1 235 3.9801152148539622 3
1 236 0.11387273336589002 3
1 237 0.11387273336404757 3
1 238 0.06347883339631871 3
1 239 0.14442397457289385 3
1 240 0.0782114635326638 3
1 241 88.80200662789947 3
1 242 0.34820922941531063 3
1 243 0.045051503254500955 3
1 244 0.046509519814047544 3
1 245 0.08010270102260621 3
1 246 0.05137220844562733 3
1 247 0.029336748149669592 3
1 248 0.042803733748252984 3
1 249 0.04392567336816269 3
1 250 0.048791153866446016 3
1 251 0.02388693779202868 3
1 252 0.08215660526189357 3
1 253 0.018627234026148364 3
1 254 161.7986296657756 3
1 255 0.06803082792960112 3
1 256 0.06892630445280225 3
1 257 0.06279743268433727 3
1 258 0.028823125787384603 3
1 259 0.028710905762928816 3
1 260 0.0462146954349471 3
1 261 0.031071828622628028 3
1 262 12984387.704079343 3
1 263 220323.02747322162 3
1 264 0.0843108832471785 3
1 265 0.1029389225460365 3
1 266 0.04045657238891918 3
1 267 0.04045657763824534 3
1 268 0.23035949235121805 3
1 269 0.021421683079091272 3
1 270 0.07997325055450112 3
1 271 0.07997325055463085 3
1 272 0.05500439904642165 3
1 273 0.07295116959296007 3
1 274 0.021986701752590473 3
1 275 0.028050737624379138 3
1 276 10502019.906577181 3
1 277 0.036550181927245226 3
1 278 0.04214611941923889 3
1 279 0.04725262169774509 3
1 280 0.058277551773219735 3
1 281 0.030108855275988007 3
1 282 0.07645357470950655 3
1 283 0.0758989502213865 3
1 284 0.02380254253671841 3
1 285 0.11974542519730785 3
1 286 0.0714761286719527 3
1 287 41000134.80515649 3
1 288 0.027894773677051076 3
1 289 0.02752458859123544 3
1 290 0.0270960251203885 3
1 291 0.07178428235799308 3
1 292 0.03945796758471217 3
1 293 0.08304056844541009 3
1 294 0.023226991432158547 3
1 295 0.05456943995512487 3
1 296 0.024293863447746786 3
1 297 0.04025978793591945 3
1 298 0.07037753478669118 3
1 299 0.029520874207828528 3
1 300 1549.1177219530039 3
1 301 0.08051358320212831 3
1 302 0.09625843784394278 3
1 303 0.04621951613772332 3
1 304 0.03482140867247466 3
1 305 0.034821408916084255 3
1 306 0.03581250751356139 3
1 307 0.13464170547226134 3
1 308 0.047892653031836666 3
1 309 0.23920116072901695 3
1 310 0.031946768986880446 3
1 311 0.0323063517230568 3
1 312 0.042890896015475584 3
1 313 0.053392017430112425 3
1 314 0.036765394066452024 3
1 315 0.07375748083113141 3
1 316 0.028680661398778295 3
1 317 53195.48425460429 3
1 318 0.07615161814948737 3
1 319 0.06827385991932026 3
1 320 0.04396760345310383 3
1 321 0.05723013207951499 3
1 322 0.08215660526191687 3
1 323 2149.9821396451184 3
1 324 0.1627752500005678 3
1 325 0.6306692743687753 3
1 326 510255562.217902 3
1 327 83.44937587049814 3
1 328 0.03218352420543682 3
1 329 0.030121956606334738 3
1 330 4.47277902371398 3
1 331 1.7844540593574012 3
1 332 0.036287205511836326 3
1 333 0.15632499252982465 3
1 334 0.09000782250062309 3
1 335 0.04485615855581885 3
1 336 0.12561169363281913 3
1 337 0.11836928084613915 3
1 338 0.10332814082358592 3
1 339 1.2392314173570302 3
1 340 0.0628363454112025 3
1 341 0.04213936235107252 3
1 342 0.054684440911712234 3
1 343 0.0456327085525845 3
1 344 0.0993987425203122 3
1 345 0.07238413651064855 3
1 346 0.04511721595234369 3
1 347 0.038678936226986184 3
1 348 0.11333312033041006 3
1 349 0.028175877291694795 3
1 350 0.1711690305453968 3
1 351 0.06568247619571368 3
1 352 0.14727350775126835 3
1 353 0.39895299279765856 3
1 354 0.036284687359346764 3
1 355 77758.86513698788 3
1 356 696.6159677094595 3
1 357 0.03631451419216624 3
1 358 0.019737397754418174 3
1 359 0.13307171574539345 3
1 360 69.99239378769191 3
1 361 0.028680661398773434 3
1 362 0.05129886541516245 3
1 363 0.04244215569930643 3
1 364 0.5086618901747294 3
1 365 0.082400818900085 3
1 366 0.041014964814939554 3
1 367 0.13053441094636523 3
1 368 0.0890875944220595 3
1 369 0.04109026988247653 3
1 370 0.03848244228211268 3
1 371 0.042081724967856074 3
1 372 0.038039081769668734 3
1 373 0.030157543874413103 3
1 374 0.10376035955939956 3
1 375 0.0253531310321079 3
1 376 0.040003372955537846 3
1 377 0.0480621877682724 3
1 378 0.04500339669967439 3
1 379 0.10027036777524022 3
1 380 0.12001521754125685 3
1 381 0.10518124485419514 3
1 382 0.1173928372491513 3
1 383 0.13917430178906667 3
1 384 0.03874099720483486 3
1 385 0.03517218559582456 3
1 386 0.07996347430016107 3
1 387 0.1110971653743563 3
1 388 0.036471161317828744 3
1 389 0.2306864854891246 3
1 390 26.41992215233004 3
1 391 0.09074541746443676 3
1 392 0.2626082291009579 3
1 393 0.041837964535815626 3
1 394 0.03171052928792283 3
1 395 0.1076924730026269 3
1 396 26.233554945056337 3
1 397 0.04307583424366483 3
1 398 0.1632267603445687 3
1 399 0.02391531223089144 3
1 400 0.17534034299053883 3
1 401 0.017160688951530934 3
1 402 0.036175243764623485 3
1 403 0.18864787301518107 3
1 404 0.06527972265614392 3
1 405 0.04218603084181507 3
1 406 0.04732973983535342 3
1 407 0.06856277102735929 3
1 408 0.05577354026298777 3
1 409 0.06847080940994811 3
1 410 0.03929802695388777 3
1 411 0.056001668068702874 3
1 412 0.049659285989099126 3
1 413 0.0529147347518764 3
1 414 0.05291473474825812 3
1 415 0.07363389664098453 3
1 416 0.021486505835281042 3
1 417 0.02401265324083043 3
1 418 0.04319618472575473 3
1 419 0.11231883144495172 3
1 420 0.038439857309496984 3
1 421 0.04302553019313621 3
1 422 0.04428633932512012 3
1 423 0.029527234242671563 3
1 424 0.12001525678065252 3
1 425 0.12001525678065252 3
1 426 40368750.529970415 3
1 427 0.07019911552517179 3
1 428 0.054805896213588966 3
1 429 0.05018658053113954 3
1 430 0.11644905205972998 3
1 431 0.14951091629832844 3
1 432 0.07577779734868849 3
1 433 0.04626354083910174 3
1 434 0.03404108518547128 3
1 435 0.05904665842122906 3
1 436 0.02421346979666283 3
1 437 0.11819885949744262 3
1 438 0.0321835210221079 3
1 439 0.03401357745508301 3
1 440 0.10089695983608679 3
1 441 0.14159306316724285 3
1 442 0.0733329082008575 3
1 443 0.10702615048365594 3
1 444 5578.417915176116 3
1 445 0.025207908887074002 3
1 446 0.033238078835021084 3
1 447 0.04570564477571503 3
1 448 0.04838860230222129 3
1 449 0.040947183986176604 3
1 450 0.032106444031908384 3
1 451 0.16479865041585443 3
1 452 0.08765870351076246 3
1 453 0.04829661278505174 3
1 454 0.03530075856311068 3
1 455 0.03543196299272546 3
1 456 0.10048632845890046 3
1 457 0.05029850120956485 3
1 458 0.04023634092403951 3
1 459 0.04622137690523432 3
1 460 0.02699009817147771 3
1 461 0.02952941962999799 3
1 462 0.04619168900908573 3
1 463 0.07377307661105556 3
1 464 0.04059613238810599 3
1 465 0.04707162968225555 3
1 466 0.03061443769075521 3
1 467 0.6212045213947356 3
1 468 0.04203749591749642 3
1 469 0.05250521871641175 3
1 470 0.10644099969550382 3
1 471 0.06050212849112035 3
1 472 0.10467112752941773 3
1 473 0.08626715357491846 3
1 474 0.03237471836489185 3
1 475 0.10424217344473895 3
1 476 89127932.35226564 3
1 477 0.04426570053656077 3
1 478 0.017329855865349294 3
1 479 0.028175881295839835 3
1 480 0.15106374457047653 3
1 481 0.046084858312464005 3
1 482 0.07237164714642144 3
1 483 0.09959593100644211 3
1 484 0.04648244955948987 3
1 485 0.04648244955948987 3
1 486 0.05690409817771829 3
1 487 0.05980674461593867 3
1 488 0.037975415663661846 3
1 489 9244273.34211968 3
1 490 0.05209771137371113 3
1 491 0.10809393263437113 3
1 492 0.10522308105427051 3
1 493 0.03702745548049056 3
1 494 0.02255121963490107 3
1 495 0.13582839921174852 3
1 496 0.0358272452551338 3
1 497 0.1830023371944129 3
1 498 0.08823696842397942 3
1 499 0.049342816489415145 3
1 500 0.05671677548783638 3
1 501 0.04571187753812836 3
1 502 0.05445246749290452 3
1 503 0.024905775161205446 3
1 504 0.07579927557363604 3
1 505 2.354394146826656 3
1 506 0.04365551636496777 3
1 507 0.06363243966061567 3
1 508 4.929200624755708 3
1 509 0.03345718770124218 3
1 510 0.0753939038714498 3
1 511 0.09354736683022986 3
1 512 0.08090009395813284 3
1 513 0.029355891236694496 3
1 514 0.14635477851240247 3
1 515 0.14595606354067206 3
1 516 0.03027537116064163 3
1 517 0.027174903979260555 3
1 518 0.02899661663665528 3
1 519 0.03292969025718236 3
1 520 0.04196932045333874 3
1 521 0.04168528339104654 3
1 522 0.10710607034348375 3
1 523 0.028482059371388785 3
1 524 0.028941193035227544 3
1 525 0.02894119303510148 3
1 526 0.7048263537682727 3
1 527 0.02775058018704024 3
1 528 0.029617160767470268 3
1 529 0.10730700811384968 3
1 530 0.05987204776012666 3
1 531 0.05137220844560263 3
1 532 0.15440583659718776 3
1 533 0.10160317474369054 3
1 534 0.04891102950333156 3
1 535 0.05927957518268614 3
1 536 0.10509424785202841 3
1 537 0.06745633371205097 3
1 538 0.06793638142182731 3
1 539 0.08057125745383605 3
1 540 205354.6959039464 3
1 541 205354.69575475733 3
1 542 0.024191047470133887 3
1 543 0.02891579624441525 3
1 544 0.1310607335242702 3
1 545 0.05196659498376753 3
1 546 0.032073652783506226 3
1 547 0.13567497516170599 3
1 548 0.037062223496496495 3
1 549 17192532.258055035 3
1 550 0.0406779449263049 3
1 551 0.023248288590168045 3
1 552 0.42712538955630974 3
1 553 0.059210766128479926 3
1 554 0.021991194329302265 3
1 555 0.028283802952136568 3
1 556 0.04216003371944897 3
1 557 0.12270511748057603 3
1 558 0.030329069461341736 3
1 559 0.07274502626379603 3
1 560 0.10562181272028848 3
1 561 0.06688490951890803 3
1 562 0.0413513741412867 3
1 563 0.0479658493129881 3
1 564 0.06068813044241287 3
1 565 0.06068813044097688 3
1 566 0.0261427265027822 3
1 567 0.08051530638856658 3
1 568 0.06488584435581714 3
1 569 0.0377307952836368 3
1 570 0.04929664729452779 3
1 571 1.3334731996182663 3
1 572 0.13874297120349569 3
1 573 0.039245436039973394 3
1 574 0.045323989027486744 3
1 575 0.0229743655980647 3
1 576 0.11197274711774893 3
1 577 0.04428305791803853 3
1 578 0.03219391463627968 3
1 579 0.028289199079374848 3
1 580 0.05434526687406437 3
1 581 0.07916574088386572 3
1 582 0.02504820760410207 3
1 583 0.16296639967717924 3
1 584 0.03021194722219766 3
1 585 0.07759929867835877 3
1 586 0.12379775952251669 3
1 587 0.037436205468916545 3
1 588 0.11494076056103954 3
1 589 0.050128756839942765 3
1 590 0.029997482644344417 3
1 591 0.039559586939390975 3
1 592 0.02713308402474617 3
1 593 0.055937126031865604 3
1 594 0.03540533732014226 3
1 595 0.11914887531310836 3
1 596 0.022499327836557618 3
1 597 0.1715887280511168 3
1 598 0.047941882854892696 3
1 599 23.1776578031448 3
1 600 0.11640905081937916 3
1 601 0.09208053450675811 3
1 602 0.09197195245781048 3
1 603 0.02504820760426718 3
1 604 0.19407832441192702 3
1 605 0.06677169527376274 3
1 606 0.04912157138846184 3
1 607 0.04431443061388069 3
1 608 0.043009670560169584 3
1 609 0.12364904265891478 3
1 610 21273.241365898604 3
1 611 0.050186580530793265 3
1 612 0.05711899808519081 3
1 613 0.06599333657176977 3
1 614 0.05906887098875921 3
1 615 0.04890634045767251 3
1 616 0.26725908814956495 3
1 617 0.06954559830261979 3
1 618 0.041722611192239 3
1 619 0.041722611192178884 3
1 620 34947.50988388553 3
1 621 0.04672181827319316 3
1 622 0.13309234633880063 3
1 623 0.11171531275351597 3
1 624 0.06384399198660842 3
1 625 0.02724083045002672 3
1 626 0.021991194324485333 3
1 627 0.02380659636733146 3
1 628 1143195.2792123593 3
1 629 1143195.2796737154 3
1 630 0.04751509447491045 3
1 631 0.038503926764772954 3
1 632 0.03496878897168197 3
1 633 0.12517752858795708 3
1 634 0.041608023879742925 3
1 635 0.051641286261346904 3
1 636 0.05768807284895261 3
1 637 0.04934954366597197 3
1 638 0.07846352872158399 3
1 639 0.06282881415481918 3
1 640 0.03946987260774804 3
1 641 0.04158864695718222 3
1 642 0.05624935132611597 3
1 643 0.2078489394544557 3
1 644 0.03126979109226202 3
1 645 0.03089939442227479 3
1 646 0.07953340254016375 3
1 647 0.035245139351634994 3
1 648 0.07050544689314533 3
1 649 0.06879287260772418 3
1 650 0.06778609408764029 3
1 651 0.11273922598093579 3
1 652 0.028710927515497527 3
1 653 0.051966594971405544 3
1 654 0.0388456669523496 3
1 655 0.03884566695298659 3
1 656 0.09767290754801924 3
1 657 0.04193592491354039 3
1 658 0.049671693573686206 3
1 659 0.04528825461373229 3
1 660 0.14375980347899892 3
1 661 0.03611892360476834 3
1 662 0.0322533960638886 3
1 663 0.03802273943617153 3
1 664 0.0229743655980647 3
1 665 1.575338529991365 3
1 666 45448352.95614878 3
1 667 0.03103066017959294 3
1 668 0.04273779580233626 3
1 669 0.09217009096168448 3
1 670 0.08648516774398453 3
1 671 0.08215660526375557 3
1 672 0.04527077341679067 3
1 673 0.03762607969244693 3
1 674 0.0344496995798298 3
1 675 0.03013969185683523 3
1 676 0.14703834617368566 3
1 677 0.13318899672124196 3
1 678 0.04427549559243087 3
1 679 0.11623684035653531 3
1 680 0.06881533804368874 3
1 681 0.02324828859024775 3
1 682 0.04428633932494595 3
1 683 0.028881183467485045 3
1 684 0.03851083200209835 3
1 685 0.043625939388049005 3
1 686 0.02858268241906285 3
1 687 0.0380227313896899 3
1 688 0.04390742989994306 3
1 689 0.0644307544797608 3
1 690 0.02113121379646821 3
1 691 0.0832162917006482 3
1 692 0.04660687579300542 3
1 693 0.12077830866006167 3
1 694 0.08640765978089247 3
1 695 0.04201002599044552 3
1 696 0.038050303357619684 3
1 697 0.12379826992311022 3
1 698 0.036422196856891256 3
1 699 0.08240913709954861 3
1 700 0.8255533007296975 3
1 701 0.07185969515343535 3
1 702 0.03332717046695471 3
1 703 0.03325964446151949 3
1 704 0.07814722221691947 3
1 705 0.054021940821189524 3
1 706 0.0919687000793978 3
1 707 0.12735715045202645 3
1 708 0.1326587817962322 3
1 709 0.11181617566082573 3
1 710 0.03697531594204159 3
1 711 0.04135137413932337 3
1 712 0.016701387934662703 3
1 713 0.03800068510610332 3
1 714 0.030899394421440338 3
1 715 0.04379129553057681 3
1 716 0.04516867685154107 3
1 717 0.06970978181882057 3
1 718 0.02538650688146589 3
1 719 0.028680661398765902 3
1 720 0.15997877420566387 3
1 721 0.047941882854892696 3
1 722 0.02435775695685407 3
1 723 0.10031380144680058 3
1 724 0.1448608869634507 3
1 725 0.14486107758418085 3
1 726 0.09031132611575701 3
1 727 0.03194676898696805 3
1 728 0.0396730131455013 3
1 729 0.07442003741250793 3
1 730 0.17852584234474533 3
1 731 0.4085524708330542 3
1 732 0.05906887098714514 3
1 733 0.05906887098714514 3
1 734 0.053796718752187084 3
1 735 0.041366667479389295 3
1 736 0.025711578508228777 3
1 737 0.02773856799773655 3
1 738 0.07510318599970695 3
1 739 0.1331956658061218 3
1 740 0.11114642821016779 3
1 741 0.07688553389846675 3
1 742 0.17976670250048474 3
1 743 0.06247532317292216 3
1 744 0.045453842473583875 3
1 745 0.045699726722534015 3
1 746 20610631.956978653 3
1 747 0.12711034525811538 3
1 748 0.015920406008367888 3
1 749 62.08692729058037 3
1 750 0.17090534028593446 3
1 751 0.15322909051891104 3
1 752 0.03320435900957445 3
1 753 0.08868037928214302 3
1 754 0.030360554509306647 3
1 755 0.03036055450933119 3
1 756 0.04409715099932547 3
1 757 0.03551881787302163 3
1 758 0.44774579472448955 3
1 759 0.04973912864718602 3
1 760 0.08484261687416468 3
1 761 0.036481439723971124 3
1 762 0.09974680976049068 3
1 763 0.04622627921141474 3
1 764 0.11011502276456049 3
1 765 0.03984013714652388 3
1 766 0.026451324588751844 3
1 767 0.08949407325291714 3
1 768 0.16064075475871709 3
1 769 0.039586295393677425 3
1 770 0.0357666585394924 3
1 771 0.0357666585394924 3
1 772 6002810.978190401 3
1 773 6941524.389993559 3
1 774 0.08202722199506059 3
1 775 0.04594266967839418 3
1 776 0.03918809691694206 3
1 777 0.06265754615935859 3
1 778 0.05076652231127324 3
1 779 0.08647806966257472 3
1 780 0.0546047695091736 3
1 781 0.0469883125995237 3
1 782 0.034045488375650745 3
1 783 0.16699199983196694 3
1 784 0.07584627102282948 3
1 785 0.07584627102282948 3
1 786 0.02307224389352929 3
1 787 0.02148650583528986 3
1 788 0.1321035136443377 3
1 789 0.13210351364433792 3
1 790 0.05149702982792832 3
1 791 0.3547934356658631 3
1 792 0.03468357829022176 3
1 793 0.03339266852581592 3
1 794 235.9606883051898 3
1 795 1.5030904838106984 3
1 796 39407.577391017796 3
1 797 0.10290177878407658 3
1 798 0.09281875687071539 3
1 799 0.13805534509214226 3
1 800 0.03772587521204699 3
1 801 0.036422326638187515 3
1 802 0.033263798994183524 3
1 803 0.08969225290552647 3
1 804 0.07982353652587859 3
1 805 0.0401236008237345 3
1 806 0.06264013717023798 3
1 807 0.07021912173218536 3
1 808 0.04695400547662143 3
1 809 0.019505814412051094 3
1 810 0.033259643700525754 3
1 811 0.05164029558460104 3
1 812 0.0922993825221234 3
1 813 0.04366120427597139 3
1 814 0.025029680542107927 3
1 815 0.06338237030710937 3
1 816 0.06892630445280225 3
1 817 0.16995237512304587 3
1 818 0.13451009487176355 3
1 819 0.13458194069889842 3
1 820 67551.23045876747 3
1 821 5988.329083195901 3
1 822 0.04109027698801063 3
1 823 0.04109026988247653 3
1 824 0.04095904287864966 3
1 825 0.2872467007995473 3
1 826 0.08593251088275498 3
1 827 0.04235100919246959 3
1 828 0.042927054694271 3
1 829 0.041090264233276295 3
1 830 1.2172360493315613 3
1 831 0.03543196295078891 3
1 832 0.1532861598942993 3
1 833 0.09346597390000007 3
1 834 0.10552204664596526 3
1 835 0.06462727101505454 3
1 836 0.034161110086720896 3
1 837 0.03795407495807546 3
1 838 0.04084125711329739 3
1 839 0.08972086361721722 3
1 840 0.030211947221544595 3
1 841 0.03230635172306034 3
1 842 0.06360943199057273 3
1 843 0.01549009739202725 3
1 844 0.0409212272946314 3
1 845 0.10927131657635045 3
1 846 0.034276422229787024 3
1 847 0.04528488309779239 3
1 848 18.535489740254608 3
1 849 503.64256207403633 3
1 850 0.18521331164672256 3
1 851 0.029392242571351222 3
1 852 0.0291486355124595 3
1 853 0.030261661860126063 3
1 854 295150214.0090743 3
1 855 69.99239424542884 3
1 856 0.013115203248554768 3
1 857 0.07470808713637288 3
1 858 0.03109512580019727 3
1 859 0.04119277852983178 3
1 860 30463074.333510004 3
1 861 0.02183864101370116 3
1 862 0.028251822882438545 3
1 863 0.25790007717698393 3
1 864 0.08886837692280507 3
1 865 0.09732433342922678 3
1 866 0.10506987359862446 3
1 867 0.057273292311329875 3
1 868 0.06933715675778822 3
1 869 0.15595747404363888 3
1 870 0.07409524133817905 3
1 871 0.043815992323180696 3
1 872 0.10345740076223663 3
1 873 0.10842990787500567 3
1 874 0.02907849899338776 3
1 875 0.14755173805774272 3
1 876 0.04961753424296161 3
1 877 0.03540534022261341 3
1 878 0.12893037256461395 3
1 879 0.03322581504353562 3
1 880 0.02704743588782641 3
1 881 0.028550311331220324 3
1 882 0.037506514424376296 3
1 883 0.047847136819697766 3
1 884 0.07573958025628971 3
1 885 0.1703984892731642 3
1 886 0.13458194069873516 3
1 887 0.06517934366781276 3
1 888 0.08832580887330886 3
1 889 0.0883258088732386 3
1 890 0.03652104744829456 3
1 891 0.11297605420219674 3
1 892 0.03813920430325274 3
1 893 0.0381393373161988 3
1 894 0.0679955776892175 3
1 895 0.08570148818533779 3
1 896 0.09726311310221641 3
1 897 0.09726311310907548 3
1 898 0.04983312188828393 3
1 899 0.05877589611131818 3
1 900 0.054123224145390926 3
1 901 0.07075812704595924 3
1 902 0.035662768170651886 3
1 903 0.05718887747857516 3
1 904 0.03154815499752149 3
1 905 0.15177060962442365 3
1 906 0.026015370629246963 3
1 907 0.03196039153343411 3
1 908 0.06361130973015205 3
1 909 0.07153151750440047 3
1 910 0.04119277852983178 3
1 911 0.05456656600330519 3
1 912 1794799.6346969658 3
1 913 0.03417415397934475 3
1 914 219.29265963054425 3
1 915 0.041086980873032274 3
1 916 0.11407737835955559 3
1 917 0.028277716394254297 3
1 918 0.051660017230165105 3
1 919 0.13666758377688634 3
1 920 0.02113121379698026 3
1 921 0.025044331221495044 3
1 922 0.16584973845153292 3
1 923 0.06071339228302799 3
1 924 510255574.28101516 3
1 925 0.04119337344928601 3
1 926 0.07913652655670214 3
1 927 0.03624176763804568 3
1 928 0.12701281154294153 3
1 929 0.04112528546883532 3
1 930 0.0460129329539552 3
1 931 0.031103294459459502 3
1 932 0.9253029705539708 3
1 933 0.0333271425265014 3
1 934 0.05566593358966251 3
1 935 0.08660016764814224 3
1 936 0.10230269023556965 3
1 937 0.022356829559798886 3
1 938 0.12597402892925344 3
1 939 0.030649222909626826 3
1 940 0.04858369868715253 3
1 941 0.8326141991165195 3
1 942 0.0427527265142048 3
1 943 0.057704814310534015 3
1 944 0.09535116850436168 3
1 945 0.08132338517172201 3
1 946 0.05411605108715709 3
1 947 0.0740233112642656 3
1 948 0.06263299075109599 3
1 949 0.03631700506875743 3
1 950 479326.77462125215 3
1 951 0.02984323384775919 3
1 952 81.58477001965993 3
1 953 0.03194676898686858 3
1 954 4998988.2812290955 3
1 955 0.1573404398520217 3
1 956 4.710899618359344 3
1 957 0.04763624178694327 3
1 958 0.05094990471188017 3
1 959 0.08178700671286782 3
1 960 0.14616225612457334 3
1 961 0.05635399482400383 3
1 962 0.11289976645541874 3
1 963 0.0229512234152971 3
1 964 0.040959042878675765 3
1 965 0.039728244789827026 3
1 966 0.11057783889246921 3
1 967 0.049393986639217055 3
1 968 0.032929690277493325 3
1 969 0.03292969026908975 3
1 970 0.034050737779643576 3
1 971 0.03543196303427166 3
1 972 0.11315075449263111 3
1 973 0.11315075449263111 3
1 974 0.04643821216397282 3
1 975 0.0802886932721994 3
1 976 0.06321752050447751 3
1 977 0.05465252451740615 3
1 978 1.5030899322191529 3
1 979 0.0760285988323483 3
1 980 0.089529096934468 3
1 981 0.13402244863710927 3
1 982 0.025437253168373825 3
1 983 0.07037387631655136 3
1 984 0.03637740998351674 3
1 985 125.77354308313329 3
1 986 0.04578153246956707 3
1 987 0.041528951809128016 3
1 988 0.023629749243653006 3
1 989 0.11728833134169196 3
1 990 0.03340748887454761 3
1 991 0.07612485562470138 3
1 992 0.04095904287860948 3
1 993 0.12897885019479335 3
1 994 0.08886837079439651 3
1 995 0.03628468735935937 3
1 996 0.041016557881549245 3
1 997 0.043559262512942926 3
1 998 0.0476074893698808 3
1 999 0.024357747517341124 3
1 1000 0.029663429664394645 3
1 1001 0.04329938800465561 3
1 1002 0.035977573127655114 3
1 1003 11255.643265395951 3
1 1004 0.054902814950818196 3
1 1005 0.024291977854622768 3
1 1006 0.08704947019645136 3
1 1007 0.12197452654627897 3
1 1008 0.022499327836557618 3
1 1009 0.04815000078146186 3
1 1010 0.023128440277385375 3
1 1011 0.11080689599823805 3
1 1012 0.07807215655289387 3
1 1013 0.033807614359384196 3
1 1014 0.0807863728878786 3
1 1015 0.15483415566386868 3
1 1016 0.09862443705728159 3
1 1017 0.032021939297693154 3
1 1018 0.124798123546063 3
1 1019 0.09249561214612781 3
1 1020 0.06766881915360248 3
1 1021 0.07380507893315552 3
1 1022 0.08417060947239241 3
1 1023 0.10563724080116693 3
1 1024 0.06850752341649947 3
1 1025 0.14359378989928356 3
1 1026 0.0578582017673303 3
1 1027 0.02535313103241208 3
1 1028 0.04488929508454021 3
1 1029 0.0366262580295309 3
1 1030 0.047012371863803464 3
1 1031 0.04701237186479823 3
1 1032 0.08331005031589589 3
1 1033 0.0718519460403913 3
1 1034 0.03110326933302069 3
1 1035 0.040444704989858915 3
1 1036 0.05702669584162406 3
1 1037 0.08114532290794102 3
1 1038 0.06963157949003808 3
1 1039 0.029377539736667038 3
1 1040 0.08311383867504436 3
1 1041 0.1234801981756801 3
1 1042 0.048533421475040875 3
1 1043 4.273054002170811 3
1 1044 0.08516220743016625 3
1 1045 0.04474620198326132 3
1 1046 0.033914251868874166 3
1 1047 0.021486505835277597 3
1 1048 0.030184022416427824 3
1 1049 0.04488376853277676 3
1 1050 0.09170747149072157 3
1 1051 0.03850870440314485 3
1 1052 0.03795119253269298 3
1 1053 0.10644920711941139 3
1 1054 0.05870532812306005 3
1 1055 0.03930011978629004 3
1 1056 65670380.75129496 3
1 1057 0.058427331055586375 3
1 1058 0.025888743327293885 3
1 1059 3932449.169507107 3
1 1060 0.1616894704828049 3
1 1061 0.043907429907053666 3
1 1062 0.061456332540187654 3
1 1063 0.03371349207133051 3
1 1064 0.03722815508799831 3
1 1065 0.06679922125029243 3
1 1066 221715.94706410813 3
1 1067 0.03185803864106605 3
1 1068 0.043829485109173505 3
1 1069 0.07726027910530965 3
1 1070 0.06556172217136275 3
1 1071 0.06556172217136394 3
1 1072 0.04776124019365614 3
1 1073 0.05359642314816921 3
1 1074 0.11866256743927514 3
1 1075 0.06836516638564727 3
1 1076 0.10562181254867818 3
1 1077 0.10561740705465333 3
1 1078 0.08226391779698206 3
1 1079 0.024448263876724656 3
1 1080 0.009292105646732168 3
1 1081 0.06001687194553251 3
1 1082 0.0742674856631649 3
1 1083 0.07426567504717203 3
1 1084 0.03872637586318153 3
1 1085 0.02484692033925015 3
1 1086 0.04969448581162923 3
1 1087 0.029415378725403077 3
1 1088 0.04614433363649017 3
1 1089 0.041528951809221386 3
1 1090 0.02324828859024775 3
1 1091 0.04604502030950084 3
1 1092 0.06573776437822329 3
1 1093 0.06221735991161064 3
1 1094 0.1616181492902281 3
1 1095 0.06687674120533015 3
1 1096 0.036251795953809535 3
1 1097 0.14955230451273316 3
1 1098 0.27399193737717475 3
1 1099 0.11582597665738487 3
1 1100 0.030439799046369787 3
1 1101 0.0304397999785362 3
1 1102 0.14139065951037125 3
1 1103 5.192370252567077 3
1 1104 0.10699956736400447 3
1 1105 0.030589617712407497 3
1 1106 0.11631467039737883 3
1 1107 0.11631416963552414 3
1 1108 0.03860597361041122 3
1 1109 0.03924571971892737 3
1 1110 0.07243516509858365 3
1 1111 0.05245653525082103 3
1 1112 0.0978675980421879 3
1 1113 0.06546047934201933 3
1 1114 0.07754227737250399 3
1 1115 0.04309805544191788 3
1 1116 1612.0802719636495 3
1 1117 0.07510313394628597 3
1 1118 0.16519918199627176 3
1 1119 0.04632107094487793 3
1 1120 53207941.83153873 3
1 1121 0.029923111575490737 3
1 1122 0.05005970824045549 3
1 1123 0.13553684029512578 3
1 1124 0.051966594986410625 3
1 1125 0.041016557873774534 3
1 1126 0.03826078402635057 3
1 1127 0.06343884496541051 3
1 1128 0.04670973560661074 3
1 1129 0.19149086488594813 3
1 1130 0.028343543755415663 3
1 1131 0.0705142797901845 3
1 1132 0.03794158387303201 3
1 1133 0.17366502823345922 3
1 1134 0.06962950430879848 3
1 1135 0.03496878897167532 3
1 1136 0.07246298361066257 3
1 1137 0.8497399860023849 3
1 1138 0.04346282055736679 3
1 1139 0.06934482438745394 3
1 1140 0.03668199773061988 3
1 1141 0.15947831004684937 3
1 1142 0.07277947822250957 3
1 1143 0.0476642257191324 3
1 1144 0.027744738500586376 3
1 1145 6148349.048739793 3
1 1146 0.039459455581444376 3
1 1147 0.07593651999728417 3
1 1148 0.04229730809980739 3
1 1149 0.04229730809980739 3
1 1150 0.03471979552499975 3
1 1151 0.03661515305521004 3
1 1152 0.06107816113466535 3
1 1153 0.13781279729085452 3
1 1154 0.17148885209285689 3
1 1155 0.058119508652551645 3
1 1156 0.04132638917751291 3
1 1157 0.02740565079019059 3
1 1158 0.034248788256632974 3
1 1159 0.0746254979487805 3
1 1160 0.04488376853277676 3
1 1161 6918.792206952427 3
1 1162 0.02142168307908482 3
1 1163 0.021421683079084028 3
1 1164 0.06374235444998046 3
1 1165 0.04248229610669913 3
1 1166 0.03573632984397411 3
1 1167 0.048342704390424845 3
1 1168 0.0704172449839091 3
1 1169 0.025748509030418584 3
1 1170 98.16941844920493 3
1 1171 0.05375166942541114 3
1 1172 0.0782347938796138 3
1 1173 0.03578706330751229 3
1 1174 0.07400028454635647 3
1 1175 0.08312433299812771 3
1 1176 0.09732433342863547 3
1 1177 0.061978304803379854 3
1 1178 0.04806242813104035 3
1 1179 0.08141250775552707 3
1 1180 0.028872738521713594 3
1 1181 0.02294179560797133 3
1 1182 1612.9924432259645 3
1 1183 0.04094718398635079 3
1 1184 0.029725293212205496 3
1 1185 0.0302161374701245 3
1 1186 0.0122814638421697 3
1 1187 0.009435129992351807 3
1 1188 0.10809393263435389 3
1 1189 0.030885196150619777 3
1 1190 0.09143500402126435 3
1 1191 0.04509089051095538 3
1 1192 0.09302283587167229 3
1 1193 13067.074037749431 3
1 1194 0.03444984676587827 3
1 1195 0.5877422142646477 3
1 1196 10317398.573332934 3
1 1197 0.14582732748283114 3
1 1198 0.16220876893340824 3
1 1199 0.02653889583831342 3
1 1200 696.6159599276565 3
1 1201 0.10467112752950497 3
1 1202 0.00943512999284001 3
1 1203 0.03001784923689456 3
1 1204 0.04007892342943968 3
1 1205 0.10292692101568084 3
1 1206 0.07124405955380475 3
1 1207 0.07496439150676179 3
1 1208 0.026340769705697188 3
1 1209 0.026340769705687633 3
1 1210 0.034401539042971954 3
1 1211 0.06035967423573454 3
1 1212 0.039774525068999415 3
1 1213 0.7770234133188818 3
1 1214 0.050484072874087266 3
1 1215 0.0761452569345063 3
1 1216 21.14650242206923 3
1 1217 0.04237021133604299 3
1 1218 0.0444941247367751 3
1 1219 52304.20536757236 3
1 1220 0.02712564872792405 3
1 1221 0.028175872660655944 3
1 1222 0.024760282789461116 3
1 1223 0.03432316830503926 3
1 1224 0.04109026423438529 3
1 1225 0.07041685206257992 3
1 1226 0.11726372604782617 3
1 1227 0.047030658357244466 3
1 1228 0.027546020096842466 3
1 1229 0.0317017732832054 3
1 1230 0.13144736929784304 3
1 1231 0.027099274637120866 3
1 1232 0.21406238135508435 3
1 1233 0.0347771348756172 3
1 1234 0.11036110120295642 3
1 1235 0.13628566199206862 3
1 1236 0.03955958693882122 3
1 1237 0.032438499686947175 3
1 1238 0.03177679432345025 3
1 1239 0.03955958693921588 3
1 1240 0.144838735872385 3
1 1241 0.045809207180104845 3
1 1242 0.09146386665365625 3
1 1243 0.13307171575004992 3
1 1244 0.04783321560653195 3
1 1245 0.06730442334543411 3
1 1246 0.05622505099973305 3
1 1247 0.05110197438294643 3
1 1248 0.0357252737549058 3
1 1249 0.03292969026908975 3
1 1250 0.04550314994976983 3
1 1251 0.07115715996262487 3
1 1252 0.024088208698386234 3
1 1253 0.08718355240637168 3
1 1254 0.1302967932386997 3
1 1255 0.04853054534852305 3
1 1256 0.03364792507509486 3
1 1257 0.041105198642837765 3
1 1258 0.07351020335579028 3
1 1259 0.049071060097165706 3
1 1260 0.05727344046778747 3
1 1261 0.06886428914511465 3
1 1262 0.07185194581922054 3
1 1263 0.06464487756978995 3
1 1264 0.03670340464592499 3
1 1265 0.032021939297693154 3
1 1266 0.03593861310057365 3
1 1267 0.08292961008756744 3
1 1268 0.08687748662704398 3
1 1269 0.15199174333122825 3
1 1270 0.07344230867272715 3
1 1271 0.032929690301017604 3
1 1272 0.05548096508665511 3
1 1273 0.035075210494007206 3
1 1274 0.13975322869515566 3
1 1275 12.51569356119634 3
1 1276 0.1439246673381874 3
1 1277 0.05020373802828531 3
1 1278 0.02868066139876415 3
1 1279 0.0289770195796289 3
1 1280 0.0475150943446641 3
1 1281 43.37106784294032 3
1 1282 0.02846194352857299 3
1 1283 0.10139809949296055 3
1 1284 0.07965465713805908 3
1 1285 0.0944809655768386 3
1 1286 0.11061603906656038 3
1 1287 0.07357186166802478 3
1 1288 0.04382928283259948 3
1 1289 0.043829485109173505 3
1 1290 0.06996561298448017 3
1 1291 0.11036126099895116 3
1 1292 0.1310607335242702 3
1 1293 0.16474511632347316 3
1 1294 0.042049032985957725 3
1 1295 0.05333547270565944 3
1 1296 0.12279801190972908 3
1 1297 0.0478471368198772 3
1 1298 0.038812461506675645 3
1 1299 0.0613984329394622 3
1 1300 0.16601045094432568 3
1 1301 0.1320781503836141 3
1 1302 0.08064572922934675 3
1 1303 0.0707581270460665 3
1 1304 0.02601270515825997 3
1 1305 0.04973912864718602 3
1 1306 0.045493517369138134 3
1 1307 0.045493517368996844 3
1 1308 0.04485620672764303 3
1 1309 0.03142489590010599 3
1 1310 0.07536435005345932 3
1 1311 0.04120252131745751 3
1 1312 0.048569463847856376 3
1 1313 0.3679094053571686 3
1 1314 0.1566936167826317 3
1 1315 0.09765959273063339 3
1 1316 0.06925980742269373 3
1 1317 0.17760166264166632 3
1 1318 0.07108231190769931 3
1 1319 5208925.813608594 3
1 1320 0.08044086033121683 3
1 1321 0.07437874429012087 3
1 1322 0.11724906856458168 3
1 1323 0.028680661398778295 3
1 1324 39906.67406029338 3
1 1325 11926816.126599442 3
1 1326 0.05239057247749536 3
1 1327 0.055437898182438855 3
1 1328 0.03434051433834361 3
1 1329 0.034160496879455354 3
1 1330 0.046344422045315754 3
1 1331 0.13069384801371361 3
1 1332 0.03663657339941365 3
1 1333 0.03090846783445269 3
1 1334 0.03010200181062563 3
1 1335 0.04235096899682699 3
1 1336 0.07930796279231801 3
1 1337 0.06651613929231069 3
1 1338 0.034903464567813465 3
1 1339 0.034926699131670694 3
1 1340 0.044639917751091676 3
1 1341 0.06265754615935859 3
1 1342 0.01952897009002575 3
1 1343 0.15807377765493807 3
1 1344 117.41083211313652 3
1 1345 18942518.7425943 3
1 1346 0.07575678672236821 3
1 1347 0.048287027433060785 3
1 1348 0.07412507335767764 3
1 1349 0.06825513733493047 3
1 1350 0.03573964600331397 3
1 1351 0.042750130638632144 3
1 1352 0.03578706330760653 3
1 1353 0.19870724867421685 3
1 1354 0.03707021934643965 3
1 1355 0.028522625314970653 3
1 1356 0.027872708694455937 3
1 1357 0.04622619394501152 3
1 1358 0.05748696589676008 3
1 1359 0.034683578290103836 3
1 1360 0.059210766128472966 3
1 1361 0.11906753251694556 3
1 1362 0.02771130056791148 3
1 1363 0.022982299644546445 3
1 1364 0.04064182527971217 3
1 1365 0.14283374711753194 3
1 1366 0.03836621821698245 3
1 1367 0.04733102577585789 3
1 1368 0.04399900370657311 3
1 1369 0.1662420900310358 3
1 1370 0.16835241211220373 3
1 1371 0.0506057096299018 3
1 1372 0.04144220135536522 3
1 1373 0.1408477422717876 3
1 1374 0.04698875781930262 3
1 1375 0.08874448073955538 3
1 1376 0.045794568323424455 3
1 1377 0.1088419726143611 3
1 1378 0.061960539176338626 3
1 1379 0.08847923553700603 3
1 1380 0.03719185463024987 3
1 1381 1447.7363319409296 3
1 1382 0.08849647134415078 3
1 1383 0.07201845422223158 3
1 1384 0.05137221919608639 3
1 1385 0.045632708551955975 3
1 1386 0.041123711285552964 3
1 1387 0.08094151229693855 3
1 1388 0.05774401520050627 3
1 1389 0.03378533431194524 3
1 1390 0.07704075746168337 3
1 1391 0.04629859070084741 3
1 1392 0.09372287497758369 3
1 1393 0.05134331836699968 3
1 1394 0.09879749008597398 3
1 1395 0.1190365982528247 3
1 1396 6.519108101592557 3
1 1397 0.3226398492500235 3
1 1398 0.04037471802697751 3
1 1399 0.12356666392094622 3
1 1400 0.038139144961096404 3
1 1401 0.039520260469654005 3
1 1402 0.17603804169906617 3
1 1403 0.032992062438737806 3
1 1404 0.050652304949394295 3
1 1405 0.0330454353007368 3
1 1406 0.06434373663933558 3
1 1407 0.0690534522266617 3
1 1408 0.03402717619534221 3
1 1409 0.17678770436425872 3
1 1410 2.4361667682423844 3
1 1411 0.028770160140536356 3
1 1412 0.03442081826615613 3
1 1413 0.034420818272286664 3
1 1414 0.07427770388833409 3
1 1415 0.04132638917751291 3
1 1416 0.04119337344928601 3
1 1417 0.049342816489415145 3
1 1418 0.18521626337911523 3
1 1419 572.151156890685 3
1 1420 0.16573717821605624 3
1 1421 0.07050282447994154 3
1 1422 0.04152895180905984 3
1 1423 0.0714761286719527 3
1 1424 0.026757924370012877 3
1 1425 0.06422520677608108 3
1 1426 0.04023634092403951 3
1 1427 0.8243438561033939 3
1 1428 0.06182272280215425 3
1 1429 0.049386829821952555 3
1 1430 0.07945893332698967 3
1 1431 0.057782198466584084 3
1 1432 24.15220147635371 3
1 1433 0.0467651866163277 3
1 1434 0.044316389756359 3
1 1435 0.1525028020509669 3
1 1436 0.03338176800284389 3
1 1437 0.060029525034966676 3
1 1438 0.07343283218340224 3
1 1439 0.05624167294491186 3
1 1440 0.0663103431097876 3
1 1441 0.027395607939365515 3
1 1442 0.04946912280885086 3
1 1443 0.06059849775510971 3
1 1444 0.017470788552916148 3
1 1445 0.04438246356236279 3
1 1446 0.02836074456525416 3
1 1447 0.0317929593326327 3
1 1448 22.43106707345004 3
1 1449 0.03573632985937434 3
1 1450 0.0344699830034948 3
1 1451 0.035565305606007215 3
1 1452 1.207059224266532 3
1 1453 0.1505441753289662 3
1 1454 0.34465300311779135 3
1 1455 0.02488574606926802 3
1 1456 0.04534452095504203 3
1 1457 0.07828525518872442 3
1 1458 0.08171396618177662 3
1 1459 0.03611892360408763 3
1 1460 0.022245640105246732 3
1 1461 0.024361118228364047 3
1 1462 0.03326419731227206 3
1 1463 0.03089939442227479 3
1 1464 0.19424144026101867 3
1 1465 26772595.153659713 3
1 1466 0.027277600810583304 3
1 1467 0.060029523162977945 3
1 1468 0.04275982143240731 3
1 1469 0.08011857193240794 3
1 1470 0.05460810970676956 3
1 1471 0.04488376853277676 3
1 1472 0.049433386960470935 3
1 1473 0.09093611242697375 3
1 1474 0.04063131037514779 3
1 1475 0.047862184393792764 3
1 1476 0.04926404316810424 3
1 1477 0.37972343847899115 3
1 1478 0.044746201984240855 3
1 1479 0.25743629853369526 3
1 1480 30269024.355886906 3
1 1481 0.09888926370475644 3
1 1482 0.03413757405275146 3
1 1483 0.02148650583528986 3
1 1484 0.041319956247682754 3
1 1485 0.10264166453299527 3
1 1486 0.04622629426019446 3
1 1487 0.03226443759067435 3
1 1488 0.03987704135337616 3
1 1489 0.05614648222422881 3
1 1490 0.06816906804123166 3
1 1491 0.05501591388707966 3
1 1492 0.051657167948894474 3
1 1493 0.12190783354823961 3
1 1494 0.029752005637866563 3
1 1495 0.02418303507565499 3
1 1496 0.08262017820592078 3
1 1497 0.06772868915796901 3
1 1498 0.07876328182849439 3
1 1499 0.027980940804956958 3
1 1500 0.02141217309109504 3
1 1501 0.10347849334164018 3
1 1502 0.04366120427596534 3
1 1503 0.046338184082492 3
1 1504 0.02113121379646821 3
1 1505 6099.131072320819 3
1 1506 0.047178437976199576 3
1 1507 0.029725204623849418 3
1 1508 0.18585183682018505 3
1 1509 0.10042571878733463 3
1 1510 0.032183524207458826 3
1 1511 0.03200104446606871 3
1 1512 0.5426707257578108 3
1 1513 0.03627711328680896 3
1 1514 0.025730836112346802 3
1 1515 0.025730882378023068 3
1 1516 0.13106073352303943 3
1 1517 0.05773064954278025 3
1 1518 0.037635346338698784 3
1 1519 0.037635335516079824 3
1 1520 0.05436525953963241 3
1 1521 0.021959598589570764 3
1 1522 0.43269339256858347 3
1 1523 0.047030658357247526 3
1 1524 0.03785166309079923 3
1 1525 0.1594783100468494 3
1 1526 0.03575175742363115 3
1 1527 0.04514061287545826 3
1 1528 0.08502116056170246 3
1 1529 0.025353131032574274 3
1 1530 0.026990098170932925 3
1 1531 0.145300423705683 3
1 1532 0.06430787081828117 3
1 1533 0.04012360081596167 3
1 1534 0.0628698943824266 3
1 1535 0.036197155852704006 3
1 1536 0.030849620223177016 3
1 1537 0.04931590317179653 3
1 1538 0.14952552471575872 3
1 1539 0.009935921445735523 3
1 1540 0.03322581504353562 3
1 1541 0.07384902788707833 3
1 1542 0.04390742989994306 3
1 1543 0.044684115018928744 3
1 1544 0.08729256667985019 3
1 1545 0.09029255953164185 3
1 1546 0.03099310374217012 3
1 1547 0.03551937890164417 3
1 1548 0.04964271370810429 3
1 1549 0.04796002415306579 3
1 1550 0.03910530547129969 3
1 1551 0.037201110207854174 3
1 1552 101.81676141327154 3
1 1553 0.04616080585860936 3
1 1554 0.0636094319894194 3
1 1555 0.03375049449906944 3
1 1556 0.05824209331571243 3
1 1557 0.07311107414203045 3
1 1558 0.030912031725504968 3
1 1559 0.060409061729375706 3
1 1560 1.1440515300364775 3
1 1561 0.08498207555371473 3
1 1562 0.060854972708813196 3
1 1563 0.021204685786849305 3
1 1564 0.04095018555392471 3
1 1565 0.04824463369671438 3
1 1566 0.03769213028138455 3
1 1567 0.03278266626345944 3
1 1568 0.04643536702512024 3
1 1569 0.07740061373646989 3
1 1570 0.06701761754230419 3
1 1571 0.04146687232065969 3
1 1572 0.026836954244855646 3
1 1573 0.09225815551780872 3
1 1574 0.03230635172306034 3
1 1575 0.09988861786725271 3
1 1576 0.07693563750228537 3
1 1577 0.18308718045537117 3
1 1578 0.06082641709320643 3
1 1579 0.024150002393420057 3
1 1580 0.1844738418939672 3
1 1581 0.18449747650232307 3
1 1582 0.12356666393100599 3
1 1583 0.1466692609226023 3
1 1584 0.040041380462193556 3
1 1585 0.04004138004875124 3
1 1586 0.13392205197327867 3
1 1587 0.08744910028256463 3
1 1588 0.775250833620457 3
1 1589 0.04779964919827643 3
1 1590 0.08857729469627068 3
1 1591 0.05681419693576269 3
1 1592 1447.7676543334928 3
1 1593 14492.586213901903 3
1 1594 0.039897011649371206 3
1 1595 0.03350268221213055 3
1 1596 0.021330536046391277 3
1 1597 0.03212955697446794 3
1 1598 0.07536435005345932 3
1 1599 0.03236152639923578 3
1 1600 0.07333333370943622 3
1 1601 0.07809730716481098 3
1 1602 0.2945701724930368 3
1 1603 0.2945668262569558 3
1 1604 0.038039081769200164 3
1 1605 0.03176409364299952 3
1 1606 0.1507651272458821 3
1 1607 0.030526503205981177 3
1 1608 0.04209631015292461 3
1 1609 0.030589617712407497 3
1 1610 9.037317457567479 3
1 1611 70964.08999499811 3
1 1612 0.10124240586816993 3
1 1613 1.620959391021332 3
1 1614 0.06639829034692714 3
1 1615 0.050189347364082884 3
1 1616 0.043475961887672915 3
1 1617 0.04273779580233626 3
1 1618 0.04409715324056134 3
1 1619 0.038464466519954936 3
1 1620 0.04803826165667628 3
1 1621 0.061558128762385346 3
1 1622 0.05811982588892843 3
1 1623 0.1800113795762458 3
1 1624 0.07510313394628597 3
1 1625 0.037640294170360356 3
1 1626 33310311.595166065 3
1 1627 0.14768933327326295 3
1 1628 0.07704823603605494 3
1 1629 0.036197155852704006 3
1 1630 0.027095657949206924 3
1 1631 0.027095657949603048 3
1 1632 0.06001687162839534 3
1 1633 0.03332338403021436 3
1 1634 0.04215158567419751 3
1 1635 0.04093119811032965 3
1 1636 0.06445444076544359 3
1 1637 0.041155629095940005 3
1 1638 1.529077333546445 3
1 1639 0.0529147347518764 3
1 1640 0.04284994945428223 3
1 1641 0.0293681866492356 3
1 1642 0.07171084911803684 3
1 1643 0.038606624130393064 3
1 1644 2375149.4584910055 3
1 1645 0.0394916418355559 3
1 1646 0.13548543122455953 3
1 1647 0.038893278440370875 3
1 1648 0.1669478108291883 3
1 1649 0.04725262169774509 3
1 1650 0.0458089289634836 3
1 1651 9216.721648761066 3
1 1652 0.03937920813638018 3
1 1653 0.11166392159796847 3
1 1654 0.06488584436039631 3
1 1655 0.06488584436120239 3
1 1656 0.1045396803281313 3
1 1657 0.02523870709421013 3
1 1658 0.022499327836462708 3
1 1659 0.04670973560661074 3
1 1660 0.03804684865147429 3
1 1661 0.14432354673320394 3
1 1662 0.024785302676612445 3
1 1663 0.08369312806927652 3
1 1664 255.46345216295646 3
1 1665 0.03775467018326333 3
1 1666 0.06756404818144303 3
1 1667 0.026081345647712587 3
1 1668 0.022077191698727988 3
1 1669 0.07665218362955033 3
1 1670 13406.17280357684 3
1 1671 13406.172803594356 3
1 1672 0.036574865632119334 3
1 1673 0.045168144399353155 3
1 1674 0.036567908280570605 3
1 1675 0.04202196242935991 3
1 1676 0.1823600570013092 3
1 1677 0.07436743150484075 3
1 1678 0.11042888658676538 3
1 1679 0.020004558115290113 3
1 1680 0.17614359752562223 3
1 1681 0.16884326176301964 3
1 1682 0.03082715532853156 3
1 1683 0.047515085225015186 3
1 1684 0.04610368017646366 3
1 1685 0.15054417532958903 3
1 1686 0.027980953804691084 3
1 1687 0.05593711684769299 3
1 1688 0.03468357829010461 3
1 1689 0.036806122294741374 3
1 1690 0.06070051967296388 3
1 1691 0.06834429196853435 3
1 1692 0.030849966971592795 3
1 1693 0.04114160293573223 3
1 1694 0.22880195540081164 3
1 1695 0.037302228242124626 3
1 1696 0.047960024153151315 3
1 1697 0.04303578559596232 3
1 1698 0.04122401873713985 3
1 1699 0.02563751437270237 3
1 1700 0.15141089162478322 3
1 1701 10781046.843495391 3
1 1702 0.03781383704713536 3
1 1703 0.031092531842328734 3
1 1704 0.051228143929765074 3
1 1705 0.041014964814940935 3
1 1706 0.04563270855211682 3
1 1707 0.37972343864019265 3
1 1708 0.10553109645262555 3
1 1709 0.13300276729599975 3
1 1710 0.07201835446139387 3
1 1711 0.05276835890466504 3
1 1712 0.036326962289131064 3
1 1713 0.027821176775680773 3
1 1714 0.061075835132598864 3
1 1715 0.06280670588294274 3
1 1716 0.036647959199308196 3
1 1717 0.04109026988247653 3
1 1718 0.0728545094144641 3
1 1719 0.04433008585268749 3
1 1720 0.04120308113071545 3
1 1721 0.038046848651177245 3
1 1722 0.0309120317282032 3
1 1723 0.047030658357251655 3
1 1724 0.046263178829030686 3
1 1725 0.038454435313750084 3
1 1726 0.038464449706347735 3
1 1727 0.03846443951740676 3
1 1728 0.05359642314816921 3
1 1729 0.05891982947815561 3
1 1730 0.12455534687700613 3
1 1731 0.09721620803664587 3
1 1732 0.04185491017911114 3
1 1733 0.12252288836498211 3
1 1734 0.031030657996411387 3
1 1735 0.07077571493128255 3
1 1736 0.046226279210362084 3
1 1737 0.04622619394899658 3
1 1738 0.04144020470867392 3
1 1739 0.041016557881549245 3
1 1740 0.08911193518440391 3
1 1741 0.010721557849748672 3
1 1742 0.03271770480590557 3
1 1743 0.15606307644889747 3
1 1744 0.02014418615604169 3
1 1745 0.02014418615626988 3
1 1746 1161.7156068513996 3
1 1747 0.055897798100478846 3
1 1748 0.05110197438294643 3
1 1749 0.05262730281129393 3
1 1750 0.1261953317781268 3
1 1751 0.030598984128848546 3
1 1752 679.687301340527 3
1 1753 0.047152453301714116 3
1 1754 0.06773048985663814 3
1 1755 0.03950591734855033 3
1 1756 0.025471199054353168 3
1 1757 0.02713308394598168 3
1 1758 0.04133002416145745 3
1 1759 0.07299447788352677 3
1 1760 0.0674686096423985 3
1 1761 0.03644394477743064 3
1 1762 0.0314680233600941 3
1 1763 0.058039488668626044 3
1 1764 0.026613985555585296 3
1 1765 0.031904892187462335 3
1 1766 0.03721606831570109 3
1 1767 0.04827473113005707 3
1 1768 696.3352952728756 3
1 1769 0.07083699934764927 3
1 1770 0.18860772936420195 3
1 1771 0.05157174055008063 3
1 1772 0.04185610946117897 3
1 1773 0.08584182130677116 3
1 1774 0.07614525633358009 3
1 1775 0.03581252036066409 3
1 1776 0.02139234291018163 3
1 1777 531758.5560932391 3
1 1778 10.36401432506552 3
1 1779 13.708335239018819 3
1 1780 0.12480724343201773 3
1 1781 0.042916455339362516 3
1 1782 0.08856868289536225 3
1 1783 0.026012721212391975 3
1 1784 0.08469667092604884 3
1 1785 0.03653639357798366 3
1 1786 0.03560616574697194 3
1 1787 0.08902796019048514 3
1 1788 0.5997725799520828 3
1 1789 0.03365016785407614 3
1 1790 0.026111860290484137 3
1 1791 0.04830417143786854 3
1 1792 0.041689790887509466 3
1 1793 0.04538833036133097 3
1 1794 0.08460535125747189 3
1 1795 0.08460535125656735 3
1 1796 0.04213314487749083 3
1 1797 0.034248788256232246 3
1 1798 0.04605506190103813 3
1 1799 3950534.2382943886 3
1 1800 10.229090592698256 3
1 1801 3.6885948757009537 3
1 1802 397.73035851525816 3
1 1803 0.04621921413695159 3
1 1804 0.1146609388225561 3
1 1805 1.7040909420899428 3
1 1806 0.06222308214374715 3
1 1807 0.08389334728989309 3
1 1808 0.13006961764086938 3
1 1809 0.02245730890280042 3
1 1810 0.11182246832485329 3
1 1811 0.9346602259940797 3
1 1812 0.08270011996840904 3
1 1813 0.032183524207458826 3
1 1814 26772596.103554368 3
1 1815 0.04970250358525944 3
1 1816 0.04890634045544283 3
1 1817 0.04385279812742399 3
1 1818 0.0381393373161988 3
1 1819 0.024816054161222525 3
1 1820 8396.98774823161 3
1 1821 0.02702725997602156 3
1 1822 0.03224737422704609 3
1 1823 0.03682368647156427 3
1 1824 0.08475965907619892 3
1 1825 18.40322143776409 3
1 1826 0.055334522079221446 3
1 1827 0.0977424638181314 3
1 1828 0.027872709178346382 3
1 1829 0.16884326175148892 3
1 1830 0.08051570719270515 3
1 1831 0.06037857408468825 3
1 1832 6917649.024888177 3
1 1833 0.04973912864718602 3
1 1834 0.0338355777157495 3
1 1835 0.038163415105801075 3
1 1836 0.040302654855420374 3
1 1837 0.04601827095717789 3
1 1838 0.07968537648231505 3
1 1839 0.03454453022595138 3
1 1840 0.03840689484563991 3
1 1841 0.09824601167569767 3
1 1842 0.06278985234954414 3
1 1843 0.02324828859047676 3
1 1844 0.015487556009098841 3
1 1845 0.053715181367372605 3
1 1846 0.03779136165489038 3
1 1847 0.044382468979265476 3
1 1848 55938599.61889792 3
1 1849 0.034450708324137214 3
1 1850 0.0740436725456502 3
1 1851 0.04527236461949392 3
1 1852 0.04155007119350466 3
1 1853 0.03299194139542493 3
1 1854 0.07400038983354161 3
1 1855 0.1029546871778712 3
1 1856 0.12115178900732887 3
1 1857 0.04811129218731808 3
1 1858 0.027240940484576568 3
1 1859 0.1525219188289295 3
1 1860 0.049322463250685275 3
1 1861 0.05047088384852922 3
1 1862 1.1774178298553943 3
1 1863 0.03403407084484736 3
1 1864 0.04533657897592617 3
1 1865 0.04533657264632709 3
1 1866 0.0504399114214361 3
1 1867 0.0504399114214361 3
1 1868 0.02985853826602776 3
1 1869 0.08468031360663474 3
1 1870 0.04245588454342719 3
1 1871 0.027047435695263446 3
1 1872 0.058719691766615754 3
1 1873 0.041466872321632986 3
1 1874 0.08665069723542831 3
1 1875 0.04617591487894085 3
1 1876 0.04275272651118101 3
1 1877 0.06879368027525402 3
1 1878 0.05524104400387185 3
1 1879 0.02269583118974099 3
1 1880 0.025048207604328233 3
1 1881 0.06186952277943254 3
1 1882 0.03103622833866344 3
1 1883 0.027063307359323916 3
1 1884 0.10899374387195682 3
1 1885 0.10909466048596482 3
1 1886 0.09408067480988687 3
1 1887 0.04706608866279369 3
1 1888 0.05789270711412724 3
1 1889 29187.359941627317 3
1 1890 0.028024501719381735 3
1 1891 0.024819750461511567 3
1 1892 0.03632015335828718 3
1 1893 0.043236068037861286 3
1 1894 0.0523941160938879 3
1 1895 0.06954445626567829 3
1 1896 0.058072395006688815 3
1 1897 0.0645262829293546 3
1 1898 0.12246006567300946 3
1 1899 0.033457187627131804 3
1 1900 0.05992266723865246 3
1 1901 0.021486505835261852 3
1 1902 0.0468414590367439 3
1 1903 96.14244717585724 3
1 1904 0.03378533427413834 3
1 1905 0.10242293974110245 3
1 1906 0.07948999428219475 3
1 1907 0.12609471151522805 3
1 1908 0.02724094048132102 3
1 1909 0.10323296848778396 3
1 1910 0.13748644501316687 3
1 1911 0.05841491811179357 3
1 1912 0.16556955178305127 3
1 1913 39.97896498914506 3
1 1914 0.07138964580283541 3
1 1915 0.01787252965626863 3
1 1916 0.06980433892925965 3
1 1917 0.05673057487953518 3
1 1918 0.0673824748208188 3
1 1919 0.19356853558642517 3
1 1920 0.04611226023276979 3
1 1921 0.03448663187045841 3
1 1922 0.08992487961216361 3
1 1923 0.03415201172419712 3
1 1924 0.056355310866574124 3
1 1925 0.055222886504453464 3
1 1926 0.04399467889629513 3
1 1927 0.035809222139985344 3
1 1928 0.16899768691605233 3
1 1929 53832.6721548404 3
1 1930 0.027290143584984803 3
1 1931 0.12201146245287124 3
1 1932 0.047105601085912496 3
1 1933 1.2048076041819444 3
1 1934 0.12906170666550804 3
1 1935 0.12376570025309025 3
1 1936 1118782.2713438075 3
1 1937 0.03866350999757269 3
1 1938 0.08143791806060421 3
1 1939 0.08352689811234272 3
1 1940 0.03556529426097218 3
1 1941 0.04401234797148454 3
1 1942 0.03654628729200101 3
1 1943 0.03267831501459546 3
1 1944 0.027099274637120866 3
1 1945 0.03832486988195329 3
1 1946 0.04945032600366945 3
1 1947 0.04648244942485268 3
1 1948 0.027280633057266863 3
1 1949 0.03783442878758043 3
1 1950 0.019752245304465822 3
1 1951 0.059803344953839314 3
1 1952 29187.36650048152 3
1 1953 0.07906372790266859 3
1 1954 0.041305922234383195 3
1 1955 0.056008044322451496 3
1 1956 0.09809107189894462 3
1 1957 0.08481687878625752 3
1 1958 0.15483415568262265 3
1 1959 0.04897252727346862 3
1 1960 0.037812247405456065 3
1 1961 0.21945469870250253 3
1 1962 0.0782955951581277 3
1 1963 0.09610512605316336 3
1 1964 0.0333063984801548 3
1 1965 0.08498349903802427 3
1 1966 0.043339199372199794 3
1 1967 0.05089275437245283 3
1 1968 0.06479787428709063 3
1 1969 0.0779730377162343 3
1 1970 0.04216003371944897 3
1 1971 0.054126031638524204 3
1 1972 0.07756573992567653 3
1 1973 0.107441168585837 3
1 1974 0.025409742727036933 3
1 1975 0.048296679053330675 3
1 1976 0.02837749639076257 3
1 1977 0.1310669462767439 3
1 1978 7117599.552843905 3
1 1979 0.0286312332134832 3
1 1980 0.042696434002234225 3
1 1981 0.06338237030505196 3
1 1982 0.03217514097675558 3
1 1983 0.19366913410402053 3
1 1984 0.024614773801002954 3
1 1985 0.08576746877960538 3
1 1986 0.028482059368150677 3
1 1987 0.016701387934664434 3
1 1988 0.03531689568730734 3
1 1989 0.024785302676612445 3
1 1990 0.021421683079084028 3
1 1991 0.06291360519310443 3
1 1992 0.01967378370722404 3
1 1993 0.09261660394088661 3
1 1994 0.04500340047341805 3
1 1995 88.454379158023 3
1 1996 0.1260012043349407 3
1 1997 0.04390644626706929 3
1 1998 0.028840694655835407 3
1 1999 0.06452628293616296 3
2 0 0.009292105646732168 3
2 1 0.009435129992351807 3
2 2 0.00943512999284001 3
2 3 0.009935921445735523 3
2 4 0.010721557849748672 3
2 5 0.0122814638421697 3
2 6 0.013115203248554768 3
2 7 0.015487556009098841 3
2 8 0.01549009739202725 3
2 9 0.015920406008367888 3
2 10 0.016701387934662703 3
2 11 0.016701387934664434 3
2 12 0.017160688951530882 3
2 13 0.017160688951530934 3
2 14 0.017329855865349294 3
2 15 0.017470788552916148 3
2 16 0.01787252965626863 3
2 17 0.018627234026148364 3
2 18 0.019505814412051094 3
2 19 0.01952897009002575 3
2 20 0.01967378370722404 3
2 21 0.019737397754418174 3
2 22 0.019752245304465822 3
2 23 0.020004558115290113 3
2 24 0.02014418615604169 3
2 25 0.02014418615626988 3
2 26 0.02057953489900644 3
2 27 0.021131213796467572 3
2 28 0.02113121379646821 3
2 29 0.02113121379646821 3
2 30 0.02113121379698026 3
2 31 0.021204685786849305 3
2 32 0.021330536046391277 3
2 33 0.021392342909480503 3
2 34 0.02139234291018163 3
2 35 0.02141217309109504 3
2 36 0.021421683079084028 3
2 37 0.021421683079084028 3
2 38 0.021421683079084028 3
2 39 0.02142168307908482 3
2 40 0.021421683079091272 3
2 41 0.021486505835261852 3
2 42 0.021486505835272913 3
2 43 0.021486505835277597 3
2 44 0.021486505835281042 3
2 45 0.02148650583528986 3
2 46 0.02148650583528986 3
2 47 0.02183864101370116 3
2 48 0.021959598589570764 3
2 49 0.021986701752590473 3
2 50 0.02199119432351077 3
2 51 0.021991194324485333 3
2 52 0.021991194329302265 3
2 53 0.022077191698727988 3
2 54 0.022245640105246732 3
2 55 0.022356829559798886 3
2 56 0.02245730890280042 3
2 57 0.022499327836462708 3
2 58 0.022499327836557618 3
2 59 0.022499327836557618 3
2 60 0.02255121963490107 3
2 61 0.02269583118974099 3
2 62 0.02294179560797133 3
2 63 0.0229512234152971 3
2 64 0.0229512234152971 3
2 65 0.022974365598030275 3
2 66 0.0229743655980647 3
2 67 0.0229743655980647 3
2 68 0.022982299644546445 3
2 69 0.02307224389352929 3
2 70 0.023128440277385375 3
2 71 0.023128440279601915 3
2 72 0.023226991430523484 3
2 73 0.023226991432158547 3
2 74 0.023226991451675918 3
2 75 0.023248288590168045 3
2 76 0.02324828859024775 3
2 77 0.02324828859024775 3
2 78 0.02324828859047676 3
2 79 0.023248288591145798 3
2 80 0.023629749243653006 3
2 81 0.02380254253671841 3
2 82 0.02380659636733146 3
2 83 0.02388693779202868 3
2 84 0.02391531223089144 3
2 85 0.02401265324083043 3
2 86 0.024088208698386234 3
2 87 0.024150002393420057 3
2 88 0.02418303507565499 3
2 89 0.024191047470133016 3
2 90 0.024191047470133887 3
2 91 0.02421346979666283 3
2 92 0.024291977854622768 3
2 93 0.024293863447746786 3
2 94 0.024357747517341124 3
2 95 0.02435775695685407 3
2 96 0.02435775695685407 3
2 97 0.024361118228364047 3
2 98 0.024448263876724656 3
2 99 0.024614773801002954 3
2 100 0.024760282789461116 3
2 101 0.024785302676612445 3
2 102 0.024785302676612445 3
2 103 0.024785302676612445 3
2 104 0.024816054161222525 3
2 105 0.024819750461511567 3
2 106 0.02484692033925015 3
2 107 0.02488574606926802 3
2 108 0.024905775161205446 3
2 109 0.025029680542107927 3
2 110 0.025044331221495044 3
2 111 0.02504820760410207 3
2 112 0.02504820760426718 3
2 113 0.025048207604328233 3
2 114 0.025207908887074002 3
2 115 0.02523870709421013 3
2 116 0.0253531310321079 3
2 117 0.02535313103241208 3
2 118 0.025353131032574274 3
2 119 0.02538650688146589 3
2 120 0.025409742727036933 3
2 121 0.025437253168373825 3
2 122 0.025471199054353168 3
2 123 0.02563751437270237 3
2 124 0.025711578508228777 3
2 125 0.025730836112346802 3
2 126 0.025730882378023068 3
2 127 0.025748509030418584 3
2 128 0.025888743327293885 3
2 129 0.02601270515825997 3
2 130 0.026012721212391975 3
2 131 0.026015370629246963 3
2 132 0.026081345647712587 3
2 133 0.026111860290484137 3
2 134 0.0261427265027822 3
2 135 0.026340769705687633 3
2 136 0.026340769705697188 3
2 137 0.026451324588751844 3
2 138 0.02653889583831342 3
2 139 0.026613985555585296 3
2 140 0.026633854293667544 3
2 141 0.026757924370012877 3
2 142 0.026836954244855646 3
2 143 0.026990098170932925 3
2 144 0.02699009817147771 3
2 145 0.02702725997602156 3
2 146 0.027047435695263446 3
2 147 0.02704743588782641 3
2 148 0.027063307359323916 3
2 149 0.027095657949206924 3
2 150 0.027095657949593517 3
2 151 0.027095657949603048 3
2 152 0.0270960251203885 3
2 153 0.027099274637120866 3
2 154 0.027099274637120866 3
2 155 0.027099473990377675 3
2 156 0.02712564872792405 3
2 157 0.02713308394598168 3
2 158 0.02713308402474617 3
2 159 0.027174903979260555 3
2 160 0.02724083045002672 3
2 161 0.02724094048132102 3
2 162 0.027240940484576568 3
2 163 0.027277600810583304 3
2 164 0.027280633057266863 3
2 165 0.027290143584984803 3
2 166 0.027395607939365515 3
2 167 0.02740565079019059 3
2 168 0.02752458859123544 3
2 169 0.027546020096842466 3
2 170 0.02771130056791148 3
2 171 0.02773856799773655 3
2 172 0.027744738500586376 3
2 173 0.02775058018704024 3
2 174 0.027821176775680773 3
2 175 0.027872708694455937 3
2 176 0.027872709178346382 3
2 177 0.027894773677051076 3
2 178 0.02794381904945512 3
2 179 0.027980940804956958 3
2 180 0.027980953804691084 3
2 181 0.028024501719381735 3
2 182 0.028050737624379138 3
2 183 0.02814566098350891 3
2 184 0.028175872660655944 3
2 185 0.028175872660655944 3
2 186 0.028175877291694795 3
2 187 0.028175881295839835 3
2 188 0.028251822882438545 3
2 189 0.028277716394254297 3
2 190 0.028283802952136568 3
2 191 0.0282838032736493 3
2 192 0.028289199079374848 3
2 193 0.028343543755415663 3
2 194 0.02836074456525416 3
2 195 0.028367471690910355 3
2 196 0.02837749639076257 3
2 197 0.02846194352857299 3
2 198 0.028482059368150677 3
2 199 0.028482059371388785 3
2 200 0.09627176108942612 3
2 201 0.07959009502952229 3
2 202 0.34311051799436276 3
2 203 0.02563751437259995 3
2 204 0.039379208135197324 3
2 205 0.03937920813532505 3
2 206 0.02709565794955185 3
2 207 0.031066855950986773 3
2 208 0.02634076970572183 3
2 209 0.02634076970572183 3
2 210 0.04215158567510161 3
2 211 0.13129210447787984 3
2 212 0.041924625571833234 3
2 213 0.0617154804100676 3
2 214 0.09560409289675956 3
2 215 0.07046482366060358 3
2 216 0.052593125277013236 3
2 217 0.048348531283875416 3
2 218 0.07746342428152726 3
2 219 0.029392242571351715 3
2 220 0.03364971391109606 3
2 221 0.03364971391007424 3
2 222 0.03795084381309285 3
2 223 0.06798833839480438 3
2 224 0.019590292332731924 3
2 225 0.021486505835281042 3
2 226 0.08805787277373969 3
2 227 0.06277997055531521 3
2 228 0.04589341250727424 3
2 229 0.027517628089134594 3
2 230 0.06916665889783558 3
2 231 0.026340769705721995 3
2 232 0.018018122752597034 3
2 233 0.021154208773280645 3
2 234 0.025468418933316854 3
2 235 0.025468418933341563 3
2 236 0.03007563215839051 3
2 237 0.040581274428369146 3
2 238 0.022974365597519045 3
2 239 0.1432806611567914 3
2 240 0.11312515574994027 3
2 241 0.010920860588341826 3
2 242 0.02199119432351077 3
2 243 0.02199119432351077 3
2 244 0.05682696160380628 3
2 245 0.023907994348057987 3
2 246 0.02547125170099027 3
2 247 0.02775058018704024 3
2 248 0.05234586105542829 3
2 249 0.0322701481354614 3
2 250 0.017160688951531153 3
2 251 0.01716068895153049 3
2 252 0.07816385563422229 3
2 253 0.015490063013106124 3
2 254 0.12062987721548636 3
2 255 0.02563751437261887 3
2 256 0.13654497065503224 3
2 257 2.9211730742241926 3
2 258 0.03536585144867442 3
2 259 0.039559586939390975 3
2 260 0.04969017923392797 3
2 261 0.038835076083143925 3
2 262 0.11030940034902646 3
2 263 0.015920406008609913 3
2 264 0.06094696966744606 3
2 265 0.08943002220675322 3
2 266 0.047187143326252984 3
2 267 0.02323862945128093 3
2 268 0.021959598589570764 3
2 269 0.026653924656625406 3
2 270 0.12472416257370875 3
2 271 0.045893412506776525 3
2 272 0.021421683079091272 3
2 273 0.06348114824106552 3
2 274 0.01716068895153049 3
2 275 0.03416049687941438 3
2 276 0.009292105646732959 3
2 277 0.03229641481246259 3
2 278 0.02245730890280042 3
2 279 0.1292814593268382 3
2 280 0.021421683079091272 3
2 281 0.06615677347729133 3
2 282 0.2737867745101777 3
2 283 0.1554843917155246 3
2 284 0.042151738472191794 3
2 285 0.027233914650296596 3
2 286 0.037154352339067824 3
2 287 0.12814843534609233 3
2 288 0.03020783118507899 3
2 289 0.023831733105233545 3
2 290 0.029149481613718886 3
2 291 1117.3483120458013 3
2 292 0.03877295801533008 3
2 293 0.011697578067198568 3
2 294 0.030859029252609426 3
2 295 0.024401537468792686 3
2 296 0.05337656308581061 3
2 297 0.0980113375251237 3
2 298 0.04276972372564254 3
2 299 0.021838641013701286 3
2 300 0.0224993278362569 3
2 301 0.019737397752238973 3
2 302 0.03194520465653825 3
2 303 0.06796419730617202 3
2 304 0.14037870467025176 3
2 305 0.4133734402584977 3
2 306 0.010358200649064273 3
2 307 0.023128440279601915 3
2 308 0.0936717820380168 3
2 309 0.031501450310692077 3
2 310 0.0321283384464458 3
2 311 0.03168545162998839 3
2 312 0.046926573104218675 3
2 313 0.01963268517217048 3
2 314 0.019357472699875707 3
2 315 0.04308230383917765 3
2 316 0.0707610229962721 3
2 317 0.032436171111748444 3
2 318 0.06897062982446349 3
2 319 0.013115203248554768 3
2 320 22.515268593488507 3
2 321 0.09553550273305154 3
2 322 0.02307224389052436 3
2 323 0.02817748539495695 3
2 324 0.2546562869728675 3
2 325 0.02113121379868235 3
2 326 0.021486505835281042 3
2 327 0.021486505835277597 3
2 328 0.022950470768055904 3
2 329 0.1088103189769949 3
2 330 0.04942431210194455 3
2 331 0.021421683079091272 3
2 332 0.035961463384060526 3
2 333 0.023048618260655872 3
2 334 0.04718714231546456 3
2 335 0.04718714377655594 3
2 336 0.09380326292555272 3
2 337 0.027047435695263446 3
2 338 0.02142168307908658 3
2 339 0.06352964941037484 3
2 340 0.09125337970900807 3
2 341 0.09532332426814957 3
2 342 24.90947592013283 3
2 343 0.05890088286481357 3
2 344 0.028680661398765902 3
2 345 0.0329827822366189 3
2 346 0.08951908450822972 3
2 347 0.08951909327929473 3
2 348 0.02199119432294142 3
2 349 0.030700739878325976 3
2 350 0.09464337817320968 3
2 351 0.022974365597702936 3
2 352 0.019737397752727065 3
2 353 0.03781853707343554 3
2 354 0.2810558296078021 3
2 355 0.2810259403516549 3
2 356 1.3619141934295953 3
2 357 0.02504820760410207 3
2 358 0.100371519657197 3
2 359 0.021991194329302265 3
2 360 0.01876018009923915 3
2 361 0.12130084747889415 3
2 362 0.03689564163240442 3
2 363 0.07483148423480963 3
2 364 0.06063590136325011 3
2 365 0.07556870724902115 3
2 366 0.08107663101663458 3
2 367 0.06436145880728303 3
2 368 0.01862723385175142 3
2 369 0.012281443307494146 3
2 370 0.023572906289955245 3
2 371 0.15568398076473589 3
2 372 5852.399437462327 3
2 373 0.021486505835272913 3
2 374 0.016701387934656788 3
2 375 0.07908364279792637 3
2 376 0.07707808050405852 3
2 377 0.11071627249441918 3
2 378 0.054829827345380486 3
2 379 0.023907994348057987 3
2 380 0.02551186556293274 3
2 381 0.5156388831289489 3
2 382 0.023629749243697033 3
2 383 0.0746649770543952 3
2 384 0.06343235763831061 3
2 385 0.017329855865552808 3
2 386 0.0361969611997507 3
2 387 0.1751584121327067 3
2 388 0.02502988382730454 3
2 389 0.037833533762880636 3
2 390 0.07083405962045956 3
2 391 0.021486505835294167 3
2 392 28.950431500188486 3
2 393 0.04303498226009136 3
2 394 0.05048407288442167 3
2 395 0.2945701724930368 3
2 396 0.009292105646732168 3
2 397 0.009292105646732449 3
2 398 0.021486505835294167 3
2 399 0.021486505835294167 3
2 400 0.027821176778246595 3
2 401 0.020218251367000672 3
2 402 0.03379412516465084 3
2 403 0.02664865292590837 3
2 404 0.025224913212038756 3
2 405 0.03764834826321032 3
2 406 0.09752156910520708 3
2 407 0.06659525900607413 3
2 408 0.0156728014877198 3
2 409 0.07350038218890291 3
2 410 0.10634767122504683 3
2 411 0.10634767122873888 3
2 412 0.049647368178397766 3
2 413 0.015920406008609913 3
2 414 10.628501302022565 3
2 415 0.023248288591145798 3
2 416 0.009292105646732449 3
2 417 0.032438941364137844 3
2 418 0.03378533437946019 3
2 419 0.16322703741929237 3
2 420 0.026271554767139188 3
2 421 0.033239374545916925 3
2 422 0.06726662810621364 3
2 423 0.06726662810629325 3
2 424 0.028793961191346133 3
2 425 0.02696519265522915 3
2 426 0.024401537468798414 3
2 427 0.07063483457359376 3
2 428 0.024221986084071678 3
2 429 0.054148635349791294 3
2 430 0.15039038452241038 3
2 431 0.03326666373367695 3
2 432 0.011697574333435384 3
2 433 0.0278211767659366 3
2 434 0.09653499352878081 3
2 435 0.009292105646732959 3
2 436 0.1572142972741431 3
2 437 0.04824463369671282 3
2 438 5852.3985443775855 3
2 439 0.024634654930028702 3
2 440 0.048882839062291274 3
2 441 6099.124447058206 3
2 442 0.022974365598030275 3
2 443 0.022974365596163768 3
2 444 0.03918809696830891 3
2 445 0.12296832069999597 3
2 446 0.047608624179400795 3
2 447 0.047608664435150376 3
2 448 0.07522083137146723 3
2 449 0.17355726653550377 3
2 450 0.03670340135079761 3
2 451 0.03848244228211667 3
2 452 0.012281463842260754 3
2 453 0.09491904048626175 3
2 454 0.025432935632364054 3
2 455 0.02322699142873577 3
2 456 0.09646148624094544 3
2 457 0.0403700794414193 3
2 458 0.024448263871318175 3
2 459 0.03762607969244693 3
2 460 0.010157123434844194 3
2 461 0.02981979227096368 3
2 462 0.15266964914415618 3
2 463 0.02141217309169097 3
2 464 0.06241600871323816 3
2 465 0.03219391463627968 3
2 466 0.1117363184041192 3
2 467 0.06855187825765405 3
2 468 0.04519867812620621 3
2 469 0.06971309115288732 3
2 470 0.04820732103793824 3
2 471 0.14144921418367842 3
2 472 0.11475154976438798 3
2 473 0.019890511680173775 3
2 474 30525022.538464215 3
2 475 0.04021091236435977 3
2 476 0.025048207603759882 3
2 477 0.09197195244635141 3
2 478 0.024191047470133016 3
2 479 0.024191047470133016 3
2 480 0.028175877291740516 3
2 481 0.022951223415279734 3
2 482 0.045192761744437725 3
2 483 0.019886228758593874 3
2 484 0.0154875560091346 3
2 485 0.029649079470437944 3
2 486 0.020674851459516384 3
2 487 0.05824388246989898 3
2 488 0.11170739901592919 3
2 489 0.10391498179120953 3
2 490 0.10415633040679523 3
2 491 1140.3794137053897 3
2 492 0.02014418615586041 3
2 493 0.043193129684046726 3
2 494 0.008353690173821057 3
2 495 0.08078637288830279 3
2 496 0.10497391324010294 3
2 497 0.016755849835067668 3
2 498 0.022345862402479644 3
2 499 0.011697578067198568 3
2 500 0.029262959823922928 3
2 501 0.013115203251761574 3
2 502 0.031685451629984394 3
2 503 0.1310607335235263 3
2 504 0.0288765336007094 3
2 505 2.706950441493868 3
2 506 0.09052600779170503 3
2 507 0.009435129992696101 3
2 508 0.025386506883954392 3
2 509 0.031692217425880236 3
2 510 0.025711578508178193 3
2 511 0.0396582326873844 3
2 512 0.1094256258563002 3
2 513 0.06237220700960764 3
2 514 0.05818849958188223 3
2 515 0.02484692035338257 3
2 516 0.02324828859024775 3
2 517 0.032706398020032314 3
2 518 0.04863190390379826 3
2 519 0.07419753385465748 3
2 520 0.028004387984392063 3
2 521 0.04572341178640155 3
2 522 0.027240944388319463 3
2 523 13406.172805770237 3
2 524 0.06640888226172313 3
2 525 0.032361526399269674 3
2 526 0.019607709803956614 3
2 527 0.06324859752722588 3
2 528 0.015490006353922116 3
2 529 0.02111107995742479 3
2 530 0.02261828951892749 3
2 531 0.04485614599132682 3
2 532 0.07013630208530938 3
2 533 0.042480487209700026 3
2 534 0.021486505835272913 3
2 535 0.06352964941037484 3
2 536 0.04449333805548059 3
2 537 0.02647393490095283 3
2 538 0.035961463384566766 3
2 539 0.03194918557095472 3
2 540 0.03326792249009101 3
2 541 0.009435129992730263 3
2 542 0.08134882915325757 3
2 543 0.04972609743009978 3
2 544 0.07037753478669118 3
2 545 0.10974114958510542 3
2 546 0.14037870466905908 3
2 547 0.027981569131970085 3
2 548 0.024361118228872207 3
2 549 0.1604752842330439 3
2 550 0.08503676436309611 3
2 551 751268162.3826615 3
2 552 0.0761838186058649 3
2 553 0.4257222109592089 3
2 554 0.07392910865069416 3
2 555 0.0261427265036206 3
2 556 0.009292105646732168 3
2 557 0.019674841604871422 3
2 558 0.025409964056320233 3
2 559 0.0905267244725822 3
2 560 0.031719817148959925 3
2 561 0.027027260063739532 3
2 562 0.022982338587296543 3
2 563 0.03236152639923578 3
2 564 0.15568398076472995 3
2 565 0.15568398076503315 3
2 566 0.870594765038098 3
2 567 0.038000684899998645 3
2 568 45.035013062033805 3
2 569 0.02380254736591863 3
2 570 0.17515841302237933 3
2 571 0.1751584354232071 3
2 572 0.07684383914953345 3
2 573 0.030396318675205005 3
2 574 0.028761954032939574 3
2 575 0.021991194326425486 3
2 576 0.02212273638102016 3
2 577 0.02014418615624731 3
2 578 0.026451324588714954 3
2 579 0.00989331321497298 3
2 580 0.023248288590839907 3
2 581 0.04773569418234097 3
2 582 0.09726311310221641 3
2 583 0.03229641481246259 3
2 584 0.028550311331356947 3
2 585 0.027821176775680773 3
2 586 0.029363422034153288 3
2 587 0.08683401883613029 3
2 588 0.022077190512419322 3
2 589 0.038084996692647415 3
2 590 0.009893313215524162 3
2 591 0.11525626819675923 3
2 592 0.28102594061866343 3
2 593 0.28105582777948196 3
2 594 1047.744568754009 3
2 595 0.026012721212391975 3
2 596 0.059921207014382805 3
2 597 22.515268593488507 3
2 598 0.03721164663132879 3
2 599 0.027711301409971814 3
2 600 0.06343234128519641 3
2 601 0.0928478398225818 3
2 602 0.12884974435581614 3
2 603 0.02324828859014493 3
2 604 0.02421346167474686 3
2 605 0.019968531836386135 3
2 606 11420.449887138031 3
2 607 0.04654676085627421 3
2 608 0.021486505835281042 3
2 609 0.021486505835261852 3
2 610 0.16145208202100825 3
2 611 0.020218272860034817 3
2 612 0.04746655388333909 3
2 613 0.15483415566386868 3
2 614 0.022490695425476773 3
2 615 0.026444279136870773 3
2 616 0.07734611478348173 3
2 617 0.009435129992351807 3
2 618 0.04149987527189639 3
2 619 0.041928890044235875 3
2 620 0.026697245254064302 3
2 621 0.025044331221488466 3
2 622 0.02709565794955185 3
2 623 0.04485617408655453 3
2 624 0.031541984305598326 3
2 625 0.03157308707237461 3
2 626 0.021486505835277597 3
2 627 0.021486505835277597 3
2 628 0.17292944475248348 3
2 629 0.157340439852023 3
2 630 0.027280637898101128 3
2 631 0.027280637898233144 3
2 632 0.02613742847029441 3
2 633 0.03781839975282251 3
2 634 0.0502152479443489 3
2 635 0.02142168307908658 3
2 636 0.022499327836648823 3
2 637 0.017448792580148725 3
2 638 0.02297436559662468 3
2 639 0.031976564832670175 3
2 640 0.0978591505544809 3
2 641 0.023128440277523823 3
2 642 0.18278778581577343 3
2 643 0.04750941340445691 3
2 644 0.024076702820230365 3
2 645 0.039686822322530624 3
2 646 0.020218251367000672 3
2 647 0.009893418012715946 3
2 648 0.021111187104604294 3
2 649 0.014384437263833075 3
2 650 0.1310607335241389 3
2 651 0.025888744751111307 3
2 652 0.08156481619459274 3
2 653 0.02157684225475776 3
2 654 0.025468418933341563 3
2 655 0.04058127369127411 3
2 656 0.0972630768528344 3
2 657 0.03253725056582789 3
2 658 0.09973767550688183 3
2 659 0.09973767632048373 3
2 660 0.030207831185026693 3
2 661 0.04119350754644073 3
2 662 0.024291629919601897 3
2 663 0.021421683079091272 3
2 664 0.029363422034198672 3
2 665 0.0459342105101041 3
2 666 0.028968297328484553 3
2 667 0.09557640955312542 3
2 668 0.03242069216765766 3
2 669 0.011007340197512733 3
2 670 0.028086854318032897 3
2 671 0.018627234026104274 3
2 672 0.12081642317628467 3
2 673 0.044353895972850124 3
2 674 0.022499327836722437 3
2 675 0.03531689568730734 3
2 676 0.025437253168613238 3
2 677 0.15081329010687608 3
2 678 0.07076108704207257 3
2 679 0.03559065836958057 3
2 680 0.05021524794443845 3
2 681 0.14582534120929946 3
2 682 30525022.538464215 3
2 683 99927661.79245791 3
2 684 0.02981449749788164 3
2 685 0.055941937807001275 3
2 686 0.2358713723702715 3
2 687 0.025637514372335288 3
2 688 0.044162349904206 3
2 689 0.027240944388622835 3
2 690 1.6492484298226042 3
2 691 0.04301501754617259 3
2 692 0.1693180299346135 3
2 693 0.015487556008993323 3
2 694 0.10563724080116693 3
2 695 0.019528970067235134 3
2 696 0.023572906289916852 3
2 697 0.05774401520087448 3
2 698 0.870594765038098 3
2 699 0.15268603058727317 3
2 700 0.18278783926579975 3
2 701 0.032899181149867056 3
2 702 0.0629136051917869 3
2 703 2.9211730742241926 3
2 704 0.011100911261238756 3
2 705 0.06713704875360722 3
2 706 0.021991194329302265 3
2 707 0.23780124271381495 3
2 708 0.04367047652944898 3
2 709 0.13318899672124196 3
2 710 0.026473652629729852 3
2 711 0.026473934887123064 3
2 712 0.033327175256662414 3
2 713 0.1310607335241389 3
2 714 0.120972065005092 3
2 715 0.02481605415801252 3
2 716 0.05647981657981228 3
2 717 0.09524132060628215 3
2 718 0.06402435525983317 3
2 719 0.09965817158163763 3
2 720 0.028680661398778295 3
2 721 0.038247041217333515 3
2 722 0.022123723243692807 3
2 723 0.024182891942668903 3
2 724 0.02113121379646821 3
2 725 0.870594765038098 3
2 726 0.024489483384481356 3
2 727 0.009893418012715946 3
2 728 43.32226385041907 3
2 729 5852.3985443775855 3
2 730 0.03332714252628727 3
2 731 0.019737397753822432 3
2 732 0.10704951720009874 3
2 733 0.01972434856125331 3
2 734 0.02380659636733146 3
2 735 1301285.5471106365 3
2 736 0.024084423291140532 3
2 737 0.019673768354115568 3
2 738 0.024905775161295846 3
2 739 0.01990241787015346 3
2 740 0.03236152639923578 3
2 741 0.07401682960662115 3
2 742 0.025730836112346802 3
2 743 0.09542681767418978 3
2 744 0.03560902059962281 3
2 745 0.03467777884515257 3
2 746 0.043403721456798376 3
2 747 0.04340371302539099 3
2 748 0.1266945249669776 3
2 749 0.02709947399098068 3
2 750 0.01732985586545547 3
2 751 0.023128440280846017 3
2 752 0.07742382254769105 3
2 753 0.23587137240424585 3
2 754 0.04672181827234171 3
2 755 0.13798150952584615 3
2 756 0.09678488930283387 3
2 757 0.019737397752238973 3
2 758 0.02234586240148225 3
2 759 0.025409742727036933 3
2 760 0.03301290542520719 3
2 761 0.07499467879821214 3
2 762 0.045236658753215274 3
2 763 0.033774303225756835 3
2 764 0.08470191307727588 3
2 765 0.05196659498056371 3
2 766 0.07661235353574318 3
2 767 0.022345862402277466 3
2 768 0.02255121963510433 3
2 769 0.022551219635132465 3
2 770 0.13458194069902005 3
2 771 0.07426567438746881 3
2 772 0.06301312191118184 3
2 773 0.027787976228167213 3
2 774 0.15562138717802726 3
2 775 0.10463130579236359 3
2 776 0.05057689112429828 3
2 777 0.036314198989882786 3
2 778 0.04416234990420285 3
2 779 0.04348293093175492 3
2 780 0.03518397708603168 3
2 781 0.15047880404457595 3
2 782 0.052743225251432144 3
2 783 0.07208129158580527 3
2 784 0.027980950207827752 3
2 785 0.20735790122180273 3
2 786 0.06341604955923738 3
2 787 0.010092767892375518 3
2 788 0.011697578067198568 3
2 789 0.1311869900884612 3
2 790 0.024012653243032388 3
2 791 0.03842582645274651 3
2 792 0.031957838871244065 3
2 793 0.015487556009098841 3
2 794 0.07208129158673669 3
2 795 0.05847551657169935 3
2 796 0.02324828859014493 3
2 797 0.1548757792869473 3
2 798 0.04152017091488547 3
2 799 0.030598985231691994 3
2 800 929326.3987673072 3
2 801 0.4256602970881803 3
2 802 0.010721547645500932 3
2 803 0.010721547645500932 3
2 804 0.028086854318032897 3
2 805 0.02563751437281406 3
2 806 0.03603717405155973 3
2 807 0.0981906672812953 3
2 808 0.027773033653509888 3
2 809 0.027773363617154358 3
2 810 0.038835081989292385 3
2 811 0.03883507210335876 3
2 812 0.02297436559662468 3
2 813 0.13694107959220247 3
2 814 0.07908364279784513 3
2 815 0.03413755391523482 3
2 816 0.02431773834705291 3
2 817 0.05161012330173412 3
2 818 0.024614773801008207 3
2 819 0.07382478781975071 3
2 820 0.021159229969322017 3
2 821 0.013688927052011303 3
2 822 0.04644661114775564 3
2 823 0.03168611044268201 3
2 824 0.021131213797661474 3
2 825 0.0752208313714569 3
2 826 0.017329855865552808 3
2 827 0.024085203021559424 3
2 828 0.03775271865895059 3
2 829 0.043451753239535235 3
2 830 0.02868066139877109 3
2 831 0.024819750462339252 3
2 832 0.02502982378398546 3
2 833 0.10363743656873134 3
2 834 0.029938457650059792 3
2 835 0.11894883146812692 3
2 836 0.058315124489524 3
2 837 0.050484072874087266 3
2 838 837.0359843784929 3
2 839 0.02142168307908482 3
2 840 0.06512688322222196 3
2 841 0.023970342232065206 3
2 842 0.09537892988424158 3
2 843 0.021773628268406932 3
2 844 0.021392342909480503 3
2 845 0.010721557849307018 3
2 846 0.02294179560797027 3
2 847 0.07037753476257168 3
2 848 0.02295122341526502 3
2 849 0.18267433215863382 3
2 850 0.021486505835261852 3
2 851 0.01377502540883084 3
2 852 0.0931269172176233 3
2 853 0.09312691720646417 3
2 854 0.02488734102948752 3
2 855 0.02488734102709586 3
2 856 177.08486989102195 3
2 857 0.0253531310319969 3
2 858 28.95071805735469 3
2 859 0.023248288590168045 3
2 860 0.027294533475690115 3
2 861 0.06581065702538653 3
2 862 0.07542015570703059 3
2 863 0.0648476436315057 3
2 864 0.0472560879917361 3
2 865 0.18804877232284528 3
2 866 0.4659020053187369 3
2 867 0.02563751437261887 3
2 868 0.04441227996432361 3
2 869 0.05315545223711991 3
2 870 0.036684101282045606 3
2 871 0.056464831543614875 3
2 872 0.018627234026148364 3
2 873 0.02148650583528986 3
2 874 0.13203240119527396 3
2 875 0.07492062382691857 3
2 876 0.014162096201315236 3
2 877 0.04242977459206239 3
2 878 0.024357747517451296 3
2 879 0.025711578508479188 3
2 880 0.13106073352303943 3
2 881 0.022499327836584128 3
2 882 0.06999758363779288 3
2 883 0.025947671417488966 3
2 884 0.1081503969877971 3
2 885 0.09726311310907548 3
2 886 0.027738567997983077 3
2 887 14181.847058923488 3
2 888 0.07694769102882698 3
2 889 0.05824388246989898 3
2 890 1.391258905185594 3
2 891 1.5629813345436465 3
2 892 0.07109881256838484 3
2 893 0.040119951835932366 3
2 894 0.04969769925403932 3
2 895 0.04907106009634955 3
2 896 0.06762602591142236 3
2 897 1033021.9587483585 3
2 898 0.024760282789460266 3
2 899 0.06856277102381415 3
2 900 0.01973739775442133 3
2 901 0.028125656515303566 3
2 902 0.01787253276176762 3
2 903 0.0343231682965882 3
2 904 0.0949136815112463 3
2 905 0.02014418615586041 3
2 906 0.17515841213341155 3
2 907 0.04970250360314194 3
2 908 0.1113745987130231 3
2 909 0.024084423296858948 3
2 910 0.04703304028712945 3
2 911 0.030329069468287468 3
2 912 0.09969029582537377 3
2 913 0.15626251149595977 3
2 914 0.009292105646732449 3
2 915 592193.5578972894 3
2 916 0.0330660418325027 3
2 917 0.02669724617028394 3
2 918 0.04134419351474279 3
2 919 0.04923232055568287 3
2 920 0.042151588125289095 3
2 921 0.08948505261146687 3
2 922 0.05791592122443125 3
2 923 0.017160688951531198 3
2 924 0.140443198463426 3
2 925 0.04933731783191096 3
2 926 0.03800068490018554 3
2 927 0.03377368283921942 3
2 928 0.048499151131560864 3
2 929 0.032671742828141837 3
2 930 0.060855016126762945 3
2 931 0.032128383897816803 3
2 932 0.00943512999284001 3
2 933 0.017470788552913695 3
2 934 0.2810423600087018 3
2 935 0.009893339770872634 3
2 936 0.04609815522846795 3
2 937 0.04609815522846795 3
2 938 1136775.5293045093 3
2 939 0.011697574333435384 3
2 940 0.15754638392375986 3
2 941 0.02970461425965629 3
2 942 0.07037753478156801 3
2 943 0.021421683079091744 3
2 944 0.02481605415450874 3
2 945 0.11831721027613087 3
2 946 0.11728833134523373 3
2 947 0.06597876253513826 3
2 948 0.022358263592967574 3
2 949 0.026340769705717762 3
2 950 0.06999758363899909 3
2 951 0.025947671414897035 3
2 952 0.14232585632430678 3
2 953 0.10881031900721293 3
2 954 0.14955230453538468 3
2 955 0.017329855865918346 3
2 956 0.04067794492502342 3
2 957 0.01675584984152786 3
2 958 11255.644085606888 3
2 959 0.06800642143688286 3
2 960 0.021486505835277597 3
2 961 0.021486505835272913 3
2 962 0.02653889583832273 3
2 963 0.026538895838312548 3
2 964 0.03596146338897904 3
2 965 1.0448243336386642 3
2 966 0.04308230487600671 3
2 967 0.04923239368263385 3
2 968 0.019724348561250854 3
2 969 0.09224607697661276 3
2 970 0.0176010793697896 3
2 971 0.11183092847041545 3
2 972 17.796807903774695 3
2 973 0.34465300312965846 3
2 974 0.04450411539441076 3
2 975 0.024887322958078096 3
2 976 0.11054091118649771 3
2 977 0.05890088286852231 3
2 978 0.1008969598354848 3
2 979 0.04406040175892624 3
2 980 0.07684331559473634 3
2 981 0.030396314296362352 3
2 982 0.021486505835281042 3
2 983 0.02148650583528986 3
2 984 0.15595747404363888 3
2 985 0.18127995894282503 3
2 986 0.010151320071338744 3
2 987 0.09726307685602345 3
2 988 0.02582092848498818 3
2 989 0.03638451686546931 3
2 990 0.02141217309109504 3
2 991 0.036314514193291084 3
2 992 0.02408442329300856 3
2 993 0.08864164028496574 3
2 994 0.02435776200756012 3
2 995 0.16562187093941141 3
2 996 0.06116892501198703 3
2 997 0.021991194328094887 3
2 998 0.09197195245781048 3
2 999 9230.849323135932 3
2 1000 0.02502988382730454 3
2 1001 0.0229743655980647 3
2 1002 0.02841316106719438 3
2 1003 0.03236152639923578 3
2 1004 0.06800642143688286 3
2 1005 0.06800642143684586 3
2 1006 0.024785302676612445 3
2 1007 0.04718714226014935 3
2 1008 0.03377490681381583 3
2 1009 0.0662711251252651 3
2 1010 0.09726307685197831 3
2 1011 0.010157123434844194 3
2 1012 0.11806811368103592 3
2 1013 0.019505814412174475 3
2 1014 0.032899163083306406 3
2 1015 0.021833578841120888 3
2 1016 0.02391531223075689 3
2 1017 0.03301290542584858 3
2 1018 0.14955230451273316 3
2 1019 0.09969029587598084 3
2 1020 0.02139234291018163 3
2 1021 0.021392342910011932 3
2 1022 0.01787253276176762 3
2 1023 0.03377490681381583 3
2 1024 0.01862723385175142 3
2 1025 0.018627232439130056 3
2 1026 0.07426567438746881 3
2 1027 0.07147612815472726 3
2 1028 0.06196053917689349 3
2 1029 0.011697570480487805 3
2 1030 0.021986701752590473 3
2 1031 0.0905267244725822 3
2 1032 0.025445332956361023 3
2 1033 0.021392342910221327 3
2 1034 19.170982023368605 3
2 1035 0.02294179560796877 3
2 1036 0.0271330843251847 3
2 1037 0.12433604552703786 3
2 1038 0.02798182027044598 3
2 1039 0.18111812058729204 3
2 1040 0.01549009739204693 3
2 1041 0.010721564227771995 3
2 1042 0.09592035591992158 3
2 1043 0.02133053755505521 3
2 1044 0.028793959012807846 3
2 1045 0.023802550625854395 3
2 1046 41.03512852786276 3
2 1047 0.024819750465723833 3
2 1048 0.07924253010493766 3
2 1049 0.2107152533805127 3
2 1050 0.16922683389153578 3
2 1051 0.027980953804691084 3
2 1052 0.13418281043787786 3
2 1053 0.06152675418098712 3
2 1054 0.024448263876724656 3
2 1055 0.03949658561030554 3
2 1056 0.02391531223075689 3
2 1057 0.0873219120182714 3
2 1058 0.03414222450018174 3
2 1059 0.03377450122679186 3
2 1060 0.09877525643960837 3
2 1061 0.023248288590839907 3
2 1062 0.04547655945528847 3
2 1063 0.04547655945954377 3
2 1064 0.05824388246989898 3
2 1065 0.021838641013701164 3
2 1066 0.03320435900971881 3
2 1067 39407.62488899507 3
2 1068 0.02322699141977921 3
2 1069 0.033327170467131614 3
2 1070 0.07742382254769105 3
2 1071 0.029568224376693156 3
2 1072 0.13106073352607972 3
2 1073 0.02484692034392191 3
2 1074 0.9784447417308754 3
2 1075 0.026232729488154975 3
2 1076 0.02363082585909222 3
2 1077 0.03692385108048439 3
2 1078 0.04876492828335555 3
2 1079 134.3397386602312 3
2 1080 0.024760282789460054 3
2 1081 5852.4113927366325 3
2 1082 0.019737397753822432 3
2 1083 0.09052182597814792 3
2 1084 0.0404645668882376 3
2 1085 0.1632267603445687 3
2 1086 7139.145654550571 3
2 1087 7139.146831929411 3
2 1088 0.0794211284530464 3
2 1089 0.07942112845292551 3
2 1090 0.00943279812830901 3
2 1091 0.00943279812830901 3
2 1092 0.03169221742619414 3
2 1093 0.07439630628931891 3
2 1094 0.02634076970572183 3
2 1095 0.0441623499042053 3
2 1096 0.03020783911015861 3
2 1097 0.11183092847042049 3
2 1098 0.0953789298842461 3
2 1099 0.023187575199914535 3
2 1100 0.026111855066666693 3
2 1101 0.10634767122516965 3
2 1102 0.02234586240148225 3
2 1103 0.123579526252034 3
2 1104 0.16276893116372715 3
2 1105 0.06847696177817797 3
2 1106 0.023048618260686604 3
2 1107 0.11838872527669603 3
2 1108 0.06385261498913258 3
2 1109 0.026717838357148718 3
2 1110 0.013688927052322383 3
2 1111 0.03020784285091363 3
2 1112 0.031813290359553034 3
2 1113 2030.9626809563088 3
2 1114 0.0596046262396409 3
2 1115 0.034401741682856896 3
2 1116 1.2048076040361229 3
2 1117 0.02294179560797127 3
2 1118 0.0780767246888975 3
2 1119 0.07995835661756363 3
2 1120 0.04015668761138745 3
2 1121 0.0359614633757797 3
2 1122 0.11080689599803079 3
2 1123 0.11080689599820871 3
2 1124 0.05566357180505496 3
2 1125 0.030956270642305966 3
2 1126 1.1247894773616929 3
2 1127 0.03680595870443629 3
2 1128 0.014384437263049582 3
2 1129 0.01975224530397121 3
2 1130 0.03937920813551445 3
2 1131 0.021131213797488863 3
2 1132 0.045038201557108 3
2 1133 0.04089908646737598 3
2 1134 0.06260318684443808 3
2 1135 0.09446165004562371 3
2 1136 0.02908186339923065 3
2 1137 0.025552794528319094 3
2 1138 0.1755928893228813 3
2 1139 0.03187976570242374 3
2 1140 0.02767252850095761 3
2 1141 0.023802542537245473 3
2 1142 0.0666900563090552 3
2 1143 0.10301424837190046 3
2 1144 0.021392342909480503 3
2 1145 0.021486505835281042 3
2 1146 0.10979053508043499 3
2 1147 0.023072243889555675 3
2 1148 0.009292105646733344 3
2 1149 0.04292202495934506 3
2 1150 2.921173659389547 3
2 1151 2.284540849501837 3
2 1152 0.010775981407073877 3
2 1153 0.02740565079048642 3
2 1154 9264.466547815227 3
2 1155 0.03670340194088121 3
2 1156 0.02234586240196204 3
2 1157 0.012439659783563093 3
2 1158 0.026717831311864185 3
2 1159 0.01549000635195948 3
2 1160 0.022974365597702936 3
2 1161 0.022974365597519045 3
2 1162 0.028793961191346133 3
2 1163 0.031138649833907427 3
2 1164 0.02124962632867438 3
2 1165 0.11039024146266607 3
2 1166 0.017160688951531153 3
2 1167 0.017160688951530934 3
2 1168 0.017160688951530882 3
2 1169 0.03795351568622161 3
2 1170 0.03914601146161978 3
2 1171 0.03837302475068359 3
2 1172 0.03186672161101229 3
2 1173 0.049079365243799744 3
2 1174 0.009435129992351807 3
2 1175 0.021486505835261852 3
2 1176 0.030448428088651773 3
2 1177 0.04409710134036004 3
2 1178 0.07001913968866853 3
2 1179 0.026340769705721995 3
2 1180 0.022499327836584128 3
2 1181 0.13743550566382115 3
2 1182 0.05451495730892657 3
2 1183 0.04820732103539736 3
2 1184 0.029873006263733504 3
2 1185 0.0345675415897312 3
2 1186 0.02817748534986661 3
2 1187 804672024.0498928 3
2 1188 0.02294179560797027 3
2 1189 0.02752458524536935 3
2 1190 0.024084423291140532 3
2 1191 0.022345862401737585 3
2 1192 0.16300579968216983 3
2 1193 0.02956822437703112 3
2 1194 0.03370118274883025 3
2 1195 0.025468418933345848 3
2 1196 0.021486505835294167 3
2 1197 0.04503147315905118 3
2 1198 0.02660546989435159 3
2 1199 0.02421346979637596 3
2 1200 0.15960594766623976 3
2 1201 0.015967569293514595 3
2 1202 0.09537892988425195 3
2 1203 0.021486505835277597 3
2 1204 0.023128440277750302 3
2 1205 0.09417027839207674 3
2 1206 0.0696295043090544 3
2 1207 0.02948293156177676 3
2 1208 0.033327175256662414 3
2 1209 0.034551498592235046 3
2 1210 0.03560901156956371 3
2 1211 0.04711056569193614 3
2 1212 0.016701387934656788 3
2 1213 0.02669724617028394 3
2 1214 0.02502968054638007 3
2 1215 0.013573793782064357 3
2 1216 0.10666925762121422 3
2 1217 0.04082633804898283 3
2 1218 0.037769926972163526 3
2 1219 0.16952857318916748 3
2 1220 0.03843988482732566 3
2 1221 0.031269791092227356 3
2 1222 0.02065320180188087 3
2 1223 0.02935218214777722 3
2 1224 0.061440901320215936 3
2 1225 0.0339702545348687 3
2 1226 0.03192504693815132 3
2 1227 5852.3985443775855 3
2 1228 0.023187575199914535 3
2 1229 0.023187586855800087 3
2 1230 0.03949644481991167 3
2 1231 0.03949649734937153 3
2 1232 0.010721547645500932 3
2 1233 0.0598140307076921 3
2 1234 0.025409964049368582 3
2 1235 0.02510321050502939 3
2 1236 0.022345862402479644 3
2 1237 0.10979053508193305 3
2 1238 0.02253023516303269 3
2 1239 0.034727358578378935 3
2 1240 0.03531689568873113 3
2 1241 0.02183864101370116 3
2 1242 0.23535845531114424 3
2 1243 0.15548439171505768 3
2 1244 0.021486505835281042 3
2 1245 0.09726311310907548 3
2 1246 0.049982509658134174 3
2 1247 0.0315494354696716 3
2 1248 0.019737397754418174 3
2 1249 0.008353737171585435 3
2 1250 0.0795271351833269 3
2 1251 0.014434574986435455 3
2 1252 0.03596146338186386 3
2 1253 0.03467804041678203 3
2 1254 0.033239374545916925 3
2 1255 0.03306604183263299 3
2 1256 0.09052182597814792 3
2 1257 0.023226991432158547 3
2 1258 0.02234586240196204 3
2 1259 0.0154875560091346 3
2 1260 0.024088208698541454 3
2 1261 0.022332999576244163 3
2 1262 0.00989331321497298 3
2 1263 0.024846920346340014 3
2 1264 6443.697649924164 3
2 1265 0.1123483218503664 3
2 1266 0.033239374547626495 3
2 1267 0.028293771754009604 3
2 1268 0.02481975045973456 3
2 1269 0.024819750465723833 3
2 1270 0.09861053770007201 3
2 1271 0.09861053769877058 3
2 1272 0.033872432469186746 3
2 1273 0.021486505835272913 3
2 1274 0.09678488929264085 3
2 1275 0.1414492141725559 3
2 1276 0.03791844417972808 3
2 1277 0.04464811009901506 3
2 1278 0.036326962289131064 3
2 1279 0.09850955131982674 3
2 1280 0.0224993278362569 3
2 1281 0.01973739775442133 3
2 1282 0.08842254901587701 3
2 1283 0.08842254901583457 3
2 1284 0.02406654621930256 3
2 1285 0.024191047470133016 3
2 1286 0.07083405961534499 3
2 1287 0.028968297325367515 3
2 1288 0.04217172678756273 3
2 1289 6.681570157268612 3
2 1290 0.08502993310660281 3
2 1291 0.015487556009023714 3
2 1292 0.025664106387363744 3
2 1293 0.037626079694311136 3
2 1294 0.15548439171465206 3
2 1295 0.0622890241954661 3
2 1296 0.025947671414896727 3
2 1297 0.04781947432535181 3
2 1298 0.024934714667091896 3
2 1299 0.08730568609631943 3
2 1300 0.02324828859024775 3
2 1301 0.11246021892531088 3
2 1302 0.02739560782811919 3
2 1303 0.02739560677764204 3
2 1304 0.022941795607972285 3
2 1305 0.08458283814067033 3
2 1306 0.022698485582659175 3
2 1307 0.04137152454308814 3
2 1308 0.021486505835294167 3
2 1309 0.028086854318037258 3
2 1310 0.009935921445735523 3
2 1311 0.020742174960942952 3
2 1312 0.033239374545916925 3
2 1313 0.02653889583832273 3
2 1314 0.05664111933636852 3
2 1315 0.019505814412966206 3
2 1316 42049288.7860604 3
2 1317 0.012281441696047444 3
2 1318 52006.90581662329 3
2 1319 0.08848253439725387 3
2 1320 6836457.193661638 3
2 1321 0.043193129683992255 3
2 1322 0.09785915055807796 3
2 1323 0.16439761591987914 3
2 1324 0.0330660418325027 3
2 1325 0.028582682416996776 3
2 1326 0.034137553915780196 3
2 1327 0.07014625366546487 3
2 1328 0.017470788552911704 3
2 1329 0.11886255826260807 3
2 1330 5062252.269516814 3
2 1331 0.02300856580238928 3
2 1332 0.17569685483513495 3
2 1333 0.0430684412828911 3
2 1334 0.029568224376693156 3
2 1335 0.07756573992567653 3
2 1336 5841.756619422813 3
2 1337 0.04502784509399722 3
2 1338 0.04104697199573005 3
2 1339 978.3776221976682 3
2 1340 0.09882704186301404 3
2 1341 0.06103048914308547 3
2 1342 0.025353131032574274 3
2 1343 0.03581084185705373 3
2 1344 0.023802550626059335 3
2 1345 0.1060554174895711 3
2 1346 0.02014418615630975 3
2 1347 0.023248288591145798 3
2 1348 0.08396501364034024 3
2 1349 0.05440734995070768 3
2 1350 0.033239374545916925 3
2 1351 0.02653889583834651 3
2 1352 0.01862723385175142 3
2 1353 0.06260318684270923 3
2 1354 0.14934221055717667 3
2 1355 0.12331159246880172 3
2 1356 0.03006359941157841 3
2 1357 0.030063599411585113 3
2 1358 0.02195959858986394 3
2 1359 0.10759928017434485 3
2 1360 0.14037870467025176 3
2 1361 0.050645836788645975 3
2 1362 0.024785302676339594 3
2 1363 0.04517926510917777 3
2 1364 0.043034982266514456 3
2 1365 0.04340370946152802 3
2 1366 0.067728689187158 3
2 1367 0.029368227372764344 3
2 1368 0.01706820451103572 3
2 1369 0.04545385743540504 3
2 1370 0.021838641013701286 3
2 1371 0.02478530267650025 3
2 1372 0.037629819169750015 3
2 1373 0.02142168307908482 3
2 1374 0.09073614621676435 3
2 1375 0.05774401520075549 3
2 1376 0.03267173460690619 3
2 1377 0.038372975743939816 3
2 1378 0.017160688951530934 3
2 1379 0.030695179980440072 3
2 1380 0.0170682045110355 3
2 1381 0.022998915437402807 3
2 1382 0.0644500225730322 3
2 1383 0.023802550626059335 3
2 1384 0.021838641013701154 3
2 1385 0.024785302676510582 3
2 1386 0.010180144134586252 3
2 1387 0.023072243893181296 3
2 1388 0.03317669007935903 3
2 1389 0.03317669007903108 3
2 1390 0.01716068895153049 3
2 1391 0.021486505835281042 3
2 1392 0.0832128265460358 3
2 1393 0.022941795607972285 3
2 1394 0.02139234291008666 3
2 1395 0.18357977517689295 3
2 1396 0.025888744751168317 3
2 1397 0.04288274056179544 3
2 1398 0.10046400853565024 3
2 1399 0.02502985461412185 3
2 1400 0.1286195520046208 3
2 1401 0.04348307777343719 3
2 1402 0.03606431349380854 3
2 1403 0.08502116056170246 3
2 1404 6611984.139864727 3
2 1405 0.10389241513689858 3
2 1406 5648.649065338937 3
2 1407 0.023629749243697033 3
2 1408 0.029568224376693156 3
2 1409 575842.5093444579 3
2 1410 0.1310607335235263 3
2 1411 0.039897011649371206 3
2 1412 0.13833514023367907 3
2 1413 0.03783776489519174 3
2 1414 0.021392342910221327 3
2 1415 0.027109601536109095 3
2 1416 0.024785302676370597 3
2 1417 0.0626060449249869 3
2 1418 0.23910856306284994 3
2 1419 0.03529273529421096 3
2 1420 0.022951223415271418 3
2 1421 0.04612804219725556 3
2 1422 0.01787252965626863 3
2 1423 10485.109974095643 3
2 1424 0.01963268517292863 3
2 1425 5852.3985443775855 3
2 1426 0.09219012174710174 3
2 1427 0.12724191039746446 3
2 1428 0.009893313215524162 3
2 1429 0.02372938382221244 3
2 1430 0.033239374547626495 3
2 1431 0.02724094048132102 3
2 1432 0.09024870677831519 3
2 1433 0.033871591024181254 3
2 1434 0.14712140776665633 3
2 1435 0.15548439170785092 3
2 1436 0.13106073352303943 3
2 1437 0.02484692035054958 3
2 1438 0.019724705325411235 3
2 1439 0.15568398076473589 3
2 1440 0.05821955140173743 3
2 1441 0.10701333462995317 3
2 1442 0.1337446380964809 3
2 1443 0.32266902321457575 3
2 1444 0.030328858478552125 3
2 1445 0.01549009739204693 3
2 1446 1.3619141934295953 3
2 1447 0.05234232547118893 3
2 1448 0.011990401102595536 3
2 1449 0.055906501216447545 3
2 1450 0.08028831849294288 3
2 1451 0.020857971186834832 3
2 1452 0.01195294222656023 3
2 1453 0.09639332484879355 3
2 1454 0.031235799530603108 3
2 1455 0.1554843917155246 3
2 1456 0.054934608702288064 3
2 1457 0.026613985589292025 3
2 1458 0.022360460447022362 3
2 1459 0.02709941448510768 3
2 1460 0.46756626915237653 3
2 1461 0.043193129683993504 3
2 1462 0.11850472254169972 3
2 1463 0.02141217308745235 3
2 1464 0.010721564227671159 3
2 1465 0.05309844620449277 3
2 1466 0.012281463842260754 3
2 1467 0.4554145711405756 3
2 1468 0.09446560843180815 3
2 1469 0.06260318684443808 3
2 1470 0.022345862402277466 3
2 1471 0.02243462629123671 3
2 1472 28.116034735735976 3
2 1473 0.04939408089263134 3
2 1474 0.020218251367000672 3
2 1475 0.022345862402277466 3
2 1476 2.921173666752141 3
2 1477 0.02868066139877109 3
2 1478 0.13414211006703933 3
2 1479 0.1097337856510019 3
2 1480 0.07742382231904901 3
2 1481 0.037935844227952806 3
2 1482 0.021392342910011932 3
2 1483 0.009435129992351807 3
2 1484 0.03414590647470067 3
2 1485 0.02297436559662468 3
2 1486 0.024182891946413453 3
2 1487 0.09437632475370107 3
2 1488 0.034678040451342665 3
2 1489 0.10308596726259155 3
2 1490 0.027821176775680773 3
2 1491 0.05484343815467488 3
2 1492 0.028024501719381735 3
2 1493 0.03818017560139481 3
2 1494 0.04569293514164288 3
2 1495 0.06629821332605637 3
2 1496 0.024293758853985145 3
2 1497 0.15784273698999637 3
2 1498 0.11260597041683422 3
2 1499 0.22824336461329217 3
2 1500 0.024197491132042417 3
2 1501 0.026340769705714393 3
2 1502 0.10185839803905401 3
2 1503 0.03668410128189712 3
2 1504 0.024785302676370597 3
2 1505 0.06440322608265502 3
2 1506 0.02563751437281406 3
2 1507 0.03186316546366515 3
2 1508 0.019737397752727065 3
2 1509 0.14955230451273316 3
2 1510 0.023629749243665864 3
2 1511 0.041774476357463716 3
2 1512 0.09557640955230513 3
2 1513 0.03956339898099754 3
2 1514 233.75645349237303 3
2 1515 59.91572770567601 3
2 1516 0.04289216751391216 3
2 1517 0.25414238274492695 3
2 1518 0.02401265324223392 3
2 1519 0.08010572590649356 3
2 1520 0.0372016412750048 3
2 1521 0.03720170313081247 3
2 1522 0.10306033032836966 3
2 1523 0.033914221767928604 3
2 1524 0.013115203248834693 3
2 1525 0.033993947505534985 3
2 1526 0.022245640105246732 3
2 1527 0.10594227300483695 3
2 1528 0.017848265507013256 3
2 1529 0.023248288590839907 3
2 1530 0.02706671958151396 3
2 1531 0.020046306076032507 3
2 1532 0.02808685431803736 3
2 1533 0.02759406043739042 3
2 1534 135483418.82815206 3
2 1535 0.018022706174938664 3
2 1536 43715896.469395764 3
2 1537 0.025711578508092515 3
2 1538 0.18345970970607828 3
2 1539 0.04059614343321791 3
2 1540 0.17355726653561293 3
2 1541 0.051966594971405544 3
2 1542 0.027638889994258297 3
2 1543 0.022499327836722437 3
2 1544 0.10510799175575293 3
2 1545 0.031148215546253542 3
2 1546 0.021162615597749148 3
2 1547 0.030902018870701094 3
2 1548 0.34465300312965846 3
2 1549 0.024448263869877435 3
2 1550 0.05813966994798221 3
2 1551 0.023764983383024543 3
2 1552 0.023060412440169938 3
2 1553 0.02113121379868235 3
2 1554 0.021162615597749148 3
2 1555 0.015490063013106124 3
2 1556 0.11522586892850262 3
2 1557 0.06063723098703019 3
2 1558 0.07960793813016791 3
2 1559 0.036478502701283486 3
2 1560 0.022345862402479644 3
2 1561 0.02601562394234491 3
2 1562 0.03413755391523482 3
2 1563 5852.4113927366325 3
2 1564 0.021159229969322017 3
2 1565 0.02115922996934568 3
2 1566 0.13328401915884425 3
2 1567 0.14044319846328648 3
2 1568 0.07942112845301011 3
2 1569 0.0636094319894194 3
2 1570 0.07112075683578326 3
2 1571 0.05048958790834744 3
2 1572 0.024905775161141515 3
2 1573 0.054258288887370526 3
2 1574 0.04236506852648307 3
2 1575 0.05075098274173228 3
2 1576 0.02139234290976243 3
2 1577 0.027672528500945218 3
2 1578 0.023629749243714315 3
2 1579 0.04107564075861453 3
2 1580 0.024785302676339594 3
2 1581 0.0478260837646701 3
2 1582 0.04717843797057486 3
2 1583 0.04571974622350088 3
2 1584 0.11806811369689156 3
2 1585 0.022974365596163768 3
2 1586 0.11183092846971403 3
2 1587 0.04364180946253553 3
2 1588 0.023128440277523823 3
2 1589 67.46460404089214 3
2 1590 0.12090237839552924 3
2 1591 0.034581077844634614 3
2 1592 0.02435776200756012 3
2 1593 0.16952848963292144 3
2 1594 0.028289199079374848 3
2 1595 0.025356742557768656 3
2 1596 0.025437253168613238 3
2 1597 0.11948688118818564 3
2 1598 0.068792813614769 3
2 1599 0.026142726504113686 3
2 1600 0.02965322668758268 3
2 1601 0.03402717619534221 3
2 1602 0.028680661398773434 3
2 1603 0.02142168307908687 3
2 1604 0.022245640105575802 3
2 1605 1447.7676543334928 3
2 1606 20.483297847427266 3
2 1607 0.02489977426786902 3
2 1608 0.02142168307908687 3
2 1609 0.02894110942374131 3
2 1610 0.028141786527754186 3
2 1611 0.028045863270398465 3
2 1612 0.11027007096379143 3
2 1613 0.03142489590010599 3
2 1614 0.11192150542711134 3
2 1615 0.11178467352867626 3
2 1616 0.1126059704154835 3
2 1617 0.03596146338897904 3
2 1618 0.01072154764550238 3
2 1619 0.07791038651080678 3
2 1620 0.026473934887123064 3
2 1621 0.012439671466754853 3
2 1622 0.10542367198980324 3
2 1623 0.11806811368676413 3
2 1624 0.044930155772951196 3
2 1625 0.023048618260655872 3
2 1626 0.03632696229059558 3
2 1627 0.04578153246667962 3
2 1628 0.057523483227438686 3
2 1629 0.05752348322743856 3
2 1630 0.016701387934660233 3
2 1631 0.15266964914415618 3
2 1632 0.022345862401488767 3
2 1633 0.017160688951529765 3
2 1634 0.03960099955873717 3
2 1635 0.021991194324485333 3
2 1636 0.024664517776173917 3
2 1637 0.37972343863544894 3
2 1638 0.07414122680347462 3
2 1639 0.02819980694306829 3
2 1640 0.025550603449210625 3
2 1641 0.009935921445735523 3
2 1642 0.021486505835261852 3
2 1643 0.009935921444697316 3
2 1644 0.02139234290976243 3
2 1645 0.02139234291008666 3
2 1646 0.03323937454731175 3
2 1647 89127932.34816429 3
2 1648 0.024448263864339178 3
2 1649 0.021162615597176332 3
2 1650 0.0598068716040651 3
2 1651 0.024361118228872207 3
2 1652 0.009292105646732501 3
2 1653 0.05408900698291272 3
2 1654 0.08667739579630769 3
2 1655 0.08765310304800455 3
2 1656 0.027174883645160967 3
2 1657 0.05866087942000119 3
2 1658 0.017872532761859867 3
2 1659 0.010157123434844194 3
2 1660 0.11413927836253593 3
2 1661 0.039406916930885834 3
2 1662 0.021421683079091744 3
2 1663 0.04694303575529093 3
2 1664 0.027672528500947667 3
2 1665 0.10306033032836966 3
2 1666 0.11603608137037308 3
2 1667 0.10998637678201434 3
2 1668 0.028279540241453113 3
2 1669 0.02399258579761005 3
2 1670 0.013115203251761574 3
2 1671 1990.7515174839195 3
2 1672 0.12061347469159986 3
2 1673 0.12061347469471828 3
2 1674 0.02812564539713486 3
2 1675 0.021249626328727754 3
2 1676 0.10994487732841064 3
2 1677 0.07522180531666715 3
2 1678 0.03559405118151694 3
2 1679 0.02965311925882787 3
2 1680 0.04121925784448676 3
2 1681 0.02684681598014735 3
2 1682 0.02051987925578217 3
2 1683 0.02199119432351077 3
2 1684 0.03518668003531452 3
2 1685 0.038600561884571616 3
2 1686 0.09801133749923649 3
2 1687 0.03027537116027505 3
2 1688 2.4757907317105414 3
2 1689 1447.7676543334928 3
2 1690 0.023128440279601915 3
2 1691 0.07517766417596002 3
2 1692 0.1262240995801793 3
2 1693 0.2570311075669648 3
2 1694 0.04109325341184681 3
2 1695 0.02406654621930256 3
2 1696 0.02014418615626988 3
2 1697 0.020144186156275907 3
2 1698 0.07527264738763391 3
2 1699 0.028612599110174008 3
2 1700 0.04345174200452467 3
2 1701 0.025409964056320233 3
2 1702 0.03168545162998839 3
2 1703 0.027980953804929907 3
2 1704 0.10089695983608679 3
2 1705 0.04406040176969833 3
2 1706 0.03638451686592822 3
2 1707 0.1432776944115543 3
2 1708 0.039586295393677425 3
2 1709 0.024191047470128613 3
2 1710 0.014570244921362068 3
2 1711 0.035961463384566766 3
2 1712 0.09271068599533662 3
2 1713 0.870594765038098 3
2 1714 0.02563751437261887 3
2 1715 2031.0059380357436 3
2 1716 0.021991194326425486 3
2 1717 233.75589371803383 3
2 1718 0.04016311410544973 3
2 1719 0.04759097350368524 3
2 1720 0.03354075731206956 3
2 1721 0.11605599018953254 3
2 1722 1.0020223847957652 3
2 1723 0.024293863446531994 3
2 1724 0.02936342203482194 3
2 1725 0.025468418933345848 3
2 1726 0.024183299418586032 3
2 1727 0.010721564227771995 3
2 1728 0.021838641013701286 3
2 1729 0.035316895688377564 3
2 1730 0.026111855066666693 3
2 1731 0.04089908646737598 3
2 1732 0.06666719878500647 3
2 1733 0.024213468446296967 3
2 1734 0.029617161115898304 3
2 1735 0.029363422034563314 3
2 1736 0.03689564163386093 3
2 1737 0.06744619851136671 3
2 1738 0.046020494906552925 3
2 1739 0.02538650688146589 3
2 1740 0.009989083995193566 3
2 1741 135483418.82815206 3
2 1742 0.026081345647718805 3
2 1743 24067.335440377294 3
2 1744 0.1554843917155246 3
2 1745 0.015487556009074652 3
2 1746 0.032347126560483226 3
2 1747 0.022360460447022362 3
2 1748 0.14794988905665854 3
2 1749 0.033812075356585425 3
2 1750 12676.909368639603 3
2 1751 5.196058981767739 3
2 1752 0.024760282789460266 3
2 1753 0.04037007943939039 3
2 1754 0.02252927125170882 3
2 1755 0.02419035266616047 3
2 1756 0.02431773834705291 3
2 1757 0.09698461358618496 3
2 1758 0.03030297156534535 3
2 1759 0.13566528740360317 3
2 1760 0.12357952625141305 3
2 1761 0.02400580300920178 3
2 1762 0.09534559963157586 3
2 1763 0.009435129992351807 3
2 1764 0.024634654930028702 3
2 1765 0.028001861218338878 3
2 1766 0.04383648764059465 3
2 1767 0.031957838871244065 3
2 1768 4255436.20827292 3
2 1769 0.09793091741915166 3
2 1770 0.06539006590120688 3
2 1771 0.05541605262188697 3
2 1772 0.18073143424504534 3
2 1773 0.02435776200737131 3
2 1774 0.040557362560865555 3
2 1775 0.12928152982005667 3
2 1776 0.021991194328094887 3
2 1777 0.037630333879782076 3
2 1778 0.009893418012715946 3
2 1779 0.009893418012715946 3
2 1780 0.03229641481246259 3
2 1781 0.03299817859760382 3
2 1782 0.033238870008112924 3
2 1783 0.03402662193547326 3
2 1784 0.030124267717429605 3
2 1785 0.022974365596163768 3
2 1786 0.019758361234880152 3
2 1787 0.03744285073364039 3
2 1788 0.027510994283720502 3
2 1789 0.025730836112180872 3
2 1790 0.027546020097387384 3
2 1791 0.027546057774593655 3
2 1792 0.03706213436647256 3
2 1793 1158934.4904940806 3
2 1794 0.022551219635132465 3
2 1795 4.999023777816094 3
2 1796 0.02612873407178496 3
2 1797 0.14327769441207822 3
2 1798 0.03168545162998656 3
2 1799 0.02502988383032069 3
2 1800 0.03358742828400385 3
2 1801 0.009935921445045183 3
2 1802 0.0336822991447999 3
2 1803 0.06826537914731813 3
2 1804 0.1701554598780851 3
2 1805 0.0357396460032881 3
2 1806 0.018879106718191 3
2 1807 0.022123723243700183 3
2 1808 0.02142168307908658 3
2 1809 0.04177447635743926 3
2 1810 0.02141217308745235 3
2 1811 0.02141217308958191 3
2 1812 0.05134885131679864 3
2 1813 0.09537892988425195 3
2 1814 0.02484692035054958 3
2 1815 0.13118699008836537 3
2 1816 0.02782117677601527 3
2 1817 0.10247119559244423 3
2 1818 0.11137459871619983 3
2 1819 0.028968297325367515 3
2 1820 0.0381132205517018 3
2 1821 0.03195783887124647 3
2 1822 0.018627234026104274 3
2 1823 0.018627232439130056 3
2 1824 0.02142168307908482 3
2 1825 0.02142168307908482 3
2 1826 0.028254765644288866 3
2 1827 0.022499327836584128 3
2 1828 0.013115203248834693 3
2 1829 0.024291629913418128 3
2 1830 0.023629749243714315 3
2 1831 0.04485620672764303 3
2 1832 0.03298278223227169 3
2 1833 0.08563153238341543 3
2 1834 5852.4113927366325 3
2 1835 0.027999741470046417 3
2 1836 0.03531689568865381 3
2 1837 0.04604526248655963 3
2 1838 0.02699009817147771 3
2 1839 1.0173781868755603 3
2 1840 0.019669600649585776 3
2 1841 0.010775968188058241 3
2 1842 0.0451359801705223 3
2 1843 0.021991194329302265 3
2 1844 0.08825232319886124 3
2 1845 0.08825233215048403 3
2 1846 0.05337656308539665 3
2 1847 0.05337656308581061 3
2 1848 100.94400105828386 3
2 1849 0.06761541609538128 3
2 1850 0.03479675845391022 3
2 1851 0.04393173074379296 3
2 1852 0.49912368375905664 3
2 1853 0.03123422083102067 3
2 1854 0.06603362757277217 3
2 1855 0.09203755373592086 3
2 1856 0.027672528500947258 3
2 1857 0.02235682955820645 3
2 1858 0.18860772936852369 3
2 1859 11638.340733813482 3
2 1860 0.07368028544163396 3
2 1861 0.03737240984615175 3
2 1862 0.09046733650368824 3
2 1863 0.0928478398380056 3
2 1864 0.08545385492724701 3
2 1865 0.0875266186943392 3
2 1866 0.10050595347918928 3
2 1867 0.02139234291008666 3
2 1868 0.023187586855800087 3
2 1869 0.059302462240095735 3
2 1870 0.07291882082092005 3
2 1871 1204.8322365595864 3
2 1872 0.022457474805205428 3
2 1873 0.026717838353236937 3
2 1874 0.11528487169179562 3
2 1875 0.07734611475953672 3
2 1876 0.020144186156275907 3
2 1877 0.03654628729189612 3
2 1878 0.02744888203807233 3
2 1879 0.026025793562450397 3
2 1880 0.048713945811731774 3
2 1881 0.021486505835261852 3
2 1882 0.009956723755314069 3
2 1883 0.06851871669431742 3
2 1884 0.15960594766623976 3
2 1885 0.06985412420888162 3
2 1886 0.04071400922589792 3
2 1887 0.047340915229193065 3
2 1888 0.056464831496505996 3
2 1889 0.06456384366487584 3
2 1890 0.09726307685134704 3
2 1891 0.11183092847006423 3
2 1892 0.02307224388942071 3
2 1893 0.021486505835277597 3
2 1894 0.028823125787384603 3
2 1895 0.03364971390967591 3
2 1896 0.161444483290492 3
2 1897 0.04059613238810599 3
2 1898 0.010721557849748672 3
2 1899 0.0315014503106921 3
2 1900 0.02721843619193472 3
2 1901 0.031410037333771366 3
2 1902 0.09737527142814313 3
2 1903 0.06343234128806147 3
2 1904 0.028199806945260936 3
2 1905 0.13417242315977365 3
2 1906 0.06341612059336324 3
2 1907 0.031148215546229464 3
2 1908 0.03222091458350362 3
2 1909 10.414036711060417 3
2 1910 0.04110519864307067 3
2 1911 0.12413083179289362 3
2 1912 0.022077191698522455 3
2 1913 0.017160688951531198 3
2 1914 0.038000671434167285 3
2 1915 0.870594765038098 3
2 1916 0.010721557849748672 3
2 1917 3402283.443458147 3
2 1918 0.01681014815409659 3
2 1919 0.06800642143688286 3
2 1920 0.0536400527968003 3
2 1921 0.09568831539101431 3
2 1922 0.02120468578678506 3
2 1923 0.033469373267239644 3
2 1924 0.021486505835272913 3
2 1925 0.009435129992351807 3
2 1926 0.03766593893751338 3
2 1927 0.16322703741929237 3
2 1928 0.023128440277385375 3
2 1929 0.04365122570620282 3
2 1930 0.041366667479608925 3
2 1931 0.42572221095936363 3
2 1932 0.020579534899036047 3
2 1933 0.04071400922587828 3
2 1934 0.028968297338386007 3
2 1935 5852.4113927366325 3
2 1936 0.09009783614297377 3
2 1937 0.02538650688146589 3
2 1938 0.07037753478134881 3
2 1939 0.05196659498050849 3
2 1940 0.02431838419178096 3
2 1941 0.024318388886698742 3
2 1942 0.026989038116161244 3
2 1943 0.0224993278362569 3
2 1944 0.042151588125289095 3
2 1945 0.027290143621001097 3
2 1946 0.009435129992696101 3
2 1947 0.021486505835294167 3
2 1948 0.05784216735931606 3
2 1949 51377.789233247924 3
2 1950 0.03517530298043216 3
2 1951 0.03658850058875349 3
2 1952 0.10409852415372245 3
2 1953 0.02484692035054958 3
2 1954 0.025966784200267132 3
2 1955 0.09819066728190538 3
2 1956 0.033238870013562884 3
2 1957 0.03937920813638018 3
2 1958 0.049337317830781185 3
2 1959 0.03781384200872621 3
2 1960 0.32563395497216446 3
2 1961 0.05601247867509257 3
2 1962 0.0719605324714604 3
2 1963 0.10634767122873888 3
2 1964 0.06260318684283518 3
2 1965 0.02547125170099027 3
2 1966 0.036259409285830387 3
2 1967 0.024213461678851342 3
2 1968 0.044507564393627595 3
2 1969 0.044507564393627595 3
2 1970 0.017329855865552808 3
2 1971 0.019737397754418174 3
2 1972 0.02234586240148225 3
2 1973 0.02664865290382574 3
2 1974 0.1391221913074793 3
2 1975 55.142966800984134 3
2 1976 177.08964549826737 3
2 1977 0.033236363828379425 3
2 1978 0.07671333663663682 3
2 1979 0.05110197438215456 3
2 1980 0.026081345647674597 3
2 1981 0.02724083045219835 3
2 1982 0.07222032814449539 3
2 1983 0.04536091933172689 3
2 1984 0.04362889305160778 3
2 1985 0.03402717608898369 3
2 1986 0.05567493476873158 3
2 1987 0.030830925670585374 3
2 1988 0.9784447409821584 3
2 1989 0.01975224530397513 3
2 1990 0.03695708328417028 3
2 1991 0.021486505835277597 3
2 1992 0.0105321747562384 3
2 1993 0.01787252965626863 3
2 1994 0.025048207603759882 3
2 1995 0.029664664558740516 3
2 1996 0.027821176775680773 3
2 1997 0.02142168307908658 3
2 1998 0.06333737244847411 3
2 1999 0.022457474807375623 3
3 0 0.008353690173821057 3
3 1 0.008353737171585435 3
3 2 0.009292105646732168 3
3 3 0.009292105646732168 3
3 4 0.009292105646732168 3
3 5 0.009292105646732449 3
3 6 0.009292105646732449 3
3 7 0.009292105646732449 3
3 8 0.009292105646732501 3
3 9 0.009292105646732959 3
3 10 0.009292105646732959 3
3 11 0.009292105646733344 3
3 12 0.00943279812830901 3
3 13 0.00943279812830901 3
3 14 0.009435129992351807 3
3 15 0.009435129992351807 3
3 16 0.009435129992351807 3
3 17 0.009435129992351807 3
3 18 0.009435129992351807 3
3 19 0.009435129992351807 3
3 20 0.009435129992696101 3
3 21 0.009435129992696101 3
3 22 0.009435129992730263 3
3 23 0.00943512999284001 3
3 24 0.00943512999284001 3
3 25 0.00989331321497298 3
3 26 0.00989331321497298 3
3 27 0.009893313215524162 3
3 28 0.009893313215524162 3
3 29 0.009893339770872634 3
3 30 0.009893418012715946 3
3 31 0.009893418012715946 3
3 32 0.009893418012715946 3
3 33 0.009893418012715946 3
3 34 0.009935921444697316 3
3 35 0.009935921445045183 3
3 36 0.009935921445735523 3
3 37 0.009935921445735523 3
3 38 0.009935921445735523 3
3 39 0.009956723755314069 3
3 40 0.009989083995193566 3
3 41 0.010092767892375518 3
3 42 0.010151320071338744 3
3 43 0.010157123434844194 3
3 44 0.010157123434844194 3
3 45 0.010157123434844194 3
3 46 0.010180144134586252 3
3 47 0.010358200649064273 3
3 48 0.0105321747562384 3
3 49 0.010721547645500932 3
3 50 0.010721547645500932 3
3 51 0.010721547645500932 3
3 52 0.01072154764550238 3
3 53 0.010721557849307018 3
3 54 0.010721557849748672 3
3 55 0.010721557849748672 3
3 56 0.010721557849748672 3
3 57 0.010721564227671159 3
3 58 0.010721564227771995 3
3 59 0.010721564227771995 3
3 60 0.010775968188058241 3
3 61 0.010775981407073877 3
3 62 0.010920860588341826 3
3 63 0.011007340197512733 3
3 64 0.011100911261238756 3
3 65 0.011697570480487805 3
3 66 0.011697574333435384 3
3 67 0.011697574333435384 3
3 68 0.011697578067198568 3
3 69 0.011697578067198568 3
3 70 0.011697578067198568 3
3 71 0.01195294222656023 3
3 72 0.011990401102595536 3
3 73 0.012281441696047444 3
3 74 0.012281443307494146 3
3 75 0.0122814638421697 3
3 76 0.012281463842260754 3
3 77 0.012281463842260754 3
3 78 0.012439659783563093 3
3 79 0.012439671466754853 3
3 80 0.013115203248554768 3
3 81 0.013115203248554768 3
3 82 0.013115203248834693 3
3 83 0.013115203248834693 3
3 84 0.013115203251761574 3
3 85 0.013115203251761574 3
3 86 0.013573793782064357 3
3 87 0.013688927052011303 3
3 88 0.013688927052322383 3
3 89 0.01377502540883084 3
3 90 0.014162096201315236 3
3 91 0.014384437263049582 3
3 92 0.014384437263833075 3
3 93 0.014434574986435455 3
3 94 0.014570244921362068 3
3 95 0.015487556008993323 3
3 96 0.015487556009023714 3
3 97 0.015487556009074652 3
3 98 0.015487556009098841 3
3 99 0.015487556009098841 3
3 100 0.0154875560091346 3
3 101 0.0154875560091346 3
3 102 0.01549000635195948 3
3 103 0.015490006353922116 3
3 104 0.015490063013106124 3
3 105 0.015490063013106124 3
3 106 0.01549009739202725 3
3 107 0.01549009739204693 3
3 108 0.01549009739204693 3
3 109 0.0156728014877198 3
3 110 0.015920406008367888 3
3 111 0.015920406008609913 3
3 112 0.015920406008609913 3
3 113 0.015967569293514595 3
3 114 0.016701387934656788 3
3 115 0.016701387934656788 3
3 116 0.016701387934660233 3
3 117 0.016701387934662703 3
3 118 0.016701387934664434 3
3 119 0.016755849835067668 3
3 120 0.01675584984152786 3
3 121 0.01681014815409659 3
3 122 0.0170682045110355 3
3 123 0.01706820451103572 3
3 124 0.017160688951529765 3
3 125 0.01716068895153049 3
3 126 0.01716068895153049 3
3 127 0.01716068895153049 3
3 128 0.017160688951530882 3
3 129 0.017160688951530882 3
3 130 0.017160688951530934 3
3 131 0.017160688951530934 3
3 132 0.017160688951530934 3
3 133 0.017160688951531153 3
3 134 0.017160688951531153 3
3 135 0.017160688951531198 3
3 136 0.017160688951531198 3
3 137 0.017329855865349294 3
3 138 0.01732985586545547 3
3 139 0.017329855865552808 3
3 140 0.017329855865552808 3
3 141 0.017329855865552808 3
3 142 0.017329855865918346 3
3 143 0.017448792580148725 3
3 144 0.017470788552911704 3
3 145 0.017470788552913695 3
3 146 0.017470788552916148 3
3 147 0.0176010793697896 3
3 148 0.017848265507013256 3
3 149 0.01787252965626863 3
3 150 0.01787252965626863 3
3 151 0.01787252965626863 3
3 152 0.01787253276176762 3
3 153 0.01787253276176762 3
3 154 0.017872532761859867 3
3 155 0.018018122752597034 3
3 156 0.018022706174938664 3
3 157 0.018627232439130056 3
3 158 0.018627232439130056 3
3 159 0.01862723385175142 3
3 160 0.01862723385175142 3
3 161 0.01862723385175142 3
3 162 0.018627234026104274 3
3 163 0.018627234026104274 3
3 164 0.018627234026148364 3
3 165 0.018627234026148364 3
3 166 0.01876018009923915 3
3 167 0.018879106718191 3
3 168 0.019357472699875707 3
3 169 0.019505814412051094 3
3 170 0.019505814412174475 3
3 171 0.019505814412966206 3
3 172 0.019528970067235134 3
3 173 0.01952897009002575 3
3 174 0.019590292332731924 3
3 175 0.019607709803956614 3
3 176 0.01963268517217048 3
3 177 0.01963268517292863 3
3 178 0.019669600649585776 3
3 179 0.019673768354115568 3
3 180 0.01967378370722404 3
3 181 0.019674841604871422 3
3 182 0.019724348561250854 3
3 183 0.01972434856125331 3
3 184 0.019724705325411235 3
3 185 0.019737397752238973 3
3 186 0.019737397752238973 3
3 187 0.019737397752727065 3
3 188 0.019737397752727065 3
3 189 0.019737397753822432 3
3 190 0.019737397753822432 3
3 191 0.019737397754418174 3
3 192 0.019737397754418174 3
3 193 0.019737397754418174 3
3 194 0.01973739775442133 3
3 195 0.01973739775442133 3
3 196 0.01975224530397121 3
3 197 0.01975224530397513 3
3 198 0.019752245304465822 3
3 199 0.019758361234880152 3
3 200 0.011697574334457466 3
3 201 0.026696806093989788 3
3 202 0.010157123434611521 3
3 203 0.009435129992696101 3
3 204 0.011697578066007658 3
3 205 0.011697578066007658 3
3 206 0.02408518322948603 3
3 207 0.010721564227671159 3
3 208 0.009292105646732168 3
3 209 0.019724695593672428 3
3 210 0.016701387934660233 3
3 211 0.07908364279812025 3
3 212 0.019505814414918034 3
3 213 0.015487556008993323 3
3 214 0.03456752548426317 3
3 215 0.03456752548426317 3
3 216 0.14378550525854747 3
3 217 0.11173631840283019 3
3 218 0.010721547645500932 3
3 219 0.009292105646732449 3
3 220 0.01072154764550238 3
3 221 5852.399437462327 3
3 222 0.02111107995742479 3
3 223 0.021111066226396753 3
3 224 0.009435129992730263 3
3 225 0.009435129992877225 3
3 226 0.009435129992800703 3
3 227 0.009893339771518891 3
3 228 0.09791364887314774 3
3 229 0.009292105646733762 3
3 230 0.043909787011922496 3
3 231 0.008353690173821057 3
3 232 0.019607709804275363 3
3 233 0.0122814433072729 3
3 234 0.022976872948201048 3
3 235 0.06865831900448063 3
3 236 0.09726311310221641 3
3 237 0.017329855865349294 3
3 238 0.023187586855800087 3
3 239 0.022345862402277466 3
3 240 0.021111187104604294 3
3 241 0.04448256322856913 3
3 242 0.03392643803926072 3
3 243 0.022345862401737585 3
3 244 609.9443295783967 3
3 245 0.12695554236152687 3
3 246 0.02234586240148225 3
3 247 0.015490063013800525 3
3 248 0.03168611044270108 3
3 249 0.03200104446606412 3
3 250 0.019590292332731924 3
3 251 0.009292105646733344 3
3 252 0.07244824568954193 3
3 253 0.015672801487147708 3
3 254 0.009292105646732501 3
3 255 0.009292105646733344 3
3 256 0.01861377644345009 3
3 257 0.019505814412966206 3
3 258 18.84770564852239 3
3 259 0.009435129992351807 3
3 260 0.1117363184041192 3
3 261 0.017160688951530882 3
3 262 0.013775488055316552 3
3 263 0.013775025433993605 3
3 264 0.01862723385175142 3
3 265 0.0662711251252651 3
3 266 0.03168611044265152 3
3 267 0.0438236162150778 3
3 268 0.025947671414896727 3
3 269 0.015487556008993323 3
3 270 0.020218250224777464 3
3 271 0.022345862402479644 3
3 272 0.031685451629984394 3
3 273 0.02234586240148225 3
3 274 0.00943512999284001 3
3 275 0.008353737171585435 3
3 276 0.021833578840878734 3
3 277 0.02234586240148225 3
3 278 0.02669680608619306 3
3 279 0.02669685782584435 3
3 280 0.05218787973637944 3
3 281 0.010532192744555482 3
3 282 5546495.518947005 3
3 283 0.01549000635195948 3
3 284 0.005826775005042552 3
3 285 0.013688918190960533 3
3 286 0.02234586240148225 3
3 287 0.009292105646732501 3
3 288 0.009292105646732959 3
3 289 0.012281463842260754 3
3 290 0.017470788552913695 3
3 291 0.017470788552911704 3
3 292 0.009893418008016892 3
3 293 134.33973879390606 3
3 294 0.022358263592776612 3
3 295 0.02408518322948603 3
3 296 0.015487556009023714 3
3 297 0.0257308201220002 3
3 298 0.11173631840283019 3
3 299 0.009935921445045183 3
3 300 0.010776007446969816 3
3 301 0.02234586240148225 3
3 302 0.021486505835277597 3
3 303 0.021486505835294167 3
3 304 0.024085185022486803 3
3 305 0.008353690173821057 3
3 306 0.024884317424269706 3
3 307 0.010721564227771995 3
3 308 0.010157123435247961 3
3 309 0.022345862402479644 3
3 310 0.1163722644363672 3
3 311 0.030207831185026693 3
3 312 0.034567755811114466 3
3 313 0.022933150302996863 3
3 314 0.01980818208854116 3
3 315 0.009893418008016892 3
3 316 0.022345862402277466 3
3 317 0.02139234291008666 3
3 318 0.01549000635195948 3
3 319 0.01959029232027413 3
3 320 0.24130307688799316 3
3 321 0.10106334116529121 3
3 322 0.015490063013106124 3
3 323 0.03280397775005753 3
3 324 0.01072154764550238 3
3 325 0.02139234291008666 3
3 326 0.020177157859582864 3
3 327 0.017848265506887232 3
3 328 0.00989331321497298 3
3 329 0.009893418012715946 3
3 330 0.009893418012715946 3
3 331 134.3397386602312 3
3 332 0.04338310514210762 3
3 333 0.009935921445042467 3
3 334 0.010157123434844194 3
3 335 0.010157123435171106 3
3 336 0.017160688951531153 3
3 337 0.009292105646732501 3
3 338 0.022933161007358684 3
3 339 0.010157123434005022 3
3 340 0.009935921445045183 3
3 341 0.009956723755520239 3
3 342 0.014460912502389315 3
3 343 0.010180317286730358 3
3 344 0.16122233772074118 3
3 345 0.1903425986026022 3
3 346 0.05737349124808523 3
3 347 0.015995250048526914 3
3 348 0.009893339771518891 3
3 349 0.009435129992696101 3
3 350 0.009292105646732959 3
3 351 0.10227677194210559 3
3 352 0.01963268517174979 3
3 353 0.026696806093989788 3
3 354 0.015490006353922116 3
3 355 0.0310002477769295 3
3 356 0.03416049687943397 3
3 357 0.039143784875901276 3
3 358 0.07791038650212685 3
3 359 0.009893339770872634 3
3 360 0.013688918190960533 3
3 361 0.021392342910011932 3
3 362 0.020957116956885624 3
3 363 0.011697574333435384 3
3 364 0.024497181989756218 3
3 365 0.1063476712286193 3
3 366 0.017329855865918346 3
3 367 0.017329855865414457 3
3 368 0.02234586240196204 3
3 369 0.009893339771518891 3
3 370 0.013688901125573447 3
3 371 0.16387705584587395 3
3 372 0.015209335410512923 3
3 373 0.009631027498192406 3
3 374 4241474.552298417 3
3 375 0.03203667889241455 3
3 376 0.009893339771518891 3
3 377 0.009893418008016892 3
3 378 0.027440553167436144 3
3 379 0.00943279812830901 3
3 380 0.09563102408633185 3
3 381 0.06343233597003853 3
3 382 0.019531995112276785 3
3 383 0.06664235158129019 3
3 384 0.009435129992730263 3
3 385 0.009435129992730263 3
3 386 0.009292105646733762 3
3 387 0.02234586240196204 3
3 388 0.010196504285907546 3
3 389 0.018220826992528322 3
3 390 0.02307224389352929 3
3 391 0.022345862401737585 3
3 392 0.026696857801497838 3
3 393 0.04612800025431013 3
3 394 0.009893313215524162 3
3 395 0.009292105646732449 3
3 396 0.029530709490031858 3
3 397 0.04276431579546192 3
3 398 0.0695203670571962 3
3 399 0.03296702670660486 3
3 400 0.022976872948288946 3
3 401 0.010775968188058241 3
3 402 0.026340769705717762 3
3 403 0.026374966625042844 3
3 404 0.011697578067198568 3
3 405 0.010157123435171106 3
3 406 0.009893339771518891 3
3 407 0.009435129992877225 3
3 408 0.02408518322948603 3
3 409 0.024085203021559424 3
3 410 0.033121284174476816 3
3 411 0.03229643164756287 3
3 412 0.02293941620375182 3
3 413 0.015920406008367888 3
3 414 0.030830925670373162 3
3 415 0.019742912531952296 3
3 416 0.010721557849307018 3
3 417 0.01072154764550238 3
3 418 0.02252571938438001 3
3 419 0.01377548813006554 3
3 420 0.09678488930987239 3
3 421 0.019737397752238973 3
3 422 0.009292105646733762 3
3 423 0.00943512999284001 3
3 424 0.01732985586545547 3
3 425 0.017329855865349294 3
3 426 0.009292105646733762 3
3 427 0.009292105646733344 3
3 428 0.017089998922481333 3
3 429 0.027821176775680773 3
3 430 0.009893418008016892 3
3 431 0.018627232439130056 3
3 432 0.009292105646732449 3
3 433 0.035544085120679414 3
3 434 0.02148650583528986 3
3 435 0.02139234291018163 3
3 436 0.10634767122629091 3
3 437 0.032296431648550006 3
3 438 0.023688340330497482 3
3 439 0.05094350852909393 3
3 440 0.056814196926827466 3
3 441 0.047178438207908326 3
3 442 0.028045863279675773 3
3 443 0.026605682643215015 3
3 444 0.010157123435247961 3
3 445 0.018220826993833875 3
3 446 0.008353690181034826 3
3 447 0.011697578066007658 3
3 448 0.02484692033925015 3
3 449 0.02484692034392191 3
3 450 0.022345862402479644 3
3 451 0.009435129992800703 3
3 452 0.00943512999284001 3
3 453 0.00943512999284001 3
3 454 0.11093726810575548 3
3 455 0.09726311310856793 3
3 456 0.0122814638421697 3
3 457 0.018627234026148364 3
3 458 0.030830931686167067 3
3 459 0.04945539274179324 3
3 460 0.11173631840316901 3
3 461 0.009435129992800703 3
3 462 0.020742174953896398 3
3 463 0.02074222861881543 3
3 464 0.05981051880920073 3
3 465 0.01228144169654299 3
3 466 0.00943279812932891 3
3 467 0.02744055514807858 3
3 468 0.009893313215524162 3
3 469 0.009893418012715946 3
3 470 42049288.7860604 3
3 471 0.023729383907830883 3
3 472 0.03399394750560657 3
3 473 0.022345862401737585 3
3 474 0.02234586240148225 3
3 475 0.01549000635195948 3
3 476 0.028121341953968405 3
3 477 0.09962467961691684 3
3 478 0.00995672375417148 3
3 479 0.018185235174872645 3
3 480 0.026605682646194753 3
3 481 0.030304372006436216 3
3 482 0.011697578066007658 3
3 483 0.09803203472662246 3
3 484 0.04671350768461309 3
3 485 0.09249404910277464 3
3 486 0.018022706174344715 3
3 487 0.026855147727265362 3
3 488 0.009292105646733344 3
3 489 0.009435129992351807 3
3 490 0.01952897006999848 3
3 491 0.015487556008993323 3
3 492 0.08261184571020469 3
3 493 0.04453798964523293 3
3 494 0.009292105646733762 3
3 495 0.10966035667058897 3
3 496 0.026697246170781962 3
3 497 0.01549009739202725 3
3 498 0.10634767122504683 3
3 499 0.11173631840283019 3
3 500 0.020742228620345374 3
3 501 0.009893313215524162 3
3 502 0.015490063013800525 3
3 503 0.022345862401737585 3
3 504 0.01110089538278631 3
3 505 0.015487556009074652 3
3 506 18.84770564852239 3
3 507 17.158380718581398 3
3 508 5852.4113927366325 3
3 509 0.009893339770872634 3
3 510 0.009893418012715946 3
3 511 0.011697574333435384 3
3 512 0.019674567221032842 3
3 513 0.028263225385422867 3
3 514 134.33973891870593 3
3 515 0.010180317284444351 3
3 516 0.00835353855395996 3
3 517 0.00835353855395996 3
3 518 0.009427058769228563 3
3 519 0.009427058766137034 3
3 520 0.01787252965626863 3
3 521 0.017160688951529765 3
3 522 0.018613958463534197 3
3 523 0.018613958459243685 3
3 524 0.022345862402277466 3
3 525 0.02234586240148225 3
3 526 0.09726307685197831 3
3 527 0.009292105646732168 3
3 528 0.009432798133225402 3
3 529 0.10106334116529121 3
3 530 0.009435129992351807 3
3 531 0.009435129992800703 3
3 532 0.20063148670897427 3
3 533 0.09726311310025453 3
3 534 0.03456777848537577 3
3 535 0.017455683134188195 3
3 536 0.022345862401488767 3
3 537 0.03020784285091363 3
3 538 0.011697578066007658 3
3 539 0.01018014413824832 3
3 540 0.015946651880748584 3
3 541 0.013115203248834693 3
3 542 0.02484896884105237 3
3 543 0.03842335464715478 3
3 544 0.11246021893431118 3
3 545 0.14232585632914857 3
3 546 0.022345862401488767 3
3 547 0.009292105646732449 3
3 548 0.017160688951531153 3
3 549 0.01716068895153049 3
3 550 0.009989083995194992 3
3 551 18.84770564852239 3
3 552 0.024085185022486803 3
3 553 0.010721547645500932 3
3 554 0.06857828352902366 3
3 555 42049288.78611562 3
3 556 0.00989331321497298 3
3 557 0.009893418012715946 3
3 558 0.1152562681760692 3
3 559 0.011697578067198568 3
3 560 0.03323937454710239 3
3 561 0.02234586240148225 3
3 562 0.009292105646732501 3
3 563 0.009292105646732449 3
3 564 0.01787253276176762 3
3 565 5852.411395923599 3
3 566 0.009432798129124625 3
3 567 0.18116735527156053 3
3 568 0.018627234026148364 3
3 569 0.01053216558366932 3
3 570 0.058449357231277504 3
3 571 0.0355440851197533 3
3 572 0.009893418008016892 3
3 573 0.00989331321497298 3
3 574 0.003033188025258374 3
3 575 0.003033188025361932 3
3 576 0.026696836485636748 3
3 577 0.047178438081271354 3
3 578 0.033074870884719866 3
3 579 0.07014625366546487 3
3 580 0.04940116404631173 3
3 581 0.039569210534494095 3
3 582 0.012439671467015403 3
3 583 0.016946003995599142 3
3 584 0.009435129992800703 3
3 585 0.009435129992696101 3
3 586 0.009435129992696101 3
3 587 0.00943512999284001 3
3 588 0.10308596726259155 3
3 589 0.10308596725422105 3
3 590 0.020742174953896398 3
3 591 0.009435129992800703 3
3 592 0.009292105646732501 3
3 593 0.015490063013106124 3
3 594 0.01072154764550238 3
3 595 0.02744055316797254 3
3 596 0.009935921445045183 3
3 597 0.009956723756082352 3
3 598 0.009435129992800703 3
3 599 1.775484489154743 3
3 600 0.03628468735816426 3
3 601 0.09104709131661887 3
3 602 0.01072154764550238 3
3 603 0.010721564227671159 3
3 604 0.009292105646732168 3
3 605 0.009292105646733344 3
3 606 0.009435129992696101 3
3 607 0.1310607335235263 3
3 608 0.009935921445042467 3
3 609 0.04267036360765504 3
3 610 0.0316861104426619 3
3 611 0.01973739775442133 3
3 612 0.016810190330856352 3
3 613 0.07112075683658542 3
3 614 0.13458194069891918 3
3 615 0.00835353854832345 3
3 616 0.10033032303531865 3
3 617 0.05009311749772881 3
3 618 0.009435129992696101 3
3 619 0.00943512999284001 3
3 620 0.01377548813006554 3
3 621 0.010092767894765405 3
3 622 0.02744924123681984 3
3 623 0.02077557606582446 3
3 624 0.10308596742728275 3
3 625 0.009435129992730263 3
3 626 0.42572221095936363 3
3 627 0.0218335815645618 3
3 628 0.022933150303046195 3
3 629 0.009427058769228563 3
3 630 0.013688918195224534 3
3 631 0.06695350546349321 3
3 632 0.01963268517174979 3
3 633 0.03322581504353564 3
3 634 0.024084423291140532 3
3 635 0.08864164025501943 3
3 636 0.009435129992351807 3
3 637 0.009435129992696101 3
3 638 0.02518712661577984 3
3 639 0.031380453970061783 3
3 640 0.010721564227771995 3
3 641 0.022345862401488767 3
3 642 0.013115203248834693 3
3 643 0.009893339771518891 3
3 644 0.021356496540554878 3
3 645 5852.399437462327 3
3 646 0.009893418008016892 3
3 647 0.01675584984653755 3
3 648 0.010721564227771995 3
3 649 0.009893418012715946 3
3 650 15.419803672075927 3
3 651 0.03061307198495974 3
3 652 0.010721564227671159 3
3 653 0.010721564227671159 3
3 654 0.012281441696047444 3
3 655 0.02111106622466055 3
3 656 0.02408518322948603 3
3 657 0.009893418008016892 3
3 658 0.017872532761859867 3
3 659 0.021486505835272913 3
3 660 0.01018014413824832 3
3 661 0.010180317284444351 3
3 662 0.021392342910011932 3
3 663 0.00989331321497298 3
3 664 0.009893418008016892 3
3 665 0.01549009739202725 3
3 666 0.012281441696047444 3
3 667 0.03781839975282251 3
3 668 0.03526293366217202 3
3 669 0.0919603582856459 3
3 670 0.022358263591138634 3
3 671 0.027440555557553818 3
3 672 0.014570240952375597 3
3 673 0.010180143590876633 3
3 674 0.009893418008016892 3
3 675 0.16220876893340824 3
3 676 0.02685514772726037 3
3 677 0.11260597041575847 3
3 678 0.033239374546358565 3
3 679 0.10634767122873888 3
3 680 0.009893418012715946 3
3 681 0.01035820064897767 3
3 682 0.02234586240148225 3
3 683 0.011558462001298309 3
3 684 0.009893418012715946 3
3 685 0.1309162210810806 3
3 686 0.01549009739204693 3
3 687 0.009935921445566966 3
3 688 0.015487556009023714 3
3 689 0.020247107510052396 3
3 690 0.010721557849748672 3
3 691 0.02234586240196204 3
3 692 0.01996237119520149 3
3 693 0.009893313215524162 3
3 694 0.021392342909480503 3
3 695 0.010721557849748672 3
3 696 4.613606953781186 3
3 697 0.03981883455410388 3
3 698 0.015487556009023714 3
3 699 0.03332251459423215 3
3 700 0.017329855865349294 3
3 701 0.01035820064897767 3
3 702 0.03229642028019197 3
3 703 0.1117363184041192 3
3 704 0.016701387934663702 3
3 705 0.03093393658442338 3
3 706 0.026991577477785345 3
3 707 0.10076130884478213 3
3 708 0.016810190330856352 3
3 709 0.026717831311864185 3
3 710 0.009893339770872634 3
3 711 0.011697570480390267 3
3 712 0.03229641481246259 3
3 713 0.11119475474833942 3
3 714 0.03742044982275625 3
3 715 0.017601079369666782 3
3 716 0.009935921445790544 3
3 717 0.016755849835067668 3
3 718 0.07147612689280193 3
3 719 0.02664865292590837 3
3 720 467772.66402829724 3
3 721 0.010721547645500932 3
3 722 0.05067029307029262 3
3 723 0.04516804984833175 3
3 724 0.009893418012715946 3
3 725 0.010721564227671159 3
3 726 0.011990401102085064 3
3 727 0.02318760282467461 3
3 728 0.009935921445045183 3
3 729 0.02234586240148225 3
3 730 0.01072154764550238 3
3 731 0.019607709804090483 3
3 732 0.009292105646732168 3
3 733 0.009292105646732168 3
3 734 0.011697578067198568 3
3 735 0.009893339770872634 3
3 736 0.009292105646733344 3
3 737 0.030207839110034867 3
3 738 0.10634767122516965 3
3 739 0.1063476712286193 3
3 740 0.10548785387768961 3
3 741 0.018723399678682508 3
3 742 0.0714761286719527 3
3 743 0.019531036223624787 3
3 744 0.11124259428771666 3
3 745 0.025550603681623936 3
3 746 0.017329855865918346 3
3 747 0.014570240952375597 3
3 748 0.009427058765665157 3
3 749 0.0957959761506526 3
3 750 0.04052287119309395 3
3 751 0.10652616152869386 3
3 752 0.01818523514708359 3
3 753 0.009956723755322538 3
3 754 0.010775981405886741 3
3 755 0.019808177178750736 3
3 756 17.158380718581398 3
3 757 0.015490063013106124 3
3 758 0.009292105646732449 3
3 759 0.022345862402479644 3
3 760 0.009893339770872634 3
3 761 0.022345862402479644 3
3 762 0.010721557849307018 3
3 763 0.03712622460181109 3
3 764 0.009935921444697316 3
3 765 0.009935921445042467 3
3 766 0.052655453682418585 3
3 767 0.015672801487849223 3
3 768 0.009435129992877225 3
3 769 0.009435129992696101 3
3 770 0.009893339771518891 3
3 771 0.022345862402277466 3
3 772 0.017160688951530934 3
3 773 17.158380718581398 3
3 774 0.015490006353922116 3
3 775 0.01963268517110827 3
3 776 0.07147612815472726 3
3 777 0.0965852923097104 3
3 778 0.02669683648329313 3
3 779 0.013115203253790677 3
3 780 0.07039323442088728 3
3 781 0.02380659636733146 3
3 782 0.00943512999284001 3
3 783 0.043392830816187465 3
3 784 0.1063476712286193 3
3 785 0.017160688951529765 3
3 786 0.009935921445045183 3
3 787 0.00943512999284001 3
3 788 0.19149086488704595 3
3 789 0.026648678462197165 3
3 790 0.026717831311864185 3
3 791 0.009893339771518891 3
3 792 0.03229641481401725 3
3 793 0.02135642795117659 3
3 794 0.01862723385175142 3
3 795 0.00943279812932891 3
3 796 0.009935921445045183 3
3 797 0.016755849834222975 3
3 798 0.009435129992730263 3
3 799 0.009893339770872634 3
3 800 0.009935921445790544 3
3 801 0.009935921445045183 3
3 802 0.013115203248834693 3
3 803 0.04940115598311626 3
3 804 0.027981569125219888 3
3 805 0.027981757506610472 3
3 806 0.009432798133098915 3
3 807 0.00943512999284001 3
3 808 0.05459982441342969 3
3 809 0.026717838353236937 3
3 810 0.024085185023039378 3
3 811 0.02408520302219486 3
3 812 0.010092767892375518 3
3 813 0.010092767892945448 3
3 814 0.026717838353236937 3
3 815 0.010775981405886741 3
3 816 0.055723028668706556 3
3 817 0.02234586240196204 3
3 818 0.03323937454736142 3
3 819 0.02234586240196204 3
3 820 4605235.873395821 3
3 821 0.10634767122873888 3
3 822 0.009435129992730263 3
3 823 0.021486505835281042 3
3 824 0.017160688951530934 3
3 825 0.017160688951531198 3
3 826 0.00943512999284001 3
3 827 0.03322581504353564 3
3 828 5852.4113927366325 3
3 829 0.009893339770872634 3
3 830 0.012281443307494146 3
3 831 0.02148650583528986 3
3 832 0.03556530560583587 3
3 833 0.022530235164082826 3
3 834 0.04087738941867745 3
3 835 0.23535845552838383 3
3 836 0.046926573099138634 3
3 837 0.027240940484576568 3
3 838 0.01822084258475865 3
3 839 0.011697578066007658 3
3 840 0.031686110442702184 3
3 841 0.046446611147764896 3
3 842 0.021814251975410877 3
3 843 0.02664865290382574 3
3 844 0.01974291253200507 3
3 845 0.015487556009074652 3
3 846 0.10237050116669186 3
3 847 0.01018014413824832 3
3 848 0.020742228620345374 3
3 849 0.02074222861881543 3
3 850 0.010151320071343159 3
3 851 0.03332338403021436 3
3 852 0.045038201557108 3
3 853 0.02368834182012797 3
3 854 0.03200104446606412 3
3 855 0.026717831311864185 3
3 856 0.010776007446969816 3
3 857 0.026717831311864185 3
3 858 0.17454215143109847 3
3 859 0.009292105646733344 3
3 860 0.019829880874683504 3
3 861 0.010196504285907546 3
3 862 0.00989331321497298 3
3 863 0.009435129992351807 3
3 864 0.09159423625247132 3
3 865 0.01549009739204693 3
3 866 0.030638489073595898 3
3 867 0.04972433666805162 3
3 868 0.02377346638897003 3
3 869 0.0105321747562384 3
3 870 0.010358200649064273 3
3 871 0.0103582006491834 3
3 872 0.06387931157309137 3
3 873 0.022490695425476773 3
3 874 0.13733152055690168 3
3 875 0.017601079369666782 3
3 876 134.33973910974353 3
3 877 42049288.78611562 3
3 878 0.01549000635195948 3
3 879 0.015490006353922116 3
3 880 0.009292105646732959 3
3 881 0.00943512999284001 3
3 882 0.011100911261238756 3
3 883 0.01549009739204693 3
3 884 0.05677886159238542 3
3 885 0.026696857801497838 3
3 886 0.023187586855800087 3
3 887 0.009935921445045183 3
3 888 0.01549009739202725 3
3 889 0.01549000635195948 3
3 890 0.02610003223669379 3
3 891 0.02610003223605166 3
3 892 0.009292105646732959 3
3 893 0.009292105646732168 3
3 894 0.020742148727348825 3
3 895 6.681570157268612 3
3 896 0.022976872948288946 3
3 897 0.015487556009098841 3
3 898 0.009935921445045183 3
3 899 0.10634767122629091 3
3 900 0.009935921445790544 3
3 901 0.02139234291018163 3
3 902 0.009893313215524162 3
3 903 0.026015623937064882 3
3 904 0.009893418008016892 3
3 905 0.009435129992877225 3
3 906 0.012281441696047444 3
3 907 5852.3985443775855 3
3 908 0.033236363828379425 3
3 909 0.0332363638277749 3
3 910 0.026717838353236937 3
3 911 0.009893418008016892 3
3 912 0.02183356014264326 3
3 913 0.017470788552913695 3
3 914 0.013115203251547046 3
3 915 0.05265545368371098 3
3 916 0.009893418012715946 3
3 917 0.021111066226396753 3
3 918 4241474.552298417 3
3 919 0.02148650583528986 3
3 920 0.025445332955551923 3
3 921 0.01228144169654299 3
3 922 0.010157123435247961 3
3 923 0.010157123434611521 3
3 924 0.010721557849748672 3
3 925 0.01862723385175142 3
3 926 0.022345862402277466 3
3 927 0.06800642143685817 3
3 928 0.009935921445042467 3
3 929 0.03456299916942872 3
3 930 0.010092767891988395 3
3 931 0.024084423290822193 3
3 932 0.009893339771518891 3
3 933 0.009893313215524162 3
3 934 0.022345862402479644 3
3 935 0.09812143030403284 3
3 936 0.014570243542964363 3
3 937 0.009435129992351807 3
3 938 0.00989331321497298 3
3 939 0.019505814412051094 3
3 940 0.01549009739204693 3
3 941 0.011100911260948934 3
3 942 0.00943512999284001 3
3 943 18.84770564852239 3
3 944 0.009292105646732501 3
3 945 0.022345862401488767 3
3 946 0.009432798129124625 3
3 947 198.70207072015216 3
3 948 0.02669680608619306 3
3 949 0.03399394855374142 3
3 950 702.7742188934246 3
3 951 0.010151320071338744 3
3 952 0.01681014815409659 3
3 953 0.03536585144679224 3
3 954 0.06860815267247324 3
3 955 0.05408900698291573 3
3 956 0.011990401102085064 3
3 957 0.011990401102591086 3
3 958 0.11173631840283019 3
3 959 0.42572221095990553 3
3 960 0.09726307685134704 3
3 961 0.009935921445042467 3
3 962 0.009893313215524162 3
3 963 0.012281443307494146 3
3 964 0.03402662189017222 3
3 965 0.021486505835294167 3
3 966 0.01549000635195948 3
3 967 0.011697574333435384 3
3 968 0.10634767122655685 3
3 969 0.019674841604871422 3
3 970 0.01549009739204693 3
3 971 0.03242071313839547 3
3 972 0.11886050660187462 3
3 973 0.04940115598311626 3
3 974 0.01549009739204693 3
3 975 0.009292105646732501 3
3 976 0.023128440277523823 3
3 977 0.017329855865552808 3
3 978 0.16776931803708728 3
3 979 0.0311777995541246 3
3 980 0.014384459513776062 3
3 981 0.017872536842998436 3
3 982 0.021486505835294167 3
3 983 0.009292105646733762 3
3 984 0.009435129992351807 3
3 985 0.008353690173821057 3
3 986 0.00989331321497298 3
3 987 0.009893339771518891 3
3 988 0.009893339771518891 3
3 989 0.022976872947977796 3
3 990 0.010196504285907546 3
3 991 0.010196504285530419 3
3 992 0.009893339771518891 3
3 993 0.009893418012715946 3
3 994 0.018627234026148364 3
3 995 0.03001784923283762 3
3 996 0.03323636382851248 3
3 997 0.10634767122873888 3
3 998 0.009292105646732959 3
3 999 0.009292105646733762 3
3 1000 0.03229643164756287 3
3 1001 0.03229642028060958 3
3 1002 0.011697570480390267 3
3 1003 0.026717838353236937 3
3 1004 0.009893418008016892 3
3 1005 0.009893339771518891 3
3 1006 0.009893339771518891 3
3 1007 0.011697570480487805 3
3 1008 0.009292105646732449 3
3 1009 0.010157123434844194 3
3 1010 0.03229642028019197 3
3 1011 0.04128688287461183 3
3 1012 0.02234586240148225 3
3 1013 0.009292105646732959 3
3 1014 0.010157123434611521 3
3 1015 0.010157123435171106 3
3 1016 0.040125389411939355 3
3 1017 0.04415453938015597 3
3 1018 0.01072154764550238 3
3 1019 0.010532192744854833 3
3 1020 0.009989083995193566 3
3 1021 0.10308596725422105 3
3 1022 0.01549009739204693 3
3 1023 0.009893339771518891 3
3 1024 0.10652616152875576 3
3 1025 0.10652616152875576 3
3 1026 0.010092767894765405 3
3 1027 0.033800692019306494 3
3 1028 0.009435129992351807 3
3 1029 0.009435129992351807 3
3 1030 0.022933161007358684 3
3 1031 0.022345862401737585 3
3 1032 0.00943279812932891 3
3 1033 0.014384480437699665 3
3 1034 0.04275272650994148 3
3 1035 0.024401537468792672 3
3 1036 0.012439659749278756 3
3 1037 0.1693490484339912 3
3 1038 0.04121921059559178 3
3 1039 0.02408442329543562 3
3 1040 0.021111187104604294 3
3 1041 0.026605682646194753 3
3 1042 0.017160688951531198 3
3 1043 0.10760991318935521 3
3 1044 134.33973910974353 3
3 1045 0.009893339771518891 3
3 1046 0.009893418008016892 3
3 1047 0.009893339770872634 3
3 1048 0.012439659749563063 3
3 1049 0.1711691126485172 3
3 1050 0.03246089551572387 3
3 1051 0.009292105646732501 3
3 1052 0.09999743517319619 3
3 1053 0.0122814433072729 3
3 1054 0.04275625295104019 3
3 1055 0.03484695730034877 3
3 1056 0.009893418008016892 3
3 1057 0.026012705158260954 3
3 1058 0.03555673205111501 3
3 1059 0.01567280148696556 3
3 1060 0.040397980188421445 3
3 1061 0.0336229951517868 3
3 1062 0.009893418012715946 3
3 1063 0.021392342910011932 3
3 1064 0.026696857801497838 3
3 1065 0.012439671466754853 3
3 1066 0.034567531551794844 3
3 1067 0.011990401102085064 3
3 1068 0.031146384258479216 3
3 1069 0.010151320071231327 3
3 1070 0.018627234026148364 3
3 1071 0.010532192744555482 3
3 1072 0.01228144169654299 3
3 1073 0.01438445951614653 3
3 1074 0.00943512999284001 3
3 1075 0.009435129992730263 3
3 1076 0.052655453682418585 3
3 1077 1990.751517489063 3
3 1078 0.033239374547626495 3
3 1079 0.013115203248202176 3
3 1080 0.01072154764550238 3
3 1081 0.010721547645500932 3
3 1082 0.028045766701076096 3
3 1083 0.02408518322747675 3
3 1084 0.013688927052011303 3
3 1085 0.013688901119828806 3
3 1086 0.0103582006491834 3
3 1087 0.010358200649064273 3
3 1088 0.012281463842260754 3
3 1089 0.07965465713805908 3
3 1090 0.0768499456767606 3
3 1091 0.054282732689194965 3
3 1092 0.019528970067235134 3
3 1093 0.03332338403308131 3
3 1094 0.01053217475607888 3
3 1095 0.01549009739204693 3
3 1096 0.10308596726259155 3
3 1097 0.017470788552908022 3
3 1098 0.03430468959721882 3
3 1099 0.02318760282467461 3
3 1100 0.033574101128489346 3
3 1101 0.00943279812932891 3
3 1102 5852.3994331942595 3
3 1103 0.010180317284444351 3
3 1104 0.15250826247332389 3
3 1105 0.08114451190690018 3
3 1106 0.031957838871244065 3
3 1107 0.033236363828379425 3
3 1108 0.010157123434005022 3
3 1109 0.011990401102085064 3
3 1110 0.026648287716285954 3
3 1111 0.017160688951530882 3
3 1112 0.022345862402277466 3
3 1113 0.009292105646732501 3
3 1114 0.016701387934662703 3
3 1115 0.00989331321497298 3
3 1116 0.07343284442516332 3
3 1117 0.03290688635429155 3
3 1118 0.009893313215524162 3
3 1119 0.01072154764550238 3
3 1120 0.10308596725422105 3
3 1121 0.009435129992351807 3
3 1122 0.01862723385175142 3
3 1123 0.013688918190960533 3
3 1124 0.017160688951531153 3
3 1125 0.017160688951531153 3
3 1126 0.02074222861881543 3
3 1127 0.009935921444697316 3
3 1128 0.009935921445566966 3
3 1129 0.035697917082601845 3
3 1130 0.010775968191246012 3
3 1131 0.009893313215524162 3
3 1132 0.019724348561250854 3
3 1133 0.03310783587846837 3
3 1134 0.02234586240196204 3
3 1135 0.009935921444697316 3
3 1136 0.009292105646732501 3
3 1137 0.009292105646732501 3
3 1138 0.01549009739204693 3
3 1139 0.011697570480390267 3
3 1140 0.010721557849748672 3
3 1141 0.015995250047726978 3
3 1142 0.02234586240148225 3
3 1143 0.01053217475607888 3
3 1144 0.1097905350810378 3
3 1145 0.009435129992351807 3
3 1146 0.010092767891988395 3
3 1147 0.009893418008016892 3
3 1148 0.01228144169654299 3
3 1149 0.01072154764550238 3
3 1150 0.009292105646732501 3
3 1151 0.017160688951531198 3
3 1152 0.009435129992730263 3
3 1153 0.009435129992351807 3
3 1154 0.03322581504353564 3
3 1155 0.04940116404631173 3
3 1156 0.01053216558366932 3
3 1157 0.02744055418789783 3
3 1158 0.012439659749563063 3
3 1159 0.019632685171101096 3
3 1160 0.009893313215524162 3
3 1161 0.017068204511035093 3
3 1162 0.047178437985081034 3
3 1163 0.019632685171101096 3
3 1164 0.009292105646733762 3
3 1165 17.158380718581398 3
3 1166 0.029654057037020926 3
3 1167 0.028968297326125964 3
3 1168 0.02234586240148225 3
3 1169 0.022345862401488767 3
3 1170 0.010721564227671159 3
3 1171 0.011100895382657358 3
3 1172 0.01973739775442133 3
3 1173 0.14090272706312 3
3 1174 0.06952036705719832 3
3 1175 0.0332258150435373 3
3 1176 0.009935921445042467 3
3 1177 0.010358200648983783 3
3 1178 0.010844030210964611 3
3 1179 0.0384240492431227 3
3 1180 0.1914908666653801 3
3 1181 0.10634767122873888 3
3 1182 0.09043604609781625 3
3 1183 0.011697570480390267 3
3 1184 0.0122814433072729 3
3 1185 0.014570243543325366 3
3 1186 0.011697578067198568 3
3 1187 0.009893339771518891 3
3 1188 0.03403407084485294 3
3 1189 0.05067029477702019 3
3 1190 0.07147886689336014 3
3 1191 0.020957115147372828 3
3 1192 0.024085185022486803 3
3 1193 0.00943512999284001 3
3 1194 0.009893418008016892 3
3 1195 0.009292105646732449 3
3 1196 0.022976872948288946 3
3 1197 163850998.2505462 3
3 1198 0.026717838357148718 3
3 1199 0.024084423290822193 3
3 1200 0.010358200648983783 3
3 1201 0.010358200649050287 3
3 1202 0.02368834033018683 3
3 1203 0.010920860588314353 3
3 1204 0.04852104102577162 3
3 1205 0.026717838357148718 3
3 1206 0.01228144169654299 3
3 1207 0.0122814433072729 3
3 1208 0.01675584984152786 3
3 1209 0.011697578067198568 3
3 1210 0.033460086342706225 3
3 1211 0.022933150302996863 3
3 1212 0.010092767892945448 3
3 1213 0.010092767891989369 3
3 1214 0.02878491786572002 3
3 1215 0.034704329011026706 3
3 1216 0.005826785492982391 3
3 1217 0.012281443307494146 3
3 1218 0.03200104446606871 3
3 1219 0.02669680608619306 3
3 1220 0.026717831311864185 3
3 1221 0.010776007450793053 3
3 1222 0.00943512999284001 3
3 1223 0.00943512999284001 3
3 1224 0.019808177178750736 3
3 1225 0.012281441696047444 3
3 1226 0.024012653242715336 3
3 1227 0.03281505673524717 3
3 1228 0.1715194024256086 3
3 1229 367539.4469117494 3
3 1230 0.015490063013106124 3
3 1231 0.01681014815409659 3
3 1232 0.017160688951530882 3
3 1233 0.009893313215524162 3
3 1234 0.10308596724487931 3
3 1235 0.10308596724487931 3
3 1236 0.01549000635195948 3
3 1237 0.1543919283233076 3
3 1238 0.009893418012715946 3
3 1239 0.020198577313790704 3
3 1240 0.026010808891624947 3
3 1241 0.04876753554741276 3
3 1242 0.010092767892375518 3
3 1243 0.009432798133225402 3
3 1244 0.012439659783200534 3
3 1245 0.009292105646732501 3
3 1246 0.019505814412966206 3
3 1247 42049288.7860604 3
3 1248 0.010721557849748672 3
3 1249 0.026717831311864185 3
3 1250 0.032221424491239825 3
3 1251 0.03200104446606412 3
3 1252 0.03020784181897636 3
3 1253 0.015490006353922116 3
3 1254 0.03797174216717363 3
3 1255 0.05270802692613534 3
3 1256 0.009432798133098915 3
3 1257 0.011697574333435384 3
3 1258 5852.411395923599 3
3 1259 0.014384459513776062 3
3 1260 0.04744775314899458 3
3 1261 0.025947671414897035 3
3 1262 0.021356478701282374 3
3 1263 5852.4113927366325 3
3 1264 0.010180143590876633 3
3 1265 0.013775025433993605 3
3 1266 0.021486505835261852 3
3 1267 0.012281443307494146 3
3 1268 0.1631422692167936 3
3 1269 0.009292105646733762 3
3 1270 0.036815410087690896 3
3 1271 0.09032335291533106 3
3 1272 0.011100895382657358 3
3 1273 0.022345862402277466 3
3 1274 0.017068204511035093 3
3 1275 0.0908095958780881 3
3 1276 0.009432798133225402 3
3 1277 0.01072154764550238 3
3 1278 0.010721564227671159 3
3 1279 0.010775981407073877 3
3 1280 0.021486505835277597 3
3 1281 0.03229642028060958 3
3 1282 0.03767944921937478 3
3 1283 0.025409898509195207 3
3 1284 0.09262963146419041 3
3 1285 0.013573781077773992 3
3 1286 0.42572221095990553 3
3 1287 0.07147612957066919 3
3 1288 0.009893418012715946 3
3 1289 0.026717838353236937 3
3 1290 0.11173631840316901 3
3 1291 0.009292105646732501 3
3 1292 0.024085185023039378 3
3 1293 0.009435129992730263 3
3 1294 0.02024710579515168 3
3 1295 0.009435129992696101 3
3 1296 0.0122814433072729 3
3 1297 0.010721564227671159 3
3 1298 0.0278211767659366 3
3 1299 0.014434574986557553 3
3 1300 0.009432798129124625 3
3 1301 0.022976872948301363 3
3 1302 0.10634767122629091 3
3 1303 0.009292105646732168 3
3 1304 0.030207831185026693 3
3 1305 0.03229643164756287 3
3 1306 0.020198585574906367 3
3 1307 0.009435129992351807 3
3 1308 0.16220876893340824 3
3 1309 0.16220876893340824 3
3 1310 0.009427058766137034 3
3 1311 0.011697570480390267 3
3 1312 0.10634767122629091 3
3 1313 0.10652616152875576 3
3 1314 0.010721547645500932 3
3 1315 0.009292105646732449 3
3 1316 0.02594767141748848 3
3 1317 0.025947671414843266 3
3 1318 0.04644661114776884 3
3 1319 0.046446611147764896 3
3 1320 0.009893339771518891 3
3 1321 0.00989331321497298 3
3 1322 0.022345862402479644 3
3 1323 0.16628434584933513 3
3 1324 0.010157123434611521 3
3 1325 0.021392342909480503 3
3 1326 17.158380718581398 3
3 1327 0.015490006353922116 3
3 1328 0.026648287716993478 3
3 1329 0.010776007450793053 3
3 1330 0.09537892988424158 3
3 1331 0.028680661398765902 3
3 1332 0.00989331321497298 3
3 1333 0.02234586240148225 3
3 1334 0.012261158305600539 3
3 1335 0.009435129992877225 3
3 1336 0.022345862402277466 3
3 1337 0.022345862401737585 3
3 1338 0.11580600111761315 3
3 1339 0.026100120383918728 3
3 1340 0.009935921445566966 3
3 1341 0.015816463199607462 3
3 1342 0.017160688951531198 3
3 1343 0.017160688951529765 3
3 1344 0.03020784021165635 3
3 1345 0.025445332955551923 3
3 1346 0.009435129992800703 3
3 1347 0.09726311310907548 3
3 1348 0.015920406008609913 3
3 1349 12676.909368639603 3
3 1350 0.009435129992877225 3
3 1351 0.019737397752727065 3
3 1352 0.009435129992351807 3
3 1353 0.009435129992800703 3
3 1354 0.09880742751183896 3
3 1355 0.01196236433708174 3
3 1356 0.02312844027839043 3
3 1357 134.33973877326443 3
3 1358 0.017160688951531153 3
3 1359 0.42572221095971197 3
3 1360 0.014162096201315312 3
3 1361 0.026010251417565057 3
3 1362 0.11188140681953712 3
3 1363 0.03236152639923962 3
3 1364 0.032489996814183186 3
3 1365 0.02876104750620704 3
3 1366 0.013115203253790677 3
3 1367 0.03281509775220791 3
3 1368 0.009292105646732168 3
3 1369 0.14952552471947264 3
3 1370 0.009893339770872634 3
3 1371 0.009893339771518891 3
3 1372 0.009435129992351807 3
3 1373 0.029419715625946353 3
3 1374 0.009893339771518891 3
3 1375 0.04940116404631173 3
3 1376 0.009432798133225402 3
3 1377 0.020913749773596328 3
3 1378 0.42572221095990553 3
3 1379 0.018022706174392413 3
3 1380 0.03280397775005753 3
3 1381 0.07322949118670277 3
3 1382 0.021392342910221327 3
3 1383 0.017470788552916148 3
3 1384 0.01549009739202725 3
3 1385 0.01549009739202725 3
3 1386 0.021486505835261852 3
3 1387 0.0122814433072729 3
3 1388 0.01072154764550238 3
3 1389 0.021392342910011932 3
3 1390 0.009935921445566966 3
3 1391 0.009956723755314069 3
3 1392 0.009292105646733344 3
3 1393 0.009935921445790544 3
3 1394 0.01980818112843157 3
3 1395 0.019808177178750736 3
3 1396 0.029940044112657847 3
3 1397 0.16995237512304587 3
3 1398 0.009435129992800703 3
3 1399 0.009292105646732501 3
3 1400 0.017872536842136553 3
3 1401 0.015490063013800525 3
3 1402 0.06233870339689684 3
3 1403 0.01549009739202725 3
3 1404 134.33973877326443 3
3 1405 0.031138649833912468 3
3 1406 0.00301463008079525 3
3 1407 0.017846661317504196 3
3 1408 0.01549009739204693 3
3 1409 0.009292105646732168 3
3 1410 0.015490063013800525 3
3 1411 0.015806697105419376 3
3 1412 0.0332258150435373 3
3 1413 0.02669683648329313 3
3 1414 0.03020783118507899 3
3 1415 0.01072154764550238 3
3 1416 0.010151320071329486 3
3 1417 0.03218503433974449 3
3 1418 0.009893339771518891 3
3 1419 0.01018014413824832 3
3 1420 0.03010800269589176 3
3 1421 0.010776007450793053 3
3 1422 0.01549009739204693 3
3 1423 0.011100895382657358 3
3 1424 0.009893313215524162 3
3 1425 0.025947671414843266 3
3 1426 0.009292105646732959 3
3 1427 42049288.7860604 3
3 1428 0.012281443307494146 3
3 1429 0.0122814433072729 3
3 1430 0.10251565106934184 3
3 1431 0.10251565106934184 3
3 1432 0.01549009739204693 3
3 1433 0.1328479380191138 3
3 1434 0.00943512999284001 3
3 1435 0.021486505835294167 3
3 1436 0.027132951843277985 3
3 1437 0.10076130883784537 3
3 1438 0.017872536842998436 3
3 1439 0.017872536842136553 3
3 1440 0.009435129992800703 3
3 1441 0.009435129992877225 3
3 1442 0.011100913508444445 3
3 1443 0.011100911261238756 3
3 1444 0.022345862402479644 3
3 1445 0.00989331321497298 3
3 1446 0.01072154764550238 3
3 1447 5852.399437462327 3
3 1448 0.02234586240148225 3
3 1449 0.11886050660301302 3
3 1450 0.02669683648329313 3
3 1451 0.05265545308202351 3
3 1452 0.009292105646732959 3
3 1453 0.02234586240196204 3
3 1454 0.009292105646732449 3
3 1455 0.009292105646733344 3
3 1456 42049288.78611562 3
3 1457 0.009435129992696101 3
3 1458 0.010721547645500932 3
3 1459 0.028045766701076096 3
3 1460 0.012281443307494146 3
3 1461 0.021486505835272913 3
3 1462 0.011697578066007658 3
3 1463 0.023802550625854395 3
3 1464 0.009292105646732449 3
3 1465 0.009292105646733762 3
3 1466 0.00835373717531057 3
3 1467 0.009435129992800703 3
3 1468 0.021111187104327526 3
3 1469 0.00942705876964204 3
3 1470 0.015490006353922116 3
3 1471 0.015490063013106124 3
3 1472 17.158380718581398 3
3 1473 0.01549009739202725 3
3 1474 0.03767885492238799 3
3 1475 0.037679653017102493 3
3 1476 0.03229643164756287 3
3 1477 0.027240944388622835 3
3 1478 0.17276245408019106 3
3 1479 0.022345862402277466 3
3 1480 0.013775567613696615 3
3 1481 467770.06804250757 3
3 1482 0.011697578066007658 3
3 1483 0.03323937454736142 3
3 1484 0.026648678462197165 3
3 1485 1.2172360482995912 3
3 1486 0.026697245254064302 3
3 1487 0.01549009739204693 3
3 1488 467770.06804250757 3
3 1489 0.013688927052322383 3
3 1490 0.009935921445042467 3
3 1491 0.009292105646732959 3
3 1492 0.02252573156691267 3
3 1493 5852.411395923599 3
3 1494 0.02724083045219835 3
3 1495 0.009989083995194992 3
3 1496 0.02587752565884906 3
3 1497 0.02115922996934568 3
3 1498 0.024084423290822193 3
3 1499 0.01100734019846066 3
3 1500 0.009292105646732168 3
3 1501 0.03332338403308131 3
3 1502 0.009893339770872634 3
3 1503 0.009893418012715946 3
3 1504 0.02544533298447712 3
3 1505 0.030207840625543696 3
3 1506 0.009893339771518891 3
3 1507 0.02139234291018163 3
3 1508 0.018627233851597726 3
3 1509 0.01438445951614653 3
3 1510 0.010092767892375518 3
3 1511 0.010092767894765405 3
3 1512 0.026696857801497838 3
3 1513 0.026717838353236937 3
3 1514 0.017329855865414457 3
3 1515 0.028199806939624296 3
3 1516 0.03403407084483871 3
3 1517 0.010721564227671159 3
3 1518 0.009435129992800703 3
3 1519 0.021486505835281042 3
3 1520 0.009292105646732168 3
3 1521 0.009292105646732449 3
3 1522 0.030114246603681494 3
3 1523 0.030114246603681494 3
3 1524 0.026717831311864185 3
3 1525 0.015487556009023714 3
3 1526 0.03168545162998656 3
3 1527 0.22904470517428427 3
3 1528 0.028121341972443332 3
3 1529 0.08316051371656352 3
3 1530 0.032185034350590155 3
3 1531 0.01549000635195948 3
3 1532 5852.4113927366325 3
3 1533 0.018627234026104274 3
3 1534 0.019505814414918034 3
3 1535 0.02848747362317563 3
3 1536 0.13406403412439163 3
3 1537 0.05824388246989898 3
3 1538 0.026111860290484137 3
3 1539 0.010721564227671159 3
3 1540 0.009292105646733762 3
3 1541 0.009292105646733762 3
3 1542 0.015967569293511872 3
3 1543 0.07850638380628824 3
3 1544 0.009435129992351807 3
3 1545 42049288.78611562 3
3 1546 0.010721564227671159 3
3 1547 0.02408518322747675 3
3 1548 0.037717779665660624 3
3 1549 0.013115203248554768 3
3 1550 0.05981066374662248 3
3 1551 0.02148650583528986 3
3 1552 0.017329855866089174 3
3 1553 0.012439659783200534 3
3 1554 0.009435129992696101 3
3 1555 0.09726311310221641 3
3 1556 0.1699528141848008 3
3 1557 0.032185115765646054 3
3 1558 0.05994352276101118 3
3 1559 1.3941070226580936 3
3 1560 42049288.7860604 3
3 1561 0.009292105646732449 3
3 1562 0.11173631840316901 3
3 1563 0.10634767122516965 3
3 1564 0.010092767892945448 3
3 1565 0.009935921444697316 3
3 1566 0.00943512999284001 3
3 1567 0.009435129992730263 3
3 1568 0.014384480437699665 3
3 1569 0.022358263592776612 3
3 1570 0.018022706174747338 3
3 1571 0.42572221095936363 3
3 1572 0.017601079368696843 3
3 1573 0.011952942226562254 3
3 1574 0.13948485762400895 3
3 1575 0.03168545162998866 3
3 1576 0.009292105646732168 3
3 1577 0.1065261615287769 3
3 1578 0.009893339771518891 3
3 1579 0.010721557849748672 3
3 1580 0.015490063013106124 3
3 1581 0.03020784285091363 3
3 1582 0.00835353854832345 3
3 1583 0.013688927052011303 3
3 1584 0.009893339770872634 3
3 1585 0.011697570480487805 3
3 1586 0.010721557849748672 3
3 1587 0.021392342910011932 3
3 1588 0.1065261615287769 3
3 1589 0.01716068895153049 3
3 1590 0.017160688951530882 3
3 1591 0.01716068895153049 3
3 1592 0.015920406008596108 3
3 1593 0.01784666130881551 3
3 1594 0.022345862402479644 3
3 1595 0.009935921444697316 3
3 1596 0.02804579716633022 3
3 1597 0.0330660418326022 3
3 1598 0.009893313215524162 3
3 1599 0.008353737171585435 3
3 1600 0.011990401102085064 3
3 1601 0.010721547645500932 3
3 1602 163850998.2505462 3
3 1603 0.009435129992800703 3
3 1604 0.017295457244244528 3
3 1605 0.019724682849212867 3
3 1606 0.011697574334457466 3
3 1607 0.026717838357148718 3
3 1608 0.04981842787413457 3
3 1609 0.0332258150435373 3
3 1610 0.016810190330856352 3
3 1611 0.013573781070255052 3
3 1612 0.004795423013002624 3
3 1613 0.16526671963648706 3
3 1614 0.009435129992800703 3
3 1615 0.009935921445042467 3
3 1616 0.014570243542964363 3
3 1617 0.010721557849748672 3
3 1618 0.011697578067198568 3
3 1619 0.010092767893229508 3
3 1620 0.06971832624214462 3
3 1621 0.027240940484576568 3
3 1622 0.06107353553553139 3
3 1623 0.03364971390899217 3
3 1624 18.84770564852239 3
3 1625 0.09726311310856793 3
3 1626 0.011952942226562254 3
3 1627 0.0176010793697896 3
3 1628 0.00835373717531057 3
3 1629 0.020198603132795468 3
3 1630 0.0099890839978324 3
3 1631 0.009989083996952586 3
3 1632 0.023128440277385375 3
3 1633 0.009893313215524162 3
3 1634 0.010157123434844194 3
3 1635 0.010157123435171106 3
3 1636 0.06094696966570451 3
3 1637 0.047178438081271354 3
3 1638 0.017872536842136553 3
3 1639 0.017872529655761527 3
3 1640 0.010721564227671159 3
3 1641 0.010721557849748672 3
3 1642 0.02669683648329313 3
3 1643 0.03399394750560657 3
3 1644 0.019737397754418174 3
3 1645 0.00989331321497298 3
3 1646 0.10833991546550789 3
3 1647 0.10833991546778136 3
3 1648 0.021486505835261852 3
3 1649 0.009435129992800703 3
3 1650 0.0154875560091346 3
3 1651 0.022345862402277466 3
3 1652 0.025877525658848953 3
3 1653 0.025877525658854424 3
3 1654 0.009292105646733344 3
3 1655 0.010721564227771995 3
3 1656 0.009893418012715946 3
3 1657 0.009893418012715946 3
3 1658 0.015487556008993323 3
3 1659 0.0736802616763752 3
3 1660 0.022345862402277466 3
3 1661 0.035262933664053815 3
3 1662 0.009989083997832502 3
3 1663 0.015490063013106124 3
3 1664 0.0779103865021028 3
3 1665 0.022345862402277466 3
3 1666 0.03221507990004784 3
3 1667 0.03221507990004784 3
3 1668 0.015490063013800525 3
3 1669 0.030207831185026693 3
3 1670 0.4689445617621177 3
3 1671 0.03322581504353315 3
3 1672 0.03430468959721882 3
3 1673 1.3941070227788683 3
3 1674 0.018760180096950404 3
3 1675 0.027294490080847937 3
3 1676 0.01861377644345009 3
3 1677 0.010157123434208762 3
3 1678 0.02234586240196204 3
3 1679 0.009893313215524162 3
3 1680 0.012439659783563093 3
3 1681 0.009893313215524162 3
3 1682 0.44508089453518945 3
3 1683 0.015946651880748584 3
3 1684 0.02492248399174477 3
3 1685 0.012439659783200534 3
3 1686 0.045632928390088624 3
3 1687 0.018412444851517048 3
3 1688 0.010721564227771995 3
3 1689 0.024085203021559424 3
3 1690 0.10243854138513275 3
3 1691 0.009427058766112377 3
3 1692 0.01862723243933624 3
3 1693 0.04934958334881596 3
3 1694 0.027440555557553818 3
3 1695 0.010721564227671159 3
3 1696 0.014371622464574635 3
3 1697 0.034394819335417194 3
3 1698 0.026717831311864185 3
3 1699 0.030207842850720316 3
3 1700 0.1065261615287769 3
3 1701 0.01959029232027413 3
3 1702 0.009435129992696101 3
3 1703 0.06800642143685817 3
3 1704 0.052031544057077224 3
3 1705 0.027821176778246595 3
3 1706 12676.909658237739 3
3 1707 26582.516730596424 3
3 1708 0.010721564227771995 3
3 1709 0.024085185022486803 3
3 1710 18.84770564852239 3
3 1711 0.009435129992877225 3
3 1712 0.031000186899857188 3
3 1713 0.01549009739202725 3
3 1714 0.0122814638421697 3
3 1715 0.0122814638421697 3
3 1716 0.011952942226559439 3
3 1717 0.0176010793697896 3
3 1718 0.02234586240196204 3
3 1719 0.009292105646732959 3
3 1720 5852.4113927366325 3
3 1721 0.01862723385175142 3
3 1722 0.020742228620345374 3
3 1723 0.011990401102420755 3
3 1724 0.008353737171585435 3
3 1725 0.03712622460181109 3
3 1726 0.009935921445566966 3
3 1727 0.009292105646733344 3
3 1728 0.05134885131678291 3
3 1729 0.05134885131678864 3
3 1730 0.01963268517217048 3
3 1731 0.06027569863025088 3
3 1732 0.10652616152875576 3
3 1733 0.017160688951529765 3
3 1734 0.010721557849307018 3
3 1735 0.03262244383940412 3
3 1736 0.014384437263049582 3
3 1737 0.028482059367517014 3
3 1738 0.01072154764550238 3
3 1739 0.01053217475607888 3
3 1740 5852.4113927366325 3
3 1741 0.024085185023039378 3
3 1742 0.010721557849748672 3
3 1743 0.009893339770872634 3
3 1744 0.021486505835272913 3
3 1745 0.022950599947704143 3
3 1746 0.16952851390063156 3
3 1747 0.026717838357148718 3
3 1748 0.009989083995193566 3
3 1749 0.019505814412966206 3
3 1750 0.03280397776157306 3
3 1751 0.009292105646732168 3
3 1752 0.010844030210964611 3
3 1753 0.09557640955234818 3
3 1754 5852.3985443775855 3
3 1755 5852.3985443775855 3
3 1756 0.022345862401737585 3
3 1757 0.01549000635195948 3
3 1758 0.09471611192623182 3
3 1759 0.03083093168528967 3
3 1760 0.009435129992877225 3
3 1761 0.021486505835261852 3
3 1762 0.013688918195224534 3
3 1763 0.013688927052322383 3
3 1764 0.009893339771518891 3
3 1765 0.011558462000556638 3
3 1766 0.020742228620345374 3
3 1767 0.020913749773302057 3
3 1768 0.06452031640118695 3
3 1769 0.1666738751290991 3
3 1770 0.041872417293574625 3
3 1771 0.05426215057296023 3
3 1772 0.009435129992351807 3
3 1773 0.050087011215458145 3
3 1774 0.009893418008016892 3
3 1775 0.009893418012715946 3
3 1776 0.026717838353236937 3
3 1777 0.012439659783563093 3
3 1778 0.15048365796661897 3
3 1779 0.01980818112843157 3
3 1780 0.010721564227671159 3
3 1781 0.010721557849748672 3
3 1782 0.03323937454731175 3
3 1783 0.05265545437524336 3
3 1784 0.014384459513776062 3
3 1785 5852.3985443775855 3
3 1786 0.01974291253196631 3
3 1787 0.015487556009074652 3
3 1788 0.020742148727348825 3
3 1789 0.020742148724091816 3
3 1790 0.03626880909338432 3
3 1791 0.03416049687940527 3
3 1792 0.022345862401737585 3
3 1793 0.02234586240196204 3
3 1794 0.00943512999284001 3
3 1795 0.009893418008016892 3
3 1796 0.03020784181897636 3
3 1797 0.009292105646732959 3
3 1798 0.015490006353922116 3
3 1799 0.022345862401488767 3
3 1800 0.021486505835261852 3
3 1801 0.03020783118507899 3
3 1802 0.054734986066494726 3
3 1803 0.010092767893229508 3
3 1804 0.017848265507002102 3
3 1805 0.026605469910116766 3
3 1806 0.009435129992877225 3
3 1807 0.0714761286719527 3
3 1808 0.01053216558366932 3
3 1809 0.026717838353236937 3
3 1810 0.030017981112386516 3
3 1811 0.030017935757769097 3
3 1812 0.0218335815645618 3
3 1813 0.009435129992351807 3
3 1814 0.03663657339941535 3
3 1815 0.03323937454731175 3
3 1816 0.009893339771518891 3
3 1817 0.015490063013800525 3
3 1818 0.009292105646732449 3
3 1819 0.009292105646732168 3
3 1820 0.03069515122649175 3
3 1821 0.030695163606530088 3
3 1822 42049288.78611562 3
3 1823 0.009435129992351807 3
3 1824 0.00943279812932891 3
3 1825 0.014384480437699665 3
3 1826 0.16952857318834347 3
3 1827 0.009893313215524162 3
3 1828 0.011697570480390267 3
3 1829 0.12419375422708814 3
3 1830 0.009893418008016892 3
3 1831 0.009893418008016892 3
3 1832 0.02664865290382574 3
3 1833 0.02234586240148225 3
3 1834 0.019724705325999643 3
3 1835 0.027510812250827694 3
3 1836 0.026696857801497838 3
3 1837 0.011007340197497271 3
3 1838 0.011100911260948934 3
3 1839 0.019724695593361898 3
3 1840 0.022345862401488767 3
3 1841 0.019674841609075126 3
3 1842 0.009292105646732959 3
3 1843 0.017160688951531153 3
3 1844 2.9708001674606823 3
3 1845 0.009435129992696101 3
3 1846 0.011697570480390267 3
3 1847 0.011697578066007658 3
3 1848 0.028045766701076096 3
3 1849 0.011063273163032595 3
3 1850 0.1036223542963091 3
3 1851 0.06343235763831534 3
3 1852 0.07846377870881312 3
3 1853 0.03280397776157306 3
3 1854 5852.3994331942595 3
3 1855 0.009893418008016892 3
3 1856 0.010532192744854833 3
3 1857 0.01787252965626863 3
3 1858 0.009435129992877225 3
3 1859 0.009893339771518891 3
3 1860 0.04207922661107397 3
3 1861 0.031957838871244065 3
3 1862 0.040296971173731926 3
3 1863 0.06810210653857478 3
3 1864 0.02744055316797254 3
3 1865 0.01862723385175142 3
3 1866 0.03318324590759591 3
3 1867 0.051868339974319895 3
3 1868 0.010157123434005022 3
3 1869 0.010157123434208762 3
3 1870 5852.4113927366325 3
3 1871 0.013775567598882684 3
3 1872 0.010196504285081285 3
3 1873 0.009432798133098915 3
3 1874 0.028093778479993177 3
3 1875 0.01675584984626145 3
3 1876 0.016755849835067668 3
3 1877 0.01675584984653755 3
3 1878 0.01787253276176762 3
3 1879 0.010532192744555482 3
3 1880 0.02234586240196204 3
3 1881 0.009893418008016892 3
3 1882 0.009893339770872634 3
3 1883 0.009893313215524162 3
3 1884 0.024084423290822193 3
3 1885 0.03364971391007424 3
3 1886 0.022396609005883857 3
3 1887 0.011697574334457466 3
3 1888 0.009292105646733762 3
3 1889 0.015490006353922116 3
3 1890 0.017329855865918346 3
3 1891 0.008353737171585435 3
3 1892 0.0122814638421697 3
3 1893 0.010776007446969816 3
3 1894 0.03212833840204044 3
3 1895 0.018860319826819 3
3 1896 0.019720777755555616 3
3 1897 5546495.518947005 3
3 1898 0.034952521074030546 3
3 1899 0.009435129992730263 3
3 1900 0.14952552471575872 3
3 1901 0.009935921445042467 3
3 1902 0.009292105646732501 3
3 1903 0.10704951720009874 3
3 1904 0.1065261615287769 3
3 1905 0.03229642028060958 3
3 1906 0.017846661306215216 3
3 1907 0.10826262679027547 3
3 1908 0.009292105646732501 3
3 1909 0.02234586240148225 3
3 1910 0.015487556009023714 3
3 1911 0.026717831311864185 3
3 1912 0.017872536842998436 3
3 1913 0.027981569125219888 3
3 1914 0.07572010664072333 3
3 1915 0.010920860588341826 3
3 1916 0.03565815445972082 3
3 1917 0.015490063013106124 3
3 1918 0.023060412440169938 3
3 1919 0.0176010793697896 3
3 1920 0.017329855865552808 3
3 1921 0.017329855865918346 3
3 1922 0.04276431579545463 3
3 1923 0.02413087432749743 3
3 1924 0.009935921444697316 3
3 1925 0.025550603681623936 3
3 1926 0.010358200649050287 3
3 1927 0.009292105646732168 3
3 1928 0.015490006353922116 3
3 1929 0.01549009739204693 3
3 1930 0.03001784923283762 3
3 1931 0.01228144169654299 3
3 1932 0.00989331321497298 3
3 1933 0.027981569131970085 3
3 1934 0.026696806093989788 3
3 1935 0.04416234990420775 3
3 1936 0.024085185023039378 3
3 1937 0.02408518322948603 3
3 1938 13406.172803594356 3
3 1939 0.04292202495935705 3
3 1940 0.009935921445790544 3
3 1941 0.04870964838879819 3
3 1942 0.01760107936991885 3
3 1943 0.017601079368696843 3
3 1944 0.0154875560091346 3
3 1945 0.045360919335085924 3
3 1946 0.10634767122655685 3
3 1947 0.10634767122655685 3
3 1948 0.031410335199661445 3
3 1949 0.014570243543325366 3
3 1950 0.02297687294825469 3
3 1951 0.022976872948288946 3
3 1952 0.13700231068099378 3
3 1953 0.020742174960942952 3
3 1954 0.023187586855800087 3
3 1955 0.022345862401737585 3
3 1956 0.010721557849307018 3
3 1957 0.04806235000686157 3
3 1958 5852.3994331942595 3
3 1959 0.013775567598882684 3
3 1960 0.009435129992800703 3
3 1961 0.009435129992730263 3
3 1962 17.158380718581398 3
3 1963 18730121.85262646 3
3 1964 0.010721564227771995 3
3 1965 0.0122814638421697 3
3 1966 0.04806235000686157 3
3 1967 0.015920406008367888 3
3 1968 0.015490063013800525 3
3 1969 0.02383173479337985 3
3 1970 0.009435129992696101 3
3 1971 0.07147612809855336 3
3 1972 0.035417964486331506 3
3 1973 0.0354179644807535 3
3 1974 0.03099310374217012 3
3 1975 0.08363285346542865 3
3 1976 0.03323937454710239 3
3 1977 0.10634767122629091 3
3 1978 0.010532165583483298 3
3 1979 0.03020784181897636 3
3 1980 0.03442081829603402 3
3 1981 0.01549009739202725 3
3 1982 0.01053216558366932 3
3 1983 0.025445332955551923 3
3 1984 0.1063476712286193 3
3 1985 0.03229643164756287 3
3 1986 0.05067029478797246 3
3 1987 0.019528970067235134 3
3 1988 0.00989331321497298 3
3 1989 0.009292105646733762 3
3 1990 0.009292105646732168 3
3 1991 0.009435129992730263 3
3 1992 0.021111079955014097 3
3 1993 0.017872529655761527 3
3 1994 5546496.102135061 3
3 1995 0.009989083996952586 3
3 1996 0.010721564227671159 3
3 1997 0.010721547645500932 3
3 1998 0.009893339770872634 3
3 1999 0.012439671467015403 3
4 0 0.00301463008079525 3
4 1 0.003033188025258374 3
4 2 0.003033188025361932 3
4 3 0.004795423013002624 3
4 4 0.005826775005042552 3
4 5 0.005826785492982391 3
4 6 0.00835353854832345 3
4 7 0.00835353854832345 3
4 8 0.00835353855395996 3
4 9 0.00835353855395996 3
4 10 0.008353690173821057 3
4 11 0.008353690173821057 3
4 12 0.008353690173821057 3
4 13 0.008353690173821057 3
4 14 0.008353690181034826 3
4 15 0.008353737171585435 3
4 16 0.008353737171585435 3
4 17 0.008353737171585435 3
4 18 0.008353737171585435 3
4 19 0.008353737171585435 3
4 20 0.00835373717531057 3
4 21 0.00835373717531057 3
4 22 0.009292105646732168 3
4 23 0.009292105646732168 3
4 24 0.009292105646732168 3
4 25 0.009292105646732168 3
4 26 0.009292105646732168 3
4 27 0.009292105646732168 3
4 28 0.009292105646732168 3
4 29 0.009292105646732168 3
4 30 0.009292105646732168 3
4 31 0.009292105646732168 3
4 32 0.009292105646732168 3
4 33 0.009292105646732168 3
4 34 0.009292105646732168 3
4 35 0.009292105646732168 3
4 36 0.009292105646732168 3
4 37 0.009292105646732168 3
4 38 0.009292105646732168 3
4 39 0.009292105646732168 3
4 40 0.009292105646732168 3
4 41 0.009292105646732449 3
4 42 0.009292105646732449 3
4 43 0.009292105646732449 3
4 44 0.009292105646732449 3
4 45 0.009292105646732449 3
4 46 0.009292105646732449 3
4 47 0.009292105646732449 3
4 48 0.009292105646732449 3
4 49 0.009292105646732449 3
4 50 0.009292105646732449 3
4 51 0.009292105646732449 3
4 52 0.009292105646732449 3
4 53 0.009292105646732449 3
4 54 0.009292105646732449 3
4 55 0.009292105646732449 3
4 56 0.009292105646732449 3
4 57 0.009292105646732449 3
4 58 0.009292105646732501 3
4 59 0.009292105646732501 3
4 60 0.009292105646732501 3
4 61 0.009292105646732501 3
4 62 0.009292105646732501 3
4 63 0.009292105646732501 3
4 64 0.009292105646732501 3
4 65 0.009292105646732501 3
4 66 0.009292105646732501 3
4 67 0.009292105646732501 3
4 68 0.009292105646732501 3
4 69 0.009292105646732501 3
4 70 0.009292105646732501 3
4 71 0.009292105646732501 3
4 72 0.009292105646732501 3
4 73 0.009292105646732501 3
4 74 0.009292105646732501 3
4 75 0.009292105646732501 3
4 76 0.009292105646732959 3
4 77 0.009292105646732959 3
4 78 0.009292105646732959 3
4 79 0.009292105646732959 3
4 80 0.009292105646732959 3
4 81 0.009292105646732959 3
4 82 0.009292105646732959 3
4 83 0.009292105646732959 3
4 84 0.009292105646732959 3
4 85 0.009292105646732959 3
4 86 0.009292105646732959 3
4 87 0.009292105646732959 3
4 88 0.009292105646732959 3
4 89 0.009292105646732959 3
4 90 0.009292105646733344 3
4 91 0.009292105646733344 3
4 92 0.009292105646733344 3
4 93 0.009292105646733344 3
4 94 0.009292105646733344 3
4 95 0.009292105646733344 3
4 96 0.009292105646733344 3
4 97 0.009292105646733344 3
4 98 0.009292105646733344 3
4 99 0.009292105646733344 3
4 100 0.009292105646733344 3
4 101 0.009292105646733344 3
4 102 0.009292105646733762 3
4 103 0.009292105646733762 3
4 104 0.009292105646733762 3
4 105 0.009292105646733762 3
4 106 0.009292105646733762 3
4 107 0.009292105646733762 3
4 108 0.009292105646733762 3
4 109 0.009292105646733762 3
4 110 0.009292105646733762 3
4 111 0.009292105646733762 3
4 112 0.009292105646733762 3
4 113 0.009292105646733762 3
4 114 0.009292105646733762 3
4 115 0.009292105646733762 3
4 116 0.009427058765665157 3
4 117 0.009427058766112377 3
4 118 0.009427058766137034 3
4 119 0.009427058766137034 3
4 120 0.009427058769228563 3
4 121 0.009427058769228563 3
4 122 0.00942705876964204 3
4 123 0.00943279812830901 3
4 124 0.00943279812830901 3
4 125 0.00943279812830901 3
4 126 0.009432798129124625 3
4 127 0.009432798129124625 3
4 128 0.009432798129124625 3
4 129 0.00943279812932891 3
4 130 0.00943279812932891 3
4 131 0.00943279812932891 3
4 132 0.00943279812932891 3
4 133 0.00943279812932891 3
4 134 0.009432798133098915 3
4 135 0.009432798133098915 3
4 136 0.009432798133098915 3
4 137 0.009432798133225402 3
4 138 0.009432798133225402 3
4 139 0.009432798133225402 3
4 140 0.009432798133225402 3
4 141 0.009435129992351807 3
4 142 0.009435129992351807 3
4 143 0.009435129992351807 3
4 144 0.009435129992351807 3
4 145 0.009435129992351807 3
4 146 0.009435129992351807 3
4 147 0.009435129992351807 3
4 148 0.009435129992351807 3
4 149 0.009435129992351807 3
4 150 0.009435129992351807 3
4 151 0.009435129992351807 3
4 152 0.009435129992351807 3
4 153 0.009435129992351807 3
4 154 0.009435129992351807 3
4 155 0.009435129992351807 3
4 156 0.009435129992351807 3
4 157 0.009435129992351807 3
4 158 0.009435129992351807 3
4 159 0.009435129992351807 3
4 160 0.009435129992351807 3
4 161 0.009435129992351807 3
4 162 0.009435129992351807 3
4 163 0.009435129992351807 3
4 164 0.009435129992351807 3
4 165 0.009435129992351807 3
4 166 0.009435129992696101 3
4 167 0.009435129992696101 3
4 168 0.009435129992696101 3
4 169 0.009435129992696101 3
4 170 0.009435129992696101 3
4 171 0.009435129992696101 3
4 172 0.009435129992696101 3
4 173 0.009435129992696101 3
4 174 0.009435129992696101 3
4 175 0.009435129992696101 3
4 176 0.009435129992696101 3
4 177 0.009435129992696101 3
4 178 0.009435129992696101 3
4 179 0.009435129992696101 3
4 180 0.009435129992696101 3
4 181 0.009435129992696101 3
4 182 0.009435129992730263 3
4 183 0.009435129992730263 3
4 184 0.009435129992730263 3
4 185 0.009435129992730263 3
4 186 0.009435129992730263 3
4 187 0.009435129992730263 3
4 188 0.009435129992730263 3
4 189 0.009435129992730263 3
4 190 0.009435129992730263 3
4 191 0.009435129992730263 3
4 192 0.009435129992730263 3
4 193 0.009435129992730263 3
4 194 0.009435129992730263 3
4 195 0.009435129992730263 3
4 196 0.009435129992800703 3
4 197 0.009435129992800703 3
4 198 0.009435129992800703 3
4 199 0.009435129992800703 3
4 200 0.009292105646732959 3
4 201 0.009292105646732501 3
4 202 0.009435129992351807 3
4 203 42049288.78611562 3
4 204 0.03712387283635107 3
4 205 0.010092767891989369 3
4 206 0.009435129992800703 3
4 207 0.009435129992351807 3
4 208 0.009292105646732449 3
4 209 0.009427058766137034 3
4 210 0.01226114842677282 3
4 211 0.07147612815472726 3
4 212 0.008353690173821057 3
4 213 0.00835353855395996 3
4 214 0.009435129992351807 3
4 215 0.00835353854832345 3
4 216 0.07147612957066919 3
4 217 0.01226114842677282 3
4 218 0.13799716220064306 3
4 219 0.009292105646732168 3
4 220 0.00943279812830901 3
4 221 0.00943279812830901 3
4 222 0.012261158308090696 3
4 223 0.009435129992351807 3
4 224 0.1117363184041192 3
4 225 0.009292105646732449 3
4 226 0.009435129992877225 3
4 227 0.009292105646732449 3
4 228 42049288.78611562 3
4 229 0.009292105646732959 3
4 230 0.009292105646732959 3
4 231 0.00835373717531057 3
4 232 0.009292105646733762 3
4 233 0.009292105646732501 3
4 234 0.012261123718070874 3
4 235 0.009292105646732449 3
4 236 0.04390978701312459 3
4 237 0.009292105646733762 3
4 238 0.009292105646732449 3
4 239 42049288.78611562 3
4 240 0.009292105646733762 3
4 241 0.009292105646732501 3
4 242 0.00835353855395996 3
4 243 0.009435129992877225 3
4 244 0.009292105646732959 3
4 245 18.84770564852239 3
4 246 0.0030146300807955438 3
4 247 0.0030146300807961184 3
4 248 5546496.102135061 3
4 249 0.009989083997832502 3
4 250 0.005826773994155075 3
4 251 4241474.552298417 3
4 252 0.11173631840283019 3
4 253 0.11173631840316901 3
4 254 0.009989083997832502 3
4 255 5546496.102135061 3
4 256 0.009292105646732449 3
4 257 0.009292105646732959 3
4 258 0.009292105646732168 3
4 259 0.009292105646733344 3
4 260 0.03591004409759677 3
4 261 0.00835353855395996 3
4 262 0.009432798133098915 3
4 263 4241474.552298417 3
4 264 0.009292105646732449 3
4 265 4241474.552298417 3
4 266 0.0030331880253542365 3
4 267 0.010092767891989369 3
4 268 0.11173631840283019 3
4 269 0.11726126471834575 3
4 270 0.009292105646733762 3
4 271 0.009292105646733344 3
4 272 0.009292105646733762 3
4 273 0.037420449823866546 3
4 274 0.020253572250200417 3
4 275 0.07524834388093969 3
4 276 0.009292105646732959 3
4 277 0.009292105646732168 3
4 278 0.009292105646733762 3
4 279 0.009292105646733762 3
4 280 0.009427058766137034 3
4 281 0.10308596742728275 3
4 282 0.08951908450822972 3
4 283 0.009435129992800703 3
4 284 0.009292105646732959 3
4 285 0.009292105646732959 3
4 286 0.1117363184041192 3
4 287 0.009292105646733762 3
4 288 0.009292105646732168 3
4 289 0.009292105646732959 3
4 290 0.11173631840316901 3
4 291 0.0346649278758794 3
4 292 0.009427058769228563 3
4 293 1138474.4094727836 3
4 294 0.008353737171585435 3
4 295 0.009292105646733344 3
4 296 0.009292105646732168 3
4 297 0.009292105646733762 3
4 298 0.07147612897098554 3
4 299 0.00835373717531057 3
4 300 0.00835353855395996 3
4 301 0.07147612809855336 3
4 302 0.032897524687550014 3
4 303 0.07147612809855336 3
4 304 0.009292105646732168 3
4 305 0.03495252108219267 3
4 306 0.009432798133098915 3
4 307 0.008353737171585435 3
4 308 0.009435129992800703 3
4 309 0.009435129992351807 3
4 310 0.009432798133098915 3
4 311 0.009427058765333899 3
4 312 0.009435129992351807 3
4 313 0.009435129992800703 3
4 314 0.009292105646732449 3
4 315 0.009292105646733762 3
4 316 0.11173631840316901 3
4 317 0.009292105646732449 3
4 318 17.158380718581398 3
4 319 0.009435129992730263 3
4 320 42049288.7860604 3
4 321 17.158380718581398 3
4 322 0.005826785493275824 3
4 323 0.005826773993682671 3
4 324 0.009292105646733762 3
4 325 0.009292105646733344 3
4 326 0.009292105646732168 3
4 327 0.009435129992730263 3
4 328 0.009292105646732168 3
4 329 0.009292105646732449 3
4 330 0.009292105646732449 3
4 331 0.009292105646733762 3
4 332 0.009292105646732168 3
4 333 0.009292105646732449 3
4 334 0.010092767892945448 3
4 335 0.009432798129124625 3
4 336 0.009435129992800703 3
4 337 17.158380718581398 3
4 338 0.03280397775005753 3
4 339 0.032803977757836895 3
4 340 0.009292105646732449 3
4 341 0.03280397776157306 3
4 342 0.009989083995194992 3
4 343 0.10243854138513275 3
4 344 7.555903863200366e-07 3
4 345 0.02295543681321719 3
4 346 0.009292105646732449 3
4 347 0.009292105646732168 3
4 348 0.009427058769228563 3
4 349 0.009427058765665157 3
4 350 0.009292105646732449 3
4 351 0.009292105646732501 3
4 352 0.043615196730930755 3
4 353 0.009292105646732959 3
4 354 0.03280397775005753 3
4 355 0.032803977757836895 3
4 356 0.009292105646733762 3
4 357 0.11173631840316901 3
4 358 0.009292105646732959 3
4 359 0.009427058766137034 3
4 360 42049288.78611562 3
4 361 0.009435129992696101 3
4 362 124037478.4329092 3
4 363 0.10323299251281574 3
4 364 0.07147612809855336 3
4 365 0.008353737171585435 3
4 366 0.009292105646732959 3
4 367 0.009292105646732501 3
4 368 0.07147612957066919 3
4 369 0.009292105646733762 3
4 370 0.06857828352880392 3
4 371 0.01732985586545547 3
4 372 0.009435129992800703 3
4 373 42049288.7860604 3
4 374 0.009292105646732959 3
4 375 0.009292105646733762 3
4 376 0.012261123720577746 3
4 377 18.84770564852239 3
4 378 0.008353737171585435 3
4 379 0.07147612815472726 3
4 380 0.03243521400767003 3
4 381 0.009292105646732959 3
4 382 0.009292105646732501 3
4 383 0.11425561838108336 3
4 384 0.009989083995194992 3
4 385 0.009432798129124625 3
4 386 0.009292105646732959 3
4 387 0.009292105646733344 3
4 388 0.06800642143684586 3
4 389 0.009292105646733762 3
4 390 0.10308596726259155 3
4 391 0.00942705876964204 3
4 392 0.008353737171585435 3
4 393 0.00835353854832345 3
4 394 0.009292105646732168 3
4 395 0.009292105646732501 3
4 396 0.031089428104667097 3
4 397 0.031089247939078267 3
4 398 0.008353690173821057 3
4 399 0.00943512999284001 3
4 400 0.009292105646733762 3
4 401 0.009292105646733762 3
4 402 0.009292105646733344 3
4 403 0.008353690173821057 3
4 404 0.009292105646732168 3
4 405 0.009292105646732501 3
4 406 0.009292105646732501 3
4 407 0.032803977757836895 3
4 408 0.1117363184041192 3
4 409 0.009435129992800703 3
4 410 5546496.102135061 3
4 411 0.009292105646733344 3
4 412 0.07147612809855336 3
4 413 0.07147612809855336 3
4 414 0.009292105646732959 3
4 415 0.009292105646732168 3
4 416 0.009292105646732959 3
4 417 0.009292105646732501 3
4 418 0.009292105646732501 3
4 419 0.11173631840283019 3
4 420 0.0030331880252738555 3
4 421 0.009989083995194992 3
4 422 0.009432798129124625 3
4 423 0.10308596724487931 3
4 424 0.009292105646732959 3
4 425 0.009292105646732959 3
4 426 0.009435129992730263 3
4 427 0.012261123718070874 3
4 428 0.009292105646733344 3
4 429 0.004795423013003148 3
4 430 0.009292105646732168 3
4 431 0.009292105646732959 3
4 432 0.10753634189464266 3
4 433 0.009292105646733762 3
4 434 0.009292105646732501 3
4 435 0.009292105646733762 3
4 436 0.009435129992800703 3
4 437 0.009435129992351807 3
4 438 5546496.102135061 3
4 439 0.009292105646732959 3
4 440 0.009292105646733762 3
4 441 0.009292105646732449 3
4 442 0.009292105646732168 3
4 443 0.009292105646732501 3
4 444 0.012261158308090696 3
4 445 0.01226114842677282 3
4 446 0.00942705876964204 3
4 447 0.009292105646733762 3
4 448 0.0747118904454827 3
4 449 0.009427058766112377 3
4 450 0.2107312226328106 3
4 451 0.0047954230130038645 3
4 452 0.009292105646732959 3
4 453 0.009292105646732959 3
4 454 0.009292105646732959 3
4 455 0.009292105646732501 3
4 456 0.11173631840316901 3
4 457 0.11173631840316901 3
4 458 0.009935921444697316 3
4 459 0.009292105646733762 3
4 460 5545036.653751865 3
4 461 0.00942705876964204 3
4 462 0.00835353855395996 3
4 463 0.06857828352880392 3
4 464 0.03280397775005753 3
4 465 0.009292105646733344 3
4 466 0.009292105646732501 3
4 467 0.009292105646733344 3
4 468 0.009292105646733344 3
4 469 0.009435129992351807 3
4 470 0.07147612957066919 3
4 471 42049288.7860604 3
4 472 0.009432798133098915 3
4 473 0.009427058766112377 3
4 474 0.009292105646732168 3
4 475 0.012261123718070874 3
4 476 0.16714967158031746 3
4 477 0.009292105646732959 3
4 478 0.009292105646732501 3
4 479 0.009292105646732959 3
4 480 0.05954232634747727 3
4 481 0.009435129992800703 3
4 482 0.009427058766112377 3
4 483 0.009292105646732168 3
4 484 0.009292105646732168 3
4 485 0.009435129992351807 3
4 486 155336401.25922263 3
4 487 0.1479186238870047 3
4 488 0.07147612815472726 3
4 489 0.08045340558663665 3
4 490 0.009292105646732959 3
4 491 0.07694769103626943 3
4 492 198.70207045202218 3
4 493 0.009432798129124625 3
4 494 0.009435129992696101 3
4 495 0.009435129992800703 3
4 496 0.012261158305600539 3
4 497 42049288.7860604 3
4 498 0.009292105646732168 3
4 499 0.15414172571484933 3
4 500 0.009435129992877225 3
4 501 0.009435129992730263 3
4 502 0.005826775005042552 3
4 503 0.009432798133225402 3
4 504 0.10243854141417671 3
4 505 0.039838075226183996 3
4 506 0.009292105646732449 3
4 507 0.07147612957066919 3
4 508 0.11173631840316901 3
4 509 0.1117363184041192 3
4 510 0.028168392177643796 3
4 511 0.005826773994155075 3
4 512 0.0030146300807869218 3
4 513 0.009292105646732168 3
4 514 0.009292105646732501 3
4 515 0.009292105646733344 3
4 516 42049288.78611562 3
4 517 0.1117363184041192 3
4 518 0.009435129992730263 3
4 519 0.009435129992730263 3
4 520 0.02587752565884906 3
4 521 0.009435129992877225 3
4 522 0.009292105646732168 3
4 523 0.009292105646733762 3
4 524 0.009292105646733344 3
4 525 0.009292105646732501 3
4 526 0.009292105646732168 3
4 527 0.009292105646733762 3
4 528 0.01226114842677282 3
4 529 0.07147612809855336 3
4 530 0.009292105646732168 3
4 531 0.009292105646732449 3
4 532 0.012261158305600539 3
4 533 0.00835353855395996 3
4 534 0.009292105646732168 3
4 535 0.009292105646732449 3
4 536 0.009435129992877225 3
4 537 17.158380718581398 3
4 538 0.009292105646732501 3
4 539 0.009292105646732449 3
4 540 198.70207012281796 3
4 541 198.70207069528146 3
4 542 0.00835373717531057 3
4 543 0.008353690173821057 3
4 544 367539.4469117494 3
4 545 1365037617.2538824 3
4 546 0.009435129992877225 3
4 547 0.009435129992877225 3
4 548 0.009292105646732168 3
4 549 0.009292105646733762 3
4 550 0.009292105646732449 3
4 551 0.11173631840283019 3
4 552 0.009292105646732168 3
4 553 0.04608604933295379 3
4 554 0.008353690181034826 3
4 555 0.012261123720577746 3
4 556 0.009292105646732449 3
4 557 0.009292105646732168 3
4 558 0.10308596726259155 3
4 559 0.10308596725422105 3
4 560 0.009292105646732168 3
4 561 0.009292105646732449 3
4 562 0.032803977757836895 3
4 563 0.009292105646732168 3
4 564 0.009292105646732449 3
4 565 0.009292105646732168 3
4 566 0.009292105646732449 3
4 567 0.009292105646733762 3
4 568 0.009292105646732449 3
4 569 5546495.518947005 3
4 570 0.008353737171585435 3
4 571 0.0971639003113487 3
4 572 0.009292105646733344 3
4 573 0.009292105646732449 3
4 574 0.009292105646732449 3
4 575 0.012261158305600539 3
4 576 0.009292105646732959 3
4 577 0.009292105646732449 3
4 578 0.009292105646732501 3
4 579 0.03280397775005753 3
4 580 5545036.653751865 3
4 581 0.009427058766112377 3
4 582 0.005826773994155075 3
4 583 0.010092767893229508 3
4 584 0.009292105646733344 3
4 585 0.009292105646732449 3
4 586 0.009292105646732501 3
4 587 0.009292105646732501 3
4 588 0.2035853714580079 3
4 589 0.009292105646732501 3
4 590 0.009435129992696101 3
4 591 0.009292105646732168 3
4 592 0.07147612815472726 3
4 593 18.84770564852239 3
4 594 0.009292105646733762 3
4 595 0.009292105646732449 3
4 596 0.0030146300807931768 3
4 597 0.009292105646732501 3
4 598 0.022040090154497767 3
4 599 0.009432798133098915 3
4 600 0.009292105646733344 3
4 601 367539.4469117494 3
4 602 0.008353690181034826 3
4 603 42049288.78611562 3
4 604 0.07147612815472726 3
4 605 0.009292105646732168 3
4 606 42049288.78611562 3
4 607 0.009292105646733344 3
4 608 0.009427058766112377 3
4 609 0.009292105646733344 3
4 610 0.0047954230130038645 3
4 611 0.010358200649064273 3
4 612 0.010092767891989369 3
4 613 0.008353737171585435 3
4 614 0.009989083996952586 3
4 615 0.009435129992877225 3
4 616 0.009292105646732959 3
4 617 0.00942705876964204 3
4 618 0.009292105646732168 3
4 619 0.02307224389352929 3
4 620 0.009435129992877225 3
4 621 0.009435129992877225 3
4 622 0.00943512999284001 3
4 623 0.009435129992696101 3
4 624 0.00942705876964204 3
4 625 0.0714761286719527 3
4 626 0.009435129992730263 3
4 627 0.009435129992696101 3
4 628 42049288.7860604 3
4 629 0.07801996594022956 3
4 630 0.009292105646732168 3
4 631 198.70207072015216 3
4 632 0.012261158305600539 3
4 633 0.009292105646732168 3
4 634 0.009292105646732168 3
4 635 0.009292105646732449 3
4 636 0.009292105646732168 3
4 637 0.009427058766112377 3
4 638 0.03280397775005753 3
4 639 0.032803977757836895 3
4 640 0.009435129992696101 3
4 641 0.009435129992877225 3
4 642 0.008353690181034826 3
4 643 0.00835353854832345 3
4 644 0.009435129992696101 3
4 645 0.07147612957066919 3
4 646 0.009292105646733762 3
4 647 0.021486505835277597 3
4 648 198.70207072015216 3
4 649 0.017601079367897437 3
4 650 0.0030146300807869218 3
4 651 0.037420451016906595 3
4 652 0.03256005463489284 3
4 653 0.009292105646732168 3
4 654 0.009292105646733762 3
4 655 0.009292105646733344 3
4 656 0.009292105646732449 3
4 657 0.009292105646732959 3
4 658 0.12010980610403944 3
4 659 0.008353690181034826 3
4 660 42049288.7860604 3
4 661 0.07147612897098554 3
4 662 0.0574447255981441 3
4 663 0.0714761286719527 3
4 664 0.01226114842677282 3
4 665 0.0714761286719527 3
4 666 0.009292105646732959 3
4 667 0.009292105646732168 3
4 668 0.07147612897098554 3
4 669 18.84770564852239 3
4 670 42049288.7860604 3
4 671 18.84770564852239 3
4 672 0.009292105646732168 3
4 673 0.009292105646732959 3
4 674 0.037452488344168026 3
4 675 42049288.78611562 3
4 676 0.009292105646732501 3
4 677 0.009292105646732168 3
4 678 0.009292105646733762 3
4 679 0.009292105646732501 3
4 680 0.009435129992877225 3
4 681 0.00835373717531057 3
4 682 0.009435129992730263 3
4 683 0.009435129992877225 3
4 684 0.07147612957066919 3
4 685 17.158380718581398 3
4 686 0.009427058769228563 3
4 687 0.009427058766112377 3
4 688 0.009292105646732168 3
4 689 0.009292105646732168 3
4 690 0.009292105646732449 3
4 691 0.009292105646733762 3
4 692 0.009292105646732168 3
4 693 0.009292105646733344 3
4 694 0.03983807522803708 3
4 695 0.009989083997832502 3
4 696 0.00943279812925292 3
4 697 0.009432798133225402 3
4 698 0.07147612809855336 3
4 699 0.03712388392413036 3
4 700 0.07147612897098554 3
4 701 0.0197583616542564 3
4 702 0.009292105646733762 3
4 703 0.11173631840316901 3
4 704 0.009435129992351807 3
4 705 0.009435129992730263 3
4 706 0.009292105646733344 3
4 707 0.009292105646732449 3
4 708 0.0310894279707324 3
4 709 0.07147612897098554 3
4 710 0.0714761286719527 3
4 711 0.012261158305600539 3
4 712 0.00301463008079525 3
4 713 0.0099890839978324 3
4 714 0.07147612897098554 3
4 715 0.07147612957066919 3
4 716 0.009292105646732501 3
4 717 42049288.7860604 3
4 718 0.009292105646732449 3
4 719 0.009292105646732449 3
4 720 0.07083405961760565 3
4 721 0.010157123435171106 3
4 722 0.00835373717531057 3
4 723 0.013688927052322383 3
4 724 0.009292105646733344 3
4 725 0.009292105646732168 3
4 726 0.11173631840316901 3
4 727 0.06906961099638201 3
4 728 0.00943279812932891 3
4 729 0.0030331880253583977 3
4 730 0.11173631840316901 3
4 731 0.032560054633194405 3
4 732 0.03280397776157306 3
4 733 0.009292105646733344 3
4 734 0.07147612957066919 3
4 735 0.07147612897098554 3
4 736 0.10243854138513275 3
4 737 0.0099890839978324 3
4 738 0.008353737171585435 3
4 739 0.009292105646732501 3
4 740 0.009292105646733344 3
4 741 0.009292105646732449 3
4 742 5545036.653751865 3
4 743 0.009432798133098915 3
4 744 0.021903483179844144 3
4 745 0.00943279812932891 3
4 746 0.005826785493275824 3
4 747 0.009435129992696101 3
4 748 0.009292105646732168 3
4 749 0.009292105646733344 3
4 750 0.005826785493275824 3
4 751 0.037226721721266086 3
4 752 0.009435129992877225 3
4 753 0.009292105646733762 3
4 754 0.009427058769228563 3
4 755 0.0099890839978324 3
4 756 0.008353690173821057 3
4 757 0.012261158308090696 3
4 758 0.009435129992877225 3
4 759 0.009435129992696101 3
4 760 0.00835353854832345 3
4 761 0.008353737171585435 3
4 762 0.009435129992800703 3
4 763 0.00835353855395996 3
4 764 0.12562018114021228 3
4 765 0.009292105646732959 3
4 766 0.0030146300807869218 3
4 767 0.009292105646732501 3
4 768 0.11173631840283019 3
4 769 0.009292105646732449 3
4 770 0.009292105646733344 3
4 771 0.009292105646732959 3
4 772 42049288.7860604 3
4 773 0.00835353854832345 3
4 774 0.009435129992730263 3
4 775 0.009292105646733344 3
4 776 0.003033188025361932 3
4 777 0.0030331880253542365 3
4 778 0.009427058766112377 3
4 779 0.009427058765333899 3
4 780 0.009292105646732501 3
4 781 0.009292105646733762 3
4 782 0.009292105646732501 3
4 783 0.009292105646733762 3
4 784 0.009292105646733344 3
4 785 0.07147612815472726 3
4 786 0.00835373717531057 3
4 787 0.005826773994155075 3
4 788 0.012261123720577746 3
4 789 4241474.552298417 3
4 790 5545036.653751865 3
4 791 0.0099890839978324 3
4 792 0.009292105646732449 3
4 793 0.009292105646732168 3
4 794 0.11173631840316901 3
4 795 0.009292105646732168 3
4 796 17.158380718581398 3
4 797 0.033323381535312224 3
4 798 0.008353737171585435 3
4 799 0.008353737171585435 3
4 800 0.005826785493275824 3
4 801 0.005826773994155075 3
4 802 0.009435129992730263 3
4 803 0.008353737171585435 3
4 804 0.009292105646732168 3
4 805 0.009292105646732501 3
4 806 0.07147612897098554 3
4 807 0.00835353855395996 3
4 808 0.009292105646732449 3
4 809 0.009292105646733344 3
4 810 0.009427058765665157 3
4 811 0.009427058766112377 3
4 812 0.10308596742728275 3
4 813 0.0099890839978324 3
4 814 0.009989083995193566 3
4 815 0.009432798129124625 3
4 816 0.009292105646733762 3
4 817 0.009292105646732449 3
4 818 42049288.78611562 3
4 819 42049288.78611562 3
4 820 0.07147612815472726 3
4 821 0.009435129992800703 3
4 822 0.009427058765333899 3
4 823 0.009292105646732168 3
4 824 0.008353690181034826 3
4 825 0.031089248123322845 3
4 826 0.009292105646732168 3
4 827 0.03983807522883726 3
4 828 0.07147612689280193 3
4 829 0.021352879501707226 3
4 830 0.009435129992800703 3
4 831 0.009435129992730263 3
4 832 0.009435129992351807 3
4 833 0.005826773994155075 3
4 834 0.108343733213285 3
4 835 0.1629763791437191 3
4 836 0.037420449823866546 3
4 837 0.10308596726259155 3
4 838 0.00835373717531057 3
4 839 0.00835373717531057 3
4 840 0.1117363184041192 3
4 841 0.009292105646732449 3
4 842 0.00835373717531057 3
4 843 0.00835373717531057 3
4 844 0.009292105646732501 3
4 845 0.009292105646732501 3
4 846 0.009989083994754861 3
4 847 0.009989083995194992 3
4 848 0.009292105646733344 3
4 849 0.009292105646732501 3
4 850 0.10308596724487931 3
4 851 0.07801996593595835 3
4 852 0.1117363184041192 3
4 853 0.009292105646733344 3
4 854 0.009292105646732168 3
4 855 0.009292105646733762 3
4 856 0.009292105646732168 3
4 857 0.009292105646733762 3
4 858 0.02587752565884906 3
4 859 0.0030146300807869218 3
4 860 5545036.653751865 3
4 861 0.009292105646733762 3
4 862 0.009292105646732959 3
4 863 0.00943512999284001 3
4 864 0.07147612897098554 3
4 865 0.009292105646732449 3
4 866 0.009292105646732168 3
4 867 0.1117363184041192 3
4 868 0.0714761286719527 3
4 869 0.07147612815472726 3
4 870 0.004795423013004231 3
4 871 0.0030146300807961184 3
4 872 0.009292105646733762 3
4 873 0.009292105646732501 3
4 874 0.009435129992351807 3
4 875 0.009435129992800703 3
4 876 0.009292105646732959 3
4 877 0.008353690181034826 3
4 878 0.009292105646732168 3
4 879 0.014162096201315312 3
4 880 0.009292105646732449 3
4 881 0.11173631840283019 3
4 882 0.009292105646733762 3
4 883 0.009292105646733344 3
4 884 0.009292105646733762 3
4 885 0.00943279812932891 3
4 886 0.07147612897098554 3
4 887 0.00835353854832345 3
4 888 0.009292105646732449 3
4 889 0.009292105646732501 3
4 890 0.10243854138513275 3
4 891 0.10308596726259155 3
4 892 0.00943279812925292 3
4 893 0.009432798133098915 3
4 894 0.11173631840316901 3
4 895 0.009292105646732449 3
4 896 0.00943279812932891 3
4 897 0.10243854141417671 3
4 898 0.008353690181034826 3
4 899 0.009435129992800703 3
4 900 0.10308596742728275 3
4 901 1.7754844894760573 3
4 902 42049288.7860604 3
4 903 17.158380718581398 3
4 904 0.0030331880253583977 3
4 905 0.10308596725422105 3
4 906 0.10308596742728275 3
4 907 6877.155402351606 3
4 908 42049288.7860604 3
4 909 0.009292105646733344 3
4 910 0.009292105646733344 3
4 911 0.009292105646733344 3
4 912 17.158380718581398 3
4 913 0.009435129992696101 3
4 914 0.009292105646732501 3
4 915 0.009292105646732959 3
4 916 0.012261148424681675 3
4 917 0.03442081828368253 3
4 918 0.009292105646732959 3
4 919 0.012261158308090696 3
4 920 0.009292105646732168 3
4 921 0.009292105646733344 3
4 922 0.11173631840283019 3
4 923 0.009292105646733762 3
4 924 0.009432798129124625 3
4 925 5546495.518947005 3
4 926 0.009292105646733344 3
4 927 0.009292105646733344 3
4 928 42049288.78611562 3
4 929 0.009435129992877225 3
4 930 0.1117363184041192 3
4 931 0.13364604204433053 3
4 932 0.00835373717531057 3
4 933 0.009435129992696101 3
4 934 42049288.7860604 3
4 935 0.009292105646732501 3
4 936 0.009292105646733344 3
4 937 0.01226114842677282 3
4 938 0.1117363184041192 3
4 939 18.84770564852239 3
4 940 0.009292105646732449 3
4 941 0.009292105646732449 3
4 942 0.07354441022558823 3
4 943 42049288.7860604 3
4 944 0.009292105646732449 3
4 945 0.009292105646732449 3
4 946 0.04238604734441994 3
4 947 0.033095087040672745 3
4 948 0.031674665669257994 3
4 949 0.009292105646732501 3
4 950 0.009435129992351807 3
4 951 0.009292105646733762 3
4 952 0.009292105646732959 3
4 953 0.009292105646732959 3
4 954 0.07147612809855336 3
4 955 18.84770564852239 3
4 956 0.009427058765665157 3
4 957 4241474.552298417 3
4 958 0.009292105646733344 3
4 959 0.009435129992877225 3
4 960 0.009435129992730263 3
4 961 0.009435129992877225 3
4 962 0.008353737171585435 3
4 963 0.07147612809855336 3
4 964 0.008353690181034826 3
4 965 0.009292105646732449 3
4 966 0.009292105646733344 3
4 967 0.009292105646733762 3
4 968 0.009292105646733344 3
4 969 0.009292105646733762 3
4 970 0.20582075372067296 3
4 971 0.03742044982275625 3
4 972 0.0196606740755555 3
4 973 0.07147612957066919 3
4 974 0.009435129992800703 3
4 975 42049288.78611562 3
4 976 0.009292105646732168 3
4 977 0.009435129992696101 3
4 978 0.009292105646732501 3
4 979 0.00943279812925292 3
4 980 0.009292105646733344 3
4 981 0.009292105646732501 3
4 982 0.10308596726259155 3
4 983 0.02587752565884906 3
4 984 0.009292105646732959 3
4 985 0.009292105646733762 3
4 986 0.11173631840283019 3
4 987 0.009292105646733344 3
4 988 0.009292105646732168 3
4 989 0.009292105646732501 3
4 990 198.70207045202218 3
4 991 0.005826773993682671 3
4 992 0.037420449823866546 3
4 993 0.0030331880253583977 3
4 994 0.009435129992877225 3
4 995 0.009435129992696101 3
4 996 0.009435129992696101 3
4 997 0.009435129992800703 3
4 998 0.003033188025258374 3
4 999 0.10308596725422105 3
4 1000 0.009292105646732168 3
4 1001 0.009292105646732168 3
4 1002 0.009427058765665157 3
4 1003 0.009292105646732959 3
4 1004 0.10243854141417671 3
4 1005 0.009292105646732168 3
4 1006 18.84770564852239 3
4 1007 0.009292105646732449 3
4 1008 0.009435129992696101 3
4 1009 18.84770564852239 3
4 1010 0.009292105646732501 3
4 1011 0.009292105646732168 3
4 1012 0.009292105646732959 3
4 1013 0.009292105646733344 3
4 1014 0.009435129992877225 3
4 1015 0.009292105646732449 3
4 1016 0.009292105646732501 3
4 1017 0.009292105646732449 3
4 1018 0.07147612897098554 3
4 1019 0.07147612689280193 3
4 1020 0.009292105646733762 3
4 1021 0.009292105646733762 3
4 1022 0.009435129992877225 3
4 1023 0.009435129992351807 3
4 1024 0.009292105646732501 3
4 1025 0.009292105646732449 3
4 1026 0.012261158308090696 3
4 1027 0.00835353855395996 3
4 1028 0.009427058765333899 3
4 1029 0.009435129992877225 3
4 1030 0.009292105646732449 3
4 1031 0.009292105646732959 3
4 1032 0.009292105646732959 3
4 1033 0.0030146300807955438 3
4 1034 0.00835353854832345 3
4 1035 0.017601079369161887 3
4 1036 0.009292105646732959 3
4 1037 0.009292105646732959 3
4 1038 0.00943279812932891 3
4 1039 5545036.653751865 3
4 1040 0.03280397775005753 3
4 1041 0.009292105646733762 3
4 1042 0.009292105646732959 3
4 1043 0.009292105646732449 3
4 1044 0.012261123720577746 3
4 1045 0.05987204776012666 3
4 1046 42049288.7860604 3
4 1047 0.009292105646733762 3
4 1048 0.009292105646733344 3
4 1049 4241474.552298417 3
4 1050 0.009292105646732449 3
4 1051 0.009435129992730263 3
4 1052 0.009292105646732959 3
4 1053 0.10308596726259155 3
4 1054 4604413.984712342 3
4 1055 0.0030331880253542365 3
4 1056 0.1652627267453573 3
4 1057 0.009292105646732501 3
4 1058 42049288.78611562 3
4 1059 0.09788074662007233 3
4 1060 42049288.7860604 3
4 1061 0.07147612957066919 3
4 1062 0.009435129992696101 3
4 1063 0.009435129992351807 3
4 1064 0.11425561838108336 3
4 1065 0.008353690173821057 3
4 1066 0.11173631840283019 3
4 1067 0.009292105646733344 3
4 1068 0.00835373717531057 3
4 1069 0.012261158305600539 3
4 1070 0.008353690181034826 3
4 1071 0.009292105646732449 3
4 1072 0.00835373717531057 3
4 1073 0.05415385027843657 3
4 1074 5546496.102135061 3
4 1075 0.009292105646732449 3
4 1076 0.009292105646732168 3
4 1077 0.07147612815472726 3
4 1078 0.009292105646732168 3
4 1079 0.029939998767719186 3
4 1080 0.00301463008079525 3
4 1081 0.10243854138513275 3
4 1082 0.009292105646733762 3
4 1083 0.009292105646732501 3
4 1084 0.03280068177901812 3
4 1085 0.009292105646732501 3
4 1086 0.009435129992730263 3
4 1087 42049288.78611562 3
4 1088 0.00943512999284001 3
4 1089 0.009292105646732168 3
4 1090 0.03983807522803708 3
4 1091 0.009292105646732501 3
4 1092 0.009292105646733344 3
4 1093 0.009292105646733762 3
4 1094 0.009292105646733762 3
4 1095 42049288.7860604 3
4 1096 0.009292105646732501 3
4 1097 0.0030331880252738555 3
4 1098 0.009292105646733762 3
4 1099 0.009292105646733344 3
4 1100 0.009292105646732168 3
4 1101 0.028121341945272205 3
4 1102 0.11173631840316901 3
4 1103 0.11173631840283019 3
4 1104 0.009292105646732501 3
4 1105 0.009292105646732959 3
4 1106 0.00835353854832345 3
4 1107 0.04562155864970758 3
4 1108 0.11173631840283019 3
4 1109 0.0910429179546642 3
4 1110 0.009989083995194992 3
4 1111 0.00943279812830901 3
4 1112 0.010358200648983783 3
4 1113 0.027382116101760463 3
4 1114 0.009292105646732168 3
4 1115 0.009292105646733762 3
4 1116 0.009435129992877225 3
4 1117 0.009435129992696101 3
4 1118 0.03374489306055869 3
4 1119 0.009292105646732449 3
4 1120 0.00835353854832345 3
4 1121 0.009435129992730263 3
4 1122 0.008353737171585435 3
4 1123 0.008353690181034826 3
4 1124 198.70207069528146 3
4 1125 0.04771296256673503 3
4 1126 0.009292105646732959 3
4 1127 0.009292105646732501 3
4 1128 0.009292105646733762 3
4 1129 0.11173631840283019 3
4 1130 0.004795423013003148 3
4 1131 0.009292105646732168 3
4 1132 0.009989083995194992 3
4 1133 0.0099890839978324 3
4 1134 42049288.78611562 3
4 1135 0.07147612815472726 3
4 1136 0.11173631840283019 3
4 1137 0.009292105646732959 3
4 1138 0.012261158308090696 3
4 1139 0.009435129992877225 3
4 1140 0.009292105646732168 3
4 1141 0.009292105646733762 3
4 1142 0.009432798129124625 3
4 1143 0.005826775005909835 3
4 1144 0.11173631840316901 3
4 1145 0.1117363184041192 3
4 1146 0.03280397776157306 3
4 1147 0.11173631840283019 3
4 1148 42049288.78611562 3
4 1149 0.009292105646733762 3
4 1150 0.009292105646732168 3
4 1151 0.009292105646732168 3
4 1152 4255436.20827292 3
4 1153 0.017422128159811055 3
4 1154 0.009292105646733762 3
4 1155 0.11173631840283019 3
4 1156 0.07147612689280193 3
4 1157 0.009292105646732168 3
4 1158 0.10243854141417671 3
4 1159 5545036.653751865 3
4 1160 0.032735715351132365 3
4 1161 42049288.7860604 3
4 1162 0.009292105646732959 3
4 1163 0.10091844674293513 3
4 1164 0.009292105646732168 3
4 1165 0.009292105646732168 3
4 1166 0.009292105646732501 3
4 1167 0.009292105646732168 3
4 1168 0.009292105646733762 3
4 1169 0.009292105646732501 3
4 1170 0.009292105646732449 3
4 1171 0.11173631840316901 3
4 1172 0.00835353855395996 3
4 1173 0.00835353855395996 3
4 1174 0.0714761286719527 3
4 1175 0.0714761286719527 3
4 1176 0.009292105646733762 3
4 1177 0.009435129992877225 3
4 1178 0.20583807913353486 3
4 1179 0.1117363184041192 3
4 1180 0.032803977757836895 3
4 1181 0.009292105646733762 3
4 1182 0.00835353855395996 3
4 1183 0.008353737171585435 3
4 1184 5546496.102135061 3
4 1185 0.009427058766137034 3
4 1186 0.009427058765333899 3
4 1187 0.10308596726259155 3
4 1188 0.10308596742728275 3
4 1189 0.00943279812932891 3
4 1190 0.009292105646732959 3
4 1191 0.009292105646733344 3
4 1192 0.10834373324028208 3
4 1193 0.009292105646732501 3
4 1194 0.032803977757836895 3
4 1195 0.009292105646732959 3
4 1196 0.009292105646733344 3
4 1197 0.16526272674504602 3
4 1198 0.00835353855395996 3
4 1199 0.07147612815472726 3
4 1200 0.11173631840316901 3
4 1201 0.1117363184041192 3
4 1202 0.009292105646733344 3
4 1203 0.009292105646733344 3
4 1204 0.009292105646732168 3
4 1205 0.009292105646733344 3
4 1206 0.009292105646732168 3
4 1207 0.0030146300807898894 3
4 1208 42049288.78611562 3
4 1209 0.009292105646732168 3
4 1210 0.00943512999284001 3
4 1211 0.009435129992800703 3
4 1212 0.020177157859597353 3
4 1213 0.009292105646732449 3
4 1214 0.005826773994155075 3
4 1215 0.09563046941218611 3
4 1216 0.00835373717531057 3
4 1217 0.00943512999284001 3
4 1218 0.009292105646732168 3
4 1219 0.009292105646733344 3
4 1220 0.1117363184041192 3
4 1221 0.009292105646733344 3
4 1222 0.009292105646733344 3
4 1223 0.009292105646732501 3
4 1224 0.009292105646732501 3
4 1225 0.009292105646733762 3
4 1226 0.02095509676565309 3
4 1227 0.009427058766112377 3
4 1228 0.01226114842677282 3
4 1229 0.005826775005909835 3
4 1230 10.65985479964409 3
4 1231 0.009292105646732449 3
4 1232 0.009292105646732168 3
4 1233 0.009292105646733762 3
4 1234 0.008353690173821057 3
4 1235 0.00835373717531057 3
4 1236 0.009292105646732168 3
4 1237 0.009292105646732501 3
4 1238 0.009292105646732168 3
4 1239 0.009292105646732501 3
4 1240 0.1117363184041192 3
4 1241 0.1117363184041192 3
4 1242 0.009292105646732501 3
4 1243 0.03280397775005753 3
4 1244 0.009292105646732959 3
4 1245 0.009292105646732501 3
4 1246 0.10308596724487931 3
4 1247 0.00942705876964204 3
4 1248 0.008353690181034826 3
4 1249 0.008353737171585435 3
4 1250 0.009435129992877225 3
4 1251 0.00943512999284001 3
4 1252 0.037420449823866546 3
4 1253 0.0030146300807955438 3
4 1254 0.07528540352823908 3
4 1255 0.07147612809855336 3
4 1256 0.009292105646732168 3
4 1257 0.009292105646733344 3
4 1258 5546495.518947005 3
4 1259 0.009989083995194992 3
4 1260 0.009432798133098915 3
4 1261 0.009432798133225402 3
4 1262 0.00835373717531057 3
4 1263 0.008353690181034826 3
4 1264 0.009292105646733762 3
4 1265 0.009292105646733344 3
4 1266 0.009435129992877225 3
4 1267 0.012261158305600539 3
4 1268 0.009292105646732168 3
4 1269 0.016623754330842323 3
4 1270 0.00835353855395996 3
4 1271 0.13137773764971347 3
4 1272 0.009292105646733344 3
4 1273 0.009292105646732959 3
4 1274 0.009427058769228563 3
4 1275 0.009435129992351807 3
4 1276 0.0030146300807931768 3
4 1277 0.027554676687936756 3
4 1278 0.009292105646732449 3
4 1279 0.009292105646732959 3
4 1280 0.009292105646732501 3
4 1281 0.009292105646732959 3
4 1282 5545036.653751865 3
4 1283 0.00943279812932891 3
4 1284 0.09726311310907548 3
4 1285 0.009435129992800703 3
4 1286 0.009292105646733344 3
4 1287 0.009292105646732449 3
4 1288 0.009292105646733344 3
4 1289 0.028965166549466886 3
4 1290 0.1117363184041192 3
4 1291 0.11173631840316901 3
4 1292 0.009292105646733762 3
4 1293 0.009292105646732449 3
4 1294 0.009292105646732959 3
4 1295 0.009292105646732449 3
4 1296 0.009435129992730263 3
4 1297 0.012261148424681675 3
4 1298 0.009292105646732168 3
4 1299 0.020177157859595216 3
4 1300 0.009292105646732959 3
4 1301 0.1117363184041192 3
4 1302 0.009292105646733762 3
4 1303 0.009292105646732168 3
4 1304 0.07147612897098554 3
4 1305 0.025877525658890423 3
4 1306 0.009292105646733762 3
4 1307 0.009292105646732501 3
4 1308 367539.4469117494 3
4 1309 0.009292105646732168 3
4 1310 0.009292105646732168 3
4 1311 0.009292105646733762 3
4 1312 0.164682718422424 3
4 1313 0.009432798133225402 3
4 1314 0.009435129992800703 3
4 1315 0.04151626841579434 3
4 1316 0.009435129992877225 3
4 1317 0.009435129992730263 3
4 1318 0.10008870381165222 3
4 1319 0.009292105646733762 3
4 1320 0.009292105646732501 3
4 1321 0.009292105646733344 3
4 1322 0.092632438604541 3
4 1323 0.049542170452943894 3
4 1324 0.009292105646732449 3
4 1325 0.11173631840316901 3
4 1326 0.009292105646732449 3
4 1327 0.009292105646732501 3
4 1328 0.009292105646732959 3
4 1329 0.03280397776157306 3
4 1330 0.00942705876964204 3
4 1331 4255436.20827292 3
4 1332 0.1117363184041192 3
4 1333 0.009292105646732959 3
4 1334 0.008353690181034826 3
4 1335 0.00835353855395996 3
4 1336 4241474.552298417 3
4 1337 0.01226114842677282 3
4 1338 0.009292105646732959 3
4 1339 0.009292105646733344 3
4 1340 0.01226114842677282 3
4 1341 0.009292105646732168 3
4 1342 0.00943512999284001 3
4 1343 0.009435129992696101 3
4 1344 0.00943512999284001 3
4 1345 0.00835373717531057 3
4 1346 0.009292105646732959 3
4 1347 0.09788074662106669 3
4 1348 0.009292105646732168 3
4 1349 0.009292105646732168 3
4 1350 0.009292105646732168 3
4 1351 0.009292105646733762 3
4 1352 0.00943512999284001 3
4 1353 0.07147612897098554 3
4 1354 0.009292105646733344 3
4 1355 0.08088298188843757 3
4 1356 0.07147612689280193 3
4 1357 0.009427058765665157 3
4 1358 0.010092767894765405 3
4 1359 0.028045766701076096 3
4 1360 0.13301931147628254 3
4 1361 0.009292105646732501 3
4 1362 0.009435129992877225 3
4 1363 0.1117363184041192 3
4 1364 0.037420451016906595 3
4 1365 0.009292105646732168 3
4 1366 0.008353690173821057 3
4 1367 18.84770564852239 3
4 1368 0.008353690181034826 3
4 1369 0.009435129992696101 3
4 1370 0.008353737171585435 3
4 1371 0.009435129992730263 3
4 1372 0.00943279812830901 3
4 1373 0.009989083995194992 3
4 1374 0.009435129992730263 3
4 1375 42049288.7860604 3
4 1376 0.009292105646732959 3
4 1377 0.009292105646733344 3
4 1378 0.009292105646733344 3
4 1379 0.009292105646733762 3
4 1380 0.005826785492982391 3
4 1381 198.70207060031814 3
4 1382 0.009292105646733762 3
4 1383 0.0099890839978324 3
4 1384 0.009292105646733762 3
4 1385 0.009292105646732168 3
4 1386 0.009292105646733344 3
4 1387 0.033236363828630676 3
4 1388 0.009292105646732501 3
4 1389 0.00301463008079525 3
4 1390 42049288.78611562 3
4 1391 42049288.78611562 3
4 1392 0.10008870381230218 3
4 1393 0.11173631840316901 3
4 1394 0.009292105646733762 3
4 1395 0.009292105646732501 3
4 1396 0.009292105646733762 3
4 1397 0.009292105646733344 3
4 1398 42049288.7860604 3
4 1399 0.009292105646733762 3
4 1400 0.00835373717531057 3
4 1401 0.008353737171585435 3
4 1402 5546496.102135061 3
4 1403 4241474.552298417 3
4 1404 0.009292105646732449 3
4 1405 0.10243854138513275 3
4 1406 0.009292105646732168 3
4 1407 0.009292105646732959 3
4 1408 0.009292105646733762 3
4 1409 17.158380718581398 3
4 1410 0.009292105646732959 3
4 1411 0.009292105646733762 3
4 1412 0.012261158308090696 3
4 1413 0.16699981633931413 3
4 1414 5546496.102135061 3
4 1415 4255436.20827292 3
4 1416 0.03280397775005753 3
4 1417 0.037420451016906595 3
4 1418 0.009292105646732501 3
4 1419 0.009292105646733344 3
4 1420 0.07147612897098554 3
4 1421 0.009435129992730263 3
4 1422 0.009292105646732959 3
4 1423 0.009292105646732449 3
4 1424 0.009292105646732449 3
4 1425 0.1073309268236502 3
4 1426 0.009292105646732449 3
4 1427 0.11173631840316901 3
4 1428 0.03280397776157306 3
4 1429 0.009292105646732449 3
4 1430 42049288.7860604 3
4 1431 18.84770564852239 3
4 1432 0.009292105646733762 3
4 1433 0.009292105646732168 3
4 1434 0.012261123718070874 3
4 1435 0.00835353854832345 3
4 1436 0.009427058769228563 3
4 1437 0.00942705876964204 3
4 1438 0.009292105646733344 3
4 1439 0.009292105646733344 3
4 1440 0.009292105646733344 3
4 1441 0.009292105646732959 3
4 1442 0.009435129992877225 3
4 1443 0.01226114842677282 3
4 1444 0.009292105646732449 3
4 1445 0.009292105646732501 3
4 1446 0.07147612809855336 3
4 1447 0.00835353855395996 3
4 1448 0.020198585574906367 3
4 1449 0.008353690173821057 3
4 1450 0.009435129992730263 3
4 1451 0.07147612957066919 3
4 1452 198.70207069528146 3
4 1453 0.010092767891988395 3
4 1454 0.009292105646733344 3
4 1455 0.009292105646733344 3
4 1456 0.009292105646733762 3
4 1457 0.009292105646733762 3
4 1458 0.0714761286719527 3
4 1459 0.009292105646733344 3
4 1460 0.009292105646733344 3
4 1461 0.009292105646732449 3
4 1462 0.009435129992877225 3
4 1463 0.009435129992877225 3
4 1464 0.009292105646732959 3
4 1465 0.009989083995193566 3
4 1466 0.009292105646732168 3
4 1467 0.009292105646733344 3
4 1468 0.009435129992351807 3
4 1469 0.009427058766112377 3
4 1470 0.005826775005909835 3
4 1471 0.012261148424681675 3
4 1472 0.009292105646732449 3
4 1473 0.009292105646732168 3
4 1474 0.009435129992351807 3
4 1475 0.00835373717531057 3
4 1476 0.009989083995193566 3
4 1477 0.009292105646732501 3
4 1478 0.008353737171585435 3
4 1479 0.00943512999284001 3
4 1480 198.70207060031814 3
4 1481 0.005826773994155075 3
4 1482 0.009292105646732168 3
4 1483 0.009292105646733762 3
4 1484 0.009427058766112377 3
4 1485 0.10308596724487931 3
4 1486 0.009292105646732168 3
4 1487 0.009292105646733344 3
4 1488 0.009292105646732959 3
4 1489 0.009292105646732449 3
4 1490 0.009292105646732168 3
4 1491 0.009292105646733762 3
4 1492 0.012261123718070874 3
4 1493 0.009292105646732168 3
4 1494 0.009292105646733344 3
4 1495 0.009427058765333899 3
4 1496 0.009435129992730263 3
4 1497 18.84770564852239 3
4 1498 0.00835353854832345 3
4 1499 0.00835373717531057 3
4 1500 0.10308596725422105 3
4 1501 0.10308596725422105 3
4 1502 0.0030331880253583977 3
4 1503 0.0030331880253583977 3
4 1504 0.009292105646733762 3
4 1505 42049288.7860604 3
4 1506 0.009292105646733762 3
4 1507 0.009292105646733344 3
4 1508 0.07147612897098554 3
4 1509 0.0714761286719527 3
4 1510 0.009292105646732959 3
4 1511 0.009435129992877225 3
4 1512 0.012261158305600539 3
4 1513 42049288.78611562 3
4 1514 0.00943512999284001 3
4 1515 0.00943512999284001 3
4 1516 0.00943279812932891 3
4 1517 5545036.653751865 3
4 1518 42049288.78611562 3
4 1519 0.012261158308090696 3
4 1520 0.009435129992877225 3
4 1521 0.009292105646732959 3
4 1522 0.009292105646732501 3
4 1523 0.00835353854832345 3
4 1524 0.033970136697265486 3
4 1525 0.009292105646732449 3
4 1526 0.07147612689280193 3
4 1527 0.012261123718070874 3
4 1528 0.012261123720577746 3
4 1529 4255436.20827292 3
4 1530 0.009292105646733762 3
4 1531 0.10161098947072161 3
4 1532 0.032803977757836895 3
4 1533 0.009292105646732959 3
4 1534 0.037420451016906595 3
4 1535 0.10243854138513275 3
4 1536 0.10308596726259155 3
4 1537 0.009292105646733344 3
4 1538 0.11173631840316901 3
4 1539 0.11173631840316901 3
4 1540 0.009435129992800703 3
4 1541 0.009435129992877225 3
4 1542 0.005826775005909835 3
4 1543 0.07147612815472726 3
4 1544 0.009292105646732168 3
4 1545 0.009292105646733344 3
4 1546 0.009989083997832502 3
4 1547 0.009989083995194992 3
4 1548 0.009292105646732959 3
4 1549 0.032803977757836895 3
4 1550 0.00943279812830901 3
4 1551 0.009427058765665157 3
4 1552 17.158380718581398 3
4 1553 0.07147612689280193 3
4 1554 0.10308596724487931 3
4 1555 0.0030146300807955438 3
4 1556 0.07147612957066919 3
4 1557 0.012261123720577746 3
4 1558 0.015209335410955096 3
4 1559 0.00835353854832345 3
4 1560 0.0030146300807955438 3
4 1561 0.0030146300807898894 3
4 1562 0.009292105646733344 3
4 1563 0.009292105646732501 3
4 1564 0.012261123720577746 3
4 1565 42049288.7860604 3
4 1566 0.009427058765333899 3
4 1567 0.009292105646732449 3
4 1568 0.009292105646732959 3
4 1569 0.009292105646732449 3
4 1570 0.0714761286719527 3
4 1571 0.07147612897098554 3
4 1572 0.009292105646733762 3
4 1573 0.009292105646732959 3
4 1574 0.025877525658854424 3
4 1575 0.004795423013004231 3
4 1576 0.009292105646733762 3
4 1577 0.009292105646732501 3
4 1578 0.009292105646733762 3
4 1579 0.09726311310025453 3
4 1580 0.009292105646732168 3
4 1581 0.020957116956885624 3
4 1582 0.009292105646732959 3
4 1583 0.009435129992351807 3
4 1584 0.11173631840316901 3
4 1585 0.009292105646732168 3
4 1586 5545036.653751865 3
4 1587 0.10308596726259155 3
4 1588 0.009427058766112377 3
4 1589 0.11197274712488292 3
4 1590 0.008353690173821057 3
4 1591 0.008353690173821057 3
4 1592 0.009435129992800703 3
4 1593 0.009292105646733762 3
4 1594 0.009292105646732449 3
4 1595 0.009292105646732449 3
4 1596 0.009292105646733344 3
4 1597 0.009292105646732501 3
4 1598 0.009292105646732449 3
4 1599 0.1084002219229121 3
4 1600 0.009435129992730263 3
4 1601 0.009292105646733344 3
4 1602 0.008353737171585435 3
4 1603 0.00835353854832345 3
4 1604 0.009292105646732501 3
4 1605 0.009427058766112377 3
4 1606 0.009989083997832502 3
4 1607 0.009432798133098915 3
4 1608 0.03742045101690338 3
4 1609 0.08744682147471841 3
4 1610 0.009292105646733762 3
4 1611 0.0030331880253542365 3
4 1612 0.009427058765333899 3
4 1613 0.009292105646732501 3
4 1614 0.1117363184041192 3
4 1615 0.009292105646733762 3
4 1616 0.009292105646732501 3
4 1617 0.012261123718070874 3
4 1618 18.84770564852239 3
4 1619 0.01226114842677282 3
4 1620 0.008353737171585435 3
4 1621 0.1009728145817397 3
4 1622 0.009292105646732959 3
4 1623 0.009292105646733762 3
4 1624 0.03332251459518038 3
4 1625 0.009292105646733344 3
4 1626 0.00835353855395996 3
4 1627 0.008353690173821057 3
4 1628 0.009292105646733762 3
4 1629 0.009292105646732449 3
4 1630 0.009435129992730263 3
4 1631 0.009292105646732449 3
4 1632 0.012261123718070874 3
4 1633 0.07147612689280193 3
4 1634 42049288.7860604 3
4 1635 0.01226114842677282 3
4 1636 0.00835353855395996 3
4 1637 0.07147612897098554 3
4 1638 0.009292105646732959 3
4 1639 0.009292105646732449 3
4 1640 0.009989083995194992 3
4 1641 0.009292105646732959 3
4 1642 0.009292105646733344 3
4 1643 0.009292105646733344 3
4 1644 0.009292105646732959 3
4 1645 18.84770564852239 3
4 1646 0.009292105646732449 3
4 1647 42049288.78611562 3
4 1648 0.009435129992800703 3
4 1649 0.009292105646733762 3
4 1650 42049288.7860604 3
4 1651 0.00835373717531057 3
4 1652 0.00943512999284001 3
4 1653 0.00943512999284001 3
4 1654 0.05954232634745269 3
4 1655 0.009292105646732959 3
4 1656 0.07147612689280193 3
4 1657 0.07147612897098554 3
4 1658 0.03280397776157306 3
4 1659 0.009292105646732168 3
4 1660 0.005826775005909835 3
4 1661 0.07147612815472726 3
4 1662 0.008353690181034826 3
4 1663 0.005826785493275824 3
4 1664 18.84770564852239 3
4 1665 42049288.7860604 3
4 1666 0.03280397775005753 3
4 1667 0.009292105646732959 3
4 1668 0.11173631840283019 3
4 1669 0.009292105646732168 3
4 1670 0.009427058765333899 3
4 1671 0.10308596742728275 3
4 1672 0.009292105646732501 3
4 1673 0.009292105646732501 3
4 1674 0.009435129992351807 3
4 1675 0.07801996594022956 3
4 1676 0.009292105646732168 3
4 1677 0.009292105646732501 3
4 1678 0.009292105646732168 3
4 1679 0.009292105646732168 3
4 1680 0.009989083995193566 3
4 1681 0.009292105646732168 3
4 1682 0.009432798133098915 3
4 1683 0.10897330409436341 3
4 1684 0.17276245407790664 3
4 1685 0.009292105646732168 3
4 1686 0.009989083995194992 3
4 1687 0.10243854141417671 3
4 1688 0.009292105646733344 3
4 1689 0.0030146300807931768 3
4 1690 0.009292105646733344 3
4 1691 5546495.518947005 3
4 1692 0.005826785493275824 3
4 1693 0.009432798133225402 3
4 1694 0.009292105646732449 3
4 1695 0.03280397776157306 3
4 1696 0.009292105646733344 3
4 1697 5545036.653751865 3
4 1698 42049288.7860604 3
4 1699 0.019808177179213793 3
4 1700 42049288.7860604 3
4 1701 0.0714761286719527 3
4 1702 0.10243854138513275 3
4 1703 0.009432798133225402 3
4 1704 0.008353690173821057 3
4 1705 0.00835353854832345 3
4 1706 367539.4469117494 3
4 1707 0.009427058766112377 3
4 1708 0.009989083995193566 3
4 1709 0.009427058765333899 3
4 1710 0.014570243543325366 3
4 1711 0.009292105646732449 3
4 1712 0.009292105646732959 3
4 1713 0.009292105646732168 3
4 1714 42049288.78611562 3
4 1715 0.009292105646732449 3
4 1716 0.009292105646732501 3
4 1717 0.009292105646733344 3
4 1718 0.009292105646732501 3
4 1719 0.009292105646733344 3
4 1720 42049288.7860604 3
4 1721 0.009435129992696101 3
4 1722 0.009292105646733762 3
4 1723 0.009292105646732168 3
4 1724 17.158380718581398 3
4 1725 0.00835353854832345 3
4 1726 0.1117363184041192 3
4 1727 0.009292105646733762 3
4 1728 0.49835663691516235 3
4 1729 0.10308596726259155 3
4 1730 0.00943512999284001 3
4 1731 0.009435129992800703 3
4 1732 0.11173631840283019 3
4 1733 0.11173631840316901 3
4 1734 0.023744571736214956 3
4 1735 0.10243854138513275 3
4 1736 0.012261148424681675 3
4 1737 0.12668408393913824 3
4 1738 0.009292105646732168 3
4 1739 0.11173631840283019 3
4 1740 0.009435129992696101 3
4 1741 0.07147612815472726 3
4 1742 0.025877525658848953 3
4 1743 0.00943512999284001 3
4 1744 0.009292105646732959 3
4 1745 0.11173631840316901 3
4 1746 0.07147612815472726 3
4 1747 0.00835353854832345 3
4 1748 0.00835353854832345 3
4 1749 0.07147612897098554 3
4 1750 0.008353737171585435 3
4 1751 0.00835353854832345 3
4 1752 0.005826785492982391 3
4 1753 0.009427058765333899 3
4 1754 0.008353690173821057 3
4 1755 42049288.7860604 3
4 1756 0.1117363184041192 3
4 1757 0.009292105646733344 3
4 1758 0.009292105646732449 3
4 1759 0.009292105646733762 3
4 1760 0.009292105646733344 3
4 1761 0.009989083995193566 3
4 1762 63465767.084703654 3
4 1763 0.009292105646733762 3
4 1764 0.009435129992877225 3
4 1765 0.009435129992800703 3
4 1766 0.03280397776157306 3
4 1767 0.009292105646732501 3
4 1768 9376.5799141051 3
4 1769 0.009292105646732959 3
4 1770 0.009292105646733762 3
4 1771 17.158380718581398 3
4 1772 42049288.7860604 3
4 1773 0.009435129992730263 3
4 1774 0.1045396803281313 3
4 1775 0.009292105646733762 3
4 1776 0.10308596725422105 3
4 1777 0.009292105646732959 3
4 1778 0.009292105646733344 3
4 1779 0.009292105646732449 3
4 1780 0.03487681418424068 3
4 1781 0.009292105646733344 3
4 1782 0.07147612897098554 3
4 1783 0.009435129992877225 3
4 1784 0.009435129992877225 3
4 1785 0.009292105646733762 3
4 1786 0.09537892988424454 3
4 1787 0.009292105646732168 3
4 1788 0.009292105646732501 3
4 1789 0.009292105646732501 3
4 1790 0.07147612897098554 3
4 1791 0.12367858816665615 3
4 1792 0.009292105646733762 3
4 1793 0.009435129992351807 3
4 1794 0.009292105646732959 3
4 1795 0.009292105646732501 3
4 1796 0.00943279812925292 3
4 1797 0.009432798133098915 3
4 1798 0.07147612689280193 3
4 1799 0.00835373717531057 3
4 1800 0.009292105646733344 3
4 1801 0.00943512999284001 3
4 1802 0.00943279812932891 3
4 1803 0.009427058769228563 3
4 1804 0.009292105646732959 3
4 1805 0.009292105646732168 3
4 1806 0.009435129992696101 3
4 1807 18.84770564852239 3
4 1808 0.18116735527362962 3
4 1809 0.012261123718070874 3
4 1810 0.012261123718070874 3
4 1811 0.012261158308090696 3
4 1812 0.009435129992877225 3
4 1813 0.009292105646733344 3
4 1814 5546496.102135061 3
4 1815 0.10308596726259155 3
4 1816 0.009292105646733344 3
4 1817 0.012261123720577746 3
4 1818 0.009435129992351807 3
4 1819 0.07147612957066919 3
4 1820 0.11173631840316901 3
4 1821 0.1117363184041192 3
4 1822 0.11173631840283019 3
4 1823 0.009292105646732168 3
4 1824 0.010092767893229508 3
4 1825 0.00943279812925292 3
4 1826 198.70207012281796 3
4 1827 198.70207041015453 3
4 1828 0.040618919585866886 3
4 1829 0.009435129992800703 3
4 1830 0.009292105646732501 3
4 1831 0.009292105646732501 3
4 1832 5546495.518947005 3
4 1833 0.009432798133225402 3
4 1834 0.03108924781953465 3
4 1835 0.06857828352882125 3
4 1836 0.11173631840316901 3
4 1837 0.009292105646733762 3
4 1838 0.009292105646733762 3
4 1839 0.009292105646732959 3
4 1840 0.009292105646732168 3
4 1841 0.009292105646732501 3
4 1842 0.10308596742728275 3
4 1843 0.009989083995193566 3
4 1844 0.00835353855395996 3
4 1845 0.17370856787301311 3
4 1846 0.009292105646733344 3
4 1847 0.10308596724487931 3
4 1848 0.05647510760129374 3
4 1849 0.009292105646732959 3
4 1850 0.11173631840316901 3
4 1851 0.009292105646732959 3
4 1852 0.009292105646733762 3
4 1853 0.009292105646733762 3
4 1854 0.00943512999284001 3
4 1855 0.009435129992351807 3
4 1856 0.10593617382000257 3
4 1857 0.009292105646732168 3
4 1858 0.009292105646732501 3
4 1859 0.009292105646732449 3
4 1860 0.009435129992351807 3
4 1861 0.00943512999284001 3
4 1862 42049288.7860604 3
4 1863 0.009435129992351807 3
4 1864 0.1117363184041192 3
4 1865 0.11173631840283019 3
4 1866 0.012261123720577746 3
4 1867 0.01972468284936206 3
4 1868 0.009292105646732168 3
4 1869 0.009292105646732959 3
4 1870 0.009292105646732168 3
4 1871 0.009292105646732501 3
4 1872 0.009292105646733344 3
4 1873 0.00835353854832345 3
4 1874 367539.4469117494 3
4 1875 0.10308596726259155 3
4 1876 0.009292105646732449 3
4 1877 0.009292105646732501 3
4 1878 0.009292105646732449 3
4 1879 0.009292105646732168 3
4 1880 0.009292105646733344 3
4 1881 0.009292105646732168 3
4 1882 0.03280397775005753 3
4 1883 0.03280397776157306 3
4 1884 4746087.164131789 3
4 1885 0.009427058769228563 3
4 1886 0.009292105646733344 3
4 1887 0.009292105646732449 3
4 1888 0.10308596725422105 3
4 1889 0.009435129992351807 3
4 1890 0.009292105646733762 3
4 1891 0.009292105646732449 3
4 1892 0.10308596726259155 3
4 1893 5546495.518947005 3
4 1894 0.010092767891988395 3
4 1895 0.00943279812932891 3
4 1896 0.1149896939324099 3
4 1897 0.009292105646732501 3
4 1898 0.03280397776157306 3
4 1899 0.009292105646733762 3
4 1900 0.009427058765665157 3
4 1901 0.010092767894765405 3
4 1902 0.012261158308090696 3
4 1903 17.158380718581398 3
4 1904 0.00835353854832345 3
4 1905 0.012261123720577746 3
4 1906 0.009292105646732501 3
4 1907 0.009292105646732501 3
4 1908 0.009292105646733344 3
4 1909 0.009292105646732501 3
4 1910 0.009435129992696101 3
4 1911 0.009292105646733344 3
4 1912 0.009435129992800703 3
4 1913 0.01226114842677282 3
4 1914 0.03280397776157306 3
4 1915 0.1117363184041192 3
4 1916 0.009292105646732959 3
4 1917 0.009292105646732168 3
4 1918 0.019607709804275363 3
4 1919 0.009435129992800703 3
4 1920 0.009292105646732501 3
4 1921 0.009292105646732168 3
4 1922 0.11173631840316901 3
4 1923 0.1117363184041192 3
4 1924 0.009435129992877225 3
4 1925 0.00835373717531057 3
4 1926 0.009435129992730263 3
4 1927 0.009435129992730263 3
4 1928 0.012261123720577746 3
4 1929 0.009435129992877225 3
4 1930 0.07147612897098554 3
4 1931 0.1358436464770863 3
4 1932 0.00943512999284001 3
4 1933 17.158380718581398 3
4 1934 0.009292105646732501 3
4 1935 0.009292105646732168 3
4 1936 0.009435129992696101 3
4 1937 0.10308596725422105 3
4 1938 0.010092767891989369 3
4 1939 198.70207072015216 3
4 1940 0.04502568091942755 3
4 1941 0.009435129992800703 3
4 1942 42049288.78611562 3
4 1943 0.012261158308090696 3
4 1944 0.009292105646732449 3
4 1945 0.009292105646732501 3
4 1946 0.009292105646732501 3
4 1947 0.009292105646732168 3
4 1948 0.0714761286719527 3
4 1949 0.031089247939078267 3
4 1950 18.84770564852239 3
4 1951 0.009435129992877225 3
4 1952 0.009292105646732168 3
4 1953 0.07147612815472726 3
4 1954 0.009292105646733762 3
4 1955 0.009292105646733762 3
4 1956 0.009435129992696101 3
4 1957 42049288.78611562 3
4 1958 0.009292105646732501 3
4 1959 0.009292105646732501 3
4 1960 0.0030146300807869218 3
4 1961 0.00301463008079525 3
4 1962 0.07147612815472726 3
4 1963 0.009427058766137034 3
4 1964 5546495.518947005 3
4 1965 0.005826773994155075 3
4 1966 0.00943279812925292 3
4 1967 0.10243854141417671 3
4 1968 367539.4469117494 3
4 1969 0.012261123720577746 3
4 1970 0.009427058765665157 3
4 1971 0.009427058765665157 3
4 1972 0.009292105646732449 3
4 1973 0.009292105646732501 3
4 1974 0.009292105646732959 3
4 1975 0.009292105646732501 3
4 1976 0.009435129992730263 3
4 1977 0.009435129992351807 3
4 1978 0.008353737171585435 3
4 1979 0.008353737171585435 3
4 1980 0.009292105646732449 3
4 1981 0.11173631840283019 3
4 1982 0.11173631840283019 3
4 1983 0.009292105646732959 3
4 1984 0.012261158308090696 3
4 1985 0.009435129992877225 3
4 1986 0.009292105646732501 3
4 1987 42049288.78611562 3
4 1988 0.0099890839978324 3
4 1989 0.009292105646732168 3
4 1990 0.008353690173821057 3
4 1991 0.00835353855395996 3
4 1992 0.16776931803682565 3
4 1993 0.009435129992351807 3
4 1994 0.009292105646732449 3
4 1995 0.11173631840283019 3
4 1996 0.019742912531988257 3
4 1997 0.009292105646732959 3
4 1998 0.009292105646733762 3
4 1999 0.009292105646732449 3
5 0 7.555903863200366e-07 3
5 1 0.0030146300807869218 3
5 2 0.0030146300807869218 3
5 3 0.0030146300807869218 3
5 4 0.0030146300807869218 3
5 5 0.0030146300807869218 3
5 6 0.0030146300807898894 3
5 7 0.0030146300807898894 3
5 8 0.0030146300807931768 3
5 9 0.0030146300807931768 3
5 10 0.0030146300807931768 3
5 11 0.00301463008079525 3
5 12 0.00301463008079525 3
5 13 0.00301463008079525 3
5 14 0.00301463008079525 3
5 15 0.00301463008079525 3
5 16 0.0030146300807955438 3
5 17 0.0030146300807955438 3
5 18 0.0030146300807955438 3
5 19 0.0030146300807955438 3
5 20 0.0030146300807955438 3
5 21 0.0030146300807961184 3
5 22 0.0030146300807961184 3
5 23 0.003033188025258374 3
5 24 0.003033188025258374 3
5 25 0.0030331880252738555 3
5 26 0.0030331880252738555 3
5 27 0.0030331880253542365 3
5 28 0.0030331880253542365 3
5 29 0.0030331880253542365 3
5 30 0.0030331880253542365 3
5 31 0.0030331880253583977 3
5 32 0.0030331880253583977 3
5 33 0.0030331880253583977 3
5 34 0.0030331880253583977 3
5 35 0.0030331880253583977 3
5 36 0.003033188025361932 3
5 37 0.003033188025361932 3
5 38 0.004795423013002624 3
5 39 0.004795423013003148 3
5 40 0.004795423013003148 3
5 41 0.0047954230130038645 3
5 42 0.0047954230130038645 3
5 43 0.004795423013004231 3
5 44 0.004795423013004231 3
5 45 0.005826773993682671 3
5 46 0.005826773993682671 3
5 47 0.005826773994155075 3
5 48 0.005826773994155075 3
5 49 0.005826773994155075 3
5 50 0.005826773994155075 3
5 51 0.005826773994155075 3
5 52 0.005826773994155075 3
5 53 0.005826773994155075 3
5 54 0.005826773994155075 3
5 55 0.005826773994155075 3
5 56 0.005826775005042552 3
5 57 0.005826775005042552 3
5 58 0.005826775005909835 3
5 59 0.005826775005909835 3
5 60 0.005826775005909835 3
5 61 0.005826775005909835 3
5 62 0.005826775005909835 3
5 63 0.005826785492982391 3
5 64 0.005826785492982391 3
5 65 0.005826785492982391 3
5 66 0.005826785493275824 3
5 67 0.005826785493275824 3
5 68 0.005826785493275824 3
5 69 0.005826785493275824 3
5 70 0.005826785493275824 3
5 71 0.005826785493275824 3
5 72 0.00835353854832345 3
5 73 0.00835353854832345 3
5 74 0.00835353854832345 3
5 75 0.00835353854832345 3
5 76 0.00835353854832345 3
5 77 0.00835353854832345 3
5 78 0.00835353854832345 3
5 79 0.00835353854832345 3
5 80 0.00835353854832345 3
5 81 0.00835353854832345 3
5 82 0.00835353854832345 3
5 83 0.00835353854832345 3
5 84 0.00835353854832345 3
5 85 0.00835353854832345 3
5 86 0.00835353854832345 3
5 87 0.00835353854832345 3
5 88 0.00835353854832345 3
5 89 0.00835353854832345 3
5 90 0.00835353854832345 3
5 91 0.00835353854832345 3
5 92 0.00835353854832345 3
5 93 0.00835353854832345 3
5 94 0.00835353854832345 3
5 95 0.00835353855395996 3
5 96 0.00835353855395996 3
5 97 0.00835353855395996 3
5 98 0.00835353855395996 3
5 99 0.00835353855395996 3
5 100 0.00835353855395996 3
5 101 0.00835353855395996 3
5 102 0.00835353855395996 3
5 103 0.00835353855395996 3
5 104 0.00835353855395996 3
5 105 0.00835353855395996 3
5 106 0.00835353855395996 3
5 107 0.00835353855395996 3
5 108 0.00835353855395996 3
5 109 0.00835353855395996 3
5 110 0.00835353855395996 3
5 111 0.00835353855395996 3
5 112 0.00835353855395996 3
5 113 0.00835353855395996 3
5 114 0.00835353855395996 3
5 115 0.00835353855395996 3
5 116 0.00835353855395996 3
5 117 0.008353690173821057 3
5 118 0.008353690173821057 3
5 119 0.008353690173821057 3
5 120 0.008353690173821057 3
5 121 0.008353690173821057 3
5 122 0.008353690173821057 3
5 123 0.008353690173821057 3
5 124 0.008353690173821057 3
5 125 0.008353690173821057 3
5 126 0.008353690173821057 3
5 127 0.008353690173821057 3
5 128 0.008353690173821057 3
5 129 0.008353690173821057 3
5 130 0.008353690173821057 3
5 131 0.008353690173821057 3
5 132 0.008353690173821057 3
5 133 0.008353690173821057 3
5 134 0.008353690173821057 3
5 135 0.008353690173821057 3
5 136 0.008353690181034826 3
5 137 0.008353690181034826 3
5 138 0.008353690181034826 3
5 139 0.008353690181034826 3
5 140 0.008353690181034826 3
5 141 0.008353690181034826 3
5 142 0.008353690181034826 3
5 143 0.008353690181034826 3
5 144 0.008353690181034826 3
5 145 0.008353690181034826 3
5 146 0.008353690181034826 3
5 147 0.008353690181034826 3
5 148 0.008353690181034826 3
5 149 0.008353690181034826 3
5 150 0.008353690181034826 3
5 151 0.008353690181034826 3
5 152 0.008353737171585435 3
5 153 0.008353737171585435 3
5 154 0.008353737171585435 3
5 155 0.008353737171585435 3
5 156 0.008353737171585435 3
5 157 0.008353737171585435 3
5 158 0.008353737171585435 3
5 159 0.008353737171585435 3
5 160 0.008353737171585435 3
5 161 0.008353737171585435 3
5 162 0.008353737171585435 3
5 163 0.008353737171585435 3
5 164 0.008353737171585435 3
5 165 0.008353737171585435 3
5 166 0.008353737171585435 3
5 167 0.008353737171585435 3
5 168 0.008353737171585435 3
5 169 0.008353737171585435 3
5 170 0.008353737171585435 3
5 171 0.008353737171585435 3
5 172 0.008353737171585435 3
5 173 0.008353737171585435 3
5 174 0.008353737171585435 3
5 175 0.008353737171585435 3
5 176 0.008353737171585435 3
5 177 0.008353737171585435 3
5 178 0.008353737171585435 3
5 179 0.008353737171585435 3
5 180 0.008353737171585435 3
5 181 0.00835373717531057 3
5 182 0.00835373717531057 3
5 183 0.00835373717531057 3
5 184 0.00835373717531057 3
5 185 0.00835373717531057 3
5 186 0.00835373717531057 3
5 187 0.00835373717531057 3
5 188 0.00835373717531057 3
5 189 0.00835373717531057 3
5 190 0.00835373717531057 3
5 191 0.00835373717531057 3
5 192 0.00835373717531057 3
5 193 0.00835373717531057 3
5 194 0.00835373717531057 3
5 195 0.00835373717531057 3
5 196 0.00835373717531057 3
5 197 0.00835373717531057 3
5 198 0.00835373717531057 3
5 199 0.00835373717531057 3
5 200 0.008353690181034826 3
5 201 0.00835353854832345 3
5 202 0.004795423013004231 3
5 203 0.022951223415271418 3
5 204 0.005826785492982391 3
5 205 0.005826785493275824 3
5 206 0.005826785493275824 3
5 207 0.005826773994155075 3
5 208 0.0030146300807955438 3
5 209 0.031089247939078267 3
5 210 198.70207072015216 3
5 211 0.033290341369690155 3
5 212 0.003033188025350772 3
5 213 0.0030331880253542365 3
5 214 0.005826785492982391 3
5 215 0.005826775005042552 3
5 216 7.555903863200366e-07 3
5 217 0.02685514772726037 3
5 218 0.003033188025258374 3
5 219 198.70207060031814 3
5 220 0.00835353855395996 3
5 221 0.008353690173821057 3
5 222 0.00301463008079525 3
5 223 0.00301463008079525 3
5 224 0.005826775005042552 3
5 225 0.005826773993682671 3
5 226 0.00835353855395996 3
5 227 0.00835353854832345 3
5 228 0.008353690181034826 3
5 229 0.00835353855395996 3
5 230 0.005826773993682671 3
5 231 0.03108924811414995 3
5 232 0.02295543681321719 3
5 233 0.031089428104667097 3
5 234 0.008353737171585435 3
5 235 0.008353690181034826 3
5 236 0.00835373717531057 3
5 237 0.00835373717531057 3
5 238 0.0310894279707324 3
5 239 0.020219172761516045 3
5 240 0.005826785492982391 3
5 241 0.008353690181034826 3
5 242 0.00835353855395996 3
5 243 0.008353737171585435 3
5 244 0.07342469333813001 3
5 245 0.00835353854832345 3
5 246 0.005826773993682671 3
5 247 0.005826775005042552 3
5 248 0.008353690181034826 3
5 249 0.00835353854832345 3
5 250 0.005826773994155075 3
5 251 0.008353690181034826 3
5 252 0.004795423013002624 3
5 253 0.09726311310856793 3
5 254 0.00943279812830901 3
5 255 0.019052660290309418 3
5 256 198.70207069528146 3
5 257 0.031089428104667097 3
5 258 0.003033188025258374 3
5 259 0.031089247939078267 3
5 260 0.005826773993682671 3
5 261 0.005826773993682671 3
5 262 0.0030146300807898894 3
5 263 0.00301463008079525 3
5 264 0.0030146300807955438 3
5 265 0.13747168021301454 3
5 266 0.00835373717531057 3
5 267 0.00835353855395996 3
5 268 0.10243854141417671 3
5 269 0.10243854141417671 3
5 270 0.03108924811414995 3
5 271 0.009435129992800703 3
5 272 0.00835373717531057 3
5 273 0.00835373717531057 3
5 274 0.017042093272229428 3
5 275 0.008353737171585435 3
5 276 0.0030331880253583977 3
5 277 0.02587752565884906 3
5 278 0.00835353854832345 3
5 279 0.008353690181034826 3
5 280 0.008353690181034826 3
5 281 0.00835353854832345 3
5 282 0.00835353855395996 3
5 283 0.1565316712030647 3
5 284 0.07147612809855336 3
5 285 0.009427058766137034 3
5 286 0.00835373717531057 3
5 287 0.0030146300807869218 3
5 288 0.00835373717531057 3
5 289 0.005826785493275824 3
5 290 0.003033188025350772 3
5 291 0.00835353854832345 3
5 292 0.00835353854832345 3
5 293 163850998.2505462 3
5 294 0.0030146300807931768 3
5 295 0.11173631840283019 3
5 296 0.00835373717531057 3
5 297 0.008353737171585435 3
5 298 0.028045863270398465 3
5 299 0.003033188025258374 3
5 300 0.004795423013004231 3
5 301 0.0030146300807961184 3
5 302 0.0030146300807898894 3
5 303 0.11030940035804948 3
5 304 0.009432798133225402 3
5 305 0.005826775005042552 3
5 306 0.025877525658859885 3
5 307 0.009435129992877225 3
5 308 0.00835353855395996 3
5 309 0.00835353855395996 3
5 310 0.0030146300807869218 3
5 311 0.0030146300807961184 3
5 312 0.0030331880253583977 3
5 313 0.003033188025258374 3
5 314 0.02295543680524202 3
5 315 0.019691213730312983 3
5 316 0.00835353854832345 3
5 317 0.00835373717531057 3
5 318 0.00835373717531057 3
5 319 0.00835373717531057 3
5 320 0.010092767891988395 3
5 321 0.010092767892375518 3
5 322 0.06857828352880392 3
5 323 0.017295457244245402 3
5 324 198.70207041015453 3
5 325 0.025877525658860152 3
5 326 0.008353690173821057 3
5 327 0.005826785492982391 3
5 328 0.0030331880253583977 3
5 329 0.10243854141417671 3
5 330 0.09031799710393405 3
5 331 0.005826773994155075 3
5 332 0.008353737171585435 3
5 333 0.0047954230130038645 3
5 334 0.005826775005042552 3
5 335 0.005826775005909835 3
5 336 0.07147612957066919 3
5 337 0.031089247939078267 3
5 338 0.008353690181034826 3
5 339 0.008353690181034826 3
5 340 0.0030146300807931768 3
5 341 0.0030146300807898894 3
5 342 0.07147612897098554 3
5 343 0.005826775005909835 3
5 344 0.00835373717531057 3
5 345 0.04505647715615597 3
5 346 0.025877525658890423 3
5 347 0.003033188025258374 3
5 348 0.00835353855395996 3
5 349 0.025877525658854424 3
5 350 0.02587752565884906 3
5 351 0.07147612809855336 3
5 352 0.1232103957657654 3
5 353 0.0030146300807869218 3
5 354 0.024085203021559424 3
5 355 0.00835353854832345 3
5 356 0.0030146300807931768 3
5 357 0.0030146300807869218 3
5 358 0.06857828352882125 3
5 359 0.025877525658859885 3
5 360 0.00301463008079525 3
5 361 0.00301463008079525 3
5 362 7.555903863231127e-07 3
5 363 7.555903863181284e-07 3
5 364 0.8044581865931608 3
5 365 7.555903863231127e-07 3
5 366 0.005826785492982391 3
5 367 0.005826785492982391 3
5 368 0.005826773994155075 3
5 369 0.00835373717531057 3
5 370 0.00835353854832345 3
5 371 0.00835373717531057 3
5 372 0.026855147727265362 3
5 373 0.008353690181034826 3
5 374 0.004795423013002624 3
5 375 0.06857828352877629 3
5 376 0.005826773993682671 3
5 377 0.0678256016320536 3
5 378 0.008353690181034826 3
5 379 0.00301463008079525 3
5 380 0.031089247939078267 3
5 381 0.008353737171585435 3
5 382 0.0030331880252738555 3
5 383 0.009432798133225402 3
5 384 0.008353690181034826 3
5 385 0.009435129992730263 3
5 386 198.70207041015453 3
5 387 198.70207060031814 3
5 388 0.003033188025350772 3
5 389 0.0030331880253583977 3
5 390 0.005826773993682671 3
5 391 0.008353737171585435 3
5 392 0.0310894279707324 3
5 393 0.07147612897098554 3
5 394 0.0030146300807869218 3
5 395 0.0030331880253542365 3
5 396 0.005826773993682671 3
5 397 0.022955436816526894 3
5 398 0.00835353854832345 3
5 399 0.003033188025361932 3
5 400 0.004795423013004231 3
5 401 0.09726311310914441 3
5 402 0.025877525658854424 3
5 403 0.025877525658859885 3
5 404 0.3729958700486159 3
5 405 0.004795423013003148 3
5 406 0.005826785492982391 3
5 407 0.005826773994155075 3
5 408 0.031089428104667097 3
5 409 0.008353690173821057 3
5 410 0.005826785492982391 3
5 411 0.00835353855395996 3
5 412 0.0030146300807955438 3
5 413 0.00301463008079525 3
5 414 0.005826773994155075 3
5 415 0.005826775005909835 3
5 416 0.022955436816526894 3
5 417 198.70207012281796 3
5 418 0.008353690181034826 3
5 419 0.008353737171585435 3
5 420 0.07147612815472726 3
5 421 0.025877525658854424 3
5 422 0.10308596725422105 3
5 423 0.0030146300807931768 3
5 424 0.005826773994155075 3
5 425 0.09759002944686732 3
5 426 0.00835373717531057 3
5 427 0.09896380603683978 3
5 428 0.009432798133098915 3
5 429 0.009432798133098915 3
5 430 0.02587752565884906 3
5 431 0.03086265301747559 3
5 432 0.0030331880253542365 3
5 433 0.06473814250503755 3
5 434 0.025877525658890423 3
5 435 0.010092767891988395 3
5 436 0.010092767891989369 3
5 437 0.18745948288355327 3
5 438 0.005826775005042552 3
5 439 0.005826773993682671 3
5 440 0.010092767891989369 3
5 441 198.70207041015453 3
5 442 0.00835353854832345 3
5 443 0.00835353854832345 3
5 444 0.03108924811414995 3
5 445 0.009435129992351807 3
5 446 0.17850564821096326 3
5 447 0.0030146300807961184 3
5 448 0.09676005966780822 3
5 449 0.003033188025361932 3
5 450 0.00835373717531057 3
5 451 0.009435129992730263 3
5 452 0.00835353854832345 3
5 453 0.00835353855395996 3
5 454 0.008353737171585435 3
5 455 0.00835353855395996 3
5 456 0.008353737171585435 3
5 457 0.00835353854832345 3
5 458 0.008353737171585435 3
5 459 0.010092767893229508 3
5 460 0.005826773993682671 3
5 461 0.005826785492982391 3
5 462 0.0047954230130038645 3
5 463 0.02587752565884906 3
5 464 0.008353690181034826 3
5 465 0.008353690181034826 3
5 466 0.15554026313951594 3
5 467 0.008353690181034826 3
5 468 0.00835373717531057 3
5 469 0.008353690181034826 3
5 470 0.005826775005042552 3
5 471 0.005826785493275824 3
5 472 0.02295543680524202 3
5 473 0.03108924781953465 3
5 474 0.00301463008079525 3
5 475 0.0030146300807961184 3
5 476 0.0030146300807931768 3
5 477 0.0030146300807869218 3
5 478 0.1608796474380244 3
5 479 0.09726311310914441 3
5 480 0.005826773994155075 3
5 481 0.005826773993682671 3
5 482 0.07147612957066919 3
5 483 0.03108924811414995 3
5 484 0.031089247939078267 3
5 485 0.12417574916478255 3
5 486 0.005826775005042552 3
5 487 0.005826773993682671 3
5 488 689300.3983308397 3
5 489 0.008353690173821057 3
5 490 0.008353737171585435 3
5 491 0.008353737171585435 3
5 492 0.07147612809855336 3
5 493 0.03108924811414995 3
5 494 198.70207041015453 3
5 495 0.0030331880252738555 3
5 496 0.005826775005042552 3
5 497 0.00835353855395996 3
5 498 3311.7889782456496 3
5 499 0.025877525658848953 3
5 500 0.005826773993682671 3
5 501 0.005826785492982391 3
5 502 0.017329855865414457 3
5 503 0.06857828352877629 3
5 504 0.05744472566377463 3
5 505 0.00835353854832345 3
5 506 0.06857828352877629 3
5 507 0.031089247939078267 3
5 508 0.0030331880253583977 3
5 509 0.0030146300807955438 3
5 510 0.0310894279707324 3
5 511 0.03108924811414995 3
5 512 0.008353690173821057 3
5 513 0.008353690181034826 3
5 514 0.009435129992877225 3
5 515 0.008353690181034826 3
5 516 0.008353690173821057 3
5 517 0.00835373717531057 3
5 518 0.0714761286719527 3
5 519 0.031089248123322845 3
5 520 0.00835353854832345 3
5 521 0.009435129992877225 3
5 522 0.005826775005042552 3
5 523 0.005826773993682671 3
5 524 0.025877525658890423 3
5 525 0.07147612897098554 3
5 526 0.005826775005909835 3
5 527 0.005826775005909835 3
5 528 0.00835373717531057 3
5 529 0.00835353855395996 3
5 530 0.008353690173821057 3
5 531 0.00835353854832345 3
5 532 0.008353690181034826 3
5 533 0.00835353855395996 3
5 534 0.00835353854832345 3
5 535 0.008353737171585435 3
5 536 0.031089428104667097 3
5 537 0.00943279812830901 3
5 538 0.005826773994155075 3
5 539 0.00835373717531057 3
5 540 0.010092767891989369 3
5 541 0.025877525658859885 3
5 542 0.008353690173821057 3
5 543 0.008353690173821057 3
5 544 0.00835373717531057 3
5 545 0.00835353855395996 3
5 546 0.009435129992877225 3
5 547 0.0030146300807955438 3
5 548 0.008353737171585435 3
5 549 0.008353690181034826 3
5 550 0.07147612897098554 3
5 551 0.07147612897098554 3
5 552 0.005826775005042552 3
5 553 0.005826785493275824 3
5 554 0.00835353854832345 3
5 555 0.008353690173821057 3
5 556 0.003033188025361932 3
5 557 0.10308596724487931 3
5 558 0.005826785493275824 3
5 559 0.15898983806890074 3
5 560 0.06666719879490125 3
5 561 0.009427058765333899 3
5 562 0.00835353855395996 3
5 563 0.00835353854832345 3
5 564 0.00301463008079525 3
5 565 0.0030146300807869218 3
5 566 0.0030146300807961184 3
5 567 0.03108924781953465 3
5 568 0.003033188025361932 3
5 569 0.005826775005042552 3
5 570 0.00301463008079525 3
5 571 0.0030146300807931768 3
5 572 0.008353690181034826 3
5 573 0.00835353855395996 3
5 574 0.008353690173821057 3
5 575 0.008353690181034826 3
5 576 0.005826785492982391 3
5 577 198.70207060031814 3
5 578 0.03108924781953465 3
5 579 198.70207072015216 3
5 580 0.0197141949505471 3
5 581 0.0310894279707324 3
5 582 0.005826775005042552 3
5 583 0.005826775005909835 3
5 584 0.03108924781953465 3
5 585 0.004795423013004231 3
5 586 0.005826785492982391 3
5 587 0.00835373717531057 3
5 588 0.005826773993682671 3
5 589 0.005826775005042552 3
5 590 0.008353690173821057 3
5 591 0.00835353855395996 3
5 592 0.03108924781953465 3
5 593 0.00835353855395996 3
5 594 0.02295543680524202 3
5 595 0.005826775005042552 3
5 596 0.0030146300807961184 3
5 597 0.00942705876964204 3
5 598 198.70207012281796 3
5 599 0.003033188025361932 3
5 600 0.00835353855395996 3
5 601 0.017329855866089174 3
5 602 0.07147612809855336 3
5 603 0.00301463008079525 3
5 604 0.008353690173821057 3
5 605 0.0030146300807869218 3
5 606 0.019712287330708508 3
5 607 0.00835353854832345 3
5 608 0.003033188025350772 3
5 609 0.0030331880253542365 3
5 610 0.009435129992696101 3
5 611 0.07147612957066919 3
5 612 0.08163935589138933 3
5 613 0.0030146300807961184 3
5 614 0.008353737171585435 3
5 615 0.008353690181034826 3
5 616 0.00835353854832345 3
5 617 0.037420451016906595 3
5 618 0.008353737171585435 3
5 619 0.0030146300807961184 3
5 620 0.00835373717531057 3
5 621 0.00835353855395996 3
5 622 0.00835353855395996 3
5 623 0.009435129992730263 3
5 624 0.008353737171585435 3
5 625 0.004795423013003148 3
5 626 0.020461658446160626 3
5 627 0.008353690173821057 3
5 628 0.00835373717531057 3
5 629 0.008353737171585435 3
5 630 0.07147612689280193 3
5 631 0.025877525658890423 3
5 632 0.008353690173821057 3
5 633 0.03108924781953465 3
5 634 0.005826785492982391 3
5 635 0.04264043067417645 3
5 636 0.0030146300807931768 3
5 637 0.03781383800703819 3
5 638 0.028564220059009465 3
5 639 0.0030146300807931768 3
5 640 0.025877525658859885 3
5 641 0.008353690173821057 3
5 642 0.008353737171585435 3
5 643 0.00835353854832345 3
5 644 0.005826775005909835 3
5 645 0.00835373717531057 3
5 646 0.025877525658860152 3
5 647 0.017329855866089174 3
5 648 198.70207041015453 3
5 649 0.008353737171585435 3
5 650 0.005826773993682671 3
5 651 0.005826785492982391 3
5 652 0.009435129992351807 3
5 653 0.0030146300807869218 3
5 654 0.003033188025361932 3
5 655 0.005826773993682671 3
5 656 0.0030146300807898894 3
5 657 0.00301463008079525 3
5 658 0.025877525658854424 3
5 659 0.00835353854832345 3
5 660 0.010092767891988395 3
5 661 0.003033188025350772 3
5 662 0.0030146300807955438 3
5 663 0.18116735527282954 3
5 664 0.0030146300807931768 3
5 665 0.008353690173821057 3
5 666 0.10182772663465188 3
5 667 0.00995672375417148 3
5 668 0.0030146300807955438 3
5 669 0.0030146300807869218 3
5 670 0.025877525658859885 3
5 671 0.008353690181034826 3
5 672 0.0310894279707324 3
5 673 0.025877525658854424 3
5 674 0.0030146300807955438 3
5 675 0.09724825170913697 3
5 676 0.00835353855395996 3
5 677 0.008353690173821057 3
5 678 0.005826775005042552 3
5 679 0.005826785492982391 3
5 680 0.005826775005909835 3
5 681 0.005826773994155075 3
5 682 0.008353690173821057 3
5 683 0.008353690181034826 3
5 684 0.005826775005909835 3
5 685 0.005826773994155075 3
5 686 0.025877525658860152 3
5 687 0.0030331880253583977 3
5 688 198.70207012281796 3
5 689 0.003033188025361932 3
5 690 0.008353737171585435 3
5 691 0.00835353855395996 3
5 692 0.00835373717531057 3
5 693 0.005826773994155075 3
5 694 0.025877525658854424 3
5 695 0.03108924811414995 3
5 696 0.02295543680524202 3
5 697 0.022955436829275224 3
5 698 0.00835373717531057 3
5 699 0.019886228756573164 3
5 700 0.005826775005042552 3
5 701 0.005826785492982391 3
5 702 0.03457341838305529 3
5 703 0.00835353854832345 3
5 704 0.025877525658890423 3
5 705 0.7887843699663385 3
5 706 0.003033188025361932 3
5 707 0.00835353854832345 3
5 708 0.008353690181034826 3
5 709 0.00835353855395996 3
5 710 0.005826775005042552 3
5 711 0.005826775005042552 3
5 712 0.00835353855395996 3
5 713 0.00835353855395996 3
5 714 0.008353690181034826 3
5 715 0.00835353855395996 3
5 716 0.003033188025258374 3
5 717 0.0030331880252738555 3
5 718 0.00835353855395996 3
5 719 0.008353737171585435 3
5 720 0.02005872292473207 3
5 721 0.02295543682214643 3
5 722 0.10308596742728275 3
5 723 0.0030331880253542365 3
5 724 0.0030331880252738555 3
5 725 0.0030146300807931768 3
5 726 0.00835353855395996 3
5 727 0.00835353854832345 3
5 728 0.17609579794113325 3
5 729 0.00835353855395996 3
5 730 0.02295543682214643 3
5 731 0.08601020844109537 3
5 732 0.010092767891989369 3
5 733 0.0030331880252738555 3
5 734 0.02587752565884906 3
5 735 0.008353690173821057 3
5 736 0.004795423013004257 3
5 737 0.09726311310907548 3
5 738 0.005826775005042552 3
5 739 0.15213539816489746 3
5 740 5668.053004283044 3
5 741 0.12540836304069722 3
5 742 0.00835353855395996 3
5 743 0.008353737171585435 3
5 744 0.010092767891989369 3
5 745 0.003033188025350772 3
5 746 0.003033188025361932 3
5 747 0.014570240952446634 3
5 748 0.00835353855395996 3
5 749 0.00835353855395996 3
5 750 0.00835373717531057 3
5 751 0.025877525658859885 3
5 752 0.008353737171585435 3
5 753 0.00835373717531057 3
5 754 0.025877525658859885 3
5 755 0.031089428104667097 3
5 756 0.10308596725422105 3
5 757 0.00301463008079525 3
5 758 0.0030146300807898894 3
5 759 0.0030146300807869218 3
5 760 0.06857828352877629 3
5 761 0.025877525658854424 3
5 762 0.005826773994155075 3
5 763 0.005826773994155075 3
5 764 0.009435129992877225 3
5 765 0.0030146300807869218 3
5 766 0.026855147727262094 3
5 767 0.00835353855395996 3
5 768 0.0030146300807961184 3
5 769 0.031089247939078267 3
5 770 0.003033188025361932 3
5 771 0.025877525658854424 3
5 772 0.005826775005042552 3
5 773 0.008353737171585435 3
5 774 0.005826785492982391 3
5 775 0.008353690181034826 3
5 776 0.008353737171585435 3
5 777 0.008353737171585435 3
5 778 0.00943279812830901 3
5 779 198.70207041015453 3
5 780 7.555903863232444e-07 3
5 781 0.0941702783921867 3
5 782 0.008353737171585435 3
5 783 0.00835353855395996 3
5 784 0.005826785492982391 3
5 785 0.005826785493275824 3
5 786 0.031089428104667097 3
5 787 0.031089247939078267 3
5 788 0.008353690173821057 3
5 789 0.019505814412174475 3
5 790 0.0030146300807869218 3
5 791 0.008353690181034826 3
5 792 0.010092767892945448 3
5 793 0.00835353855395996 3
5 794 0.008353690181034826 3
5 795 0.008353690173821057 3
5 796 0.005826775005909835 3
5 797 0.021302214925818755 3
5 798 0.031089428104667097 3
5 799 0.07147612897098554 3
5 800 198.70207045202218 3
5 801 0.010092767894765405 3
5 802 0.011063276813125057 3
5 803 0.005826775005909835 3
5 804 0.005826775005909835 3
5 805 0.11192150543209763 3
5 806 0.00835373717531057 3
5 807 0.8044581866516656 3
5 808 0.008353737171585435 3
5 809 0.008353690173821057 3
5 810 0.005826775005042552 3
5 811 0.005826773993682671 3
5 812 0.005826775005042552 3
5 813 0.008353690173821057 3
5 814 0.10308596726259155 3
5 815 0.0030331880253583977 3
5 816 0.008353737171585435 3
5 817 0.005826773994155075 3
5 818 0.031089428104667097 3
5 819 0.0030331880252738555 3
5 820 0.009435129992730263 3
5 821 0.031089428104667097 3
5 822 0.0714761286719527 3
5 823 0.00835353855395996 3
5 824 0.005826785493275824 3
5 825 0.008353737171585435 3
5 826 0.00835353854832345 3
5 827 0.005826775005042552 3
5 828 0.00835353855395996 3
5 829 0.028501350522195396 3
5 830 0.00301463008079525 3
5 831 0.00943512999284001 3
5 832 0.03108924781953465 3
5 833 0.009432798133225402 3
5 834 0.0030146300807898894 3
5 835 0.00835353854832345 3
5 836 0.00835373717531057 3
5 837 0.005826775005909835 3
5 838 0.10106335810670794 3
5 839 0.10106335811278086 3
5 840 0.07147612815472726 3
5 841 0.02587752565884906 3
5 842 0.0030146300807931768 3
5 843 0.009427058765665157 3
5 844 0.005826773994155075 3
5 845 0.02295543681321719 3
5 846 0.0678256016320536 3
5 847 0.008353690181034826 3
5 848 0.10308596724487931 3
5 849 0.10308596725422105 3
5 850 0.004795423013002624 3
5 851 0.004795423013002624 3
5 852 0.07147612897098554 3
5 853 0.07147612815472726 3
5 854 0.025877525658860152 3
5 855 0.009435129992730263 3
5 856 0.005826773993682671 3
5 857 0.06525386929507787 3
5 858 0.0030146300807898894 3
5 859 0.1117363184041192 3
5 860 0.0030146300807955438 3
5 861 0.00301463008079525 3
5 862 0.0030146300807961184 3
5 863 0.11456019903378364 3
5 864 0.00835353854832345 3
5 865 0.00835353854832345 3
5 866 0.11030940034791202 3
5 867 7.555903863232444e-07 3
5 868 0.0030146300807869218 3
5 869 0.0030146300807898894 3
5 870 0.00835373717531057 3
5 871 7.555903863226272e-07 3
5 872 0.005826785492982391 3
5 873 0.005826773994155075 3
5 874 0.00835353855395996 3
5 875 0.00835353854832345 3
5 876 0.00301463008079525 3
5 877 0.0030146300807955438 3
5 878 0.010092767892945448 3
5 879 0.00835353855395996 3
5 880 0.010092767892945448 3
5 881 0.003033188025350772 3
5 882 0.005826785493275824 3
5 883 0.03150128819162286 3
5 884 0.031089428104667097 3
5 885 0.004795423013004231 3
5 886 0.08951908450822972 3
5 887 0.07147612957066919 3
5 888 0.004795423013004257 3
5 889 0.0030146300807898894 3
5 890 0.0030146300807955438 3
5 891 0.0030146300807898894 3
5 892 0.00835373717531057 3
5 893 0.008353737171585435 3
5 894 0.005826775005909835 3
5 895 0.005826785493275824 3
5 896 0.00835353854832345 3
5 897 0.00835353854832345 3
5 898 0.0030331880252738555 3
5 899 0.0030146300807869218 3
5 900 0.10243854141417671 3
5 901 0.003033188025350772 3
5 902 0.06857828352880392 3
5 903 0.0310894279707324 3
5 904 0.003033188025258374 3
5 905 198.70207069528146 3
5 906 0.07147612897098554 3
5 907 0.00943512999284001 3
5 908 0.005826773993682671 3
5 909 0.054398254875328005 3
5 910 0.00835353855395996 3
5 911 0.00835373717531057 3
5 912 0.0030146300807961184 3
5 913 0.0030146300807961184 3
5 914 0.008353737171585435 3
5 915 0.03742045101690338 3
5 916 0.00835353855395996 3
5 917 0.0310894279707324 3
5 918 0.008353737171585435 3
5 919 0.005826785493275824 3
5 920 0.03108924811414995 3
5 921 0.009435129992696101 3
5 922 0.025877525658859885 3
5 923 0.03108924781953465 3
5 924 0.009427058765333899 3
5 925 0.0714761286719527 3
5 926 0.0030146300807898894 3
5 927 0.0030146300807931768 3
5 928 0.008353737171585435 3
5 929 0.005826775005909835 3
5 930 0.00835353855395996 3
5 931 0.008353690173821057 3
5 932 0.03108924781953465 3
5 933 0.025877525658890423 3
5 934 0.0030146300807898894 3
5 935 0.0030146300807955438 3
5 936 0.00835353855395996 3
5 937 0.005826775005042552 3
5 938 0.031089248123322845 3
5 939 0.010092767892945448 3
5 940 0.010092767892375518 3
5 941 198.70207012281796 3
5 942 0.025877525658859885 3
5 943 0.0030331880252738555 3
5 944 0.005826785493275824 3
5 945 0.005826773993682671 3
5 946 0.008353690181034826 3
5 947 0.008353690173821057 3
5 948 198.70207069528146 3
5 949 0.00835373717531057 3
5 950 0.008353690173821057 3
5 951 0.00835353854832345 3
5 952 0.008353690173821057 3
5 953 0.00835373717531057 3
5 954 0.008353737171585435 3
5 955 0.00835353854832345 3
5 956 0.10106335810670794 3
5 957 0.10106335811348517 3
5 958 0.005826775005909835 3
5 959 0.005826785493275824 3
5 960 0.059457995673142555 3
5 961 0.003033188025258374 3
5 962 0.061524603793429604 3
5 963 0.0030146300807931768 3
5 964 0.018004174407225078 3
5 965 0.003033188025258374 3
5 966 0.008353690173821057 3
5 967 0.00835353855395996 3
5 968 0.003033188025361932 3
5 969 0.010092767893229508 3
5 970 0.00943512999284001 3
5 971 0.13266478154822903 3
5 972 0.008353690173821057 3
5 973 0.008353690181034826 3
5 974 0.008353737171585435 3
5 975 0.008353737171585435 3
5 976 0.00835353855395996 3
5 977 0.00835353854832345 3
5 978 0.03108924811414995 3
5 979 0.025877525658859885 3
5 980 0.008353690181034826 3
5 981 0.00835373717531057 3
5 982 0.009435129992696101 3
5 983 0.03108924811414995 3
5 984 0.00835353855395996 3
5 985 0.014570243543325366 3
5 986 0.0030146300807931768 3
5 987 0.0030146300807898894 3
5 988 0.0030146300807961184 3
5 989 0.09726311310914441 3
5 990 0.008353737171585435 3
5 991 0.008353690173821057 3
5 992 0.02295543682214643 3
5 993 7.555903863232444e-07 3
5 994 0.0030146300807931768 3
5 995 0.0714761286719527 3
5 996 0.031089248123322845 3
5 997 0.010092767891989369 3
5 998 0.0836328534426604 3
5 999 0.0030146300807869218 3
5 1000 0.031089428104667097 3
5 1001 0.0030331880252738555 3
5 1002 0.00835373717531057 3
5 1003 0.00835353855395996 3
5 1004 0.0030146300807931768 3
5 1005 0.008353690173821057 3
5 1006 0.008353737171585435 3
5 1007 0.005826773993682671 3
5 1008 0.0030146300807961184 3
5 1009 0.009427058765333899 3
5 1010 0.10106335810670794 3
5 1011 0.003033188025258374 3
5 1012 0.009435129992351807 3
5 1013 0.07147612897098554 3
5 1014 0.008353690173821057 3
5 1015 0.00835353854832345 3
5 1016 0.0030146300807955438 3
5 1017 0.00301463008079525 3
5 1018 0.0030146300807961184 3
5 1019 0.0030146300807961184 3
5 1020 0.00835353855395996 3
5 1021 0.005826785492982391 3
5 1022 0.0030146300807869218 3
5 1023 0.0714761286719527 3
5 1024 0.0030146300807931768 3
5 1025 0.027182047670165077 3
5 1026 0.03701430424144395 3
5 1027 0.00835373717531057 3
5 1028 0.07147612897098554 3
5 1029 0.03108924811414995 3
5 1030 0.0030331880252738555 3
5 1031 0.03108924781953465 3
5 1032 0.07147612815472726 3
5 1033 0.07147612957066919 3
5 1034 0.0310894279707324 3
5 1035 0.03108924781953465 3
5 1036 0.0030146300807898894 3
5 1037 0.0030146300807898894 3
5 1038 0.005826775005909835 3
5 1039 0.00835373717531057 3
5 1040 0.008353690173821057 3
5 1041 0.00835353855395996 3
5 1042 0.0030146300807955438 3
5 1043 0.0030146300807898894 3
5 1044 0.008353690181034826 3
5 1045 0.008353690181034826 3
5 1046 0.00835373717531057 3
5 1047 0.00835353854832345 3
5 1048 0.008353737171585435 3
5 1049 0.008353737171585435 3
5 1050 0.008353690173821057 3
5 1051 0.00835353855395996 3
5 1052 0.00835353855395996 3
5 1053 0.005826775005042552 3
5 1054 0.07147612689280193 3
5 1055 0.02295543682214643 3
5 1056 0.010092767891988395 3
5 1057 0.025877525658859885 3
5 1058 0.004795423013002624 3
5 1059 0.004795423013004231 3
5 1060 0.0714761286719527 3
5 1061 0.0030146300807955438 3
5 1062 0.005826785493275824 3
5 1063 0.005826785492982391 3
5 1064 0.005826785493275824 3
5 1065 0.0030331880252738555 3
5 1066 0.005826785493275824 3
5 1067 0.005826773994155075 3
5 1068 0.005826773993682671 3
5 1069 0.031089428104667097 3
5 1070 0.005826773994155075 3
5 1071 0.005826773994155075 3
5 1072 0.005826773994155075 3
5 1073 0.005826785492982391 3
5 1074 0.005826785493275824 3
5 1075 0.008353690181034826 3
5 1076 0.00835353854832345 3
5 1077 0.00835353854832345 3
5 1078 0.009435129992800703 3
5 1079 0.02587752565884906 3
5 1080 0.07147612957066919 3
5 1081 0.00835373717531057 3
5 1082 0.008353690173821057 3
5 1083 0.12392468182301747 3
5 1084 198.70207060031814 3
5 1085 0.010092767893229508 3
5 1086 0.10308596742728275 3
5 1087 0.003033188025258374 3
5 1088 0.008353690173821057 3
5 1089 0.005826773993682671 3
5 1090 0.003033188025350772 3
5 1091 0.003033188025350772 3
5 1092 0.00301463008079525 3
5 1093 0.005826775005042552 3
5 1094 0.005826785492982391 3
5 1095 0.022040090154497767 3
5 1096 0.005826785492982391 3
5 1097 0.005826775005042552 3
5 1098 0.008353690173821057 3
5 1099 0.06695350546144721 3
5 1100 0.00835353854832345 3
5 1101 0.008353690173821057 3
5 1102 0.07147612897098554 3
5 1103 0.0030146300807961184 3
5 1104 0.00835353854832345 3
5 1105 0.00835373717531057 3
5 1106 0.00835353854832345 3
5 1107 0.005826773993682671 3
5 1108 0.0310894279707324 3
5 1109 0.008353690181034826 3
5 1110 0.0030146300807955438 3
5 1111 0.10243854141417671 3
5 1112 0.003033188025258374 3
5 1113 0.003033188025350772 3
5 1114 0.10753634118636338 3
5 1115 0.0030331880252738555 3
5 1116 0.022955436829275224 3
5 1117 0.07147612809855336 3
5 1118 0.00835353854832345 3
5 1119 0.00835373717531057 3
5 1120 0.0030146300807961184 3
5 1121 0.01732985586545547 3
5 1122 0.00943279812925292 3
5 1123 0.02295543681321719 3
5 1124 0.00835353854832345 3
5 1125 0.008353737171585435 3
5 1126 0.0310894279707324 3
5 1127 0.00835353855395996 3
5 1128 0.005826785493275824 3
5 1129 0.005826773993682671 3
5 1130 198.70207060031814 3
5 1131 0.005826775005909835 3
5 1132 0.005826773993682671 3
5 1133 0.005826775005042552 3
5 1134 0.07147612957066919 3
5 1135 0.07147612897098554 3
5 1136 0.0910429179546642 3
5 1137 0.0030331880253542365 3
5 1138 0.025877525658860152 3
5 1139 0.00835353855395996 3
5 1140 0.003033188025350772 3
5 1141 198.70207069528146 3
5 1142 0.0030146300807955438 3
5 1143 7.555903863200366e-07 3
5 1144 0.008353690181034826 3
5 1145 0.005826773994155075 3
5 1146 0.0030146300807931768 3
5 1147 0.01760107936991885 3
5 1148 0.00835373717531057 3
5 1149 0.00835353854832345 3
5 1150 0.0030146300807961184 3
5 1151 0.005826773994155075 3
5 1152 0.0030146300807931768 3
5 1153 0.0030146300807898894 3
5 1154 0.00835373717531057 3
5 1155 0.00835353855395996 3
5 1156 198.70207069528146 3
5 1157 198.70207069528146 3
5 1158 0.005826773993682671 3
5 1159 0.027342167650755585 3
5 1160 0.0030146300807869218 3
5 1161 0.10308596724487931 3
5 1162 0.09726311310907548 3
5 1163 0.0047954230130038645 3
5 1164 0.005826775005042552 3
5 1165 0.005826775005042552 3
5 1166 0.004795423013002624 3
5 1167 0.004795423013002624 3
5 1168 198.70207072015216 3
5 1169 0.003033188025350772 3
5 1170 0.03108924781953465 3
5 1171 0.031089248123322845 3
5 1172 0.005826773994155075 3
5 1173 0.005826773993682671 3
5 1174 0.00835353855395996 3
5 1175 0.00835353855395996 3
5 1176 0.00835353855395996 3
5 1177 0.005826773993682671 3
5 1178 0.025877525658848953 3
5 1179 0.025877525658848953 3
5 1180 0.017295457244245402 3
5 1181 0.005826775005042552 3
5 1182 0.0030146300807961184 3
5 1183 0.0030146300807955438 3
5 1184 0.10243854138513275 3
5 1185 0.0030146300807931768 3
5 1186 0.0030331880252738555 3
5 1187 0.09142338472193529 3
5 1188 0.07147612809855336 3
5 1189 0.025877525658854424 3
5 1190 0.008353690181034826 3
5 1191 0.005826773994155075 3
5 1192 0.005826773994155075 3
5 1193 0.005826773993682671 3
5 1194 0.02295543680524202 3
5 1195 198.70207060031814 3
5 1196 0.005826775005909835 3
5 1197 0.00835373717531057 3
5 1198 0.008353690181034826 3
5 1199 0.02587752565884906 3
5 1200 0.035429122231955344 3
5 1201 0.00835353855395996 3
5 1202 0.031089248123322845 3
5 1203 0.019607709804090483 3
5 1204 0.008353690173821057 3
5 1205 0.03108924781953465 3
5 1206 0.0310894279707324 3
5 1207 0.031089428104667097 3
5 1208 0.10106335811348517 3
5 1209 0.0030331880252738555 3
5 1210 0.10106335810829463 3
5 1211 0.004795423013004257 3
5 1212 7.555903863232444e-07 3
5 1213 0.11030940034791202 3
5 1214 0.027899858796726098 3
5 1215 0.034641134645572134 3
5 1216 0.07147612957066919 3
5 1217 0.07147612689280193 3
5 1218 0.005826775005909835 3
5 1219 0.005826785493275824 3
5 1220 0.008353690173821057 3
5 1221 0.07147612689280193 3
5 1222 0.008353690181034826 3
5 1223 0.008353690181034826 3
5 1224 0.10243854141417671 3
5 1225 0.10881031889631083 3
5 1226 0.0310894279707324 3
5 1227 0.025877525658890423 3
5 1228 0.008353690181034826 3
5 1229 0.0426405166691937 3
5 1230 0.005826775005909835 3
5 1231 0.005826773993682671 3
5 1232 0.03108924781953465 3
5 1233 0.06857828352902366 3
5 1234 0.07147612809855336 3
5 1235 0.005826773993682671 3
5 1236 0.0030146300807869218 3
5 1237 0.0030146300807955438 3
5 1238 0.025877525658860152 3
5 1239 0.008353690181034826 3
5 1240 0.010092767891988395 3
5 1241 0.02587752565884906 3
5 1242 0.07147612689280193 3
5 1243 0.07147612815472726 3
5 1244 0.005826773993682671 3
5 1245 0.019738051172763074 3
5 1246 0.008353690173821057 3
5 1247 0.00835353855395996 3
5 1248 0.031089247939078267 3
5 1249 0.009427058766137034 3
5 1250 0.010092767892375518 3
5 1251 0.008353690173821057 3
5 1252 0.005826775005909835 3
5 1253 0.005826785493275824 3
5 1254 0.004795423013004257 3
5 1255 0.025877525658859885 3
5 1256 0.00835353855395996 3
5 1257 0.008353690181034826 3
5 1258 0.06857828352902366 3
5 1259 0.004795423013004257 3
5 1260 0.0030331880253583977 3
5 1261 0.010092767892945448 3
5 1262 0.003033188025350772 3
5 1263 0.10308596726259155 3
5 1264 0.00835353855395996 3
5 1265 0.008353737171585435 3
5 1266 0.008353690173821057 3
5 1267 0.025877525658860152 3
5 1268 0.005826785493275824 3
5 1269 0.008353690181034826 3
5 1270 0.008353690181034826 3
5 1271 198.70207072015216 3
5 1272 0.005826773994155075 3
5 1273 0.00835353854832345 3
5 1274 0.0310894279707324 3
5 1275 0.00943279812925292 3
5 1276 0.008353737171585435 3
5 1277 0.00835373717531057 3
5 1278 0.003033188025361932 3
5 1279 0.048104447041885136 3
5 1280 198.70207060031814 3
5 1281 0.0030331880252738555 3
5 1282 0.008353690181034826 3
5 1283 0.005826775005042552 3
5 1284 0.0030146300807961184 3
5 1285 0.0030146300807898894 3
5 1286 0.07147612815472726 3
5 1287 0.08045340575566731 3
5 1288 7.555903863231127e-07 3
5 1289 7.555903863232444e-07 3
5 1290 0.005826785493275824 3
5 1291 0.005826773994155075 3
5 1292 0.005826775005909835 3
5 1293 0.02295543681321719 3
5 1294 0.11192150543209763 3
5 1295 0.031089248123322845 3
5 1296 0.00835353854832345 3
5 1297 0.008353737171585435 3
5 1298 0.0030146300807931768 3
5 1299 0.004795423013004231 3
5 1300 0.005826773993682671 3
5 1301 0.01621765692314551 3
5 1302 0.0030146300807955438 3
5 1303 0.10308596726259155 3
5 1304 0.025877525658860152 3
5 1305 0.057620906434739015 3
5 1306 0.009435129992800703 3
5 1307 0.009435129992696101 3
5 1308 0.008353690181034826 3
5 1309 0.008353737171585435 3
5 1310 0.03108924811414995 3
5 1311 0.07147612957066919 3
5 1312 0.045591612963058165 3
5 1313 0.0310894279707324 3
5 1314 0.008353690181034826 3
5 1315 0.00835353854832345 3
5 1316 0.009435129992696101 3
5 1317 0.00835353854832345 3
5 1318 0.005826785493275824 3
5 1319 0.005826775005909835 3
5 1320 198.70207072015216 3
5 1321 198.70207012281796 3
5 1322 0.008353690181034826 3
5 1323 0.00835353855395996 3
5 1324 0.008353690181034826 3
5 1325 0.00835353854832345 3
5 1326 0.0030146300807898894 3
5 1327 0.00301463008079525 3
5 1328 0.031089248123322845 3
5 1329 0.03108924781953465 3
5 1330 0.005826785493275824 3
5 1331 0.005826775005909835 3
5 1332 0.027899858699785337 3
5 1333 0.008353690173821057 3
5 1334 0.00301463008079525 3
5 1335 0.0030146300807931768 3
5 1336 0.008353737171585435 3
5 1337 0.005826775005042552 3
5 1338 0.008353690181034826 3
5 1339 0.00835353854832345 3
5 1340 0.055079349051553664 3
5 1341 0.027756011082338418 3
5 1342 0.008353690181034826 3
5 1343 0.008353690181034826 3
5 1344 0.005826775005909835 3
5 1345 0.10961484402425185 3
5 1346 0.010092767893229508 3
5 1347 0.010092767892375518 3
5 1348 0.0030146300807955438 3
5 1349 0.03108924781953465 3
5 1350 0.00835373717531057 3
5 1351 0.13523480401702934 3
5 1352 0.07147612957066919 3
5 1353 0.07147612815472726 3
5 1354 0.00835353854832345 3
5 1355 0.00835353855395996 3
5 1356 0.00835353855395996 3
5 1357 0.005826785493275824 3
5 1358 0.004795467115809788 3
5 1359 0.0030331880253542365 3
5 1360 0.07147612815472726 3
5 1361 0.17763406255486408 3
5 1362 0.03108924781953465 3
5 1363 0.07147612897098554 3
5 1364 0.005826773993682671 3
5 1365 689300.5919084727 3
5 1366 198.70207045202218 3
5 1367 0.008353690181034826 3
5 1368 0.13882494949556357 3
5 1369 0.0030146300807961184 3
5 1370 0.03108924811414995 3
5 1371 0.07147612689280193 3
5 1372 0.00835373717531057 3
5 1373 0.0030146300807898894 3
5 1374 198.70207060031814 3
5 1375 0.06703739321578822 3
5 1376 0.005826773994155075 3
5 1377 0.020058696503248093 3
5 1378 0.008353690181034826 3
5 1379 0.008353690173821057 3
5 1380 0.00835373717531057 3
5 1381 0.03108924781953465 3
5 1382 0.00835373717531057 3
5 1383 0.07147612897098554 3
5 1384 0.00835353855395996 3
5 1385 0.008353690173821057 3
5 1386 0.008353737171585435 3
5 1387 0.00835353855395996 3
5 1388 0.025877525658848953 3
5 1389 198.70207012281796 3
5 1390 0.00835353854832345 3
5 1391 0.00835353854832345 3
5 1392 0.0030146300807961184 3
5 1393 0.03520760687845285 3
5 1394 0.008353690181034826 3
5 1395 0.008353737171585435 3
5 1396 198.70207072015216 3
5 1397 0.008353690173821057 3
5 1398 0.0030146300807869218 3
5 1399 0.07147612815472726 3
5 1400 0.10308596725422105 3
5 1401 0.0030331880253542365 3
5 1402 0.010434498859520594 3
5 1403 0.008353690173821057 3
5 1404 0.008353690181034826 3
5 1405 0.01861377644345009 3
5 1406 0.00835373717531057 3
5 1407 0.0030146300807955438 3
5 1408 0.0030146300807961184 3
5 1409 0.0030146300807931768 3
5 1410 0.0030146300807898894 3
5 1411 0.09726311310933376 3
5 1412 0.07147612689280193 3
5 1413 0.0030146300807898894 3
5 1414 0.0030146300807869218 3
5 1415 0.027900539669513516 3
5 1416 0.00835353854832345 3
5 1417 0.008353737171585435 3
5 1418 2180574.2798415404 3
5 1419 0.008353690181034826 3
5 1420 0.00835353854832345 3
5 1421 0.005826773993682671 3
5 1422 0.0030146300807931768 3
5 1423 0.10308596724487931 3
5 1424 0.00835353854832345 3
5 1425 0.005826775005909835 3
5 1426 0.008353690173821057 3
5 1427 0.00835353854832345 3
5 1428 0.008353737171585435 3
5 1429 0.00835373717531057 3
5 1430 0.026855147727275486 3
5 1431 0.025877525658859885 3
5 1432 0.00943512999284001 3
5 1433 0.025877525658854424 3
5 1434 0.008353690181034826 3
5 1435 0.07455047272580181 3
5 1436 0.025877525658890423 3
5 1437 0.00835353854832345 3
5 1438 0.06151431772516484 3
5 1439 0.022955436816526894 3
5 1440 0.005826773994155075 3
5 1441 0.005826773994155075 3
5 1442 0.0310894279707324 3
5 1443 0.0030146300807898894 3
5 1444 0.02587752565884906 3
5 1445 0.0310894279707324 3
5 1446 0.06857828352818564 3
5 1447 0.004795423013004231 3
5 1448 0.0310894279707324 3
5 1449 0.008353737171585435 3
5 1450 0.008353737171585435 3
5 1451 0.008353737171585435 3
5 1452 0.008353690173821057 3
5 1453 0.005826775005909835 3
5 1454 0.003033188025350772 3
5 1455 0.003033188025350772 3
5 1456 0.031089247939078267 3
5 1457 0.010092767892945448 3
5 1458 0.07147612897098554 3
5 1459 0.03108924781953465 3
5 1460 0.07147612815472726 3
5 1461 0.005826773993682671 3
5 1462 0.07801996594577906 3
5 1463 0.0030146300807869218 3
5 1464 0.008353690181034826 3
5 1465 0.005826775005042552 3
5 1466 0.008353737171585435 3
5 1467 0.008353690181034826 3
5 1468 0.031089428104667097 3
5 1469 0.0310894279707324 3
5 1470 0.09726311310856793 3
5 1471 0.004795423013004231 3
5 1472 0.008353690181034826 3
5 1473 0.00835373717531057 3
5 1474 0.0030146300807961184 3
5 1475 0.031089247939078267 3
5 1476 0.008353737171585435 3
5 1477 0.09031799652334731 3
5 1478 0.008353737171585435 3
5 1479 0.005826785492982391 3
5 1480 0.008353690173821057 3
5 1481 0.008353690181034826 3
5 1482 0.008353737171585435 3
5 1483 0.00835373717531057 3
5 1484 0.00835353855395996 3
5 1485 0.008353737171585435 3
5 1486 0.09791364887296654 3
5 1487 0.0030146300807961184 3
5 1488 0.005826775005909835 3
5 1489 0.005826785493275824 3
5 1490 0.025877525658860152 3
5 1491 0.03108924811414995 3
5 1492 0.00835373717531057 3
5 1493 0.008353690181034826 3
5 1494 0.03108924781953465 3
5 1495 0.003033188025258374 3
5 1496 0.004795423013002889 3
5 1497 0.004795423013002889 3
5 1498 0.005826785493275824 3
5 1499 0.005826785492982391 3
5 1500 0.008353690173821057 3
5 1501 0.008353690173821057 3
5 1502 0.005826773994155075 3
5 1503 0.031089428104667097 3
5 1504 0.10106335810829463 3
5 1505 0.0030331880253542365 3
5 1506 0.005826775005042552 3
5 1507 0.008353737171585435 3
5 1508 0.009427058765333899 3
5 1509 0.031089247939078267 3
5 1510 0.005826773993682671 3
5 1511 0.005826773994155075 3
5 1512 0.00301463008079525 3
5 1513 0.031089248123322845 3
5 1514 0.0030331880252738555 3
5 1515 0.010092767893229508 3
5 1516 0.005826773994155075 3
5 1517 0.00835373717531057 3
5 1518 0.06460960284410101 3
5 1519 0.005826775005909835 3
5 1520 0.005826785493275824 3
5 1521 0.008353737171585435 3
5 1522 0.025877525658854424 3
5 1523 0.00835373717531057 3
5 1524 0.15694139298070123 3
5 1525 0.00835373717531057 3
5 1526 0.13285926622716807 3
5 1527 0.0030331880252738555 3
5 1528 0.008353737171585435 3
5 1529 0.048104447041885136 3
5 1530 0.00835353854832345 3
5 1531 0.004795423013002624 3
5 1532 0.00835353854832345 3
5 1533 0.00835373717531057 3
5 1534 0.09726311310914441 3
5 1535 0.0030146300807931768 3
5 1536 0.005826775005909835 3
5 1537 0.005826785492982391 3
5 1538 0.0030331880253542365 3
5 1539 0.0030331880252738555 3
5 1540 0.005826785493275824 3
5 1541 0.005826773993682671 3
5 1542 198.70207060031814 3
5 1543 0.003033188025258374 3
5 1544 0.008353690173821057 3
5 1545 0.008353737171585435 3
5 1546 0.010092767893229508 3
5 1547 0.00835373717531057 3
5 1548 0.07147612897098554 3
5 1549 0.0310894279707324 3
5 1550 0.031089428104667097 3
5 1551 0.05108716889928703 3
5 1552 0.005826785492982391 3
5 1553 0.02295543680524202 3
5 1554 0.02587752565884906 3
5 1555 0.008353690181034826 3
5 1556 0.0714761286719527 3
5 1557 0.025877525658859885 3
5 1558 0.0030331880253542365 3
5 1559 0.0030331880253583977 3
5 1560 0.02295543681321719 3
5 1561 0.07147612815472726 3
5 1562 0.00835353855395996 3
5 1563 0.00835353855395996 3
5 1564 0.03542913308109591 3
5 1565 0.008353737171585435 3
5 1566 0.003033188025258374 3
5 1567 0.009432798133225402 3
5 1568 0.031089247939078267 3
5 1569 0.009427058765665157 3
5 1570 0.005826773993682671 3
5 1571 0.00835353855395996 3
5 1572 0.06857828352818564 3
5 1573 0.06857828352910054 3
5 1574 0.008353690173821057 3
5 1575 0.00835373717531057 3
5 1576 0.0030146300807961184 3
5 1577 0.0030146300807931768 3
5 1578 0.009432798133098915 3
5 1579 0.003033188025350772 3
5 1580 0.09726311310933376 3
5 1581 0.0030146300807898894 3
5 1582 0.00835373717531057 3
5 1583 0.0047954671158014555 3
5 1584 0.06857828352877629 3
5 1585 0.031089247939078267 3
5 1586 0.008353690173821057 3
5 1587 0.008353690173821057 3
5 1588 0.025877525658860152 3
5 1589 0.01973805116955589 3
5 1590 0.00835353855395996 3
5 1591 0.005826773993682671 3
5 1592 0.017329855866089174 3
5 1593 0.025877525658859885 3
5 1594 0.004795423013002624 3
5 1595 0.004795423013002624 3
5 1596 0.005826773993682671 3
5 1597 0.008353690173821057 3
5 1598 0.003033188025361932 3
5 1599 0.003033188025350772 3
5 1600 0.008353690173821057 3
5 1601 0.008353737171585435 3
5 1602 0.031089248123322845 3
5 1603 0.00835353855395996 3
5 1604 0.010092767891988395 3
5 1605 0.00835353854832345 3
5 1606 0.009435129992351807 3
5 1607 0.0030146300807898894 3
5 1608 0.008353737171585435 3
5 1609 0.008353690173821057 3
5 1610 0.00943279812830901 3
5 1611 198.70207069528146 3
5 1612 0.02295543681321719 3
5 1613 0.010434498859070598 3
5 1614 0.025877525658860152 3
5 1615 0.0310894279707324 3
5 1616 0.02139234291018163 3
5 1617 0.11030940034791202 3
5 1618 0.008353737171585435 3
5 1619 0.0030146300807955438 3
5 1620 0.02295543680524202 3
5 1621 0.003033188025258374 3
5 1622 0.00835353855395996 3
5 1623 0.005826773993682671 3
5 1624 0.008353690173821057 3
5 1625 0.008353690173821057 3
5 1626 0.07147612897098554 3
5 1627 0.0310894279707324 3
5 1628 0.07147612815472726 3
5 1629 0.0310894279707324 3
5 1630 0.0030146300807931768 3
5 1631 0.0030146300807898894 3
5 1632 0.025877525658860152 3
5 1633 0.010092767893229508 3
5 1634 0.0030331880253542365 3
5 1635 0.00835353854832345 3
5 1636 0.009427058766137034 3
5 1637 0.07147612809855336 3
5 1638 0.031089248123322845 3
5 1639 198.70207045202218 3
5 1640 0.009427058769228563 3
5 1641 0.005826785493275824 3
5 1642 0.024533392107052795 3
5 1643 0.00835353855395996 3
5 1644 0.07147612897098554 3
5 1645 0.03108924811414995 3
5 1646 0.07147612809855336 3
5 1647 0.00835353854832345 3
5 1648 0.017329855865918346 3
5 1649 0.0047954230130038645 3
5 1650 0.008353690173821057 3
5 1651 0.00835353855395996 3
5 1652 0.01988622875753306 3
5 1653 0.009435129992877225 3
5 1654 0.005826773994155075 3
5 1655 0.17609579794113253 3
5 1656 0.005826785492982391 3
5 1657 0.00835373717531057 3
5 1658 0.00835373717531057 3
5 1659 0.005826773993682671 3
5 1660 0.008353690181034826 3
5 1661 0.016717136635751646 3
5 1662 0.005826773994155075 3
5 1663 0.005826773994155075 3
5 1664 0.009435129992877225 3
5 1665 0.031089247939078267 3
5 1666 0.06857828352910054 3
5 1667 0.004795423013002889 3
5 1668 0.05391076696976657 3
5 1669 0.027253107964561547 3
5 1670 0.008353737171585435 3
5 1671 0.00835373717531057 3
5 1672 0.005826773993682671 3
5 1673 0.031089428104667097 3
5 1674 198.70207045202218 3
5 1675 0.008353690173821057 3
5 1676 0.07147612897098554 3
5 1677 0.00835373717531057 3
5 1678 0.008353690173821057 3
5 1679 0.008353737171585435 3
5 1680 0.09726311310907548 3
5 1681 0.0030146300807955438 3
5 1682 0.021352879494682717 3
5 1683 0.00835353854832345 3
5 1684 0.005826775005042552 3
5 1685 0.005826785492982391 3
5 1686 0.005826785493275824 3
5 1687 0.005826775005042552 3
5 1688 0.05089275437332069 3
5 1689 0.1010633581093955 3
5 1690 0.005826785492982391 3
5 1691 0.005826773994155075 3
5 1692 0.005826773993682671 3
5 1693 0.0030331880252738555 3
5 1694 0.025877525658854424 3
5 1695 0.07147612809855336 3
5 1696 0.008353690173821057 3
5 1697 0.008353690173821057 3
5 1698 0.008353690173821057 3
5 1699 0.008353690173821057 3
5 1700 0.008353690173821057 3
5 1701 0.00835353854832345 3
5 1702 0.031089248123322845 3
5 1703 0.0030146300807898894 3
5 1704 0.009432798133225402 3
5 1705 0.005826785492982391 3
5 1706 0.00835353854832345 3
5 1707 0.00835353854832345 3
5 1708 0.008353690181034826 3
5 1709 0.025877525658859885 3
5 1710 0.00835373717531057 3
5 1711 0.008353690173821057 3
5 1712 0.0030146300807898894 3
5 1713 0.0030146300807898894 3
5 1714 0.0030146300807931768 3
5 1715 0.02293941620370921 3
5 1716 0.022955436816526894 3
5 1717 0.031089247939078267 3
5 1718 0.008353690173821057 3
5 1719 0.00835353855395996 3
5 1720 0.07147612809855336 3
5 1721 0.0030146300807869218 3
5 1722 0.009427058765665157 3
5 1723 0.07147612815472726 3
5 1724 0.010092767893229508 3
5 1725 0.010092767894765405 3
5 1726 0.00835353854832345 3
5 1727 0.008353690173821057 3
5 1728 0.005826773994155075 3
5 1729 0.005826785493275824 3
5 1730 0.030473378393572215 3
5 1731 0.004795423013002889 3
5 1732 0.008353690181034826 3
5 1733 0.00835353854832345 3
5 1734 0.008353690181034826 3
5 1735 0.008353690173821057 3
5 1736 0.03108924781953465 3
5 1737 0.005826775005042552 3
5 1738 0.10106335811348517 3
5 1739 0.0047954230130038645 3
5 1740 0.02295543680524202 3
5 1741 0.010434498859520594 3
5 1742 0.008353690173821057 3
5 1743 0.025877525658859885 3
5 1744 0.017329855865414457 3
5 1745 0.004795423013004257 3
5 1746 0.005826773994155075 3
5 1747 0.0769838335336608 3
5 1748 0.0030146300807898894 3
5 1749 0.0030146300807955438 3
5 1750 0.03108924811414995 3
5 1751 0.07147612689280193 3
5 1752 0.005826785493275824 3
5 1753 0.005826773993682671 3
5 1754 0.008353690181034826 3
5 1755 0.00835373717531057 3
5 1756 0.025877525658854424 3
5 1757 0.010092767892375518 3
5 1758 0.06547402911723013 3
5 1759 0.00835353855395996 3
5 1760 0.0030146300807955438 3
5 1761 0.00989331321497298 3
5 1762 0.005826775005042552 3
5 1763 0.005826773994155075 3
5 1764 0.00835353854832345 3
5 1765 0.03108924811414995 3
5 1766 0.024085185023039378 3
5 1767 0.010092767891988395 3
5 1768 0.005826785492982391 3
5 1769 0.15355891158406923 3
5 1770 0.005826773994155075 3
5 1771 0.005826775005909835 3
5 1772 0.02295543681321719 3
5 1773 0.005826773993682671 3
5 1774 0.03108924811414995 3
5 1775 0.02587752565884906 3
5 1776 0.00835353855395996 3
5 1777 0.008353737171585435 3
5 1778 0.00835373717531057 3
5 1779 0.00835373717531057 3
5 1780 0.005826785493275824 3
5 1781 0.00835353855395996 3
5 1782 0.008353737171585435 3
5 1783 0.008353690181034826 3
5 1784 0.00942705876964204 3
5 1785 0.0030146300807961184 3
5 1786 0.025877525658890423 3
5 1787 0.0030331880252738555 3
5 1788 0.00301463008079525 3
5 1789 0.07147612815472726 3
5 1790 0.025877525658854424 3
5 1791 0.07196102269066608 3
5 1792 0.008353690181034826 3
5 1793 0.00835353855395996 3
5 1794 0.07147612815472726 3
5 1795 0.031089247939078267 3
5 1796 0.009435129992351807 3
5 1797 0.009435129992730263 3
5 1798 0.005826785493275824 3
5 1799 0.00835373717531057 3
5 1800 0.003033188025361932 3
5 1801 0.003033188025361932 3
5 1802 0.005826773993682671 3
5 1803 0.005826775005042552 3
5 1804 0.009427058769228563 3
5 1805 0.07147612689280193 3
5 1806 0.022358263592776612 3
5 1807 0.10973524499501211 3
5 1808 0.0030146300807955438 3
5 1809 0.1435169340171046 3
5 1810 0.008353690173821057 3
5 1811 0.00943512999284001 3
5 1812 0.003033188025258374 3
5 1813 0.009432798133098915 3
5 1814 0.008353737171585435 3
5 1815 0.00835353855395996 3
5 1816 0.09726311310914441 3
5 1817 0.0030146300807955438 3
5 1818 0.017329855865414457 3
5 1819 0.025877525658854424 3
5 1820 0.005826773993682671 3
5 1821 0.008353690181034826 3
5 1822 0.00835353854832345 3
5 1823 0.00835373717531057 3
5 1824 0.00835373717531057 3
5 1825 0.031089428104667097 3
5 1826 0.003033188025361932 3
5 1827 0.0030331880253542365 3
5 1828 0.03108924781953465 3
5 1829 0.0030146300807955438 3
5 1830 0.0030146300807898894 3
5 1831 0.0030146300807961184 3
5 1832 0.07147612897098554 3
5 1833 0.025877525658854424 3
5 1834 0.009435129992730263 3
5 1835 0.009435129992800703 3
5 1836 0.009427058765333899 3
5 1837 0.07147612815472726 3
5 1838 0.008353690181034826 3
5 1839 0.03108924781953465 3
5 1840 0.00835353855395996 3
5 1841 0.00835353855395996 3
5 1842 0.025877525658854424 3
5 1843 0.02875877331892282 3
5 1844 0.031089248123322845 3
5 1845 0.022955436816526894 3
5 1846 0.1010633581093955 3
5 1847 0.004795423013004231 3
5 1848 0.1096320255857242 3
5 1849 0.02587752565884906 3
5 1850 0.0030146300807898894 3
5 1851 0.0030146300807869218 3
5 1852 0.025877525658848953 3
5 1853 0.003033188025350772 3
5 1854 0.02587752565884906 3
5 1855 0.025877525658859885 3
5 1856 0.009432798133225402 3
5 1857 0.022955436816526894 3
5 1858 0.07147612809855336 3
5 1859 0.00835373717531057 3
5 1860 0.005826785493275824 3
5 1861 0.008353690173821057 3
5 1862 0.00301463008079525 3
5 1863 0.1117363184041192 3
5 1864 0.0047954230130038645 3
5 1865 0.004795423013002889 3
5 1866 0.008353690181034826 3
5 1867 0.00835353854832345 3
5 1868 0.03108924811414995 3
5 1869 198.70207069528146 3
5 1870 0.06857828352818564 3
5 1871 0.005826785493275824 3
5 1872 0.004795423013004231 3
5 1873 0.031089248123322845 3
5 1874 0.005826773993682671 3
5 1875 0.005826785492982391 3
5 1876 0.008353737171585435 3
5 1877 0.00835373717531057 3
5 1878 0.0030146300807869218 3
5 1879 0.00835353855395996 3
5 1880 0.00835353854832345 3
5 1881 0.008353690181034826 3
5 1882 0.008353690181034826 3
5 1883 0.00835353855395996 3
5 1884 0.005826773993682671 3
5 1885 0.005826775005042552 3
5 1886 0.07147612809855336 3
5 1887 0.031089248123322845 3
5 1888 0.07147612809855336 3
5 1889 0.009427058765333899 3
5 1890 0.07147612957066919 3
5 1891 0.025877525658860152 3
5 1892 0.07147612809855336 3
5 1893 0.00835373717531057 3
5 1894 0.005826785492982391 3
5 1895 0.07147612815472726 3
5 1896 0.008353690173821057 3
5 1897 0.019673762800692884 3
5 1898 0.005826775005042552 3
5 1899 0.005826785492982391 3
5 1900 0.07528540352950021 3
5 1901 0.031089247939078267 3
5 1902 0.0047954230130038645 3
5 1903 0.06857828352877629 3
5 1904 0.003033188025350772 3
5 1905 0.005826773994155075 3
5 1906 0.009427058766112377 3
5 1907 0.031089247939078267 3
5 1908 0.005826785493275824 3
5 1909 0.005826775005909835 3
5 1910 0.0030331880253542365 3
5 1911 0.010092767892945448 3
5 1912 0.8044581872675791 3
5 1913 7.555903863231127e-07 3
5 1914 0.005826773994155075 3
5 1915 0.005826775005042552 3
5 1916 0.00835353855395996 3
5 1917 0.031089248123322845 3
5 1918 0.003033188025258374 3
5 1919 0.1144194828027805 3
5 1920 0.019590312333017605 3
5 1921 0.00835353854832345 3
5 1922 0.009435129992351807 3
5 1923 0.07147612809855336 3
5 1924 0.005826775005042552 3
5 1925 0.005826773993682671 3
5 1926 0.0030146300807931768 3
5 1927 0.025877525658854424 3
5 1928 0.025877525658848953 3
5 1929 0.010092767891989369 3
5 1930 0.0310894279707324 3
5 1931 0.01732985586545547 3
5 1932 0.0030146300807955438 3
5 1933 0.0714761286719527 3
5 1934 0.10106335810670794 3
5 1935 0.004795423013004231 3
5 1936 0.00835353855395996 3
5 1937 0.019724348561262876 3
5 1938 0.005826785493275824 3
5 1939 0.008353690181034826 3
5 1940 0.020189434569435023 3
5 1941 0.008353737171585435 3
5 1942 0.010092767892375518 3
5 1943 0.025877525658848953 3
5 1944 0.03108924781953465 3
5 1945 0.008353690181034826 3
5 1946 0.09726311310221641 3
5 1947 0.09726311310933376 3
5 1948 0.025877525658859885 3
5 1949 0.010092767892945448 3
5 1950 0.07451287201756826 3
5 1951 0.031089247939078267 3
5 1952 0.005826785492982391 3
5 1953 0.008353737171585435 3
5 1954 0.0030331880252738555 3
5 1955 0.022705200436175133 3
5 1956 7.555903863181284e-07 3
5 1957 0.015209335410955096 3
5 1958 0.00835373717531057 3
5 1959 0.008353737171585435 3
5 1960 0.00835353854832345 3
5 1961 0.031089428104667097 3
5 1962 0.005826773993682671 3
5 1963 0.005826775005042552 3
5 1964 0.02295543681321719 3
5 1965 0.005826785492982391 3
5 1966 0.008353737171585435 3
5 1967 0.0030146300807869218 3
5 1968 0.0030146300807955438 3
5 1969 0.06343235763831534 3
5 1970 0.06857828352902366 3
5 1971 0.06857828352877629 3
5 1972 0.02038516568458452 3
5 1973 0.005826775005909835 3
5 1974 0.005826785493275824 3
5 1975 0.00835353854832345 3
5 1976 0.00835353854832345 3
5 1977 0.008353690181034826 3
5 1978 0.022955436816526894 3
5 1979 0.0030146300807931768 3
5 1980 0.00835373717531057 3
5 1981 0.008353737171585435 3
5 1982 0.027253107970434055 3
5 1983 0.025877525658860152 3
5 1984 0.031089247939078267 3
5 1985 0.06857828352902366 3
5 1986 0.00835353854832345 3
5 1987 0.00835353855395996 3
5 1988 0.0030146300807931768 3
5 1989 0.008353737171585435 3
5 1990 0.03108924781953465 3
5 1991 0.03108924811414995 3
5 1992 0.004795423013002889 3
5 1993 0.02587752565884906 3
5 1994 0.008353690181034826 3
5 1995 0.025877525658854424 3
5 1996 0.008353690173821057 3
5 1997 0.008353690181034826 3
5 1998 0.09676005966780822 3
5 1999 7.555903863221684e-07 3
6 0 7.555903863181284e-07 3
6 1 7.555903863181284e-07 3
6 2 7.555903863200366e-07 3
6 3 7.555903863200366e-07 3
6 4 7.555903863200366e-07 3
6 5 7.555903863221684e-07 3
6 6 7.555903863226272e-07 3
6 7 7.555903863231127e-07 3
6 8 7.555903863231127e-07 3
6 9 7.555903863231127e-07 3
6 10 7.555903863231127e-07 3
6 11 7.555903863232444e-07 3
6 12 7.555903863232444e-07 3
6 13 7.555903863232444e-07 3
6 14 7.555903863232444e-07 3
6 15 7.555903863232444e-07 3
6 16 0.0030146300807869218 3
6 17 0.0030146300807869218 3
6 18 0.0030146300807869218 3
6 19 0.0030146300807869218 3
6 20 0.0030146300807869218 3
6 21 0.0030146300807869218 3
6 22 0.0030146300807869218 3
6 23 0.0030146300807869218 3
6 24 0.0030146300807869218 3
6 25 0.0030146300807869218 3
6 26 0.0030146300807869218 3
6 27 0.0030146300807869218 3
6 28 0.0030146300807869218 3
6 29 0.0030146300807869218 3
6 30 0.0030146300807869218 3
6 31 0.0030146300807869218 3
6 32 0.0030146300807869218 3
6 33 0.0030146300807869218 3
6 34 0.0030146300807869218 3
6 35 0.0030146300807869218 3
6 36 0.0030146300807869218 3
6 37 0.0030146300807869218 3
6 38 0.0030146300807869218 3
6 39 0.0030146300807869218 3
6 40 0.0030146300807869218 3
6 41 0.0030146300807869218 3
6 42 0.0030146300807869218 3
6 43 0.0030146300807869218 3
6 44 0.0030146300807869218 3
6 45 0.0030146300807869218 3
6 46 0.0030146300807869218 3
6 47 0.0030146300807898894 3
6 48 0.0030146300807898894 3
6 49 0.0030146300807898894 3
6 50 0.0030146300807898894 3
6 51 0.0030146300807898894 3
6 52 0.0030146300807898894 3
6 53 0.0030146300807898894 3
6 54 0.0030146300807898894 3
6 55 0.0030146300807898894 3
6 56 0.0030146300807898894 3
6 57 0.0030146300807898894 3
6 58 0.0030146300807898894 3
6 59 0.0030146300807898894 3
6 60 0.0030146300807898894 3
6 61 0.0030146300807898894 3
6 62 0.0030146300807898894 3
6 63 0.0030146300807898894 3
6 64 0.0030146300807898894 3
6 65 0.0030146300807898894 3
6 66 0.0030146300807898894 3
6 67 0.0030146300807898894 3
6 68 0.0030146300807898894 3
6 69 0.0030146300807898894 3
6 70 0.0030146300807898894 3
6 71 0.0030146300807898894 3
6 72 0.0030146300807898894 3
6 73 0.0030146300807898894 3
6 74 0.0030146300807898894 3
6 75 0.0030146300807898894 3
6 76 0.0030146300807898894 3
6 77 0.0030146300807898894 3
6 78 0.0030146300807898894 3
6 79 0.0030146300807898894 3
6 80 0.0030146300807898894 3
6 81 0.0030146300807931768 3
6 82 0.0030146300807931768 3
6 83 0.0030146300807931768 3
6 84 0.0030146300807931768 3
6 85 0.0030146300807931768 3
6 86 0.0030146300807931768 3
6 87 0.0030146300807931768 3
6 88 0.0030146300807931768 3
6 89 0.0030146300807931768 3
6 90 0.0030146300807931768 3
6 91 0.0030146300807931768 3
6 92 0.0030146300807931768 3
6 93 0.0030146300807931768 3
6 94 0.0030146300807931768 3
6 95 0.0030146300807931768 3
6 96 0.0030146300807931768 3
6 97 0.0030146300807931768 3
6 98 0.0030146300807931768 3
6 99 0.0030146300807931768 3
6 100 0.0030146300807931768 3
6 101 0.0030146300807931768 3
6 102 0.0030146300807931768 3
6 103 0.0030146300807931768 3
6 104 0.0030146300807931768 3
6 105 0.0030146300807931768 3
6 106 0.0030146300807931768 3
6 107 0.0030146300807931768 3
6 108 0.0030146300807931768 3
6 109 0.0030146300807931768 3
6 110 0.0030146300807931768 3
6 111 0.0030146300807931768 3
6 112 0.0030146300807931768 3
6 113 0.0030146300807931768 3
6 114 0.0030146300807931768 3
6 115 0.00301463008079525 3
6 116 0.00301463008079525 3
6 117 0.00301463008079525 3
6 118 0.00301463008079525 3
6 119 0.00301463008079525 3
6 120 0.00301463008079525 3
6 121 0.00301463008079525 3
6 122 0.00301463008079525 3
6 123 0.00301463008079525 3
6 124 0.00301463008079525 3
6 125 0.00301463008079525 3
6 126 0.00301463008079525 3
6 127 0.00301463008079525 3
6 128 0.00301463008079525 3
6 129 0.00301463008079525 3
6 130 0.00301463008079525 3
6 131 0.00301463008079525 3
6 132 0.00301463008079525 3
6 133 0.00301463008079525 3
6 134 0.00301463008079525 3
6 135 0.00301463008079525 3
6 136 0.00301463008079525 3
6 137 0.00301463008079525 3
6 138 0.00301463008079525 3
6 139 0.00301463008079525 3
6 140 0.00301463008079525 3
6 141 0.00301463008079525 3
6 142 0.00301463008079525 3
6 143 0.0030146300807955438 3
6 144 0.0030146300807955438 3
6 145 0.0030146300807955438 3
6 146 0.0030146300807955438 3
6 147 0.0030146300807955438 3
6 148 0.0030146300807955438 3
6 149 0.0030146300807955438 3
6 150 0.0030146300807955438 3
6 151 0.0030146300807955438 3
6 152 0.0030146300807955438 3
6 153 0.0030146300807955438 3
6 154 0.0030146300807955438 3
6 155 0.0030146300807955438 3
6 156 0.0030146300807955438 3
6 157 0.0030146300807955438 3
6 158 0.0030146300807955438 3
6 159 0.0030146300807955438 3
6 160 0.0030146300807955438 3
6 161 0.0030146300807955438 3
6 162 0.0030146300807955438 3
6 163 0.0030146300807955438 3
6 164 0.0030146300807955438 3
6 165 0.0030146300807955438 3
6 166 0.0030146300807955438 3
6 167 0.0030146300807955438 3
6 168 0.0030146300807955438 3
6 169 0.0030146300807955438 3
6 170 0.0030146300807955438 3
6 171 0.0030146300807955438 3
6 172 0.0030146300807955438 3
6 173 0.0030146300807955438 3
6 174 0.0030146300807955438 3
6 175 0.0030146300807955438 3
6 176 0.0030146300807955438 3
6 177 0.0030146300807955438 3
6 178 0.0030146300807955438 3
6 179 0.0030146300807961184 3
6 180 0.0030146300807961184 3
6 181 0.0030146300807961184 3
6 182 0.0030146300807961184 3
6 183 0.0030146300807961184 3
6 184 0.0030146300807961184 3
6 185 0.0030146300807961184 3
6 186 0.0030146300807961184 3
6 187 0.0030146300807961184 3
6 188 0.0030146300807961184 3
6 189 0.0030146300807961184 3
6 190 0.0030146300807961184 3
6 191 0.0030146300807961184 3
6 192 0.0030146300807961184 3
6 193 0.0030146300807961184 3
6 194 0.0030146300807961184 3
6 195 0.0030146300807961184 3
6 196 0.0030146300807961184 3
6 197 0.0030146300807961184 3
6 198 0.0030146300807961184 3
6 199 0.0030146300807961184 3
6 200 0.11030940035804948 3
6 201 0.0030146300807869218 3
6 202 0.16836228288029959 3
6 203 0.11173631840283019 3
6 204 0.0030146300807869218 3
6 205 0.0030146300807869218 3
6 206 0.0030146300807869218 3
6 207 0.00301463008079525 3
6 208 0.0030146300807961184 3
6 209 0.02789661939696507 3
6 210 0.11173631840316901 3
6 211 0.0030146300807955438 3
6 212 7.555903863226272e-07 3
6 213 0.0030146300807931768 3
6 214 0.0030146300807961184 3
6 215 0.11173631840283019 3
6 216 0.0030146300807931768 3
6 217 0.11173631840316901 3
6 218 0.0030146300807955438 3
6 219 0.0030146300807961184 3
6 220 0.0030146300807898894 3
6 221 0.0030146300807961184 3
6 222 0.0030146300807898894 3
6 223 0.0030146300807955438 3
6 224 0.11030940035308585 3
6 225 0.11030940032450141 3
6 226 0.0030146300807869218 3
6 227 0.0030146300807955438 3
6 228 0.00301463008079525 3
6 229 0.00301463008079525 3
6 230 0.1117363184041192 3
6 231 0.0030146300807869218 3
6 232 0.0030146300807898894 3
6 233 0.00301463008079525 3
6 234 0.0030146300807955438 3
6 235 0.0030146300807931768 3
6 236 0.11173631840283019 3
6 237 0.18393990236155525 3
6 238 0.18393990236816754 3
6 239 0.0030146300807961184 3
6 240 0.0030146300807898894 3
6 241 0.0030146300807898894 3
6 242 0.0030146300807955438 3
6 243 0.11030940034902646 3
6 244 0.1117363184041192 3
6 245 0.00301463008079525 3
6 246 0.0030146300807898894 3
6 247 0.00301463008079525 3
6 248 0.0030146300807931768 3
6 249 0.0030146300807961184 3
6 250 0.0030146300807898894 3
6 251 0.0030146300807955438 3
6 252 0.0030146300807869218 3
6 253 0.11030940034791202 3
6 254 0.0030146300807931768 3
6 255 0.0030146300807869218 3
6 256 0.00301463008079525 3
6 257 0.0030146300807898894 3
6 258 0.11030940034902646 3
6 259 0.11030940032820084 3
6 260 0.031795245505569295 3
6 261 0.1117363184041192 3
6 262 0.00301463008079525 3
6 263 0.0030146300807955438 3
6 264 0.0030146300807961184 3
6 265 0.11030940032450141 3
6 266 0.0030146300807931768 3
6 267 0.0030146300807961184 3
6 268 0.0030146300807898894 3
6 269 0.0030146300807898894 3
6 270 0.00301463008079525 3
6 271 0.0030146300807898894 3
6 272 0.11173631840283019 3
6 273 0.09678488930283387 3
6 274 0.11173631840283019 3
6 275 0.1117363184041192 3
6 276 0.0030146300807869218 3
6 277 0.0030146300807955438 3
6 278 0.0030146300807898894 3
6 279 0.10776758202552539 3
6 280 0.0030146300807869218 3
6 281 0.11173631840316901 3
6 282 0.0030146300807955438 3
6 283 7.555903863181284e-07 3
6 284 0.00301463008079525 3
6 285 0.0030146300807931768 3
6 286 0.11030940034902646 3
6 287 0.10834373318123967 3
6 288 7.555903863226272e-07 3
6 289 7.555903863226272e-07 3
6 290 0.0030146300807955438 3
6 291 0.0030146300807898894 3
6 292 7.555903863226272e-07 3
6 293 7.555903863200366e-07 3
6 294 0.00301463008079525 3
6 295 0.010434498859089387 3
6 296 0.0030146300807869218 3
6 297 0.11030940032450141 3
6 298 0.0030146300807898894 3
6 299 0.00301463008079525 3
6 300 0.0030146300807898894 3
6 301 0.0030146300807955438 3
6 302 0.0030146300807869218 3
6 303 0.00301463008079525 3
6 304 0.0030146300807955438 3
6 305 0.0030146300807961184 3
6 306 0.0030146300807961184 3
6 307 7.555903863231127e-07 3
6 308 0.11030940032820084 3
6 309 0.11030940034791202 3
6 310 0.0030146300807869218 3
6 311 0.11030940035308585 3
6 312 0.11173631840316901 3
6 313 0.1117363184041192 3
6 314 0.0030146300807898894 3
6 315 0.0030146300807931768 3
6 316 0.0030146300807961184 3
6 317 0.0030146300807961184 3
6 318 0.0030146300807961184 3
6 319 0.11173631840316901 3
6 320 7.555903863226272e-07 3
6 321 0.10362235429834292 3
6 322 0.0030146300807955438 3
6 323 0.0030146300807869218 3
6 324 0.0030146300807955438 3
6 325 0.0030146300807869218 3
6 326 7.555903863226272e-07 3
6 327 7.555903863181284e-07 3
6 328 0.0030146300807931768 3
6 329 0.0030146300807931768 3
6 330 0.0030146300807955438 3
6 331 0.0030146300807931768 3
6 332 0.0030146300807961184 3
6 333 0.0030146300807961184 3
6 334 0.00301463008079525 3
6 335 0.0030146300807961184 3
6 336 0.0030146300807955438 3
6 337 0.11173631840283019 3
6 338 0.0030146300807931768 3
6 339 0.0030146300807931768 3
6 340 0.00301463008079525 3
6 341 0.0030146300807898894 3
6 342 0.0030146300807869218 3
6 343 0.0030146300807961184 3
6 344 0.11173631840316901 3
6 345 0.00301463008079525 3
6 346 0.00301463008079525 3
6 347 0.0030146300807931768 3
6 348 0.0030146300807869218 3
6 349 0.0030146300807931768 3
6 350 7.555903863200366e-07 3
6 351 7.555903863181284e-07 3
6 352 0.09003718013027671 3
6 353 0.00301463008079525 3
6 354 0.0030146300807955438 3
6 355 0.0030146300807931768 3
6 356 0.12417574916478806 3
6 357 0.0030146300807955438 3
6 358 0.11030940034791202 3
6 359 0.0030146300807955438 3
6 360 0.11173631840283019 3
6 361 0.11376149275339581 3
6 362 0.0030146300807955438 3
6 363 0.0030146300807931768 3
6 364 0.00301463008079525 3
6 365 0.0030146300807898894 3
6 366 0.0030146300807898894 3
6 367 0.0030146300807961184 3
6 368 0.00301463008079525 3
6 369 0.03992503287864544 3
6 370 0.0030146300807955438 3
6 371 0.0030146300807955438 3
6 372 7.555903863200366e-07 3
6 373 0.0030146300807961184 3
6 374 0.0030146300807955438 3
6 375 0.0030146300807898894 3
6 376 0.11030940035804948 3
6 377 0.0030146300807955438 3
6 378 0.0030146300807955438 3
6 379 0.0030146300807898894 3
6 380 0.061514317734076444 3
6 381 0.04332686644137217 3
6 382 0.00301463008079525 3
6 383 0.00301463008079525 3
6 384 0.07083405961760565 3
6 385 0.0030146300807898894 3
6 386 0.09574089587113879 3
6 387 0.11030940034791202 3
6 388 0.0030146300807898894 3
6 389 0.00301463008079525 3
6 390 0.0030146300807869218 3
6 391 0.0030146300807931768 3
6 392 0.09653499352878081 3
6 393 0.0030146300807898894 3
6 394 0.0030146300807898894 3
6 395 0.00301463008079525 3
6 396 7.555903863226272e-07 3
6 397 0.0030146300807961184 3
6 398 0.0030146300807955438 3
6 399 0.0030146300807869218 3
6 400 0.0030146300807961184 3
6 401 0.028387459592901503 3
6 402 0.0030146300807869218 3
6 403 0.0030146300807961184 3
6 404 0.0030146300807898894 3
6 405 0.0030146300807961184 3
6 406 0.0030146300807898894 3
6 407 0.0030146300807869218 3
6 408 0.0030146300807961184 3
6 409 0.027756009939568803 3
6 410 7.555903863226272e-07 3
6 411 7.555903863226272e-07 3
6 412 0.0030146300807955438 3
6 413 0.0030146300807955438 3
6 414 0.0030146300807898894 3
6 415 0.0030146300807955438 3
6 416 7.555903863200366e-07 3
6 417 0.11030940034902646 3
6 418 0.0030146300807898894 3
6 419 0.0030146300807931768 3
6 420 0.0030146300807931768 3
6 421 0.0030146300807931768 3
6 422 0.1117363184041192 3
6 423 0.11173631840316901 3
6 424 0.0030146300807869218 3
6 425 0.0030146300807931768 3
6 426 0.0030146300807961184 3
6 427 0.0030146300807961184 3
6 428 0.0030146300807961184 3
6 429 0.11030940035804948 3
6 430 0.09724825173120347 3
6 431 0.0030146300807869218 3
6 432 0.11173631840316901 3
6 433 0.00301463008079525 3
6 434 0.0030146300807955438 3
6 435 0.0030146300807955438 3
6 436 0.0030146300807869218 3
6 437 0.00301463008079525 3
6 438 0.0030146300807931768 3
6 439 0.0030146300807898894 3
6 440 0.11030940032450141 3
6 441 0.0030146300807955438 3
6 442 0.0030146300807961184 3
6 443 0.022345862401737585 3
6 444 0.11030940034791202 3
6 445 0.11030940035804948 3
6 446 0.0030146300807869218 3
6 447 0.00301463008079525 3
6 448 7.555903863181284e-07 3
6 449 7.555903863226272e-07 3
6 450 0.02699621246450713 3
6 451 0.1117363184041192 3
6 452 7.555903863181284e-07 3
6 453 0.0030146300807961184 3
6 454 0.00301463008079525 3
6 455 0.0030146300807961184 3
6 456 0.0030146300807898894 3
6 457 0.0030146300807869218 3
6 458 0.0030146300807955438 3
6 459 0.00301463008079525 3
6 460 0.0030146300807869218 3
6 461 0.0030146300807869218 3
6 462 0.15616213483245606 3
6 463 0.0030146300807898894 3
6 464 0.11030940032450141 3
6 465 7.555903863231127e-07 3
6 466 0.0030146300807869218 3
6 467 0.0030146300807898894 3
6 468 0.0030146300807931768 3
6 469 0.0030146300807931768 3
6 470 0.11030940034902646 3
6 471 7.555903863221684e-07 3
6 472 0.00301463008079525 3
6 473 0.0030146300807898894 3
6 474 0.0030146300807931768 3
6 475 0.0030146300807898894 3
6 476 0.11030940034902646 3
6 477 0.0030146300807931768 3
6 478 0.11173631840316901 3
6 479 0.0030146300807961184 3
6 480 0.0030146300807961184 3
6 481 0.0030146300807898894 3
6 482 0.0030146300807961184 3
6 483 0.0030146300807898894 3
6 484 0.0030146300807869218 3
6 485 0.0030146300807955438 3
6 486 0.0030146300807931768 3
6 487 0.00301463008079525 3
6 488 0.0030146300807869218 3
6 489 7.555903863232444e-07 3
6 490 0.13764786474139112 3
6 491 7.555903863221684e-07 3
6 492 0.0030146300807931768 3
6 493 0.0030146300807869218 3
6 494 0.0030146300807869218 3
6 495 0.0030146300807869218 3
6 496 0.11173631840283019 3
6 497 0.11173631840283019 3
6 498 0.0030146300807869218 3
6 499 0.0030146300807898894 3
6 500 0.0030146300807955438 3
6 501 0.17384654375607825 3
6 502 0.08367499824028499 3
6 503 0.0030146300807955438 3
6 504 0.0030146300807869218 3
6 505 0.0030146300807961184 3
6 506 0.0030146300807898894 3
6 507 0.02706590876652858 3
6 508 0.0030146300807869218 3
6 509 0.11173631840316901 3
6 510 0.11030940035804948 3
6 511 0.11030940034791202 3
6 512 0.00301463008079525 3
6 513 0.0030146300807955438 3
6 514 0.0030146300807931768 3
6 515 0.0030146300807931768 3
6 516 0.0030146300807869218 3
6 517 0.0030146300807955438 3
6 518 0.00301463008079525 3
6 519 0.11030940034791202 3
6 520 0.0030146300807955438 3
6 521 0.0030146300807869218 3
6 522 0.0030146300807931768 3
6 523 0.00301463008079525 3
6 524 0.00301463008079525 3
6 525 0.0030146300807869218 3
6 526 0.0030146300807961184 3
6 527 0.0030146300807961184 3
6 528 0.0030146300807898894 3
6 529 0.0030146300807955438 3
6 530 7.555903863232444e-07 3
6 531 7.555903863221684e-07 3
6 532 0.00301463008079525 3
6 533 7.555903863231127e-07 3
6 534 0.0030146300807898894 3
6 535 0.0030146300807961184 3
6 536 0.0030146300807931768 3
6 537 0.0030146300807869218 3
6 538 7.555903863221684e-07 3
6 539 7.555903863221684e-07 3
6 540 0.0030146300807898894 3
6 541 0.12662056282687645 3
6 542 7.555903863232444e-07 3
6 543 0.0030146300807869218 3
6 544 0.0030146300807898894 3
6 545 0.0030146300807931768 3
6 546 0.06266985442689826 3
6 547 0.0030146300807961184 3
6 548 0.02875877331947295 3
6 549 0.1117363184041192 3
6 550 0.00301463008079525 3
6 551 0.0030146300807898894 3
6 552 0.0030146300807955438 3
6 553 0.0030146300807931768 3
6 554 0.0030146300807869218 3
6 555 0.1049360147703912 3
6 556 0.0030146300807931768 3
6 557 0.0030146300807931768 3
6 558 0.0030146300807961184 3
6 559 0.0030146300807898894 3
6 560 0.0030146300807898894 3
6 561 0.11030940034791202 3
6 562 0.0030146300807961184 3
6 563 0.0030146300807961184 3
6 564 0.0030146300807931768 3
6 565 0.0030146300807955438 3
6 566 7.555903863181284e-07 3
6 567 0.0030146300807961184 3
6 568 0.0030146300807961184 3
6 569 0.00301463008079525 3
6 570 0.15464096591159804 3
6 571 0.0030146300807961184 3
6 572 0.02755507381851983 3
6 573 0.11173631840316901 3
6 574 0.11030940035308585 3
6 575 7.555903863221684e-07 3
6 576 0.0030146300807869218 3
6 577 0.0030146300807869218 3
6 578 7.555903863200366e-07 3
6 579 0.09346539670720021 3
6 580 0.0030146300807955438 3
6 581 0.0030146300807869218 3
6 582 0.11030940034902646 3
6 583 7.555903863181284e-07 3
6 584 0.0030146300807961184 3
6 585 0.11173631840316901 3
6 586 0.039925032878647994 3
6 587 0.0030146300807955438 3
6 588 0.11030940032450141 3
6 589 7.555903863231127e-07 3
6 590 0.11030940032450141 3
6 591 0.11030940035804948 3
6 592 0.00301463008079525 3
6 593 0.0030146300807955438 3
6 594 0.11173631840283019 3
6 595 0.0030146300807961184 3
6 596 0.0030146300807931768 3
6 597 0.0030146300807955438 3
6 598 0.0030146300807961184 3
6 599 0.0030146300807898894 3
6 600 0.0030146300807931768 3
6 601 0.11030940032820084 3
6 602 0.0030146300807898894 3
6 603 0.11030940034902646 3
6 604 7.555903863231127e-07 3
6 605 0.11030940034902646 3
6 606 0.00301463008079525 3
6 607 0.0030146300807955438 3
6 608 0.0030146300807931768 3
6 609 0.0030146300807869218 3
6 610 0.0030146300807898894 3
6 611 0.0030146300807869218 3
6 612 0.0030146300807931768 3
6 613 0.0030146300807955438 3
6 614 0.0030146300807869218 3
6 615 0.0030146300807955438 3
6 616 7.555903863181284e-07 3
6 617 0.0030146300807931768 3
6 618 0.004795467115789943 3
6 619 0.0030146300807869218 3
6 620 0.0030146300807955438 3
6 621 0.0030146300807961184 3
6 622 0.0030146300807961184 3
6 623 0.0030146300807931768 3
6 624 0.0030146300807931768 3
6 625 0.0030146300807955438 3
6 626 0.11030940034791202 3
6 627 0.11030940032820084 3
6 628 0.0030146300807898894 3
6 629 0.0030146300807961184 3
6 630 0.0030146300807955438 3
6 631 0.11030940032450141 3
6 632 0.0030146300807931768 3
6 633 0.0030146300807931768 3
6 634 0.09050792030529174 3
6 635 7.555903863181284e-07 3
6 636 0.11030940035804948 3
6 637 0.0030146300807869218 3
6 638 0.0030146300807898894 3
6 639 0.11173631840283019 3
6 640 0.11030940035308585 3
6 641 7.555903863231127e-07 3
6 642 0.11030940035308585 3
6 643 0.0030146300807955438 3
6 644 0.13289788276392134 3
6 645 0.0030146300807961184 3
6 646 0.0030146300807931768 3
6 647 0.00301463008079525 3
6 648 0.11030940032450141 3
6 649 0.09662533488361828 3
6 650 0.0030146300807898894 3
6 651 0.0030146300807961184 3
6 652 0.0030146300807955438 3
6 653 0.0030146300807898894 3
6 654 0.033290341372106076 3
6 655 0.0030146300807955438 3
6 656 0.0030146300807898894 3
6 657 0.027219419087087852 3
6 658 0.0030146300807869218 3
6 659 0.0030146300807898894 3
6 660 0.00301463008079525 3
6 661 0.0030146300807869218 3
6 662 0.00301463008079525 3
6 663 0.0030146300807869218 3
6 664 0.00301463008079525 3
6 665 0.0030146300807955438 3
6 666 0.0030146300807961184 3
6 667 0.0030146300807898894 3
6 668 0.0030146300807931768 3
6 669 0.00301463008079525 3
6 670 0.039925032878647994 3
6 671 0.0030146300807869218 3
6 672 0.0030146300807955438 3
6 673 0.0030146300807869218 3
6 674 0.11173631840316901 3
6 675 0.0030146300807955438 3
6 676 0.11030940032450141 3
6 677 7.555903863221684e-07 3
6 678 0.0030146300807898894 3
6 679 0.0030146300807931768 3
6 680 0.0030146300807961184 3
6 681 0.0030146300807931768 3
6 682 0.0030146300807961184 3
6 683 0.0030146300807955438 3
6 684 0.0030146300807898894 3
6 685 0.0030146300807955438 3
6 686 0.0030146300807955438 3
6 687 0.0030146300807931768 3
6 688 7.555903863181284e-07 3
6 689 0.14540141477638766 3
6 690 0.020219172761084488 3
6 691 0.00301463008079525 3
6 692 0.0030146300807961184 3
6 693 0.0030146300807869218 3
6 694 0.0030146300807961184 3
6 695 0.0030146300807961184 3
6 696 0.11030940035308585 3
6 697 0.0999722370382895 3
6 698 0.0030146300807869218 3
6 699 0.0030146300807898894 3
6 700 0.0030146300807869218 3
6 701 0.08807146202586663 3
6 702 0.00301463008079525 3
6 703 0.0030146300807961184 3
6 704 0.0030146300807931768 3
6 705 0.0030146300807898894 3
6 706 0.11173631840316901 3
6 707 0.00301463008079525 3
6 708 0.00301463008079525 3
6 709 0.11173631840316901 3
6 710 0.0030146300807955438 3
6 711 0.00301463008079525 3
6 712 0.0030146300807955438 3
6 713 7.555903863231127e-07 3
6 714 0.0030146300807961184 3
6 715 0.0030146300807869218 3
6 716 0.0030146300807961184 3
6 717 0.0030146300807898894 3
6 718 0.00301463008079525 3
6 719 0.0030146300807955438 3
6 720 0.00301463008079525 3
6 721 0.0030146300807931768 3
6 722 0.0030146300807955438 3
6 723 0.0030146300807955438 3
6 724 0.0030146300807931768 3
6 725 0.0030146300807955438 3
6 726 0.11030940034902646 3
6 727 7.555903863221684e-07 3
6 728 0.0030146300807955438 3
6 729 0.0030146300807898894 3
6 730 0.1117363184041192 3
6 731 0.0030146300807898894 3
6 732 0.08951908669748407 3
6 733 0.014545909105086087 3
6 734 0.0030146300807869218 3
6 735 0.0030146300807869218 3
6 736 0.0030146300807931768 3
6 737 0.06290438681763223 3
6 738 0.13882494949425805 3
6 739 0.0030146300807898894 3
6 740 0.0030146300807931768 3
6 741 7.555903863181284e-07 3
6 742 0.0030146300807931768 3
6 743 0.028387459593355223 3
6 744 0.0030146300807961184 3
6 745 0.0030146300807955438 3
6 746 0.0030146300807931768 3
6 747 0.0030146300807869218 3
6 748 0.0030146300807898894 3
6 749 0.0030146300807898894 3
6 750 0.0030146300807961184 3
6 751 0.0030146300807961184 3
6 752 0.0030146300807898894 3
6 753 0.0030146300807931768 3
6 754 7.555903863221684e-07 3
6 755 0.11030940034902646 3
6 756 0.0030146300807955438 3
6 757 0.00301463008079525 3
6 758 0.0030146300807869218 3
6 759 0.1117363184041192 3
6 760 0.0030146300807898894 3
6 761 0.0030146300807869218 3
6 762 0.0030146300807869218 3
6 763 0.0030146300807955438 3
6 764 0.0030146300807869218 3
6 765 0.0030146300807931768 3
6 766 0.0972630768528344 3
6 767 0.0030146300807869218 3
6 768 0.0030146300807955438 3
6 769 0.0030146300807931768 3
6 770 0.0030146300807961184 3
6 771 0.05854675052878056 3
6 772 0.0030146300807961184 3
6 773 0.00301463008079525 3
6 774 0.0030146300807869218 3
6 775 0.0030146300807961184 3
6 776 0.0030146300807898894 3
6 777 0.1117363184041192 3
6 778 0.0030146300807955438 3
6 779 0.0030146300807898894 3
6 780 0.11173631840316901 3
6 781 0.1117363184041192 3
6 782 0.00301463008079525 3
6 783 0.0030146300807931768 3
6 784 0.1117363184041192 3
6 785 0.11173631840283019 3
6 786 0.061514317734076444 3
6 787 7.555903863200366e-07 3
6 788 0.0030146300807898894 3
6 789 0.0030146300807869218 3
6 790 7.555903863232444e-07 3
6 791 0.08807146201601379 3
6 792 0.0030146300807961184 3
6 793 0.11030940032820084 3
6 794 0.037728926228017406 3
6 795 0.0030146300807961184 3
6 796 0.00301463008079525 3
6 797 0.0030146300807869218 3
6 798 7.555903863231127e-07 3
6 799 7.555903863231127e-07 3
6 800 0.0030146300807961184 3
6 801 0.0030146300807898894 3
6 802 0.11030940034902646 3
6 803 7.555903863232444e-07 3
6 804 0.11030940032450141 3
6 805 0.11030940034791202 3
6 806 0.0030146300807931768 3
6 807 0.0030146300807961184 3
6 808 0.0030146300807961184 3
6 809 0.0030146300807931768 3
6 810 0.0030146300807961184 3
6 811 0.0030146300807961184 3
6 812 0.0030146300807898894 3
6 813 0.0030146300807869218 3
6 814 0.0030146300807869218 3
6 815 0.0030146300807898894 3
6 816 0.00301463008079525 3
6 817 0.0030146300807931768 3
6 818 0.0030146300807961184 3
6 819 0.0030146300807898894 3
6 820 0.0030146300807961184 3
6 821 0.0030146300807955438 3
6 822 0.00301463008079525 3
6 823 7.555903863226272e-07 3
6 824 0.0030146300807961184 3
6 825 0.0030146300807961184 3
6 826 0.0030146300807955438 3
6 827 0.0030146300807961184 3
6 828 0.0030146300807955438 3
6 829 0.09788074662173585 3
6 830 0.027756011082338418 3
6 831 0.00301463008079525 3
6 832 0.0030146300807869218 3
6 833 0.0030146300807955438 3
6 834 0.0030146300807931768 3
6 835 0.0030146300807955438 3
6 836 0.021392342910221327 3
6 837 0.0030146300807898894 3
6 838 7.555903863232444e-07 3
6 839 7.555903863181284e-07 3
6 840 0.0030146300807869218 3
6 841 0.0030146300807869218 3
6 842 0.0030146300807931768 3
6 843 0.0030146300807869218 3
6 844 0.08363285346542865 3
6 845 0.00301463008079525 3
6 846 0.11173631840283019 3
6 847 0.0030146300807869218 3
6 848 0.0030146300807869218 3
6 849 0.00301463008079525 3
6 850 0.0030146300807931768 3
6 851 0.0030146300807898894 3
6 852 0.0030146300807898894 3
6 853 0.0030146300807955438 3
6 854 7.555903863200366e-07 3
6 855 0.11030940032820084 3
6 856 0.0030146300807955438 3
6 857 0.00301463008079525 3
6 858 0.11030940032450141 3
6 859 0.11030940032450141 3
6 860 0.0030146300807869218 3
6 861 0.0030146300807955438 3
6 862 0.08794277127660574 3
6 863 0.0030146300807955438 3
6 864 7.555903863181284e-07 3
6 865 7.555903863200366e-07 3
6 866 0.029707973612582216 3
6 867 0.0030146300807931768 3
6 868 0.0030146300807898894 3
6 869 0.0030146300807955438 3
6 870 0.0030146300807931768 3
6 871 0.00301463008079525 3
6 872 0.0030146300807961184 3
6 873 0.0030146300807931768 3
6 874 0.09201250720158734 3
6 875 0.0030146300807931768 3
6 876 0.11030940034791202 3
6 877 7.555903863200366e-07 3
6 878 0.0030146300807931768 3
6 879 0.00301463008079525 3
6 880 7.555903863200366e-07 3
6 881 0.00301463008079525 3
6 882 0.0030146300807869218 3
6 883 0.09788074662007233 3
6 884 0.0030146300807955438 3
6 885 0.15009866374814004 3
6 886 0.00301463008079525 3
6 887 0.02234586240196204 3
6 888 0.0030146300807931768 3
6 889 0.11030940032450141 3
6 890 0.11173631840283019 3
6 891 0.0030146300807869218 3
6 892 0.11173631840316901 3
6 893 0.0030146300807961184 3
6 894 0.0030146300807931768 3
6 895 0.0030146300807931768 3
6 896 0.0030146300807869218 3
6 897 0.11030940035308585 3
6 898 0.0030146300807931768 3
6 899 0.0030146300807955438 3
6 900 0.00301463008079525 3
6 901 0.00301463008079525 3
6 902 0.0030146300807898894 3
6 903 0.00301463008079525 3
6 904 0.11030940032820084 3
6 905 7.555903863221684e-07 3
6 906 0.00301463008079525 3
6 907 0.0030146300807955438 3
6 908 7.555903863200366e-07 3
6 909 7.555903863231127e-07 3
6 910 0.0030146300807955438 3
6 911 0.0030146300807869218 3
6 912 0.1117363184041192 3
6 913 0.1117363184041192 3
6 914 0.00301463008079525 3
6 915 0.11030940032820084 3
6 916 0.0030146300807961184 3
6 917 0.00301463008079525 3
6 918 7.555903863231127e-07 3
6 919 0.0030146300807955438 3
6 920 0.0030146300807961184 3
6 921 0.0030146300807898894 3
6 922 0.11173631840316901 3
6 923 0.1852803821841174 3
6 924 0.0030146300807898894 3
6 925 0.0030146300807869218 3
6 926 0.00301463008079525 3
6 927 7.555903863221684e-07 3
6 928 0.0030146300807869218 3
6 929 0.0030146300807898894 3
6 930 0.11030940034791202 3
6 931 0.11030940034791202 3
6 932 0.0030146300807961184 3
6 933 0.0030146300807898894 3
6 934 0.0030146300807955438 3
6 935 0.0030146300807869218 3
6 936 0.0030146300807898894 3
6 937 0.0030146300807961184 3
6 938 0.24483143564335338 3
6 939 0.0030146300807955438 3
6 940 0.0030146300807961184 3
6 941 0.0030146300807961184 3
6 942 7.555903863221684e-07 3
6 943 0.11030940034791202 3
6 944 0.11030940034791202 3
6 945 0.11030940035804948 3
6 946 7.555903863200366e-07 3
6 947 7.555903863221684e-07 3
6 948 0.0030146300807869218 3
6 949 0.0030146300807961184 3
6 950 0.11173631840283019 3
6 951 0.0030146300807869218 3
6 952 0.11030940032820084 3
6 953 0.11030940034791202 3
6 954 0.0030146300807898894 3
6 955 0.03742043012632272 3
6 956 0.00301463008079525 3
6 957 0.0030146300807898894 3
6 958 0.0030146300807869218 3
6 959 0.0030146300807931768 3
6 960 0.0030146300807955438 3
6 961 0.0030146300807869218 3
6 962 0.0030146300807869218 3
6 963 0.0030146300807931768 3
6 964 0.0030146300807955438 3
6 965 0.0772224352359133 3
6 966 0.11173631840283019 3
6 967 0.0030146300807955438 3
6 968 0.0030146300807961184 3
6 969 0.0030146300807961184 3
6 970 0.0030146300807898894 3
6 971 0.0030146300807869218 3
6 972 0.08164795468422135 3
6 973 0.11030940035804948 3
6 974 0.00301463008079525 3
6 975 0.0030146300807898894 3
6 976 0.0030146300807898894 3
6 977 0.0030146300807961184 3
6 978 0.0030146300807961184 3
6 979 0.0030146300807869218 3
6 980 0.0377289262283641 3
6 981 0.028758773319831718 3
6 982 0.0030146300807869218 3
6 983 0.00301463008079525 3
6 984 0.0030146300807955438 3
6 985 0.0030146300807955438 3
6 986 0.0030146300807898894 3
6 987 0.0030146300807961184 3
6 988 0.11645301025003289 3
6 989 0.11030940035308585 3
6 990 0.0030146300807955438 3
6 991 0.0030146300807931768 3
6 992 0.11030940035804948 3
6 993 7.555903863200366e-07 3
6 994 7.555903863232444e-07 3
6 995 0.11030940032450141 3
6 996 0.0030146300807955438 3
6 997 0.0030146300807898894 3
6 998 0.02699605515085745 3
6 999 0.0030146300807955438 3
6 1000 0.0030146300807931768 3
6 1001 0.00301463008079525 3
6 1002 0.00301463008079525 3
6 1003 0.00301463008079525 3
6 1004 0.00301463008079525 3
6 1005 0.11173631840316901 3
6 1006 0.10363403508798483 3
6 1007 0.11030940035804948 3
6 1008 0.00301463008079525 3
6 1009 0.0030146300807955438 3
6 1010 0.0030146300807898894 3
6 1011 0.00301463008079525 3
6 1012 0.032073133891195565 3
6 1013 0.0030146300807898894 3
6 1014 0.0030146300807931768 3
6 1015 0.0030146300807961184 3
6 1016 0.0030146300807955438 3
6 1017 0.0030146300807961184 3
6 1018 0.0030146300807931768 3
6 1019 0.0030146300807898894 3
6 1020 0.00301463008079525 3
6 1021 0.0030146300807931768 3
6 1022 0.0030146300807955438 3
6 1023 0.0030146300807955438 3
6 1024 0.09803203473664913 3
6 1025 0.04031707153885416 3
6 1026 0.11030940034902646 3
6 1027 0.0030146300807869218 3
6 1028 7.555903863181284e-07 3
6 1029 7.555903863200366e-07 3
6 1030 0.0030146300807898894 3
6 1031 0.0030146300807961184 3
6 1032 0.039925032878647994 3
6 1033 0.0030146300807931768 3
6 1034 0.0030146300807898894 3
6 1035 0.03942711313225239 3
6 1036 0.0030146300807898894 3
6 1037 0.09678488930562444 3
6 1038 0.0030146300807955438 3
6 1039 0.0030146300807931768 3
6 1040 0.0030146300807931768 3
6 1041 0.0030146300807898894 3
6 1042 0.0030146300807955438 3
6 1043 7.555903863181284e-07 3
6 1044 0.0030146300807898894 3
6 1045 0.00301463008079525 3
6 1046 0.11030940032450141 3
6 1047 0.029864727072306498 3
6 1048 0.00301463008079525 3
6 1049 0.09553550274903402 3
6 1050 7.555903863200366e-07 3
6 1051 7.555903863181284e-07 3
6 1052 0.0030146300807931768 3
6 1053 0.0030146300807955438 3
6 1054 0.00301463008079525 3
6 1055 0.0030146300807955438 3
6 1056 7.555903863221684e-07 3
6 1057 7.555903863231127e-07 3
6 1058 7.555903863226272e-07 3
6 1059 7.555903863232444e-07 3
6 1060 0.11030940032820084 3
6 1061 0.11030940035308585 3
6 1062 0.0030146300807955438 3
6 1063 0.09726311310856793 3
6 1064 0.0030146300807898894 3
6 1065 0.11030940035804948 3
6 1066 0.0030146300807869218 3
6 1067 0.024066546219249054 3
6 1068 7.555903863181284e-07 3
6 1069 7.555903863226272e-07 3
6 1070 0.00301463008079525 3
6 1071 0.11173631840283019 3
6 1072 0.0030146300807931768 3
6 1073 7.555903863221684e-07 3
6 1074 7.555903863226272e-07 3
6 1075 7.555903863200366e-07 3
6 1076 0.00301463008079525 3
6 1077 0.0030146300807898894 3
6 1078 0.0030146300807961184 3
6 1079 0.11173631840283019 3
6 1080 0.0030146300807898894 3
6 1081 0.0030146300807898894 3
6 1082 0.0030146300807898894 3
6 1083 0.0030146300807931768 3
6 1084 0.0030146300807898894 3
6 1085 0.11173631840316901 3
6 1086 0.0030146300807931768 3
6 1087 0.0030146300807955438 3
6 1088 0.0030146300807931768 3
6 1089 0.00301463008079525 3
6 1090 0.11030940035308585 3
6 1091 0.0030146300807961184 3
6 1092 0.0030146300807955438 3
6 1093 0.0030146300807869218 3
6 1094 0.0030146300807961184 3
6 1095 0.0030146300807955438 3
6 1096 0.0030146300807955438 3
6 1097 7.555903863232444e-07 3
6 1098 0.00301463008079525 3
6 1099 0.0030146300807898894 3
6 1100 0.00301463008079525 3
6 1101 0.00301463008079525 3
6 1102 0.00301463008079525 3
6 1103 0.0030146300807931768 3
6 1104 0.20371821120446595 3
6 1105 0.05507935618920478 3
6 1106 0.00301463008079525 3
6 1107 0.0030146300807869218 3
6 1108 0.0030146300807869218 3
6 1109 0.00301463008079525 3
6 1110 0.11030940035804948 3
6 1111 7.555903863231127e-07 3
6 1112 0.0030146300807898894 3
6 1113 0.0030146300807931768 3
6 1114 0.00301463008079525 3
6 1115 0.00301463008079525 3
6 1116 0.11030940032450141 3
6 1117 0.11030940035804948 3
6 1118 0.0030146300807869218 3
6 1119 0.0030146300807898894 3
6 1120 0.0030146300807898894 3
6 1121 0.00301463008079525 3
6 1122 7.555903863231127e-07 3
6 1123 7.555903863226272e-07 3
6 1124 0.0030146300807869218 3
6 1125 0.0030146300807869218 3
6 1126 0.0030146300807869218 3
6 1127 0.11173631840316901 3
6 1128 0.11030940035804948 3
6 1129 0.0030146300807869218 3
6 1130 0.0030146300807955438 3
6 1131 0.0030146300807961184 3
6 1132 0.02707187941377355 3
6 1133 0.0030146300807955438 3
6 1134 0.0030146300807961184 3
6 1135 0.0030146300807961184 3
6 1136 0.11173631840283019 3
6 1137 0.1117363184041192 3
6 1138 0.0030146300807898894 3
6 1139 0.0030146300807955438 3
6 1140 0.00301463008079525 3
6 1141 0.0030146300807931768 3
6 1142 0.0030146300807955438 3
6 1143 0.10890126886261282 3
6 1144 0.0030146300807869218 3
6 1145 0.06692310978288134 3
6 1146 0.00301463008079525 3
6 1147 0.0030146300807898894 3
6 1148 0.0030146300807898894 3
6 1149 0.00301463008079525 3
6 1150 0.11173631840316901 3
6 1151 0.1117363184041192 3
6 1152 0.0030146300807961184 3
6 1153 0.0030146300807961184 3
6 1154 0.0030146300807961184 3
6 1155 0.0030146300807955438 3
6 1156 0.0030146300807869218 3
6 1157 0.0030146300807961184 3
6 1158 0.0030146300807931768 3
6 1159 0.0030146300807931768 3
6 1160 0.09788074661855163 3
6 1161 0.00301463008079525 3
6 1162 0.0030146300807869218 3
6 1163 0.0030146300807931768 3
6 1164 0.0030146300807955438 3
6 1165 0.0030146300807931768 3
6 1166 0.0030146300807961184 3
6 1167 0.0030146300807961184 3
6 1168 0.0030146300807955438 3
6 1169 0.0030146300807961184 3
6 1170 0.0030146300807931768 3
6 1171 0.0030146300807898894 3
6 1172 0.0030146300807955438 3
6 1173 0.0030146300807931768 3
6 1174 7.555903863221684e-07 3
6 1175 0.11030940035804948 3
6 1176 0.0030146300807961184 3
6 1177 0.0030146300807931768 3
6 1178 0.0030146300807961184 3
6 1179 0.00301463008079525 3
6 1180 0.0030146300807898894 3
6 1181 0.0030146300807931768 3
6 1182 0.00301463008079525 3
6 1183 0.11030940034902646 3
6 1184 0.0030146300807931768 3
6 1185 0.0030146300807955438 3
6 1186 0.00301463008079525 3
6 1187 0.0030146300807898894 3
6 1188 0.06266985443596933 3
6 1189 0.0030146300807961184 3
6 1190 0.0030146300807898894 3
6 1191 0.00301463008079525 3
6 1192 0.1117363184041192 3
6 1193 0.0030146300807961184 3
6 1194 0.0030146300807898894 3
6 1195 0.15486381093034618 3
6 1196 0.0030146300807961184 3
6 1197 0.0030146300807898894 3
6 1198 0.11030940034791202 3
6 1199 0.11030940034791202 3
6 1200 0.01800417440722529 3
6 1201 0.0030146300807955438 3
6 1202 0.0030146300807869218 3
6 1203 0.0030146300807931768 3
6 1204 7.555903863200366e-07 3
6 1205 7.555903863200366e-07 3
6 1206 0.0030146300807869218 3
6 1207 0.0030146300807931768 3
6 1208 0.0030146300807955438 3
6 1209 0.0030146300807931768 3
6 1210 0.0030146300807898894 3
6 1211 0.0030146300807898894 3
6 1212 0.0030146300807869218 3
6 1213 0.0030146300807961184 3
6 1214 0.00301463008079525 3
6 1215 0.0030146300807961184 3
6 1216 0.0030146300807931768 3
6 1217 0.0030146300807955438 3
6 1218 0.09893105151490905 3
6 1219 0.0030146300807869218 3
6 1220 7.555903863181284e-07 3
6 1221 0.11030940034902646 3
6 1222 0.0030146300807955438 3
6 1223 7.555903863221684e-07 3
6 1224 7.555903863221684e-07 3
6 1225 0.00301463008079525 3
6 1226 0.0030146300807955438 3
6 1227 0.0030146300807955438 3
6 1228 0.0030146300807931768 3
6 1229 0.0030146300807961184 3
6 1230 7.555903863231127e-07 3
6 1231 0.0030146300807898894 3
6 1232 0.1117363184041192 3
6 1233 0.00301463008079525 3
6 1234 0.0030146300807898894 3
6 1235 0.0030146300807961184 3
6 1236 0.0030146300807931768 3
6 1237 0.00301463008079525 3
6 1238 0.00301463008079525 3
6 1239 0.0030146300807955438 3
6 1240 0.0030146300807961184 3
6 1241 0.0030146300807961184 3
6 1242 0.00301463008079525 3
6 1243 0.0030146300807961184 3
6 1244 0.0030146300807869218 3
6 1245 0.0030146300807931768 3
6 1246 7.555903863221684e-07 3
6 1247 7.555903863200366e-07 3
6 1248 0.0030146300807869218 3
6 1249 0.0030146300807955438 3
6 1250 0.0030146300807931768 3
6 1251 0.0030146300807869218 3
6 1252 7.555903863232444e-07 3
6 1253 7.555903863181284e-07 3
6 1254 0.0030146300807931768 3
6 1255 0.00301463008079525 3
6 1256 0.1117363184041192 3
6 1257 0.00301463008079525 3
6 1258 0.0030146300807898894 3
6 1259 0.0030146300807961184 3
6 1260 0.0030146300807955438 3
6 1261 0.0030146300807931768 3
6 1262 7.555903863181284e-07 3
6 1263 0.023745893276669434 3
6 1264 0.0030146300807931768 3
6 1265 0.0030146300807931768 3
6 1266 0.0030146300807898894 3
6 1267 0.0030146300807869218 3
6 1268 7.555903863200366e-07 3
6 1269 7.555903863181284e-07 3
6 1270 0.0030146300807869218 3
6 1271 0.0030146300807898894 3
6 1272 7.555903863181284e-07 3
6 1273 7.555903863231127e-07 3
6 1274 0.00301463008079525 3
6 1275 0.00301463008079525 3
6 1276 7.555903863181284e-07 3
6 1277 0.05776383949216765 3
6 1278 0.00301463008079525 3
6 1279 0.0030146300807869218 3
6 1280 0.11030940035308585 3
6 1281 0.0030146300807961184 3
6 1282 0.0030146300807898894 3
6 1283 0.0030146300807898894 3
6 1284 0.11173631840316901 3
6 1285 0.11173631840316901 3
6 1286 0.0030146300807961184 3
6 1287 0.0030146300807869218 3
6 1288 0.00301463008079525 3
6 1289 0.0030146300807931768 3
6 1290 0.02148650583528986 3
6 1291 0.0030146300807931768 3
6 1292 7.555903863181284e-07 3
6 1293 0.0030146300807955438 3
6 1294 0.0030146300807898894 3
6 1295 0.00301463008079525 3
6 1296 7.555903863221684e-07 3
6 1297 0.0030146300807869218 3
6 1298 0.0030146300807955438 3
6 1299 0.00301463008079525 3
6 1300 0.0030146300807869218 3
6 1301 0.0030146300807931768 3
6 1302 0.0030146300807955438 3
6 1303 0.0030146300807961184 3
6 1304 7.555903863181284e-07 3
6 1305 7.555903863231127e-07 3
6 1306 0.0030146300807961184 3
6 1307 0.028758773318945968 3
6 1308 7.555903863200366e-07 3
6 1309 0.0030146300807931768 3
6 1310 0.0030146300807869218 3
6 1311 0.0030146300807869218 3
6 1312 0.00301463008079525 3
6 1313 0.0030146300807961184 3
6 1314 0.0030146300807955438 3
6 1315 0.0030146300807955438 3
6 1316 0.11030940032450141 3
6 1317 0.0030146300807898894 3
6 1318 7.555903863200366e-07 3
6 1319 0.0030146300807931768 3
6 1320 7.555903863231127e-07 3
6 1321 0.11030940034791202 3
6 1322 0.0030146300807931768 3
6 1323 0.12772401853196114 3
6 1324 0.027292069810233528 3
6 1325 0.0030146300807961184 3
6 1326 7.555903863232444e-07 3
6 1327 7.555903863231127e-07 3
6 1328 0.0030146300807898894 3
6 1329 0.0030146300807898894 3
6 1330 0.0030146300807955438 3
6 1331 0.0030146300807869218 3
6 1332 0.0030146300807931768 3
6 1333 0.0030146300807955438 3
6 1334 0.0030146300807961184 3
6 1335 0.11030940034902646 3
6 1336 0.13719836772803432 3
6 1337 0.0030146300807869218 3
6 1338 0.00301463008079525 3
6 1339 0.00301463008079525 3
6 1340 7.555903863232444e-07 3
6 1341 0.11030940035308585 3
6 1342 0.0030146300807931768 3
6 1343 0.0030146300807869218 3
6 1344 0.06800642143685932 3
6 1345 0.1117363184041192 3
6 1346 0.11173631840283019 3
6 1347 0.00301463008079525 3
6 1348 0.0030146300807931768 3
6 1349 0.0030146300807931768 3
6 1350 7.555903863181284e-07 3
6 1351 0.10008870381134226 3
6 1352 0.0030146300807961184 3
6 1353 0.0030146300807961184 3
6 1354 0.0030146300807898894 3
6 1355 0.0030146300807961184 3
6 1356 0.0030146300807931768 3
6 1357 0.0030146300807898894 3
6 1358 0.0030146300807869218 3
6 1359 0.00301463008079525 3
6 1360 7.555903863200366e-07 3
6 1361 7.555903863221684e-07 3
6 1362 0.0030146300807961184 3
6 1363 0.0030146300807961184 3
6 1364 0.00301463008079525 3
6 1365 0.0030146300807869218 3
6 1366 0.11030940034902646 3
6 1367 7.555903863221684e-07 3
6 1368 0.0030146300807931768 3
6 1369 0.0030146300807931768 3
6 1370 0.0030146300807898894 3
6 1371 0.0030146300807961184 3
6 1372 0.0030146300807931768 3
6 1373 0.11173631840283019 3
6 1374 0.0030146300807898894 3
6 1375 0.0030146300807931768 3
6 1376 0.11030940032820084 3
6 1377 0.11030940032820084 3
6 1378 0.0030146300807898894 3
6 1379 0.17384654375768574 3
6 1380 0.11030940034791202 3
6 1381 0.0030146300807898894 3
6 1382 0.11173631840283019 3
6 1383 0.0030146300807955438 3
6 1384 0.0030146300807955438 3
6 1385 0.0030146300807961184 3
6 1386 0.10815039697017022 3
6 1387 0.0030146300807931768 3
6 1388 0.11030940032450141 3
6 1389 7.555903863200366e-07 3
6 1390 0.0030146300807869218 3
6 1391 0.0030146300807955438 3
6 1392 0.05507909672886236 3
6 1393 0.1117363184041192 3
6 1394 0.11030940035804948 3
6 1395 0.13882494949425805 3
6 1396 0.0030146300807931768 3
6 1397 0.0030146300807869218 3
6 1398 0.11030940032820084 3
6 1399 0.11030940034902646 3
6 1400 0.0030146300807961184 3
6 1401 0.0030146300807955438 3
6 1402 0.00301463008079525 3
6 1403 0.0030146300807931768 3
6 1404 0.0030146300807961184 3
6 1405 0.0030146300807898894 3
6 1406 0.0030146300807898894 3
6 1407 0.00301463008079525 3
6 1408 0.0030146300807961184 3
6 1409 1825272837.903094 3
6 1410 0.0030146300807961184 3
6 1411 0.0030146300807898894 3
6 1412 0.11030940032820084 3
6 1413 7.555903863200366e-07 3
6 1414 0.1117363184041192 3
6 1415 0.11173631840283019 3
6 1416 0.00301463008079525 3
6 1417 0.0030146300807898894 3
6 1418 0.00301463008079525 3
6 1419 0.0030146300807931768 3
6 1420 177384.5154702159 3
6 1421 0.0030146300807961184 3
6 1422 0.0030146300807931768 3
6 1423 0.00301463008079525 3
6 1424 0.0030146300807898894 3
6 1425 0.031795245504268835 3
6 1426 0.0030146300807869218 3
6 1427 0.0030146300807931768 3
6 1428 7.555903863232444e-07 3
6 1429 7.555903863221684e-07 3
6 1430 0.11030940032820084 3
6 1431 0.11030940032450141 3
6 1432 0.0030146300807955438 3
6 1433 0.1117363184041192 3
6 1434 0.0310894279707324 3
6 1435 0.11030940035804948 3
6 1436 0.0030146300807898894 3
6 1437 0.00301463008079525 3
6 1438 0.00301463008079525 3
6 1439 0.0030146300807955438 3
6 1440 0.0030146300807931768 3
6 1441 0.0030146300807961184 3
6 1442 0.09075140341966778 3
6 1443 0.0030146300807869218 3
6 1444 0.0030146300807961184 3
6 1445 0.0030146300807961184 3
6 1446 0.0030146300807955438 3
6 1447 0.0030146300807931768 3
6 1448 0.0030146300807869218 3
6 1449 0.0030146300807961184 3
6 1450 0.0030146300807931768 3
6 1451 0.0030146300807961184 3
6 1452 0.00301463008079525 3
6 1453 0.0030146300807955438 3
6 1454 0.00301463008079525 3
6 1455 0.0030146300807955438 3
6 1456 0.0030146300807955438 3
6 1457 0.0030146300807931768 3
6 1458 0.0030146300807931768 3
6 1459 0.0030146300807869218 3
6 1460 0.0030146300807931768 3
6 1461 0.0030146300807961184 3
6 1462 0.158274610713998 3
6 1463 0.0030146300807955438 3
6 1464 0.14108680189872416 3
6 1465 0.2230937774934395 3
6 1466 0.09936647311091402 3
6 1467 0.00301463008079525 3
6 1468 0.00301463008079525 3
6 1469 0.0030146300807931768 3
6 1470 0.0030146300807931768 3
6 1471 0.00301463008079525 3
6 1472 7.555903863181284e-07 3
6 1473 7.555903863200366e-07 3
6 1474 0.0030146300807955438 3
6 1475 0.0030146300807931768 3
6 1476 7.555903863181284e-07 3
6 1477 0.11030940035804948 3
6 1478 0.11173631840283019 3
6 1479 0.0030146300807898894 3
6 1480 0.0030146300807955438 3
6 1481 0.0030146300807898894 3
6 1482 0.11030940032820084 3
6 1483 7.555903863221684e-07 3
6 1484 0.0030146300807961184 3
6 1485 0.13249011124495755 3
6 1486 0.0030146300807898894 3
6 1487 0.0030146300807961184 3
6 1488 0.10634767122629091 3
6 1489 0.1081503969877971 3
6 1490 0.00301463008079525 3
6 1491 0.0030146300807931768 3
6 1492 0.13803601201760235 3
6 1493 0.11030940034902646 3
6 1494 0.11030940034902646 3
6 1495 0.11030940035308585 3
6 1496 0.11173631840283019 3
6 1497 0.00301463008079525 3
6 1498 0.0030146300807898894 3
6 1499 0.0030146300807961184 3
6 1500 0.0030146300807931768 3
6 1501 0.0030146300807869218 3
6 1502 0.0030146300807931768 3
6 1503 0.00301463008079525 3
6 1504 0.0030146300807931768 3
6 1505 0.00301463008079525 3
6 1506 0.0030146300807961184 3
6 1507 0.0030146300807931768 3
6 1508 0.0030146300807931768 3
6 1509 0.10453968002936653 3
6 1510 0.0030146300807931768 3
6 1511 0.0030146300807955438 3
6 1512 0.0030146300807898894 3
6 1513 0.00301463008079525 3
6 1514 0.0030146300807931768 3
6 1515 0.0030146300807961184 3
6 1516 0.11030940035308585 3
6 1517 0.0030146300807961184 3
6 1518 0.0030146300807931768 3
6 1519 0.0030146300807898894 3
6 1520 0.16836228288947588 3
6 1521 0.11030940034791202 3
6 1522 0.0030146300807931768 3
6 1523 0.0030146300807931768 3
6 1524 7.555903863221684e-07 3
6 1525 7.555903863221684e-07 3
6 1526 0.0030146300807869218 3
6 1527 0.00301463008079525 3
6 1528 0.0030146300807955438 3
6 1529 0.0030146300807931768 3
6 1530 0.11645301025003289 3
6 1531 0.11030940032450141 3
6 1532 0.0030146300807898894 3
6 1533 0.11173631840316901 3
6 1534 0.0030146300807931768 3
6 1535 0.0030146300807898894 3
6 1536 0.00301463008079525 3
6 1537 0.00301463008079525 3
6 1538 0.00301463008079525 3
6 1539 0.0030146300807898894 3
6 1540 0.0030146300807898894 3
6 1541 0.0030146300807961184 3
6 1542 0.0030146300807931768 3
6 1543 0.00301463008079525 3
6 1544 0.0030146300807955438 3
6 1545 0.0030146300807955438 3
6 1546 0.0030146300807869218 3
6 1547 0.0030146300807955438 3
6 1548 0.0030146300807961184 3
6 1549 0.11030940034902646 3
6 1550 0.0030146300807955438 3
6 1551 0.0030146300807931768 3
6 1552 0.00301463008079525 3
6 1553 0.0030146300807898894 3
6 1554 0.0030146300807898894 3
6 1555 0.00301463008079525 3
6 1556 0.0030146300807898894 3
6 1557 0.1117363184041192 3
6 1558 0.0030146300807961184 3
6 1559 0.11030940035308585 3
6 1560 0.0030146300807961184 3
6 1561 0.00301463008079525 3
6 1562 0.0030146300807898894 3
6 1563 0.0030146300807961184 3
6 1564 0.00301463008079525 3
6 1565 0.0030146300807898894 3
6 1566 0.00301463008079525 3
6 1567 0.0030146300807931768 3
6 1568 0.0030146300807898894 3
6 1569 0.0030146300807931768 3
6 1570 0.11030940034791202 3
6 1571 7.555903863231127e-07 3
6 1572 0.0030146300807898894 3
6 1573 0.0030146300807955438 3
6 1574 0.0030146300807955438 3
6 1575 0.0030146300807931768 3
6 1576 247.83706485986707 3
6 1577 0.0030146300807955438 3
6 1578 0.0030146300807898894 3
6 1579 0.0030146300807961184 3
6 1580 0.18116735527282954 3
6 1581 0.02725310788261659 3
6 1582 0.0030146300807961184 3
6 1583 7.555903863232444e-07 3
6 1584 0.0030146300807955438 3
6 1585 0.0030146300807869218 3
6 1586 0.10308596725422105 3
6 1587 0.0030146300807898894 3
6 1588 0.0030146300807955438 3
6 1589 0.0030146300807955438 3
6 1590 0.11984830616146377 3
6 1591 0.1294244621942879 3
6 1592 0.00301463008079525 3
6 1593 0.11173631840283019 3
6 1594 7.555903863226272e-07 3
6 1595 7.555903863181284e-07 3
6 1596 0.0030146300807955438 3
6 1597 0.0030146300807961184 3
6 1598 0.0030146300807961184 3
6 1599 0.00301463008079525 3
6 1600 0.04543193633171967 3
6 1601 0.00301463008079525 3
6 1602 0.0030146300807961184 3
6 1603 0.0030146300807898894 3
6 1604 7.555903863232444e-07 3
6 1605 0.11030940032450141 3
6 1606 0.0030146300807931768 3
6 1607 7.555903863221684e-07 3
6 1608 0.0030146300807869218 3
6 1609 0.0030146300807961184 3
6 1610 0.11173631840283019 3
6 1611 0.0030146300807898894 3
6 1612 0.0030146300807961184 3
6 1613 0.0030146300807869218 3
6 1614 0.00301463008079525 3
6 1615 0.0030146300807931768 3
6 1616 7.555903863221684e-07 3
6 1617 7.555903863231127e-07 3
6 1618 0.0030146300807955438 3
6 1619 0.11173631840316901 3
6 1620 0.0030146300807869218 3
6 1621 0.0030146300807869218 3
6 1622 7.555903863231127e-07 3
6 1623 7.555903863232444e-07 3
6 1624 0.0030146300807869218 3
6 1625 0.0030146300807869218 3
6 1626 0.0030146300807961184 3
6 1627 0.0030146300807869218 3
6 1628 0.0030146300807961184 3
6 1629 0.00301463008079525 3
6 1630 0.0030146300807869218 3
6 1631 0.0030146300807898894 3
6 1632 0.1117363184041192 3
6 1633 0.08951908468654989 3
6 1634 0.00301463008079525 3
6 1635 0.0030146300807898894 3
6 1636 0.00301463008079525 3
6 1637 0.12916212787115025 3
6 1638 0.1059284573247004 3
6 1639 7.555903863232444e-07 3
6 1640 0.0030146300807869218 3
6 1641 0.0030146300807955438 3
6 1642 0.0030146300807931768 3
6 1643 0.0030146300807955438 3
6 1644 7.555903863181284e-07 3
6 1645 7.555903863181284e-07 3
6 1646 0.0030146300807961184 3
6 1647 0.0030146300807869218 3
6 1648 0.0030146300807869218 3
6 1649 0.0030146300807869218 3
6 1650 0.0030146300807869218 3
6 1651 0.0030146300807869218 3
6 1652 0.11173631840316901 3
6 1653 0.00301463008079525 3
6 1654 0.00301463008079525 3
6 1655 0.0030146300807961184 3
6 1656 0.0030146300807961184 3
6 1657 0.0030146300807931768 3
6 1658 0.0030146300807931768 3
6 1659 0.0030146300807961184 3
6 1660 7.555903863232444e-07 3
6 1661 0.10270558094035306 3
6 1662 0.0030146300807869218 3
6 1663 0.18116735527156053 3
6 1664 0.0030146300807898894 3
6 1665 0.0030146300807869218 3
6 1666 0.0030146300807869218 3
6 1667 0.0030146300807931768 3
6 1668 0.11173631840316901 3
6 1669 0.0030146300807869218 3
6 1670 0.00301463008079525 3
6 1671 0.00301463008079525 3
6 1672 0.0030146300807869218 3
6 1673 0.0030146300807931768 3
6 1674 0.0030146300807898894 3
6 1675 0.0030146300807898894 3
6 1676 0.0030146300807955438 3
6 1677 0.0030146300807931768 3
6 1678 0.0030146300807931768 3
6 1679 0.0030146300807898894 3
6 1680 7.555903863232444e-07 3
6 1681 7.555903863221684e-07 3
6 1682 0.0030146300807961184 3
6 1683 0.09662554506229999 3
6 1684 0.00301463008079525 3
6 1685 0.0030146300807931768 3
6 1686 0.0030146300807955438 3
6 1687 0.0030146300807869218 3
6 1688 0.11030940035308585 3
6 1689 0.0030146300807869218 3
6 1690 0.1117363184041192 3
6 1691 0.0030146300807869218 3
6 1692 0.0030146300807869218 3
6 1693 0.053984828603342215 3
6 1694 0.0030146300807961184 3
6 1695 0.15616213468393297 3
6 1696 7.555903863232444e-07 3
6 1697 7.555903863232444e-07 3
6 1698 0.11030940035308585 3
6 1699 7.555903863231127e-07 3
6 1700 0.00301463008079525 3
6 1701 0.1839794742962663 3
6 1702 0.12041041000709096 3
6 1703 0.0030146300807898894 3
6 1704 7.555903863232444e-07 3
6 1705 0.11030940034902646 3
6 1706 7.555903863181284e-07 3
6 1707 7.555903863226272e-07 3
6 1708 7.555903863232444e-07 3
6 1709 0.11030940032450141 3
6 1710 0.03086265301747559 3
6 1711 0.0030146300807931768 3
6 1712 0.07517066203617806 3
6 1713 0.0030146300807869218 3
6 1714 0.11030940035804948 3
6 1715 0.11030940034902646 3
6 1716 0.0030146300807955438 3
6 1717 0.11173631840283019 3
6 1718 0.04332700451250725 3
6 1719 0.0030146300807898894 3
6 1720 0.02707187941389501 3
6 1721 0.11173631840283019 3
6 1722 0.00301463008079525 3
6 1723 0.0030146300807961184 3
6 1724 0.0030146300807931768 3
6 1725 0.0030146300807898894 3
6 1726 0.0030146300807931768 3
6 1727 0.0030146300807961184 3
6 1728 0.11030940032820084 3
6 1729 0.11030940032820084 3
6 1730 0.0030146300807898894 3
6 1731 0.0030146300807961184 3
6 1732 0.0030146300807961184 3
6 1733 0.0030146300807961184 3
6 1734 0.0030146300807961184 3
6 1735 0.0030146300807931768 3
6 1736 0.00301463008079525 3
6 1737 0.00301463008079525 3
6 1738 0.0030146300807898894 3
6 1739 0.0030146300807955438 3
6 1740 0.0030146300807961184 3
6 1741 0.0030146300807898894 3
6 1742 0.0030146300807931768 3
6 1743 0.0030146300807955438 3
6 1744 0.0030146300807955438 3
6 1745 0.0030146300807869218 3
6 1746 0.11173631840283019 3
6 1747 0.031795245505569295 3
6 1748 0.00301463008079525 3
6 1749 0.004795467115819221 3
6 1750 0.03992503287865057 3
6 1751 0.0030146300807955438 3
6 1752 0.0030146300807898894 3
6 1753 0.0030146300807869218 3
6 1754 0.11173631840316901 3
6 1755 0.11173631840316901 3
6 1756 0.00301463008079525 3
6 1757 0.09534559963124146 3
6 1758 0.0030146300807931768 3
6 1759 0.1117363184041192 3
6 1760 0.0030146300807961184 3
6 1761 0.11173631840316901 3
6 1762 0.11173631840283019 3
6 1763 0.00301463008079525 3
6 1764 0.11030940034902646 3
6 1765 7.555903863200366e-07 3
6 1766 0.0030146300807898894 3
6 1767 0.061514317734076444 3
6 1768 0.0030146300807931768 3
6 1769 0.0030146300807869218 3
6 1770 0.00301463008079525 3
6 1771 0.0030146300807869218 3
6 1772 0.11173631840283019 3
6 1773 0.1117363184041192 3
6 1774 0.0030146300807961184 3
6 1775 0.06260318684462372 3
6 1776 0.0030146300807869218 3
6 1777 0.0030146300807955438 3
6 1778 0.0030146300807955438 3
6 1779 0.0030146300807931768 3
6 1780 0.0030146300807955438 3
6 1781 0.0030146300807898894 3
6 1782 0.00301463008079525 3
6 1783 0.11030940032450141 3
6 1784 0.0030146300807961184 3
6 1785 0.0030146300807955438 3
6 1786 0.0030146300807961184 3
6 1787 0.11030940035804948 3
6 1788 0.11173631840283019 3
6 1789 0.0030146300807955438 3
6 1790 0.0030146300807955438 3
6 1791 7.555903863181284e-07 3
6 1792 7.555903863181284e-07 3
6 1793 7.555903863231127e-07 3
6 1794 0.0030146300807961184 3
6 1795 0.0030146300807955438 3
6 1796 0.11173631840283019 3
6 1797 0.0030146300807898894 3
6 1798 0.11173631840283019 3
6 1799 0.057763839492178275 3
6 1800 0.0030146300807961184 3
6 1801 0.0030146300807869218 3
6 1802 0.0030146300807931768 3
6 1803 0.0972482516881704 3
6 1804 0.0030146300807931768 3
6 1805 0.11173631840283019 3
6 1806 0.09782884567723091 3
6 1807 0.0030146300807898894 3
6 1808 7.555903863226272e-07 3
6 1809 7.555903863226272e-07 3
6 1810 0.0030146300807955438 3
6 1811 0.0030146300807931768 3
6 1812 0.0030146300807869218 3
6 1813 0.0030146300807955438 3
6 1814 0.00301463008079525 3
6 1815 0.0030146300807898894 3
6 1816 7.555903863226272e-07 3
6 1817 0.11030940034791202 3
6 1818 7.555903863200366e-07 3
6 1819 7.555903863231127e-07 3
6 1820 0.0030146300807898894 3
6 1821 0.0030146300807898894 3
6 1822 0.00301463008079525 3
6 1823 0.11030940032450141 3
6 1824 0.0030146300807869218 3
6 1825 0.0030146300807869218 3
6 1826 0.0030146300807898894 3
6 1827 0.0030146300807955438 3
6 1828 0.00301463008079525 3
6 1829 0.0030146300807869218 3
6 1830 0.0030146300807955438 3
6 1831 0.11173631840283019 3
6 1832 0.0030146300807869218 3
6 1833 0.0030146300807961184 3
6 1834 0.0030146300807869218 3
6 1835 0.00301463008079525 3
6 1836 0.0030146300807955438 3
6 1837 0.0030146300807931768 3
6 1838 0.030554160605100012 3
6 1839 0.11030940034902646 3
6 1840 0.0030146300807869218 3
6 1841 0.0030146300807898894 3
6 1842 0.00301463008079525 3
6 1843 0.0030146300807869218 3
6 1844 0.11173631840283019 3
6 1845 0.00301463008079525 3
6 1846 0.0030146300807961184 3
6 1847 0.0030146300807961184 3
6 1848 0.00301463008079525 3
6 1849 0.00301463008079525 3
6 1850 0.0030146300807869218 3
6 1851 0.0030146300807898894 3
6 1852 7.555903863232444e-07 3
6 1853 7.555903863181284e-07 3
6 1854 0.0030146300807955438 3
6 1855 0.0030146300807961184 3
6 1856 0.0030146300807931768 3
6 1857 0.0030146300807898894 3
6 1858 0.00301463008079525 3
6 1859 0.00301463008079525 3
6 1860 0.0030146300807898894 3
6 1861 0.0030146300807869218 3
6 1862 0.11030940035804948 3
6 1863 0.0030146300807961184 3
6 1864 0.0030146300807898894 3
6 1865 0.0030146300807931768 3
6 1866 0.0030146300807898894 3
6 1867 0.00301463008079525 3
6 1868 7.555903863200366e-07 3
6 1869 7.555903863181284e-07 3
6 1870 0.0030146300807898894 3
6 1871 0.0030146300807869218 3
6 1872 0.0030146300807961184 3
6 1873 0.0030146300807869218 3
6 1874 0.0030146300807869218 3
6 1875 0.0030146300807898894 3
6 1876 0.0030146300807955438 3
6 1877 0.0030146300807961184 3
6 1878 0.00301463008079525 3
6 1879 0.0030146300807955438 3
6 1880 0.11030940035308585 3
6 1881 0.11030940032450141 3
6 1882 0.0030146300807869218 3
6 1883 0.11030940034791202 3
6 1884 0.0030146300807898894 3
6 1885 0.0030146300807931768 3
6 1886 7.555903863181284e-07 3
6 1887 0.00301463008079525 3
6 1888 0.00301463008079525 3
6 1889 0.0030146300807961184 3
6 1890 0.027217569670482673 3
6 1891 0.0030146300807898894 3
6 1892 0.11173631840316901 3
6 1893 0.1117363184041192 3
6 1894 0.0030146300807869218 3
6 1895 0.0030146300807961184 3
6 1896 0.0030146300807898894 3
6 1897 0.00301463008079525 3
6 1898 0.10008870381127823 3
6 1899 0.00301463008079525 3
6 1900 0.00301463008079525 3
6 1901 0.0030146300807869218 3
6 1902 0.037420451016906595 3
6 1903 0.0030146300807869218 3
6 1904 0.00301463008079525 3
6 1905 7.555903863231127e-07 3
6 1906 0.0030146300807869218 3
6 1907 7.555903863181284e-07 3
6 1908 0.0030146300807869218 3
6 1909 0.00301463008079525 3
6 1910 0.00301463008079525 3
6 1911 0.0030146300807898894 3
6 1912 7.555903863181284e-07 3
6 1913 0.11030940032450141 3
6 1914 0.0030146300807898894 3
6 1915 0.0030146300807961184 3
6 1916 0.0030146300807955438 3
6 1917 0.0030146300807931768 3
6 1918 0.0030146300807955438 3
6 1919 0.00301463008079525 3
6 1920 7.555903863181284e-07 3
6 1921 7.555903863231127e-07 3
6 1922 0.0030146300807955438 3
6 1923 0.0030146300807898894 3
6 1924 0.0030146300807955438 3
6 1925 7.555903863232444e-07 3
6 1926 0.0030146300807955438 3
6 1927 0.12417574916478806 3
6 1928 0.11173631840316901 3
6 1929 0.11173631840316901 3
6 1930 0.0030146300807869218 3
6 1931 0.02139234291018163 3
6 1932 0.0030146300807898894 3
6 1933 0.0030146300807931768 3
6 1934 0.0030146300807931768 3
6 1935 0.00301463008079525 3
6 1936 0.0030146300807961184 3
6 1937 0.0030146300807898894 3
6 1938 0.0030146300807898894 3
6 1939 0.0030146300807931768 3
6 1940 0.0030146300807898894 3
6 1941 0.00301463008079525 3
6 1942 0.0030146300807869218 3
6 1943 0.0030146300807869218 3
6 1944 0.0030146300807931768 3
6 1945 0.00301463008079525 3
6 1946 0.0030146300807961184 3
6 1947 0.0030146300807898894 3
6 1948 7.555903863221684e-07 3
6 1949 0.07083405962019872 3
6 1950 0.0030146300807898894 3
6 1951 0.0030146300807955438 3
6 1952 0.00301463008079525 3
6 1953 0.0030146300807961184 3
6 1954 7.555903863221684e-07 3
6 1955 0.0030146300807869218 3
6 1956 0.0030146300807961184 3
6 1957 0.0030146300807955438 3
6 1958 0.0030146300807961184 3
6 1959 0.0030146300807961184 3
6 1960 7.555903863232444e-07 3
6 1961 7.555903863181284e-07 3
6 1962 0.0030146300807931768 3
6 1963 0.0030146300807931768 3
6 1964 0.0030146300807898894 3
6 1965 0.00301463008079525 3
6 1966 0.0030146300807961184 3
6 1967 0.00301463008079525 3
6 1968 0.0030146300807869218 3
6 1969 0.0030146300807931768 3
6 1970 0.11030940034791202 3
6 1971 0.11030940034902646 3
6 1972 0.0030146300807955438 3
6 1973 0.09984169027165087 3
6 1974 7.555903863226272e-07 3
6 1975 7.555903863231127e-07 3
6 1976 0.0030146300807931768 3
6 1977 0.00301463008079525 3
6 1978 0.0030146300807955438 3
6 1979 0.0030146300807955438 3
6 1980 0.1117363184041192 3
6 1981 0.0030146300807961184 3
6 1982 7.555903863226272e-07 3
6 1983 0.00301463008079525 3
6 1984 0.7442951586200736 3
6 1985 0.0030146300807931768 3
6 1986 0.1117363184041192 3
6 1987 0.00301463008079525 3
6 1988 0.0030146300807955438 3
6 1989 0.11173631840283019 3
6 1990 0.13512242113330739 3
6 1991 0.11173631840283019 3
6 1992 7.555903863226272e-07 3
6 1993 0.09537892988424158 3
6 1994 0.0030146300807955438 3
6 1995 0.0030146300807869218 3
6 1996 0.0030146300807869218 3
6 1997 0.0030146300807898894 3
6 1998 0.0030146300807898894 3
6 1999 0.0030146300807898894 3
7 0 7.555903863181284e-07 3
7 1 7.555903863181284e-07 3
7 2 7.555903863181284e-07 3
7 3 7.555903863181284e-07 3
7 4 7.555903863181284e-07 3
7 5 7.555903863181284e-07 3
7 6 7.555903863181284e-07 3
7 7 7.555903863181284e-07 3
7 8 7.555903863181284e-07 3
7 9 7.555903863181284e-07 3
7 10 7.555903863181284e-07 3
7 11 7.555903863181284e-07 3
7 12 7.555903863181284e-07 3
7 13 7.555903863181284e-07 3
7 14 7.555903863181284e-07 3
7 15 7.555903863181284e-07 3
7 16 7.555903863181284e-07 3
7 17 7.555903863181284e-07 3
7 18 7.555903863181284e-07 3
7 19 7.555903863181284e-07 3
7 20 7.555903863181284e-07 3
7 21 7.555903863181284e-07 3
7 22 7.555903863181284e-07 3
7 23 7.555903863181284e-07 3
7 24 7.555903863181284e-07 3
7 25 7.555903863181284e-07 3
7 26 7.555903863181284e-07 3
7 27 7.555903863181284e-07 3
7 28 7.555903863181284e-07 3
7 29 7.555903863181284e-07 3
7 30 7.555903863181284e-07 3
7 31 7.555903863181284e-07 3
7 32 7.555903863181284e-07 3
7 33 7.555903863181284e-07 3
7 34 7.555903863181284e-07 3
7 35 7.555903863181284e-07 3
7 36 7.555903863181284e-07 3
7 37 7.555903863181284e-07 3
7 38 7.555903863181284e-07 3
7 39 7.555903863181284e-07 3
7 40 7.555903863181284e-07 3
7 41 7.555903863181284e-07 3
7 42 7.555903863181284e-07 3
7 43 7.555903863200366e-07 3
7 44 7.555903863200366e-07 3
7 45 7.555903863200366e-07 3
7 46 7.555903863200366e-07 3
7 47 7.555903863200366e-07 3
7 48 7.555903863200366e-07 3
7 49 7.555903863200366e-07 3
7 50 7.555903863200366e-07 3
7 51 7.555903863200366e-07 3
7 52 7.555903863200366e-07 3
7 53 7.555903863200366e-07 3
7 54 7.555903863200366e-07 3
7 55 7.555903863200366e-07 3
7 56 7.555903863200366e-07 3
7 57 7.555903863200366e-07 3
7 58 7.555903863200366e-07 3
7 59 7.555903863200366e-07 3
7 60 7.555903863200366e-07 3
7 61 7.555903863200366e-07 3
7 62 7.555903863200366e-07 3
7 63 7.555903863200366e-07 3
7 64 7.555903863200366e-07 3
7 65 7.555903863200366e-07 3
7 66 7.555903863200366e-07 3
7 67 7.555903863200366e-07 3
7 68 7.555903863200366e-07 3
7 69 7.555903863200366e-07 3
7 70 7.555903863200366e-07 3
7 71 7.555903863200366e-07 3
7 72 7.555903863200366e-07 3
7 73 7.555903863200366e-07 3
7 74 7.555903863200366e-07 3
7 75 7.555903863221684e-07 3
7 76 7.555903863221684e-07 3
7 77 7.555903863221684e-07 3
7 78 7.555903863221684e-07 3
7 79 7.555903863221684e-07 3
7 80 7.555903863221684e-07 3
7 81 7.555903863221684e-07 3
7 82 7.555903863221684e-07 3
7 83 7.555903863221684e-07 3
7 84 7.555903863221684e-07 3
7 85 7.555903863221684e-07 3
7 86 7.555903863221684e-07 3
7 87 7.555903863221684e-07 3
7 88 7.555903863221684e-07 3
7 89 7.555903863221684e-07 3
7 90 7.555903863221684e-07 3
7 91 7.555903863221684e-07 3
7 92 7.555903863221684e-07 3
7 93 7.555903863221684e-07 3
7 94 7.555903863221684e-07 3
7 95 7.555903863221684e-07 3
7 96 7.555903863221684e-07 3
7 97 7.555903863221684e-07 3
7 98 7.555903863221684e-07 3
7 99 7.555903863221684e-07 3
7 100 7.555903863221684e-07 3
7 101 7.555903863221684e-07 3
7 102 7.555903863221684e-07 3
7 103 7.555903863221684e-07 3
7 104 7.555903863221684e-07 3
7 105 7.555903863221684e-07 3
7 106 7.555903863221684e-07 3
7 107 7.555903863226272e-07 3
7 108 7.555903863226272e-07 3
7 109 7.555903863226272e-07 3
7 110 7.555903863226272e-07 3
7 111 7.555903863226272e-07 3
7 112 7.555903863226272e-07 3
7 113 7.555903863226272e-07 3
7 114 7.555903863226272e-07 3
7 115 7.555903863226272e-07 3
7 116 7.555903863226272e-07 3
7 117 7.555903863226272e-07 3
7 118 7.555903863226272e-07 3
7 119 7.555903863226272e-07 3
7 120 7.555903863226272e-07 3
7 121 7.555903863226272e-07 3
7 122 7.555903863226272e-07 3
7 123 7.555903863226272e-07 3
7 124 7.555903863226272e-07 3
7 125 7.555903863226272e-07 3
7 126 7.555903863226272e-07 3
7 127 7.555903863226272e-07 3
7 128 7.555903863226272e-07 3
7 129 7.555903863226272e-07 3
7 130 7.555903863226272e-07 3
7 131 7.555903863231127e-07 3
7 132 7.555903863231127e-07 3
7 133 7.555903863231127e-07 3
7 134 7.555903863231127e-07 3
7 135 7.555903863231127e-07 3
7 136 7.555903863231127e-07 3
7 137 7.555903863231127e-07 3
7 138 7.555903863231127e-07 3
7 139 7.555903863231127e-07 3
7 140 7.555903863231127e-07 3
7 141 7.555903863231127e-07 3
7 142 7.555903863231127e-07 3
7 143 7.555903863231127e-07 3
7 144 7.555903863231127e-07 3
7 145 7.555903863231127e-07 3
7 146 7.555903863231127e-07 3
7 147 7.555903863231127e-07 3
7 148 7.555903863231127e-07 3
7 149 7.555903863231127e-07 3
7 150 7.555903863231127e-07 3
7 151 7.555903863231127e-07 3
7 152 7.555903863231127e-07 3
7 153 7.555903863231127e-07 3
7 154 7.555903863231127e-07 3
7 155 7.555903863231127e-07 3
7 156 7.555903863231127e-07 3
7 157 7.555903863231127e-07 3
7 158 7.555903863231127e-07 3
7 159 7.555903863231127e-07 3
7 160 7.555903863231127e-07 3
7 161 7.555903863231127e-07 3
7 162 7.555903863231127e-07 3
7 163 7.555903863232444e-07 3
7 164 7.555903863232444e-07 3
7 165 7.555903863232444e-07 3
7 166 7.555903863232444e-07 3
7 167 7.555903863232444e-07 3
7 168 7.555903863232444e-07 3
7 169 7.555903863232444e-07 3
7 170 7.555903863232444e-07 3
7 171 7.555903863232444e-07 3
7 172 7.555903863232444e-07 3
7 173 7.555903863232444e-07 3
7 174 7.555903863232444e-07 3
7 175 7.555903863232444e-07 3
7 176 7.555903863232444e-07 3
7 177 7.555903863232444e-07 3
7 178 7.555903863232444e-07 3
7 179 7.555903863232444e-07 3
7 180 7.555903863232444e-07 3
7 181 7.555903863232444e-07 3
7 182 7.555903863232444e-07 3
7 183 7.555903863232444e-07 3
7 184 7.555903863232444e-07 3
7 185 7.555903863232444e-07 3
7 186 7.555903863232444e-07 3
7 187 7.555903863232444e-07 3
7 188 7.555903863232444e-07 3
7 189 7.555903863232444e-07 3
7 190 7.555903863232444e-07 3
7 191 7.555903863232444e-07 3
7 192 7.555903863232444e-07 3
7 193 7.555903863232444e-07 3
7 194 0.0030146300807869218 3
7 195 0.0030146300807869218 3
7 196 0.0030146300807869218 3
7 197 0.0030146300807869218 3
7 198 0.0030146300807869218 3
7 199 0.0030146300807869218 3
7 200 7.555903863200366e-07 3
7 201 7.555903863231127e-07 3
7 202 7.555903863181284e-07 3
7 203 7.555903863232444e-07 3
7 204 7.555903863200366e-07 3
7 205 7.555903863200366e-07 3
7 206 7.555903863200366e-07 3
7 207 7.555903863231127e-07 3
7 208 7.555903863231127e-07 3
7 209 7.555903863200366e-07 3
7 210 7.555903863226272e-07 3
7 211 0.2037182112105766 3
7 212 7.555903863181284e-07 3
7 213 7.555903863226272e-07 3
7 214 7.555903863226272e-07 3
7 215 7.555903863221684e-07 3
7 216 7.555903863221684e-07 3
7 217 7.555903863231127e-07 3
7 218 7.555903863221684e-07 3
7 219 7.555903863200366e-07 3
7 220 7.555903863232444e-07 3
7 221 7.555903863231127e-07 3
7 222 7.555903863221684e-07 3
7 223 7.555903863221684e-07 3
7 224 7.555903863232444e-07 3
7 225 7.555903863221684e-07 3
7 226 7.555903863181284e-07 3
7 227 0.15132351520872464 3
7 228 7.555903863226272e-07 3
7 229 7.555903863226272e-07 3
7 230 7.555903863181284e-07 3
7 231 7.555903863232444e-07 3
7 232 7.555903863226272e-07 3
7 233 7.555903863231127e-07 3
7 234 7.555903863226272e-07 3
7 235 7.555903863221684e-07 3
7 236 7.555903863226272e-07 3
7 237 7.555903863232444e-07 3
7 238 7.555903863200366e-07 3
7 239 7.555903863200366e-07 3
7 240 7.555903863231127e-07 3
7 241 7.555903863200366e-07 3
7 242 7.555903863221684e-07 3
7 243 7.555903863231127e-07 3
7 244 7.555903863226272e-07 3
7 245 7.555903863232444e-07 3
7 246 7.555903863221684e-07 3
7 247 7.555903863221684e-07 3
7 248 7.555903863200366e-07 3
7 249 7.555903863221684e-07 3
7 250 7.555903863226272e-07 3
7 251 0.21847700769983192 3
7 252 7.555903863221684e-07 3
7 253 7.555903863226272e-07 3
7 254 7.555903863200366e-07 3
7 255 7.555903863221684e-07 3
7 256 7.555903863200366e-07 3
7 257 7.555903863231127e-07 3
7 258 7.555903863232444e-07 3
7 259 7.555903863221684e-07 3
7 260 7.555903863232444e-07 3
7 261 7.555903863221684e-07 3
7 262 7.555903863232444e-07 3
7 263 7.555903863231127e-07 3
7 264 7.555903863221684e-07 3
7 265 7.555903863200366e-07 3
7 266 7.555903863226272e-07 3
7 267 7.555903863231127e-07 3
7 268 7.555903863200366e-07 3
7 269 7.555903863231127e-07 3
7 270 7.555903863226272e-07 3
7 271 7.555903863181284e-07 3
7 272 7.555903863221684e-07 3
7 273 7.555903863231127e-07 3
7 274 7.555903863231127e-07 3
7 275 7.555903863181284e-07 3
7 276 0.027899858720080464 3
7 277 7.555903863181284e-07 3
7 278 7.555903863181284e-07 3
7 279 7.555903863231127e-07 3
7 280 7.555903863200366e-07 3
7 281 7.555903863200366e-07 3
7 282 7.555903863226272e-07 3
7 283 7.555903863181284e-07 3
7 284 7.555903863226272e-07 3
7 285 7.555903863226272e-07 3
7 286 7.555903863221684e-07 3
7 287 7.555903863226272e-07 3
7 288 0.03108924781953465 3
7 289 7.555903863232444e-07 3
7 290 7.555903863232444e-07 3
7 291 7.555903863181284e-07 3
7 292 7.555903863181284e-07 3
7 293 7.555903863226272e-07 3
7 294 7.555903863231127e-07 3
7 295 7.555903863226272e-07 3
7 296 7.555903863231127e-07 3
7 297 7.555903863231127e-07 3
7 298 7.555903863221684e-07 3
7 299 7.555903863231127e-07 3
7 300 7.555903863231127e-07 3
7 301 7.555903863231127e-07 3
7 302 7.555903863232444e-07 3
7 303 7.555903863221684e-07 3
7 304 7.555903863200366e-07 3
7 305 7.555903863200366e-07 3
7 306 7.555903863232444e-07 3
7 307 7.555903863232444e-07 3
7 308 7.555903863232444e-07 3
7 309 7.555903863200366e-07 3
7 310 7.555903863181284e-07 3
7 311 7.555903863221684e-07 3
7 312 7.555903863221684e-07 3
7 313 7.555903863221684e-07 3
7 314 7.555903863200366e-07 3
7 315 7.555903863231127e-07 3
7 316 7.555903863232444e-07 3
7 317 7.555903863181284e-07 3
7 318 0.13803601201852334 3
7 319 7.555903863231127e-07 3
7 320 7.555903863232444e-07 3
7 321 0.08451710350440865 3
7 322 7.555903863200366e-07 3
7 323 7.555903863181284e-07 3
7 324 7.555903863200366e-07 3
7 325 7.555903863231127e-07 3
7 326 7.555903863200366e-07 3
7 327 7.555903863231127e-07 3
7 328 7.555903863226272e-07 3
7 329 7.555903863226272e-07 3
7 330 7.555903863200366e-07 3
7 331 0.14019853546830696 3
7 332 7.555903863181284e-07 3
7 333 7.555903863231127e-07 3
7 334 7.555903863231127e-07 3
7 335 0.1679773907781274 3
7 336 7.555903863181284e-07 3
7 337 7.555903863231127e-07 3
7 338 7.555903863226272e-07 3
7 339 7.555903863221684e-07 3
7 340 7.555903863181284e-07 3
7 341 7.555903863200366e-07 3
7 342 7.555903863231127e-07 3
7 343 7.555903863221684e-07 3
7 344 7.555903863232444e-07 3
7 345 7.555903863232444e-07 3
7 346 7.555903863200366e-07 3
7 347 7.555903863231127e-07 3
7 348 7.555903863200366e-07 3
7 349 7.555903863200366e-07 3
7 350 7.555903863221684e-07 3
7 351 7.555903863231127e-07 3
7 352 7.555903863181284e-07 3
7 353 7.555903863181284e-07 3
7 354 7.555903863226272e-07 3
7 355 7.555903863200366e-07 3
7 356 7.555903863181284e-07 3
7 357 7.555903863181284e-07 3
7 358 7.555903863200366e-07 3
7 359 7.555903863181284e-07 3
7 360 7.555903863221684e-07 3
7 361 7.555903863200366e-07 3
7 362 7.555903863200366e-07 3
7 363 7.555903863231127e-07 3
7 364 7.555903863181284e-07 3
7 365 7.555903863231127e-07 3
7 366 7.555903863200366e-07 3
7 367 0.022332999576680748 3
7 368 7.555903863221684e-07 3
7 369 7.555903863232444e-07 3
7 370 7.555903863200366e-07 3
7 371 7.555903863221684e-07 3
7 372 7.555903863231127e-07 3
7 373 0.00301463008079525 3
7 374 7.555903863226272e-07 3
7 375 7.555903863200366e-07 3
7 376 7.555903863232444e-07 3
7 377 7.555903863231127e-07 3
7 378 7.555903863221684e-07 3
7 379 7.555903863226272e-07 3
7 380 7.555903863231127e-07 3
7 381 7.555903863221684e-07 3
7 382 7.555903863221684e-07 3
7 383 0.022550645623936418 3
7 384 7.555903863231127e-07 3
7 385 7.555903863231127e-07 3
7 386 7.555903863231127e-07 3
7 387 7.555903863200366e-07 3
7 388 7.555903863226272e-07 3
7 389 0.029857850861237992 3
7 390 7.555903863200366e-07 3
7 391 7.555903863221684e-07 3
7 392 7.555903863181284e-07 3
7 393 7.555903863231127e-07 3
7 394 7.555903863226272e-07 3
7 395 7.555903863181284e-07 3
7 396 7.555903863200366e-07 3
7 397 7.555903863181284e-07 3
7 398 7.555903863231127e-07 3
7 399 0.023745893276966044 3
7 400 7.555903863231127e-07 3
7 401 7.555903863221684e-07 3
7 402 7.555903863232444e-07 3
7 403 7.555903863226272e-07 3
7 404 7.555903863200366e-07 3
7 405 7.555903863232444e-07 3
7 406 7.555903863181284e-07 3
7 407 7.555903863200366e-07 3
7 408 7.555903863231127e-07 3
7 409 7.555903863181284e-07 3
7 410 7.555903863221684e-07 3
7 411 7.555903863232444e-07 3
7 412 7.555903863231127e-07 3
7 413 7.555903863200366e-07 3
7 414 7.555903863232444e-07 3
7 415 7.555903863200366e-07 3
7 416 7.555903863181284e-07 3
7 417 7.555903863231127e-07 3
7 418 7.555903863232444e-07 3
7 419 7.555903863232444e-07 3
7 420 7.555903863231127e-07 3
7 421 7.555903863181284e-07 3
7 422 0.8023720344859934 3
7 423 7.555903863232444e-07 3
7 424 7.555903863221684e-07 3
7 425 7.555903863231127e-07 3
7 426 7.555903863221684e-07 3
7 427 7.555903863232444e-07 3
7 428 7.555903863232444e-07 3
7 429 7.555903863231127e-07 3
7 430 7.555903863226272e-07 3
7 431 7.555903863221684e-07 3
7 432 7.555903863200366e-07 3
7 433 7.555903863221684e-07 3
7 434 7.555903863226272e-07 3
7 435 7.555903863226272e-07 3
7 436 7.555903863221684e-07 3
7 437 7.555903863221684e-07 3
7 438 7.555903863226272e-07 3
7 439 7.555903863181284e-07 3
7 440 7.555903863221684e-07 3
7 441 7.555903863232444e-07 3
7 442 0.0550790966332391 3
7 443 7.555903863226272e-07 3
7 444 0.02875877331947295 3
7 445 7.555903863232444e-07 3
7 446 7.555903863231127e-07 3
7 447 7.555903863232444e-07 3
7 448 7.555903863200366e-07 3
7 449 7.555903863200366e-07 3
7 450 0.15724984733658898 3
7 451 7.555903863231127e-07 3
7 452 7.555903863200366e-07 3
7 453 7.555903863232444e-07 3
7 454 7.555903863231127e-07 3
7 455 7.555903863200366e-07 3
7 456 7.555903863181284e-07 3
7 457 0.027900539667291814 3
7 458 7.555903863232444e-07 3
7 459 7.555903863231127e-07 3
7 460 7.555903863231127e-07 3
7 461 7.555903863226272e-07 3
7 462 7.555903863200366e-07 3
7 463 7.555903863200366e-07 3
7 464 7.555903863231127e-07 3
7 465 7.555903863200366e-07 3
7 466 7.555903863231127e-07 3
7 467 7.555903863226272e-07 3
7 468 7.555903863221684e-07 3
7 469 7.555903863226272e-07 3
7 470 7.555903863221684e-07 3
7 471 7.555903863200366e-07 3
7 472 0.026481576304254358 3
7 473 7.555903863231127e-07 3
7 474 7.555903863232444e-07 3
7 475 7.555903863221684e-07 3
7 476 7.555903863232444e-07 3
7 477 7.555903863181284e-07 3
7 478 7.555903863232444e-07 3
7 479 7.555903863231127e-07 3
7 480 7.555903863200366e-07 3
7 481 7.555903863231127e-07 3
7 482 7.555903863221684e-07 3
7 483 7.555903863221684e-07 3
7 484 7.555903863226272e-07 3
7 485 7.555903863221684e-07 3
7 486 0.02775602656265978 3
7 487 7.555903863181284e-07 3
7 488 7.555903863226272e-07 3
7 489 7.555903863232444e-07 3
7 490 7.555903863226272e-07 3
7 491 7.555903863232444e-07 3
7 492 7.555903863181284e-07 3
7 493 7.555903863226272e-07 3
7 494 7.555903863232444e-07 3
7 495 7.555903863231127e-07 3
7 496 0.029864727072191368 3
7 497 7.555903863200366e-07 3
7 498 7.555903863181284e-07 3
7 499 7.555903863221684e-07 3
7 500 7.555903863232444e-07 3
7 501 7.555903863226272e-07 3
7 502 7.555903863181284e-07 3
7 503 7.555903863181284e-07 3
7 504 7.555903863226272e-07 3
7 505 7.555903863226272e-07 3
7 506 7.555903863226272e-07 3
7 507 7.555903863200366e-07 3
7 508 7.555903863231127e-07 3
7 509 7.555903863226272e-07 3
7 510 7.555903863226272e-07 3
7 511 7.555903863221684e-07 3
7 512 7.555903863200366e-07 3
7 513 7.555903863221684e-07 3
7 514 7.555903863231127e-07 3
7 515 7.555903863181284e-07 3
7 516 7.555903863200366e-07 3
7 517 7.555903863231127e-07 3
7 518 7.555903863200366e-07 3
7 519 7.555903863231127e-07 3
7 520 7.555903863221684e-07 3
7 521 7.555903863232444e-07 3
7 522 0.11030940032450141 3
7 523 0.11030940032820084 3
7 524 7.555903863231127e-07 3
7 525 7.555903863231127e-07 3
7 526 7.555903863232444e-07 3
7 527 7.555903863181284e-07 3
7 528 7.555903863232444e-07 3
7 529 7.555903863181284e-07 3
7 530 7.555903863232444e-07 3
7 531 7.555903863221684e-07 3
7 532 7.555903863226272e-07 3
7 533 7.555903863232444e-07 3
7 534 7.555903863226272e-07 3
7 535 7.555903863232444e-07 3
7 536 7.555903863181284e-07 3
7 537 7.555903863231127e-07 3
7 538 7.555903863226272e-07 3
7 539 7.555903863231127e-07 3
7 540 7.555903863226272e-07 3
7 541 7.555903863226272e-07 3
7 542 7.555903863221684e-07 3
7 543 7.555903863221684e-07 3
7 544 7.555903863232444e-07 3
7 545 0.03329034137141415 3
7 546 7.555903863226272e-07 3
7 547 7.555903863221684e-07 3
7 548 7.555903863232444e-07 3
7 549 7.555903863231127e-07 3
7 550 7.555903863200366e-07 3
7 551 7.555903863226272e-07 3
7 552 7.555903863232444e-07 3
7 553 0.038423354647098916 3
7 554 7.555903863181284e-07 3
7 555 7.555903863231127e-07 3
7 556 7.555903863226272e-07 3
7 557 7.555903863231127e-07 3
7 558 7.555903863232444e-07 3
7 559 0.02725310788261659 3
7 560 7.555903863232444e-07 3
7 561 7.555903863200366e-07 3
7 562 7.555903863200366e-07 3
7 563 0.027899858820439723 3
7 564 7.555903863231127e-07 3
7 565 7.555903863200366e-07 3
7 566 7.555903863221684e-07 3
7 567 7.555903863221684e-07 3
7 568 7.555903863221684e-07 3
7 569 7.555903863231127e-07 3
7 570 7.555903863221684e-07 3
7 571 7.555903863231127e-07 3
7 572 7.555903863181284e-07 3
7 573 7.555903863181284e-07 3
7 574 7.555903863221684e-07 3
7 575 7.555903863232444e-07 3
7 576 7.555903863181284e-07 3
7 577 7.555903863200366e-07 3
7 578 7.555903863200366e-07 3
7 579 7.555903863226272e-07 3
7 580 7.555903863200366e-07 3
7 581 0.13676328582176356 3
7 582 7.555903863181284e-07 3
7 583 7.555903863226272e-07 3
7 584 7.555903863181284e-07 3
7 585 7.555903863200366e-07 3
7 586 7.555903863231127e-07 3
7 587 7.555903863221684e-07 3
7 588 7.555903863231127e-07 3
7 589 7.555903863200366e-07 3
7 590 7.555903863181284e-07 3
7 591 7.555903863181284e-07 3
7 592 0.11254806754626633 3
7 593 7.555903863221684e-07 3
7 594 7.555903863181284e-07 3
7 595 7.555903863231127e-07 3
7 596 7.555903863200366e-07 3
7 597 7.555903863221684e-07 3
7 598 7.555903863226272e-07 3
7 599 7.555903863221684e-07 3
7 600 7.555903863226272e-07 3
7 601 7.555903863221684e-07 3
7 602 0.09574089587044951 3
7 603 0.1467194204381851 3
7 604 7.555903863232444e-07 3
7 605 7.555903863226272e-07 3
7 606 7.555903863231127e-07 3
7 607 7.555903863181284e-07 3
7 608 7.555903863226272e-07 3
7 609 7.555903863226272e-07 3
7 610 7.555903863231127e-07 3
7 611 7.555903863181284e-07 3
7 612 7.555903863200366e-07 3
7 613 7.555903863231127e-07 3
7 614 0.30974227863540127 3
7 615 7.555903863221684e-07 3
7 616 7.555903863181284e-07 3
7 617 7.555903863226272e-07 3
7 618 7.555903863226272e-07 3
7 619 7.555903863232444e-07 3
7 620 7.555903863181284e-07 3
7 621 7.555903863221684e-07 3
7 622 7.555903863226272e-07 3
7 623 0.02789985879899913 3
7 624 7.555903863231127e-07 3
7 625 7.555903863221684e-07 3
7 626 7.555903863200366e-07 3
7 627 7.555903863221684e-07 3
7 628 7.555903863232444e-07 3
7 629 7.555903863221684e-07 3
7 630 7.555903863221684e-07 3
7 631 7.555903863221684e-07 3
7 632 7.555903863221684e-07 3
7 633 7.555903863181284e-07 3
7 634 7.555903863221684e-07 3
7 635 7.555903863232444e-07 3
7 636 7.555903863181284e-07 3
7 637 7.555903863232444e-07 3
7 638 7.555903863232444e-07 3
7 639 7.555903863200366e-07 3
7 640 7.555903863232444e-07 3
7 641 7.555903863200366e-07 3
7 642 7.555903863181284e-07 3
7 643 7.555903863232444e-07 3
7 644 7.555903863200366e-07 3
7 645 7.555903863181284e-07 3
7 646 0.02738211610357194 3
7 647 0.011655564593453741 3
7 648 7.555903863231127e-07 3
7 649 7.555903863181284e-07 3
7 650 7.555903863200366e-07 3
7 651 7.555903863226272e-07 3
7 652 7.555903863232444e-07 3
7 653 7.555903863226272e-07 3
7 654 7.555903863200366e-07 3
7 655 7.555903863231127e-07 3
7 656 0.03747199402742787 3
7 657 7.555903863232444e-07 3
7 658 7.555903863181284e-07 3
7 659 7.555903863221684e-07 3
7 660 7.555903863200366e-07 3
7 661 7.555903863221684e-07 3
7 662 7.555903863226272e-07 3
7 663 7.555903863200366e-07 3
7 664 7.555903863200366e-07 3
7 665 7.555903863200366e-07 3
7 666 7.555903863181284e-07 3
7 667 7.555903863200366e-07 3
7 668 7.555903863232444e-07 3
7 669 7.555903863232444e-07 3
7 670 7.555903863181284e-07 3
7 671 7.555903863226272e-07 3
7 672 7.555903863200366e-07 3
7 673 7.555903863232444e-07 3
7 674 7.555903863221684e-07 3
7 675 7.555903863221684e-07 3
7 676 7.555903863221684e-07 3
7 677 7.555903863221684e-07 3
7 678 7.555903863226272e-07 3
7 679 7.555903863232444e-07 3
7 680 7.555903863200366e-07 3
7 681 7.555903863181284e-07 3
7 682 7.555903863231127e-07 3
7 683 7.555903863221684e-07 3
7 684 7.555903863231127e-07 3
7 685 7.555903863226272e-07 3
7 686 7.555903863226272e-07 3
7 687 0.12772401853196114 3
7 688 7.555903863231127e-07 3
7 689 7.555903863181284e-07 3
7 690 7.555903863181284e-07 3
7 691 7.555903863181284e-07 3
7 692 7.555903863232444e-07 3
7 693 7.555903863221684e-07 3
7 694 7.555903863221684e-07 3
7 695 0.027900539697950498 3
7 696 7.555903863232444e-07 3
7 697 7.555903863231127e-07 3
7 698 7.555903863231127e-07 3
7 699 7.555903863181284e-07 3
7 700 7.555903863226272e-07 3
7 701 7.555903863221684e-07 3
7 702 7.555903863200366e-07 3
7 703 7.555903863231127e-07 3
7 704 7.555903863181284e-07 3
7 705 7.555903863221684e-07 3
7 706 7.555903863232444e-07 3
7 707 7.555903863200366e-07 3
7 708 0.11403506413505049 3
7 709 7.555903863226272e-07 3
7 710 7.555903863231127e-07 3
7 711 7.555903863200366e-07 3
7 712 7.555903863181284e-07 3
7 713 7.555903863181284e-07 3
7 714 7.555903863221684e-07 3
7 715 7.555903863232444e-07 3
7 716 7.555903863226272e-07 3
7 717 7.555903863232444e-07 3
7 718 7.555903863231127e-07 3
7 719 7.555903863200366e-07 3
7 720 7.555903863200366e-07 3
7 721 7.555903863231127e-07 3
7 722 7.555903863226272e-07 3
7 723 7.555903863221684e-07 3
7 724 0.03892798369830395 3
7 725 7.555903863231127e-07 3
7 726 7.555903863232444e-07 3
7 727 7.555903863221684e-07 3
7 728 0.22180471028872797 3
7 729 0.027900539669513516 3
7 730 0.01090049689964427 3
7 731 7.555903863221684e-07 3
7 732 0.02832168062448606 3
7 733 7.555903863231127e-07 3
7 734 7.555903863221684e-07 3
7 735 7.555903863226272e-07 3
7 736 7.555903863226272e-07 3
7 737 7.555903863221684e-07 3
7 738 7.555903863231127e-07 3
7 739 0.13775912077707186 3
7 740 7.555903863226272e-07 3
7 741 7.555903863226272e-07 3
7 742 0.10598443554682223 3
7 743 7.555903863181284e-07 3
7 744 7.555903863221684e-07 3
7 745 7.555903863221684e-07 3
7 746 7.555903863232444e-07 3
7 747 7.555903863200366e-07 3
7 748 7.555903863226272e-07 3
7 749 0.15156157561213385 3
7 750 7.555903863232444e-07 3
7 751 0.24475797718958464 3
7 752 7.555903863200366e-07 3
7 753 0.1679773907781274 3
7 754 7.555903863231127e-07 3
7 755 7.555903863221684e-07 3
7 756 7.555903863232444e-07 3
7 757 7.555903863221684e-07 3
7 758 7.555903863226272e-07 3
7 759 7.555903863231127e-07 3
7 760 0.11254806754657536 3
7 761 7.555903863226272e-07 3
7 762 7.555903863232444e-07 3
7 763 7.555903863226272e-07 3
7 764 7.555903863232444e-07 3
7 765 7.555903863221684e-07 3
7 766 7.555903863221684e-07 3
7 767 7.555903863232444e-07 3
7 768 7.555903863226272e-07 3
7 769 7.555903863226272e-07 3
7 770 7.555903863232444e-07 3
7 771 7.555903863200366e-07 3
7 772 7.555903863221684e-07 3
7 773 7.555903863181284e-07 3
7 774 7.555903863200366e-07 3
7 775 7.555903863226272e-07 3
7 776 0.1531151567102151 3
7 777 7.555903863232444e-07 3
7 778 7.555903863200366e-07 3
7 779 7.555903863231127e-07 3
7 780 7.555903863221684e-07 3
7 781 7.555903863200366e-07 3
7 782 7.555903863232444e-07 3
7 783 7.555903863221684e-07 3
7 784 7.555903863226272e-07 3
7 785 7.555903863221684e-07 3
7 786 7.555903863221684e-07 3
7 787 7.555903863181284e-07 3
7 788 7.555903863226272e-07 3
7 789 0.09126292054338134 3
7 790 7.555903863200366e-07 3
7 791 7.555903863181284e-07 3
7 792 7.555903863200366e-07 3
7 793 7.555903863200366e-07 3
7 794 7.555903863181284e-07 3
7 795 7.555903863226272e-07 3
7 796 7.555903863200366e-07 3
7 797 7.555903863231127e-07 3
7 798 7.555903863181284e-07 3
7 799 7.555903863226272e-07 3
7 800 7.555903863231127e-07 3
7 801 7.555903863226272e-07 3
7 802 7.555903863181284e-07 3
7 803 7.555903863200366e-07 3
7 804 7.555903863226272e-07 3
7 805 0.027899858816284682 3
7 806 7.555903863181284e-07 3
7 807 7.555903863181284e-07 3
7 808 7.555903863231127e-07 3
7 809 7.555903863231127e-07 3
7 810 7.555903863181284e-07 3
7 811 0.03207459859820526 3
7 812 7.555903863232444e-07 3
7 813 7.555903863181284e-07 3
7 814 7.555903863231127e-07 3
7 815 7.555903863221684e-07 3
7 816 7.555903863221684e-07 3
7 817 7.555903863226272e-07 3
7 818 7.555903863231127e-07 3
7 819 7.555903863231127e-07 3
7 820 7.555903863232444e-07 3
7 821 7.555903863181284e-07 3
7 822 7.555903863181284e-07 3
7 823 7.555903863200366e-07 3
7 824 7.555903863231127e-07 3
7 825 7.555903863231127e-07 3
7 826 7.555903863226272e-07 3
7 827 7.555903863200366e-07 3
7 828 7.555903863181284e-07 3
7 829 7.555903863221684e-07 3
7 830 7.555903863181284e-07 3
7 831 7.555903863232444e-07 3
7 832 7.555903863221684e-07 3
7 833 7.555903863231127e-07 3
7 834 7.555903863232444e-07 3
7 835 7.555903863181284e-07 3
7 836 7.555903863231127e-07 3
7 837 7.555903863181284e-07 3
7 838 7.555903863221684e-07 3
7 839 7.555903863181284e-07 3
7 840 7.555903863231127e-07 3
7 841 7.555903863200366e-07 3
7 842 7.555903863226272e-07 3
7 843 7.555903863232444e-07 3
7 844 7.555903863232444e-07 3
7 845 0.05776383949217874 3
7 846 7.555903863226272e-07 3
7 847 7.555903863200366e-07 3
7 848 7.555903863231127e-07 3
7 849 0.027896619370263043 3
7 850 7.555903863221684e-07 3
7 851 7.555903863200366e-07 3
7 852 7.555903863221684e-07 3
7 853 7.555903863221684e-07 3
7 854 7.555903863226272e-07 3
7 855 7.555903863181284e-07 3
7 856 7.555903863232444e-07 3
7 857 7.555903863221684e-07 3
7 858 7.555903863226272e-07 3
7 859 0.37912418560047134 3
7 860 7.555903863232444e-07 3
7 861 7.555903863226272e-07 3
7 862 7.555903863231127e-07 3
7 863 7.555903863231127e-07 3
7 864 0.00301463008079525 3
7 865 7.555903863226272e-07 3
7 866 0.02707187941377355 3
7 867 7.555903863226272e-07 3
7 868 7.555903863221684e-07 3
7 869 7.555903863181284e-07 3
7 870 7.555903863221684e-07 3
7 871 7.555903863231127e-07 3
7 872 7.555903863181284e-07 3
7 873 7.555903863181284e-07 3
7 874 7.555903863181284e-07 3
7 875 7.555903863226272e-07 3
7 876 7.555903863232444e-07 3
7 877 0.10303029173915523 3
7 878 7.555903863181284e-07 3
7 879 0.10533285671995052 3
7 880 7.555903863200366e-07 3
7 881 7.555903863221684e-07 3
7 882 7.555903863226272e-07 3
7 883 7.555903863232444e-07 3
7 884 7.555903863200366e-07 3
7 885 7.555903863226272e-07 3
7 886 7.555903863221684e-07 3
7 887 0.14740636760504858 3
7 888 7.555903863226272e-07 3
7 889 7.555903863221684e-07 3
7 890 7.555903863181284e-07 3
7 891 7.555903863226272e-07 3
7 892 7.555903863200366e-07 3
7 893 7.555903863181284e-07 3
7 894 7.555903863181284e-07 3
7 895 7.555903863221684e-07 3
7 896 7.555903863232444e-07 3
7 897 7.555903863181284e-07 3
7 898 7.555903863231127e-07 3
7 899 7.555903863231127e-07 3
7 900 0.13280566113602435 3
7 901 7.555903863181284e-07 3
7 902 7.555903863200366e-07 3
7 903 7.555903863221684e-07 3
7 904 7.555903863221684e-07 3
7 905 7.555903863200366e-07 3
7 906 7.555903863231127e-07 3
7 907 7.555903863231127e-07 3
7 908 7.555903863231127e-07 3
7 909 0.03747199402741161 3
7 910 7.555903863226272e-07 3
7 911 7.555903863181284e-07 3
7 912 7.555903863226272e-07 3
7 913 7.555903863200366e-07 3
7 914 7.555903863200366e-07 3
7 915 7.555903863200366e-07 3
7 916 7.555903863221684e-07 3
7 917 7.555903863221684e-07 3
7 918 0.13764786474144694 3
7 919 7.555903863231127e-07 3
7 920 7.555903863226272e-07 3
7 921 7.555903863181284e-07 3
7 922 0.08568489647565207 3
7 923 7.555903863221684e-07 3
7 924 7.555903863200366e-07 3
7 925 7.555903863231127e-07 3
7 926 7.555903863181284e-07 3
7 927 7.555903863181284e-07 3
7 928 7.555903863226272e-07 3
7 929 0.09050792030530729 3
7 930 7.555903863181284e-07 3
7 931 7.555903863232444e-07 3
7 932 7.555903863232444e-07 3
7 933 7.555903863231127e-07 3
7 934 7.555903863200366e-07 3
7 935 7.555903863231127e-07 3
7 936 7.555903863200366e-07 3
7 937 7.555903863181284e-07 3
7 938 7.555903863226272e-07 3
7 939 0.09464316056890772 3
7 940 7.555903863231127e-07 3
7 941 7.555903863181284e-07 3
7 942 7.555903863232444e-07 3
7 943 7.555903863181284e-07 3
7 944 7.555903863200366e-07 3
7 945 7.555903863200366e-07 3
7 946 7.555903863232444e-07 3
7 947 7.555903863231127e-07 3
7 948 7.555903863200366e-07 3
7 949 7.555903863226272e-07 3
7 950 7.555903863231127e-07 3
7 951 7.555903863226272e-07 3
7 952 7.555903863181284e-07 3
7 953 7.555903863231127e-07 3
7 954 7.555903863231127e-07 3
7 955 7.555903863181284e-07 3
7 956 7.555903863181284e-07 3
7 957 7.555903863226272e-07 3
7 958 7.555903863181284e-07 3
7 959 7.555903863181284e-07 3
7 960 7.555903863226272e-07 3
7 961 7.555903863232444e-07 3
7 962 7.555903863231127e-07 3
7 963 7.555903863181284e-07 3
7 964 7.555903863226272e-07 3
7 965 7.555903863200366e-07 3
7 966 7.555903863231127e-07 3
7 967 7.555903863226272e-07 3
7 968 7.555903863232444e-07 3
7 969 0.09417027839173382 3
7 970 7.555903863221684e-07 3
7 971 7.555903863232444e-07 3
7 972 7.555903863231127e-07 3
7 973 7.555903863181284e-07 3
7 974 7.555903863226272e-07 3
7 975 7.555903863232444e-07 3
7 976 7.555903863200366e-07 3
7 977 7.555903863232444e-07 3
7 978 7.555903863221684e-07 3
7 979 7.555903863200366e-07 3
7 980 7.555903863226272e-07 3
7 981 7.555903863181284e-07 3
7 982 0.1462025340282511 3
7 983 7.555903863200366e-07 3
7 984 7.555903863232444e-07 3
7 985 7.555903863232444e-07 3
7 986 7.555903863226272e-07 3
7 987 7.555903863221684e-07 3
7 988 7.555903863232444e-07 3
7 989 7.555903863231127e-07 3
7 990 7.555903863200366e-07 3
7 991 7.555903863232444e-07 3
7 992 7.555903863221684e-07 3
7 993 7.555903863231127e-07 3
7 994 7.555903863181284e-07 3
7 995 7.555903863232444e-07 3
7 996 7.555903863200366e-07 3
7 997 7.555903863226272e-07 3
7 998 0.19470583920471043 3
7 999 7.555903863181284e-07 3
7 1000 7.555903863181284e-07 3
7 1001 7.555903863181284e-07 3
7 1002 7.555903863226272e-07 3
7 1003 7.555903863221684e-07 3
7 1004 7.555903863181284e-07 3
7 1005 7.555903863226272e-07 3
7 1006 7.555903863221684e-07 3
7 1007 7.555903863231127e-07 3
7 1008 7.555903863200366e-07 3
7 1009 0.0856848964763213 3
7 1010 7.555903863231127e-07 3
7 1011 7.555903863181284e-07 3
7 1012 7.555903863231127e-07 3
7 1013 7.555903863181284e-07 3
7 1014 7.555903863221684e-07 3
7 1015 0.03184495630163927 3
7 1016 7.555903863221684e-07 3
7 1017 7.555903863232444e-07 3
7 1018 7.555903863226272e-07 3
7 1019 7.555903863226272e-07 3
7 1020 7.555903863221684e-07 3
7 1021 7.555903863232444e-07 3
7 1022 7.555903863181284e-07 3
7 1023 7.555903863231127e-07 3
7 1024 7.555903863232444e-07 3
7 1025 7.555903863231127e-07 3
7 1026 7.555903863221684e-07 3
7 1027 7.555903863200366e-07 3
7 1028 0.028564220058961084 3
7 1029 7.555903863226272e-07 3
7 1030 7.555903863231127e-07 3
7 1031 7.555903863232444e-07 3
7 1032 7.555903863181284e-07 3
7 1033 7.555903863221684e-07 3
7 1034 7.555903863221684e-07 3
7 1035 3.384802391827289 3
7 1036 7.555903863232444e-07 3
7 1037 7.555903863181284e-07 3
7 1038 7.555903863181284e-07 3
7 1039 7.555903863221684e-07 3
7 1040 7.555903863226272e-07 3
7 1041 7.555903863226272e-07 3
7 1042 0.14560561529389288 3
7 1043 7.555903863221684e-07 3
7 1044 7.555903863232444e-07 3
7 1045 7.555903863221684e-07 3
7 1046 0.037420430125071964 3
7 1047 7.555903863200366e-07 3
7 1048 7.555903863226272e-07 3
7 1049 7.555903863200366e-07 3
7 1050 7.555903863221684e-07 3
7 1051 7.555903863232444e-07 3
7 1052 7.555903863181284e-07 3
7 1053 7.555903863231127e-07 3
7 1054 7.555903863231127e-07 3
7 1055 7.555903863221684e-07 3
7 1056 7.555903863231127e-07 3
7 1057 7.555903863181284e-07 3
7 1058 7.555903863200366e-07 3
7 1059 7.555903863181284e-07 3
7 1060 7.555903863226272e-07 3
7 1061 7.555903863232444e-07 3
7 1062 7.555903863200366e-07 3
7 1063 7.555903863231127e-07 3
7 1064 7.555903863200366e-07 3
7 1065 7.555903863232444e-07 3
7 1066 7.555903863221684e-07 3
7 1067 7.555903863221684e-07 3
7 1068 7.555903863231127e-07 3
7 1069 0.15649743382428097 3
7 1070 7.555903863226272e-07 3
7 1071 7.555903863221684e-07 3
7 1072 7.555903863221684e-07 3
7 1073 7.555903863226272e-07 3
7 1074 7.555903863200366e-07 3
7 1075 7.555903863231127e-07 3
7 1076 7.555903863200366e-07 3
7 1077 7.555903863200366e-07 3
7 1078 7.555903863232444e-07 3
7 1079 7.555903863221684e-07 3
7 1080 7.555903863232444e-07 3
7 1081 7.555903863231127e-07 3
7 1082 7.555903863232444e-07 3
7 1083 7.555903863181284e-07 3
7 1084 7.555903863181284e-07 3
7 1085 7.555903863200366e-07 3
7 1086 7.555903863232444e-07 3
7 1087 7.555903863200366e-07 3
7 1088 7.555903863231127e-07 3
7 1089 7.555903863200366e-07 3
7 1090 7.555903863232444e-07 3
7 1091 7.555903863200366e-07 3
7 1092 7.555903863221684e-07 3
7 1093 7.555903863200366e-07 3
7 1094 7.555903863181284e-07 3
7 1095 7.555903863231127e-07 3
7 1096 7.555903863200366e-07 3
7 1097 7.555903863231127e-07 3
7 1098 7.555903863181284e-07 3
7 1099 7.555903863200366e-07 3
7 1100 7.555903863226272e-07 3
7 1101 7.555903863200366e-07 3
7 1102 7.555903863232444e-07 3
7 1103 7.555903863232444e-07 3
7 1104 7.555903863221684e-07 3
7 1105 7.097675299904917 3
7 1106 7.555903863231127e-07 3
7 1107 7.555903863231127e-07 3
7 1108 7.555903863181284e-07 3
7 1109 7.555903863200366e-07 3
7 1110 7.555903863226272e-07 3
7 1111 7.555903863232444e-07 3
7 1112 7.555903863221684e-07 3
7 1113 7.555903863226272e-07 3
7 1114 7.555903863200366e-07 3
7 1115 7.555903863232444e-07 3
7 1116 7.555903863232444e-07 3
7 1117 0.1277240185319952 3
7 1118 7.555903863231127e-07 3
7 1119 7.555903863231127e-07 3
7 1120 7.555903863221684e-07 3
7 1121 7.555903863231127e-07 3
7 1122 7.555903863200366e-07 3
7 1123 0.004795423013002889 3
7 1124 7.555903863226272e-07 3
7 1125 7.555903863226272e-07 3
7 1126 7.555903863231127e-07 3
7 1127 0.027896619397021396 3
7 1128 7.555903863221684e-07 3
7 1129 7.555903863181284e-07 3
7 1130 7.555903863232444e-07 3
7 1131 7.555903863226272e-07 3
7 1132 0.09900331505659589 3
7 1133 7.555903863226272e-07 3
7 1134 7.555903863232444e-07 3
7 1135 7.555903863221684e-07 3
7 1136 7.555903863226272e-07 3
7 1137 7.555903863221684e-07 3
7 1138 7.555903863231127e-07 3
7 1139 7.555903863200366e-07 3
7 1140 7.555903863226272e-07 3
7 1141 7.555903863226272e-07 3
7 1142 7.555903863221684e-07 3
7 1143 7.555903863232444e-07 3
7 1144 7.555903863221684e-07 3
7 1145 7.555903863181284e-07 3
7 1146 7.555903863221684e-07 3
7 1147 7.555903863231127e-07 3
7 1148 0.05616187545704535 3
7 1149 7.555903863232444e-07 3
7 1150 7.555903863200366e-07 3
7 1151 7.555903863226272e-07 3
7 1152 7.555903863181284e-07 3
7 1153 0.038489531009866795 3
7 1154 7.555903863226272e-07 3
7 1155 7.555903863221684e-07 3
7 1156 7.555903863226272e-07 3
7 1157 7.555903863221684e-07 3
7 1158 7.555903863200366e-07 3
7 1159 7.555903863231127e-07 3
7 1160 7.555903863221684e-07 3
7 1161 7.555903863232444e-07 3
7 1162 7.555903863232444e-07 3
7 1163 7.555903863200366e-07 3
7 1164 7.555903863226272e-07 3
7 1165 7.555903863200366e-07 3
7 1166 7.555903863231127e-07 3
7 1167 7.555903863200366e-07 3
7 1168 7.555903863231127e-07 3
7 1169 7.555903863231127e-07 3
7 1170 7.555903863231127e-07 3
7 1171 7.555903863231127e-07 3
7 1172 7.555903863200366e-07 3
7 1173 7.555903863226272e-07 3
7 1174 7.555903863200366e-07 3
7 1175 7.555903863226272e-07 3
7 1176 7.555903863231127e-07 3
7 1177 7.555903863221684e-07 3
7 1178 7.555903863181284e-07 3
7 1179 7.555903863200366e-07 3
7 1180 7.555903863221684e-07 3
7 1181 7.555903863232444e-07 3
7 1182 7.555903863200366e-07 3
7 1183 7.555903863232444e-07 3
7 1184 7.555903863232444e-07 3
7 1185 7.555903863232444e-07 3
7 1186 7.555903863221684e-07 3
7 1187 7.555903863200366e-07 3
7 1188 7.555903863232444e-07 3
7 1189 0.011655564593522693 3
7 1190 7.555903863226272e-07 3
7 1191 0.09778282380785214 3
7 1192 7.555903863221684e-07 3
7 1193 7.555903863200366e-07 3
7 1194 7.555903863221684e-07 3
7 1195 7.555903863221684e-07 3
7 1196 7.555903863200366e-07 3
7 1197 7.555903863200366e-07 3
7 1198 7.555903863200366e-07 3
7 1199 7.555903863232444e-07 3
7 1200 7.555903863231127e-07 3
7 1201 7.555903863231127e-07 3
7 1202 7.555903863231127e-07 3
7 1203 7.555903863226272e-07 3
7 1204 7.555903863231127e-07 3
7 1205 7.555903863200366e-07 3
7 1206 7.555903863231127e-07 3
7 1207 7.555903863226272e-07 3
7 1208 7.555903863226272e-07 3
7 1209 0.03742045101690338 3
7 1210 7.555903863231127e-07 3
7 1211 7.555903863221684e-07 3
7 1212 7.555903863221684e-07 3
7 1213 7.555903863200366e-07 3
7 1214 7.555903863226272e-07 3
7 1215 7.555903863232444e-07 3
7 1216 7.555903863181284e-07 3
7 1217 7.555903863226272e-07 3
7 1218 7.555903863231127e-07 3
7 1219 7.555903863231127e-07 3
7 1220 0.02401284047164927 3
7 1221 7.555903863226272e-07 3
7 1222 7.555903863200366e-07 3
7 1223 7.555903863231127e-07 3
7 1224 7.555903863200366e-07 3
7 1225 7.555903863181284e-07 3
7 1226 7.555903863231127e-07 3
7 1227 7.555903863221684e-07 3
7 1228 7.555903863221684e-07 3
7 1229 7.555903863181284e-07 3
7 1230 7.555903863232444e-07 3
7 1231 7.555903863226272e-07 3
7 1232 7.555903863231127e-07 3
7 1233 7.555903863226272e-07 3
7 1234 7.555903863232444e-07 3
7 1235 7.555903863221684e-07 3
7 1236 7.555903863221684e-07 3
7 1237 7.555903863200366e-07 3
7 1238 7.555903863226272e-07 3
7 1239 7.555903863232444e-07 3
7 1240 7.555903863231127e-07 3
7 1241 7.555903863226272e-07 3
7 1242 7.555903863231127e-07 3
7 1243 7.555903863231127e-07 3
7 1244 7.555903863231127e-07 3
7 1245 7.555903863181284e-07 3
7 1246 7.555903863181284e-07 3
7 1247 7.555903863221684e-07 3
7 1248 0.02293941620367097 3
7 1249 7.555903863231127e-07 3
7 1250 7.555903863232444e-07 3
7 1251 7.555903863232444e-07 3
7 1252 7.555903863231127e-07 3
7 1253 0.13803601201760235 3
7 1254 7.555903863232444e-07 3
7 1255 7.555903863231127e-07 3
7 1256 7.555903863232444e-07 3
7 1257 7.555903863200366e-07 3
7 1258 7.555903863226272e-07 3
7 1259 7.555903863200366e-07 3
7 1260 7.555903863226272e-07 3
7 1261 7.555903863232444e-07 3
7 1262 7.555903863221684e-07 3
7 1263 7.555903863232444e-07 3
7 1264 7.555903863226272e-07 3
7 1265 7.555903863181284e-07 3
7 1266 7.555903863200366e-07 3
7 1267 7.555903863200366e-07 3
7 1268 7.555903863226272e-07 3
7 1269 7.555903863221684e-07 3
7 1270 7.555903863221684e-07 3
7 1271 7.555903863231127e-07 3
7 1272 0.13803601201852334 3
7 1273 7.555903863232444e-07 3
7 1274 7.555903863226272e-07 3
7 1275 7.555903863226272e-07 3
7 1276 7.555903863181284e-07 3
7 1277 7.555903863231127e-07 3
7 1278 7.555903863226272e-07 3
7 1279 7.555903863232444e-07 3
7 1280 7.555903863232444e-07 3
7 1281 7.555903863200366e-07 3
7 1282 0.3097422786424167 3
7 1283 7.555903863232444e-07 3
7 1284 7.555903863200366e-07 3
7 1285 7.555903863181284e-07 3
7 1286 7.555903863231127e-07 3
7 1287 7.555903863221684e-07 3
7 1288 7.555903863200366e-07 3
7 1289 7.555903863231127e-07 3
7 1290 7.555903863221684e-07 3
7 1291 7.555903863221684e-07 3
7 1292 7.555903863181284e-07 3
7 1293 7.555903863226272e-07 3
7 1294 0.06463181005441915 3
7 1295 7.555903863232444e-07 3
7 1296 7.555903863200366e-07 3
7 1297 7.555903863232444e-07 3
7 1298 7.555903863200366e-07 3
7 1299 7.555903863221684e-07 3
7 1300 7.555903863231127e-07 3
7 1301 7.555903863200366e-07 3
7 1302 7.555903863226272e-07 3
7 1303 7.555903863226272e-07 3
7 1304 7.555903863221684e-07 3
7 1305 7.555903863221684e-07 3
7 1306 7.555903863181284e-07 3
7 1307 7.555903863221684e-07 3
7 1308 7.555903863200366e-07 3
7 1309 7.555903863232444e-07 3
7 1310 7.555903863200366e-07 3
7 1311 7.555903863200366e-07 3
7 1312 7.555903863231127e-07 3
7 1313 7.555903863226272e-07 3
7 1314 7.555903863226272e-07 3
7 1315 7.555903863232444e-07 3
7 1316 7.555903863232444e-07 3
7 1317 7.555903863231127e-07 3
7 1318 7.555903863221684e-07 3
7 1319 7.555903863200366e-07 3
7 1320 0.12037975945535896 3
7 1321 7.555903863232444e-07 3
7 1322 0.12617679111893035 3
7 1323 7.555903863232444e-07 3
7 1324 7.555903863181284e-07 3
7 1325 7.555903863231127e-07 3
7 1326 7.555903863232444e-07 3
7 1327 7.555903863200366e-07 3
7 1328 7.555903863221684e-07 3
7 1329 7.555903863221684e-07 3
7 1330 7.555903863200366e-07 3
7 1331 7.555903863200366e-07 3
7 1332 7.555903863231127e-07 3
7 1333 0.10567060327183023 3
7 1334 7.555903863200366e-07 3
7 1335 7.555903863231127e-07 3
7 1336 7.555903863232444e-07 3
7 1337 7.555903863226272e-07 3
7 1338 7.555903863232444e-07 3
7 1339 7.555903863221684e-07 3
7 1340 7.555903863231127e-07 3
7 1341 7.555903863181284e-07 3
7 1342 7.555903863200366e-07 3
7 1343 7.555903863200366e-07 3
7 1344 7.555903863221684e-07 3
7 1345 0.17769132044989025 3
7 1346 7.555903863181284e-07 3
7 1347 7.555903863181284e-07 3
7 1348 7.555903863226272e-07 3
7 1349 7.555903863181284e-07 3
7 1350 7.555903863221684e-07 3
7 1351 7.555903863232444e-07 3
7 1352 7.555903863226272e-07 3
7 1353 7.555903863226272e-07 3
7 1354 0.02838745959309234 3
7 1355 7.555903863232444e-07 3
7 1356 7.555903863226272e-07 3
7 1357 7.555903863226272e-07 3
7 1358 0.10014663762214925 3
7 1359 7.555903863232444e-07 3
7 1360 0.1027055811241195 3
7 1361 7.555903863221684e-07 3
7 1362 7.555903863231127e-07 3
7 1363 7.555903863200366e-07 3
7 1364 7.555903863181284e-07 3
7 1365 7.555903863181284e-07 3
7 1366 7.555903863226272e-07 3
7 1367 7.555903863181284e-07 3
7 1368 7.555903863232444e-07 3
7 1369 7.555903863200366e-07 3
7 1370 7.555903863231127e-07 3
7 1371 7.555903863226272e-07 3
7 1372 7.555903863231127e-07 3
7 1373 7.555903863200366e-07 3
7 1374 7.555903863200366e-07 3
7 1375 7.555903863221684e-07 3
7 1376 7.555903863231127e-07 3
7 1377 7.555903863181284e-07 3
7 1378 0.14019853547397587 3
7 1379 7.555903863226272e-07 3
7 1380 7.555903863232444e-07 3
7 1381 7.555903863221684e-07 3
7 1382 7.555903863200366e-07 3
7 1383 7.555903863181284e-07 3
7 1384 7.555903863200366e-07 3
7 1385 7.555903863232444e-07 3
7 1386 7.555903863226272e-07 3
7 1387 7.555903863226272e-07 3
7 1388 7.555903863200366e-07 3
7 1389 7.555903863231127e-07 3
7 1390 0.6033568664475493 3
7 1391 7.555903863232444e-07 3
7 1392 7.555903863226272e-07 3
7 1393 7.555903863181284e-07 3
7 1394 7.555903863231127e-07 3
7 1395 7.555903863221684e-07 3
7 1396 7.555903863231127e-07 3
7 1397 7.555903863231127e-07 3
7 1398 7.555903863200366e-07 3
7 1399 7.555903863226272e-07 3
7 1400 7.555903863231127e-07 3
7 1401 7.555903863181284e-07 3
7 1402 7.555903863232444e-07 3
7 1403 7.555903863231127e-07 3
7 1404 7.555903863200366e-07 3
7 1405 7.555903863200366e-07 3
7 1406 0.10362235429834292 3
7 1407 7.555903863181284e-07 3
7 1408 7.555903863200366e-07 3
7 1409 7.555903863200366e-07 3
7 1410 7.555903863232444e-07 3
7 1411 1275.745382170215 3
7 1412 7.555903863232444e-07 3
7 1413 7.555903863221684e-07 3
7 1414 7.555903863231127e-07 3
7 1415 7.555903863232444e-07 3
7 1416 7.555903863226272e-07 3
7 1417 0.027453292156234967 3
7 1418 7.555903863181284e-07 3
7 1419 7.555903863200366e-07 3
7 1420 7.555903863200366e-07 3
7 1421 7.555903863181284e-07 3
7 1422 7.555903863226272e-07 3
7 1423 7.555903863226272e-07 3
7 1424 7.555903863231127e-07 3
7 1425 7.555903863231127e-07 3
7 1426 7.555903863231127e-07 3
7 1427 0.01576862128632739 3
7 1428 7.555903863181284e-07 3
7 1429 0.08063241355302558 3
7 1430 0.055721474354374495 3
7 1431 7.555903863200366e-07 3
7 1432 7.555903863231127e-07 3
7 1433 7.555903863181284e-07 3
7 1434 0.09791471984366408 3
7 1435 0.12916212785591613 3
7 1436 7.555903863231127e-07 3
7 1437 7.555903863226272e-07 3
7 1438 7.555903863181284e-07 3
7 1439 7.555903863221684e-07 3
7 1440 7.555903863181284e-07 3
7 1441 7.555903863221684e-07 3
7 1442 7.555903863221684e-07 3
7 1443 7.555903863232444e-07 3
7 1444 0.015768621286066497 3
7 1445 7.555903863181284e-07 3
7 1446 7.555903863221684e-07 3
7 1447 0.11254806754626633 3
7 1448 7.555903863181284e-07 3
7 1449 7.555903863232444e-07 3
7 1450 7.555903863181284e-07 3
7 1451 7.555903863231127e-07 3
7 1452 7.555903863221684e-07 3
7 1453 7.555903863200366e-07 3
7 1454 7.555903863200366e-07 3
7 1455 7.555903863181284e-07 3
7 1456 7.555903863226272e-07 3
7 1457 7.555903863221684e-07 3
7 1458 7.555903863231127e-07 3
7 1459 7.555903863226272e-07 3
7 1460 0.06003422907465787 3
7 1461 7.555903863226272e-07 3
7 1462 7.555903863231127e-07 3
7 1463 7.555903863231127e-07 3
7 1464 7.555903863231127e-07 3
7 1465 7.555903863200366e-07 3
7 1466 7.555903863221684e-07 3
7 1467 7.555903863232444e-07 3
7 1468 7.555903863181284e-07 3
7 1469 7.555903863181284e-07 3
7 1470 7.555903863226272e-07 3
7 1471 7.555903863200366e-07 3
7 1472 7.555903863200366e-07 3
7 1473 7.555903863200366e-07 3
7 1474 0.09700992673063362 3
7 1475 7.555903863200366e-07 3
7 1476 7.555903863221684e-07 3
7 1477 7.555903863181284e-07 3
7 1478 0.11223942038885734 3
7 1479 7.555903863231127e-07 3
7 1480 7.555903863181284e-07 3
7 1481 7.555903863181284e-07 3
7 1482 7.555903863200366e-07 3
7 1483 7.555903863231127e-07 3
7 1484 0.1630701524473509 3
7 1485 7.555903863200366e-07 3
7 1486 7.555903863221684e-07 3
7 1487 7.555903863221684e-07 3
7 1488 7.555903863231127e-07 3
7 1489 7.555903863181284e-07 3
7 1490 7.555903863226272e-07 3
7 1491 7.555903863232444e-07 3
7 1492 7.555903863221684e-07 3
7 1493 7.555903863181284e-07 3
7 1494 7.555903863200366e-07 3
7 1495 7.555903863226272e-07 3
7 1496 277.7842263772275 3
7 1497 7.555903863231127e-07 3
7 1498 7.555903863231127e-07 3
7 1499 7.555903863226272e-07 3
7 1500 7.555903863200366e-07 3
7 1501 7.555903863181284e-07 3
7 1502 7.555903863231127e-07 3
7 1503 7.555903863200366e-07 3
7 1504 7.555903863181284e-07 3
7 1505 7.555903863231127e-07 3
7 1506 7.555903863221684e-07 3
7 1507 0.1803619995032731 3
7 1508 7.555903863226272e-07 3
7 1509 7.555903863226272e-07 3
7 1510 7.555903863200366e-07 3
7 1511 7.555903863232444e-07 3
7 1512 7.555903863226272e-07 3
7 1513 7.555903863232444e-07 3
7 1514 7.555903863221684e-07 3
7 1515 7.555903863181284e-07 3
7 1516 7.555903863231127e-07 3
7 1517 7.555903863232444e-07 3
7 1518 7.555903863221684e-07 3
7 1519 7.555903863200366e-07 3
7 1520 0.09973281809678375 3
7 1521 7.555903863231127e-07 3
7 1522 7.555903863200366e-07 3
7 1523 0.023745893276966044 3
7 1524 7.555903863200366e-07 3
7 1525 7.555903863232444e-07 3
7 1526 7.555903863232444e-07 3
7 1527 7.555903863181284e-07 3
7 1528 7.555903863200366e-07 3
7 1529 7.555903863200366e-07 3
7 1530 0.045027642313135934 3
7 1531 7.555903863181284e-07 3
7 1532 7.555903863200366e-07 3
7 1533 7.555903863232444e-07 3
7 1534 7.555903863221684e-07 3
7 1535 7.555903863200366e-07 3
7 1536 7.555903863232444e-07 3
7 1537 7.555903863200366e-07 3
7 1538 7.555903863221684e-07 3
7 1539 7.555903863200366e-07 3
7 1540 7.555903863232444e-07 3
7 1541 7.555903863200366e-07 3
7 1542 7.555903863200366e-07 3
7 1543 7.555903863200366e-07 3
7 1544 7.555903863221684e-07 3
7 1545 7.555903863200366e-07 3
7 1546 0.005351495066380858 3
7 1547 7.555903863231127e-07 3
7 1548 7.555903863181284e-07 3
7 1549 7.555903863231127e-07 3
7 1550 7.555903863231127e-07 3
7 1551 7.555903863232444e-07 3
7 1552 7.555903863231127e-07 3
7 1553 7.555903863221684e-07 3
7 1554 7.555903863232444e-07 3
7 1555 7.555903863232444e-07 3
7 1556 7.555903863232444e-07 3
7 1557 7.555903863226272e-07 3
7 1558 7.555903863221684e-07 3
7 1559 7.555903863231127e-07 3
7 1560 7.555903863181284e-07 3
7 1561 7.555903863181284e-07 3
7 1562 7.555903863221684e-07 3
7 1563 7.555903863232444e-07 3
7 1564 0.020219172761516045 3
7 1565 7.555903863181284e-07 3
7 1566 7.555903863221684e-07 3
7 1567 7.555903863232444e-07 3
7 1568 7.555903863181284e-07 3
7 1569 7.555903863226272e-07 3
7 1570 7.555903863181284e-07 3
7 1571 7.555903863181284e-07 3
7 1572 7.555903863221684e-07 3
7 1573 7.555903863221684e-07 3
7 1574 7.555903863231127e-07 3
7 1575 7.555903863231127e-07 3
7 1576 7.555903863226272e-07 3
7 1577 7.555903863232444e-07 3
7 1578 7.555903863232444e-07 3
7 1579 7.555903863221684e-07 3
7 1580 7.555903863221684e-07 3
7 1581 7.555903863181284e-07 3
7 1582 0.11761861051383563 3
7 1583 7.555903863226272e-07 3
7 1584 7.555903863200366e-07 3
7 1585 7.555903863231127e-07 3
7 1586 7.555903863181284e-07 3
7 1587 0.09516953309662687 3
7 1588 7.555903863200366e-07 3
7 1589 7.555903863181284e-07 3
7 1590 7.555903863200366e-07 3
7 1591 7.555903863226272e-07 3
7 1592 7.555903863200366e-07 3
7 1593 7.555903863200366e-07 3
7 1594 7.555903863226272e-07 3
7 1595 7.555903863221684e-07 3
7 1596 7.555903863232444e-07 3
7 1597 0.3097422786424167 3
7 1598 7.555903863226272e-07 3
7 1599 0.1036223542963091 3
7 1600 0.026481576304254358 3
7 1601 7.555903863231127e-07 3
7 1602 7.555903863226272e-07 3
7 1603 7.555903863200366e-07 3
7 1604 7.555903863200366e-07 3
7 1605 7.555903863226272e-07 3
7 1606 7.555903863181284e-07 3
7 1607 7.555903863231127e-07 3
7 1608 7.555903863221684e-07 3
7 1609 7.555903863232444e-07 3
7 1610 7.555903863232444e-07 3
7 1611 7.555903863231127e-07 3
7 1612 7.555903863232444e-07 3
7 1613 7.555903863231127e-07 3
7 1614 7.555903863231127e-07 3
7 1615 7.555903863226272e-07 3
7 1616 7.555903863221684e-07 3
7 1617 0.11984830616026013 3
7 1618 7.555903863226272e-07 3
7 1619 7.555903863181284e-07 3
7 1620 7.555903863200366e-07 3
7 1621 7.555903863231127e-07 3
7 1622 7.555903863221684e-07 3
7 1623 7.555903863232444e-07 3
7 1624 7.555903863181284e-07 3
7 1625 7.555903863221684e-07 3
7 1626 7.555903863231127e-07 3
7 1627 7.555903863181284e-07 3
7 1628 7.555903863221684e-07 3
7 1629 7.555903863181284e-07 3
7 1630 7.555903863231127e-07 3
7 1631 0.15724984733904676 3
7 1632 7.555903863200366e-07 3
7 1633 7.555903863226272e-07 3
7 1634 7.555903863232444e-07 3
7 1635 7.555903863221684e-07 3
7 1636 7.555903863231127e-07 3
7 1637 7.555903863200366e-07 3
7 1638 7.555903863226272e-07 3
7 1639 7.555903863200366e-07 3
7 1640 7.555903863231127e-07 3
7 1641 7.555903863232444e-07 3
7 1642 7.555903863181284e-07 3
7 1643 7.555903863231127e-07 3
7 1644 7.555903863232444e-07 3
7 1645 7.555903863221684e-07 3
7 1646 0.06463188512372643 3
7 1647 7.555903863226272e-07 3
7 1648 7.555903863181284e-07 3
7 1649 7.555903863221684e-07 3
7 1650 0.21113478872528849 3
7 1651 7.555903863226272e-07 3
7 1652 7.555903863181284e-07 3
7 1653 7.555903863232444e-07 3
7 1654 7.555903863232444e-07 3
7 1655 7.555903863232444e-07 3
7 1656 7.555903863231127e-07 3
7 1657 7.555903863231127e-07 3
7 1658 7.555903863231127e-07 3
7 1659 7.555903863232444e-07 3
7 1660 7.555903863181284e-07 3
7 1661 7.555903863232444e-07 3
7 1662 7.555903863232444e-07 3
7 1663 0.10362235429834292 3
7 1664 7.555903863232444e-07 3
7 1665 7.555903863200366e-07 3
7 1666 7.555903863232444e-07 3
7 1667 7.555903863231127e-07 3
7 1668 7.555903863181284e-07 3
7 1669 7.555903863221684e-07 3
7 1670 7.555903863226272e-07 3
7 1671 7.555903863226272e-07 3
7 1672 7.555903863232444e-07 3
7 1673 7.555903863232444e-07 3
7 1674 7.555903863232444e-07 3
7 1675 7.555903863226272e-07 3
7 1676 7.555903863221684e-07 3
7 1677 7.555903863221684e-07 3
7 1678 7.555903863221684e-07 3
7 1679 7.555903863231127e-07 3
7 1680 7.555903863200366e-07 3
7 1681 7.555903863181284e-07 3
7 1682 7.555903863181284e-07 3
7 1683 7.555903863231127e-07 3
7 1684 7.555903863221684e-07 3
7 1685 7.555903863181284e-07 3
7 1686 7.555903863181284e-07 3
7 1687 7.555903863226272e-07 3
7 1688 7.555903863232444e-07 3
7 1689 7.555903863181284e-07 3
7 1690 7.555903863221684e-07 3
7 1691 7.555903863226272e-07 3
7 1692 7.555903863200366e-07 3
7 1693 7.555903863231127e-07 3
7 1694 7.555903863221684e-07 3
7 1695 7.555903863221684e-07 3
7 1696 7.555903863181284e-07 3
7 1697 0.02293941620369129 3
7 1698 7.555903863231127e-07 3
7 1699 7.555903863200366e-07 3
7 1700 7.555903863200366e-07 3
7 1701 7.555903863226272e-07 3
7 1702 7.555903863231127e-07 3
7 1703 7.555903863221684e-07 3
7 1704 7.555903863221684e-07 3
7 1705 0.09558464418375094 3
7 1706 0.045431924814596035 3
7 1707 7.555903863232444e-07 3
7 1708 7.555903863226272e-07 3
7 1709 7.555903863231127e-07 3
7 1710 7.555903863221684e-07 3
7 1711 7.555903863226272e-07 3
7 1712 7.555903863226272e-07 3
7 1713 7.555903863181284e-07 3
7 1714 7.555903863221684e-07 3
7 1715 7.555903863226272e-07 3
7 1716 7.555903863221684e-07 3
7 1717 7.555903863200366e-07 3
7 1718 7.555903863226272e-07 3
7 1719 7.555903863221684e-07 3
7 1720 7.555903863181284e-07 3
7 1721 7.555903863226272e-07 3
7 1722 7.555903863181284e-07 3
7 1723 7.555903863231127e-07 3
7 1724 7.555903863221684e-07 3
7 1725 7.555903863232444e-07 3
7 1726 7.555903863181284e-07 3
7 1727 7.555903863226272e-07 3
7 1728 7.555903863200366e-07 3
7 1729 7.555903863226272e-07 3
7 1730 7.555903863181284e-07 3
7 1731 7.555903863181284e-07 3
7 1732 0.11254806756984718 3
7 1733 7.555903863181284e-07 3
7 1734 7.555903863231127e-07 3
7 1735 7.555903863221684e-07 3
7 1736 7.555903863181284e-07 3
7 1737 7.555903863231127e-07 3
7 1738 7.555903863221684e-07 3
7 1739 7.555903863181284e-07 3
7 1740 7.555903863181284e-07 3
7 1741 7.555903863226272e-07 3
7 1742 0.02850135052219518 3
7 1743 7.555903863231127e-07 3
7 1744 7.555903863232444e-07 3
7 1745 7.555903863221684e-07 3
7 1746 7.555903863200366e-07 3
7 1747 7.555903863200366e-07 3
7 1748 7.555903863232444e-07 3
7 1749 7.555903863221684e-07 3
7 1750 7.555903863200366e-07 3
7 1751 7.555903863181284e-07 3
7 1752 7.555903863226272e-07 3
7 1753 7.555903863226272e-07 3
7 1754 7.555903863181284e-07 3
7 1755 7.555903863181284e-07 3
7 1756 0.09548238426879017 3
7 1757 7.555903863231127e-07 3
7 1758 7.555903863226272e-07 3
7 1759 7.555903863221684e-07 3
7 1760 7.555903863226272e-07 3
7 1761 7.555903863221684e-07 3
7 1762 7.555903863181284e-07 3
7 1763 7.555903863181284e-07 3
7 1764 7.555903863232444e-07 3
7 1765 7.555903863226272e-07 3
7 1766 7.555903863232444e-07 3
7 1767 7.555903863232444e-07 3
7 1768 7.555903863231127e-07 3
7 1769 7.555903863226272e-07 3
7 1770 7.555903863181284e-07 3
7 1771 7.555903863200366e-07 3
7 1772 7.555903863232444e-07 3
7 1773 7.555903863221684e-07 3
7 1774 7.555903863221684e-07 3
7 1775 7.555903863221684e-07 3
7 1776 7.555903863181284e-07 3
7 1777 7.555903863200366e-07 3
7 1778 7.555903863226272e-07 3
7 1779 7.555903863181284e-07 3
7 1780 7.555903863231127e-07 3
7 1781 7.555903863181284e-07 3
7 1782 7.555903863226272e-07 3
7 1783 7.555903863181284e-07 3
7 1784 7.555903863231127e-07 3
7 1785 7.555903863221684e-07 3
7 1786 7.555903863232444e-07 3
7 1787 7.555903863232444e-07 3
7 1788 7.555903863231127e-07 3
7 1789 7.555903863226272e-07 3
7 1790 7.555903863181284e-07 3
7 1791 7.555903863200366e-07 3
7 1792 7.555903863181284e-07 3
7 1793 7.555903863181284e-07 3
7 1794 7.555903863232444e-07 3
7 1795 7.555903863181284e-07 3
7 1796 0.04543192480995585 3
7 1797 7.555903863231127e-07 3
7 1798 7.555903863181284e-07 3
7 1799 7.555903863221684e-07 3
7 1800 0.019949755582447444 3
7 1801 7.555903863226272e-07 3
7 1802 7.555903863231127e-07 3
7 1803 0.3097422786424167 3
7 1804 7.555903863226272e-07 3
7 1805 7.555903863221684e-07 3
7 1806 7.555903863181284e-07 3
7 1807 7.555903863221684e-07 3
7 1808 0.02587752565884906 3
7 1809 7.555903863200366e-07 3
7 1810 7.555903863221684e-07 3
7 1811 7.555903863231127e-07 3
7 1812 7.555903863221684e-07 3
7 1813 7.555903863232444e-07 3
7 1814 0.0856848964763213 3
7 1815 7.555903863232444e-07 3
7 1816 7.555903863232444e-07 3
7 1817 7.555903863232444e-07 3
7 1818 7.555903863232444e-07 3
7 1819 0.10321330894143502 3
7 1820 7.555903863200366e-07 3
7 1821 7.555903863231127e-07 3
7 1822 7.555903863181284e-07 3
7 1823 7.555903863231127e-07 3
7 1824 0.2011008458235569 3
7 1825 7.555903863226272e-07 3
7 1826 7.555903863232444e-07 3
7 1827 0.14560561529387664 3
7 1828 7.555903863231127e-07 3
7 1829 7.555903863200366e-07 3
7 1830 7.555903863232444e-07 3
7 1831 7.555903863181284e-07 3
7 1832 7.555903863200366e-07 3
7 1833 7.555903863226272e-07 3
7 1834 7.555903863181284e-07 3
7 1835 0.02849480188728261 3
7 1836 7.555903863232444e-07 3
7 1837 7.555903863231127e-07 3
7 1838 0.026100120383918728 3
7 1839 7.555903863226272e-07 3
7 1840 7.555903863226272e-07 3
7 1841 7.555903863226272e-07 3
7 1842 7.555903863226272e-07 3
7 1843 7.555903863221684e-07 3
7 1844 7.555903863226272e-07 3
7 1845 7.555903863221684e-07 3
7 1846 7.555903863232444e-07 3
7 1847 7.555903863221684e-07 3
7 1848 7.555903863226272e-07 3
7 1849 7.555903863181284e-07 3
7 1850 7.555903863200366e-07 3
7 1851 7.555903863200366e-07 3
7 1852 7.555903863226272e-07 3
7 1853 7.555903863221684e-07 3
7 1854 7.555903863226272e-07 3
7 1855 7.555903863221684e-07 3
7 1856 7.555903863221684e-07 3
7 1857 0.06003422907465787 3
7 1858 7.555903863232444e-07 3
7 1859 7.555903863226272e-07 3
7 1860 7.555903863200366e-07 3
7 1861 0.027217569670301523 3
7 1862 7.555903863221684e-07 3
7 1863 7.555903863181284e-07 3
7 1864 7.555903863221684e-07 3
7 1865 7.555903863232444e-07 3
7 1866 7.555903863226272e-07 3
7 1867 7.555903863232444e-07 3
7 1868 7.555903863231127e-07 3
7 1869 0.13764786474144694 3
7 1870 7.555903863221684e-07 3
7 1871 7.555903863232444e-07 3
7 1872 0.15724984734099387 3
7 1873 7.555903863232444e-07 3
7 1874 7.555903863232444e-07 3
7 1875 0.14002024393855642 3
7 1876 0.0845171035044102 3
7 1877 7.555903863231127e-07 3
7 1878 7.555903863232444e-07 3
7 1879 7.555903863231127e-07 3
7 1880 7.555903863231127e-07 3
7 1881 0.022939416203749025 3
7 1882 7.555903863200366e-07 3
7 1883 7.555903863232444e-07 3
7 1884 7.555903863231127e-07 3
7 1885 7.555903863226272e-07 3
7 1886 7.555903863200366e-07 3
7 1887 7.555903863200366e-07 3
7 1888 7.555903863221684e-07 3
7 1889 7.555903863226272e-07 3
7 1890 7.555903863200366e-07 3
7 1891 7.555903863200366e-07 3
7 1892 7.555903863200366e-07 3
7 1893 7.555903863231127e-07 3
7 1894 7.555903863221684e-07 3
7 1895 7.555903863226272e-07 3
7 1896 7.555903863226272e-07 3
7 1897 7.555903863221684e-07 3
7 1898 7.555903863221684e-07 3
7 1899 7.555903863221684e-07 3
7 1900 7.555903863181284e-07 3
7 1901 7.555903863231127e-07 3
7 1902 7.555903863221684e-07 3
7 1903 7.555903863200366e-07 3
7 1904 0.037420449823866546 3
7 1905 7.555903863181284e-07 3
7 1906 7.555903863181284e-07 3
7 1907 7.555903863232444e-07 3
7 1908 7.555903863221684e-07 3
7 1909 0.05983983155025359 3
7 1910 7.555903863200366e-07 3
7 1911 7.555903863200366e-07 3
7 1912 7.555903863181284e-07 3
7 1913 7.555903863200366e-07 3
7 1914 7.555903863226272e-07 3
7 1915 7.555903863221684e-07 3
7 1916 0.02986472707235292 3
7 1917 7.555903863200366e-07 3
7 1918 7.555903863231127e-07 3
7 1919 7.555903863226272e-07 3
7 1920 7.555903863231127e-07 3
7 1921 7.555903863226272e-07 3
7 1922 7.555903863232444e-07 3
7 1923 7.555903863231127e-07 3
7 1924 7.555903863226272e-07 3
7 1925 7.555903863231127e-07 3
7 1926 7.555903863181284e-07 3
7 1927 7.555903863232444e-07 3
7 1928 7.555903863232444e-07 3
7 1929 7.555903863181284e-07 3
7 1930 0.11166913007805475 3
7 1931 7.555903863231127e-07 3
7 1932 7.555903863181284e-07 3
7 1933 7.555903863226272e-07 3
7 1934 0.031089247939078267 3
7 1935 7.555903863200366e-07 3
7 1936 7.555903863200366e-07 3
7 1937 7.555903863181284e-07 3
7 1938 7.555903863181284e-07 3
7 1939 7.555903863226272e-07 3
7 1940 7.555903863221684e-07 3
7 1941 7.555903863232444e-07 3
7 1942 7.555903863221684e-07 3
7 1943 7.555903863181284e-07 3
7 1944 7.555903863200366e-07 3
7 1945 7.555903863181284e-07 3
7 1946 7.555903863226272e-07 3
7 1947 7.555903863232444e-07 3
7 1948 7.555903863181284e-07 3
7 1949 7.555903863231127e-07 3
7 1950 7.555903863232444e-07 3
7 1951 0.004795423013004257 3
7 1952 7.555903863181284e-07 3
7 1953 7.555903863226272e-07 3
7 1954 7.555903863226272e-07 3
7 1955 0.06080961289354967 3
7 1956 7.555903863200366e-07 3
7 1957 0.13676328580692795 3
7 1958 7.555903863226272e-07 3
7 1959 7.555903863232444e-07 3
7 1960 7.555903863200366e-07 3
7 1961 7.555903863226272e-07 3
7 1962 7.555903863221684e-07 3
7 1963 7.555903863181284e-07 3
7 1964 7.555903863232444e-07 3
7 1965 0.09543345654826851 3
7 1966 7.555903863231127e-07 3
7 1967 7.555903863200366e-07 3
7 1968 7.555903863226272e-07 3
7 1969 7.555903863200366e-07 3
7 1970 7.555903863226272e-07 3
7 1971 7.555903863181284e-07 3
7 1972 7.555903863231127e-07 3
7 1973 7.555903863232444e-07 3
7 1974 7.555903863181284e-07 3
7 1975 7.555903863181284e-07 3
7 1976 7.555903863231127e-07 3
7 1977 7.555903863221684e-07 3
7 1978 7.555903863231127e-07 3
7 1979 7.555903863200366e-07 3
7 1980 7.555903863181284e-07 3
7 1981 7.555903863181284e-07 3
7 1982 7.555903863231127e-07 3
7 1983 7.555903863200366e-07 3
7 1984 7.555903863200366e-07 3
7 1985 7.555903863181284e-07 3
7 1986 7.555903863226272e-07 3
7 1987 7.555903863231127e-07 3
7 1988 7.555903863200366e-07 3
7 1989 7.555903863231127e-07 3
7 1990 7.555903863200366e-07 3
7 1991 7.555903863232444e-07 3
7 1992 7.555903863221684e-07 3
7 1993 7.555903863200366e-07 3
7 1994 7.555903863200366e-07 3
7 1995 7.555903863232444e-07 3
7 1996 7.555903863181284e-07 3
7 1997 7.555903863181284e-07 3
7 1998 7.555903863226272e-07 3
7 1999 7.555903863226272e-07 3
8 0 7.555903863181284e-07 3
8 1 7.555903863181284e-07 3
8 2 7.555903863181284e-07 3
8 3 7.555903863181284e-07 3
8 4 7.555903863181284e-07 3
8 5 7.555903863181284e-07 3
8 6 7.555903863181284e-07 3
8 7 7.555903863181284e-07 3
8 8 7.555903863181284e-07 3
8 9 7.555903863181284e-07 3
8 10 7.555903863181284e-07 3
8 11 7.555903863181284e-07 3
8 12 7.555903863181284e-07 3
8 13 7.555903863181284e-07 3
8 14 7.555903863181284e-07 3
8 15 7.555903863181284e-07 3
8 16 7.555903863181284e-07 3
8 17 7.555903863181284e-07 3
8 18 7.555903863181284e-07 3
8 19 7.555903863181284e-07 3
8 20 7.555903863181284e-07 3
8 21 7.555903863181284e-07 3
8 22 7.555903863181284e-07 3
8 23 7.555903863181284e-07 3
8 24 7.555903863181284e-07 3
8 25 7.555903863181284e-07 3
8 26 7.555903863181284e-07 3
8 27 7.555903863181284e-07 3
8 28 7.555903863181284e-07 3
8 29 7.555903863181284e-07 3
8 30 7.555903863181284e-07 3
8 31 7.555903863181284e-07 3
8 32 7.555903863181284e-07 3
8 33 7.555903863181284e-07 3
8 34 7.555903863181284e-07 3
8 35 7.555903863181284e-07 3
8 36 7.555903863181284e-07 3
8 37 7.555903863181284e-07 3
8 38 7.555903863181284e-07 3
8 39 7.555903863181284e-07 3
8 40 7.555903863181284e-07 3
8 41 7.555903863181284e-07 3
8 42 7.555903863181284e-07 3
8 43 7.555903863181284e-07 3
8 44 7.555903863181284e-07 3
8 45 7.555903863181284e-07 3
8 46 7.555903863181284e-07 3
8 47 7.555903863181284e-07 3
8 48 7.555903863181284e-07 3
8 49 7.555903863181284e-07 3
8 50 7.555903863181284e-07 3
8 51 7.555903863181284e-07 3
8 52 7.555903863181284e-07 3
8 53 7.555903863181284e-07 3
8 54 7.555903863181284e-07 3
8 55 7.555903863181284e-07 3
8 56 7.555903863181284e-07 3
8 57 7.555903863181284e-07 3
8 58 7.555903863181284e-07 3
8 59 7.555903863181284e-07 3
8 60 7.555903863181284e-07 3
8 61 7.555903863181284e-07 3
8 62 7.555903863181284e-07 3
8 63 7.555903863181284e-07 3
8 64 7.555903863181284e-07 3
8 65 7.555903863181284e-07 3
8 66 7.555903863181284e-07 3
8 67 7.555903863181284e-07 3
8 68 7.555903863181284e-07 3
8 69 7.555903863181284e-07 3
8 70 7.555903863181284e-07 3
8 71 7.555903863181284e-07 3
8 72 7.555903863181284e-07 3
8 73 7.555903863181284e-07 3
8 74 7.555903863181284e-07 3
8 75 7.555903863181284e-07 3
8 76 7.555903863181284e-07 3
8 77 7.555903863181284e-07 3
8 78 7.555903863181284e-07 3
8 79 7.555903863181284e-07 3
8 80 7.555903863181284e-07 3
8 81 7.555903863181284e-07 3
8 82 7.555903863181284e-07 3
8 83 7.555903863181284e-07 3
8 84 7.555903863181284e-07 3
8 85 7.555903863181284e-07 3
8 86 7.555903863181284e-07 3
8 87 7.555903863181284e-07 3
8 88 7.555903863181284e-07 3
8 89 7.555903863181284e-07 3
8 90 7.555903863181284e-07 3
8 91 7.555903863181284e-07 3
8 92 7.555903863181284e-07 3
8 93 7.555903863181284e-07 3
8 94 7.555903863181284e-07 3
8 95 7.555903863181284e-07 3
8 96 7.555903863181284e-07 3
8 97 7.555903863181284e-07 3
8 98 7.555903863181284e-07 3
8 99 7.555903863181284e-07 3
8 100 7.555903863181284e-07 3
8 101 7.555903863181284e-07 3
8 102 7.555903863181284e-07 3
8 103 7.555903863181284e-07 3
8 104 7.555903863181284e-07 3
8 105 7.555903863181284e-07 3
8 106 7.555903863181284e-07 3
8 107 7.555903863181284e-07 3
8 108 7.555903863181284e-07 3
8 109 7.555903863181284e-07 3
8 110 7.555903863181284e-07 3
8 111 7.555903863181284e-07 3
8 112 7.555903863181284e-07 3
8 113 7.555903863181284e-07 3
8 114 7.555903863181284e-07 3
8 115 7.555903863181284e-07 3
8 116 7.555903863181284e-07 3
8 117 7.555903863181284e-07 3
8 118 7.555903863181284e-07 3
8 119 7.555903863181284e-07 3
8 120 7.555903863181284e-07 3
8 121 7.555903863181284e-07 3
8 122 7.555903863181284e-07 3
8 123 7.555903863181284e-07 3
8 124 7.555903863181284e-07 3
8 125 7.555903863181284e-07 3
8 126 7.555903863181284e-07 3
8 127 7.555903863181284e-07 3
8 128 7.555903863181284e-07 3
8 129 7.555903863181284e-07 3
8 130 7.555903863181284e-07 3
8 131 7.555903863181284e-07 3
8 132 7.555903863181284e-07 3
8 133 7.555903863181284e-07 3
8 134 7.555903863181284e-07 3
8 135 7.555903863181284e-07 3
8 136 7.555903863181284e-07 3
8 137 7.555903863181284e-07 3
8 138 7.555903863181284e-07 3
8 139 7.555903863181284e-07 3
8 140 7.555903863181284e-07 3
8 141 7.555903863181284e-07 3
8 142 7.555903863181284e-07 3
8 143 7.555903863181284e-07 3
8 144 7.555903863181284e-07 3
8 145 7.555903863181284e-07 3
8 146 7.555903863181284e-07 3
8 147 7.555903863181284e-07 3
8 148 7.555903863181284e-07 3
8 149 7.555903863181284e-07 3
8 150 7.555903863181284e-07 3
8 151 7.555903863181284e-07 3
8 152 7.555903863181284e-07 3
8 153 7.555903863181284e-07 3
8 154 7.555903863181284e-07 3
8 155 7.555903863181284e-07 3
8 156 7.555903863181284e-07 3
8 157 7.555903863181284e-07 3
8 158 7.555903863181284e-07 3
8 159 7.555903863181284e-07 3
8 160 7.555903863181284e-07 3
8 161 7.555903863181284e-07 3
8 162 7.555903863181284e-07 3
8 163 7.555903863181284e-07 3
8 164 7.555903863181284e-07 3
8 165 7.555903863181284e-07 3
8 166 7.555903863181284e-07 3
8 167 7.555903863181284e-07 3
8 168 7.555903863181284e-07 3
8 169 7.555903863181284e-07 3
8 170 7.555903863181284e-07 3
8 171 7.555903863181284e-07 3
8 172 7.555903863181284e-07 3
8 173 7.555903863181284e-07 3
8 174 7.555903863181284e-07 3
8 175 7.555903863181284e-07 3
8 176 7.555903863181284e-07 3
8 177 7.555903863181284e-07 3
8 178 7.555903863181284e-07 3
8 179 7.555903863181284e-07 3
8 180 7.555903863181284e-07 3
8 181 7.555903863181284e-07 3
8 182 7.555903863181284e-07 3
8 183 7.555903863181284e-07 3
8 184 7.555903863181284e-07 3
8 185 7.555903863181284e-07 3
8 186 7.555903863181284e-07 3
8 187 7.555903863181284e-07 3
8 188 7.555903863181284e-07 3
8 189 7.555903863181284e-07 3
8 190 7.555903863181284e-07 3
8 191 7.555903863181284e-07 3
8 192 7.555903863181284e-07 3
8 193 7.555903863181284e-07 3
8 194 7.555903863181284e-07 3
8 195 7.555903863181284e-07 3
8 196 7.555903863181284e-07 3
8 197 7.555903863181284e-07 3
8 198 7.555903863181284e-07 3
8 199 7.555903863181284e-07 3
8 200 7.555903863200366e-07 3
8 201 7.555903863221684e-07 3
8 202 7.555903863232444e-07 3
8 203 7.555903863232444e-07 3
8 204 7.555903863221684e-07 3
8 205 7.555903863226272e-07 3
8 206 0.0662575137489131 3
8 207 7.555903863231127e-07 3
8 208 7.555903863226272e-07 3
8 209 7.555903863231127e-07 3
8 210 7.555903863221684e-07 3
8 211 7.555903863226272e-07 3
8 212 0.0047954671158014555 3
8 213 7.555903863226272e-07 3
8 214 7.555903863181284e-07 3
8 215 0.02647142764433722 3
8 216 0.14560561529389288 3
8 217 0.026856453946295784 3
8 218 7.555903863200366e-07 3
8 219 7.555903863232444e-07 3
8 220 7.555903863232444e-07 3
8 221 7.555903863221684e-07 3
8 222 7.555903863221684e-07 3
8 223 7.555903863232444e-07 3
8 224 7.555903863221684e-07 3
8 225 7.555903863221684e-07 3
8 226 7.555903863221684e-07 3
8 227 7.555903863181284e-07 3
8 228 7.555903863200366e-07 3
8 229 7.555903863181284e-07 3
8 230 7.555903863226272e-07 3
8 231 7.555903863226272e-07 3
8 232 7.555903863221684e-07 3
8 233 7.555903863200366e-07 3
8 234 7.555903863226272e-07 3
8 235 7.555903863226272e-07 3
8 236 7.555903863221684e-07 3
8 237 7.555903863232444e-07 3
8 238 7.555903863231127e-07 3
8 239 7.555903863231127e-07 3
8 240 7.555903863181284e-07 3
8 241 7.555903863232444e-07 3
8 242 7.555903863181284e-07 3
8 243 7.555903863221684e-07 3
8 244 0.027292069799128824 3
8 245 7.555903863226272e-07 3
8 246 7.555903863181284e-07 3
8 247 7.555903863226272e-07 3
8 248 7.555903863221684e-07 3
8 249 7.555903863181284e-07 3
8 250 7.555903863200366e-07 3
8 251 7.555903863226272e-07 3
8 252 7.555903863221684e-07 3
8 253 7.555903863200366e-07 3
8 254 7.555903863221684e-07 3
8 255 7.555903863221684e-07 3
8 256 7.555903863226272e-07 3
8 257 7.555903863181284e-07 3
8 258 7.555903863232444e-07 3
8 259 7.555903863231127e-07 3
8 260 7.555903863200366e-07 3
8 261 7.555903863200366e-07 3
8 262 7.555903863221684e-07 3
8 263 7.555903863200366e-07 3
8 264 7.555903863200366e-07 3
8 265 7.555903863221684e-07 3
8 266 7.555903863232444e-07 3
8 267 0.09186364420711476 3
8 268 7.555903863231127e-07 3
8 269 7.555903863200366e-07 3
8 270 0.11978853228862123 3
8 271 7.555903863226272e-07 3
8 272 7.555903863200366e-07 3
8 273 7.555903863221684e-07 3
8 274 7.555903863232444e-07 3
8 275 7.555903863200366e-07 3
8 276 0.02789661937940321 3
8 277 7.555903863200366e-07 3
8 278 7.555903863226272e-07 3
8 279 7.555903863200366e-07 3
8 280 7.555903863221684e-07 3
8 281 7.555903863232444e-07 3
8 282 7.555903863231127e-07 3
8 283 0.011655564593436021 3
8 284 7.555903863231127e-07 3
8 285 7.555903863221684e-07 3
8 286 7.555903863226272e-07 3
8 287 7.555903863232444e-07 3
8 288 7.555903863200366e-07 3
8 289 7.555903863221684e-07 3
8 290 7.555903863221684e-07 3
8 291 7.555903863221684e-07 3
8 292 0.1410868019082628 3
8 293 7.555903863226272e-07 3
8 294 7.555903863181284e-07 3
8 295 7.555903863232444e-07 3
8 296 7.555903863231127e-07 3
8 297 7.555903863221684e-07 3
8 298 7.555903863221684e-07 3
8 299 7.555903863232444e-07 3
8 300 7.555903863232444e-07 3
8 301 7.555903863200366e-07 3
8 302 7.555903863181284e-07 3
8 303 7.555903863221684e-07 3
8 304 7.555903863232444e-07 3
8 305 7.555903863232444e-07 3
8 306 7.555903863181284e-07 3
8 307 7.555903863231127e-07 3
8 308 7.555903863232444e-07 3
8 309 7.555903863181284e-07 3
8 310 7.555903863200366e-07 3
8 311 7.555903863221684e-07 3
8 312 7.555903863200366e-07 3
8 313 7.555903863226272e-07 3
8 314 7.555903863221684e-07 3
8 315 7.555903863181284e-07 3
8 316 7.555903863232444e-07 3
8 317 7.555903863200366e-07 3
8 318 7.555903863231127e-07 3
8 319 7.555903863181284e-07 3
8 320 7.555903863221684e-07 3
8 321 7.555903863200366e-07 3
8 322 7.555903863226272e-07 3
8 323 7.555903863221684e-07 3
8 324 7.555903863231127e-07 3
8 325 7.555903863226272e-07 3
8 326 0.08568489647639888 3
8 327 7.555903863231127e-07 3
8 328 7.555903863232444e-07 3
8 329 7.555903863221684e-07 3
8 330 7.555903863200366e-07 3
8 331 7.555903863200366e-07 3
8 332 7.555903863226272e-07 3
8 333 7.555903863231127e-07 3
8 334 7.555903863221684e-07 3
8 335 7.555903863181284e-07 3
8 336 7.555903863181284e-07 3
8 337 7.555903863181284e-07 3
8 338 7.555903863200366e-07 3
8 339 7.555903863226272e-07 3
8 340 7.555903863200366e-07 3
8 341 7.555903863226272e-07 3
8 342 0.1564974338220259 3
8 343 7.555903863221684e-07 3
8 344 0.11988339120256603 3
8 345 7.555903863226272e-07 3
8 346 7.555903863231127e-07 3
8 347 7.555903863221684e-07 3
8 348 7.555903863232444e-07 3
8 349 0.09882465985005164 3
8 350 7.555903863231127e-07 3
8 351 7.555903863226272e-07 3
8 352 0.18168822137884783 3
8 353 7.555903863181284e-07 3
8 354 7.555903863231127e-07 3
8 355 7.555903863200366e-07 3
8 356 7.555903863181284e-07 3
8 357 7.555903863200366e-07 3
8 358 7.555903863221684e-07 3
8 359 0.027896619372993578 3
8 360 7.555903863200366e-07 3
8 361 0.03848953100786405 3
8 362 7.555903863232444e-07 3
8 363 7.555903863221684e-07 3
8 364 7.555903863200366e-07 3
8 365 7.555903863232444e-07 3
8 366 7.555903863200366e-07 3
8 367 7.555903863231127e-07 3
8 368 7.555903863231127e-07 3
8 369 7.555903863231127e-07 3
8 370 7.555903863231127e-07 3
8 371 7.555903863181284e-07 3
8 372 7.555903863181284e-07 3
8 373 7.555903863181284e-07 3
8 374 7.555903863181284e-07 3
8 375 7.555903863231127e-07 3
8 376 7.555903863232444e-07 3
8 377 7.555903863200366e-07 3
8 378 7.555903863231127e-07 3
8 379 7.555903863181284e-07 3
8 380 7.555903863226272e-07 3
8 381 7.555903863221684e-07 3
8 382 7.555903863181284e-07 3
8 383 7.555903863231127e-07 3
8 384 7.555903863232444e-07 3
8 385 7.555903863221684e-07 3
8 386 7.555903863232444e-07 3
8 387 7.555903863232444e-07 3
8 388 7.555903863221684e-07 3
8 389 7.555903863200366e-07 3
8 390 7.555903863226272e-07 3
8 391 7.555903863200366e-07 3
8 392 7.555903863226272e-07 3
8 393 7.555903863231127e-07 3
8 394 7.555903863231127e-07 3
8 395 7.555903863231127e-07 3
8 396 7.555903863200366e-07 3
8 397 7.555903863226272e-07 3
8 398 7.555903863231127e-07 3
8 399 7.555903863226272e-07 3
8 400 7.555903863181284e-07 3
8 401 7.555903863221684e-07 3
8 402 7.555903863200366e-07 3
8 403 7.555903863231127e-07 3
8 404 7.555903863221684e-07 3
8 405 7.555903863226272e-07 3
8 406 7.555903863221684e-07 3
8 407 7.555903863231127e-07 3
8 408 7.555903863200366e-07 3
8 409 7.555903863221684e-07 3
8 410 7.555903863226272e-07 3
8 411 7.555903863221684e-07 3
8 412 7.555903863200366e-07 3
8 413 7.555903863226272e-07 3
8 414 7.555903863181284e-07 3
8 415 7.555903863181284e-07 3
8 416 7.555903863200366e-07 3
8 417 2.335324301854971 3
8 418 7.555903863226272e-07 3
8 419 7.555903863231127e-07 3
8 420 7.555903863226272e-07 3
8 421 7.555903863200366e-07 3
8 422 7.555903863200366e-07 3
8 423 7.555903863226272e-07 3
8 424 7.555903863200366e-07 3
8 425 7.555903863181284e-07 3
8 426 7.555903863232444e-07 3
8 427 7.555903863181284e-07 3
8 428 7.555903863181284e-07 3
8 429 7.555903863200366e-07 3
8 430 7.555903863226272e-07 3
8 431 7.555903863231127e-07 3
8 432 7.555903863231127e-07 3
8 433 7.555903863231127e-07 3
8 434 7.555903863231127e-07 3
8 435 7.555903863200366e-07 3
8 436 7.555903863221684e-07 3
8 437 7.555903863231127e-07 3
8 438 7.555903863200366e-07 3
8 439 7.555903863221684e-07 3
8 440 7.555903863231127e-07 3
8 441 7.555903863200366e-07 3
8 442 7.555903863232444e-07 3
8 443 7.555903863226272e-07 3
8 444 0.02685514772726037 3
8 445 7.555903863231127e-07 3
8 446 7.555903863181284e-07 3
8 447 7.555903863232444e-07 3
8 448 7.555903863226272e-07 3
8 449 7.555903863200366e-07 3
8 450 0.10567060327183206 3
8 451 7.555903863226272e-07 3
8 452 7.555903863181284e-07 3
8 453 7.555903863226272e-07 3
8 454 7.555903863221684e-07 3
8 455 7.555903863232444e-07 3
8 456 7.555903863181284e-07 3
8 457 7.555903863231127e-07 3
8 458 0.13280566103342303 3
8 459 7.555903863221684e-07 3
8 460 7.555903863200366e-07 3
8 461 7.555903863200366e-07 3
8 462 7.555903863231127e-07 3
8 463 0.07566680424289905 3
8 464 7.555903863231127e-07 3
8 465 7.555903863232444e-07 3
8 466 7.555903863200366e-07 3
8 467 7.555903863231127e-07 3
8 468 7.555903863232444e-07 3
8 469 7.555903863232444e-07 3
8 470 7.555903863200366e-07 3
8 471 7.555903863226272e-07 3
8 472 7.555903863200366e-07 3
8 473 7.555903863232444e-07 3
8 474 7.555903863226272e-07 3
8 475 7.555903863221684e-07 3
8 476 7.555903863200366e-07 3
8 477 7.555903863226272e-07 3
8 478 7.555903863226272e-07 3
8 479 7.555903863181284e-07 3
8 480 7.555903863221684e-07 3
8 481 7.555903863232444e-07 3
8 482 0.055079349051553664 3
8 483 7.555903863221684e-07 3
8 484 7.555903863226272e-07 3
8 485 7.555903863221684e-07 3
8 486 7.555903863232444e-07 3
8 487 0.7174984904976212 3
8 488 7.555903863232444e-07 3
8 489 7.555903863221684e-07 3
8 490 7.555903863221684e-07 3
8 491 7.555903863221684e-07 3
8 492 7.555903863226272e-07 3
8 493 7.555903863232444e-07 3
8 494 7.555903863200366e-07 3
8 495 7.555903863221684e-07 3
8 496 7.555903863221684e-07 3
8 497 7.555903863231127e-07 3
8 498 7.555903863181284e-07 3
8 499 7.555903863226272e-07 3
8 500 7.555903863232444e-07 3
8 501 7.555903863221684e-07 3
8 502 7.555903863232444e-07 3
8 503 7.555903863181284e-07 3
8 504 7.555903863181284e-07 3
8 505 7.555903863231127e-07 3
8 506 0.041279481246212585 3
8 507 7.555903863232444e-07 3
8 508 7.555903863231127e-07 3
8 509 7.555903863221684e-07 3
8 510 7.555903863232444e-07 3
8 511 7.555903863181284e-07 3
8 512 7.555903863200366e-07 3
8 513 7.555903863181284e-07 3
8 514 7.555903863226272e-07 3
8 515 7.555903863232444e-07 3
8 516 7.555903863232444e-07 3
8 517 7.555903863232444e-07 3
8 518 7.555903863181284e-07 3
8 519 7.555903863181284e-07 3
8 520 7.555903863181284e-07 3
8 521 0.10176592111759743 3
8 522 7.555903863221684e-07 3
8 523 0.10513611784571698 3
8 524 7.555903863226272e-07 3
8 525 7.555903863200366e-07 3
8 526 7.555903863181284e-07 3
8 527 7.555903863221684e-07 3
8 528 0.1564974338231167 3
8 529 7.555903863200366e-07 3
8 530 0.02789661939696507 3
8 531 7.555903863221684e-07 3
8 532 7.555903863221684e-07 3
8 533 0.09741704576733834 3
8 534 7.555903863231127e-07 3
8 535 7.555903863226272e-07 3
8 536 7.555903863231127e-07 3
8 537 7.555903863221684e-07 3
8 538 7.555903863232444e-07 3
8 539 7.555903863181284e-07 3
8 540 0.09900331505698268 3
8 541 7.555903863200366e-07 3
8 542 7.555903863181284e-07 3
8 543 7.555903863181284e-07 3
8 544 7.555903863231127e-07 3
8 545 7.555903863226272e-07 3
8 546 7.555903863181284e-07 3
8 547 7.555903863221684e-07 3
8 548 7.555903863226272e-07 3
8 549 7.555903863200366e-07 3
8 550 7.555903863231127e-07 3
8 551 7.555903863200366e-07 3
8 552 7.555903863200366e-07 3
8 553 7.555903863232444e-07 3
8 554 7.555903863200366e-07 3
8 555 7.555903863232444e-07 3
8 556 7.555903863181284e-07 3
8 557 7.555903863232444e-07 3
8 558 7.555903863226272e-07 3
8 559 7.555903863181284e-07 3
8 560 7.555903863181284e-07 3
8 561 7.555903863221684e-07 3
8 562 7.555903863181284e-07 3
8 563 7.555903863226272e-07 3
8 564 7.555903863200366e-07 3
8 565 7.555903863231127e-07 3
8 566 7.555903863232444e-07 3
8 567 0.10567060327182935 3
8 568 7.555903863221684e-07 3
8 569 7.555903863181284e-07 3
8 570 7.555903863181284e-07 3
8 571 7.555903863231127e-07 3
8 572 7.555903863200366e-07 3
8 573 7.555903863200366e-07 3
8 574 7.555903863226272e-07 3
8 575 7.555903863221684e-07 3
8 576 7.555903863226272e-07 3
8 577 7.555903863221684e-07 3
8 578 7.555903863181284e-07 3
8 579 7.555903863181284e-07 3
8 580 7.555903863232444e-07 3
8 581 7.555903863232444e-07 3
8 582 7.555903863181284e-07 3
8 583 7.555903863181284e-07 3
8 584 0.14560561529389288 3
8 585 7.555903863226272e-07 3
8 586 7.555903863232444e-07 3
8 587 7.555903863200366e-07 3
8 588 7.555903863200366e-07 3
8 589 7.555903863221684e-07 3
8 590 7.555903863231127e-07 3
8 591 7.555903863221684e-07 3
8 592 7.555903863232444e-07 3
8 593 7.555903863200366e-07 3
8 594 7.555903863181284e-07 3
8 595 7.555903863200366e-07 3
8 596 7.555903863232444e-07 3
8 597 7.555903863200366e-07 3
8 598 7.555903863231127e-07 3
8 599 7.555903863231127e-07 3
8 600 7.555903863231127e-07 3
8 601 7.555903863181284e-07 3
8 602 7.555903863221684e-07 3
8 603 7.555903863231127e-07 3
8 604 7.555903863221684e-07 3
8 605 7.555903863181284e-07 3
8 606 7.555903863226272e-07 3
8 607 7.555903863200366e-07 3
8 608 7.555903863232444e-07 3
8 609 7.555903863232444e-07 3
8 610 7.555903863226272e-07 3
8 611 7.555903863200366e-07 3
8 612 7.555903863231127e-07 3
8 613 7.555903863221684e-07 3
8 614 7.555903863181284e-07 3
8 615 7.555903863231127e-07 3
8 616 7.555903863232444e-07 3
8 617 7.555903863226272e-07 3
8 618 7.555903863221684e-07 3
8 619 7.555903863200366e-07 3
8 620 7.555903863200366e-07 3
8 621 7.555903863226272e-07 3
8 622 0.05955199961824942 3
8 623 0.14407632921062025 3
8 624 7.555903863231127e-07 3
8 625 7.555903863181284e-07 3
8 626 7.555903863181284e-07 3
8 627 7.555903863231127e-07 3
8 628 7.555903863232444e-07 3
8 629 7.555903863226272e-07 3
8 630 7.555903863221684e-07 3
8 631 7.555903863226272e-07 3
8 632 0.0956163944886369 3
8 633 7.555903863226272e-07 3
8 634 7.555903863200366e-07 3
8 635 7.555903863200366e-07 3
8 636 7.555903863231127e-07 3
8 637 7.555903863231127e-07 3
8 638 7.555903863200366e-07 3
8 639 7.555903863231127e-07 3
8 640 7.555903863232444e-07 3
8 641 0.03979613644196771 3
8 642 7.555903863221684e-07 3
8 643 7.555903863181284e-07 3
8 644 7.555903863181284e-07 3
8 645 0.02986472707218842 3
8 646 7.555903863226272e-07 3
8 647 7.555903863232444e-07 3
8 648 7.555903863231127e-07 3
8 649 7.555903863226272e-07 3
8 650 7.555903863200366e-07 3
8 651 7.555903863200366e-07 3
8 652 7.555903863181284e-07 3
8 653 7.555903863181284e-07 3
8 654 7.555903863221684e-07 3
8 655 7.555903863232444e-07 3
8 656 7.555903863221684e-07 3
8 657 7.555903863200366e-07 3
8 658 7.555903863200366e-07 3
8 659 7.555903863226272e-07 3
8 660 7.555903863226272e-07 3
8 661 7.555903863231127e-07 3
8 662 0.08451710350441011 3
8 663 7.555903863181284e-07 3
8 664 7.555903863232444e-07 3
8 665 7.555903863181284e-07 3
8 666 7.555903863181284e-07 3
8 667 7.555903863221684e-07 3
8 668 0.008081998153452724 3
8 669 0.09778282381217958 3
8 670 7.555903863200366e-07 3
8 671 7.555903863221684e-07 3
8 672 7.555903863200366e-07 3
8 673 7.555903863231127e-07 3
8 674 7.555903863200366e-07 3
8 675 7.555903863221684e-07 3
8 676 7.555903863232444e-07 3
8 677 7.555903863200366e-07 3
8 678 0.11587733068901318 3
8 679 7.555903863232444e-07 3
8 680 7.555903863232444e-07 3
8 681 7.555903863221684e-07 3
8 682 7.555903863226272e-07 3
8 683 7.555903863231127e-07 3
8 684 7.555903863226272e-07 3
8 685 7.555903863200366e-07 3
8 686 7.555903863232444e-07 3
8 687 7.555903863221684e-07 3
8 688 7.555903863232444e-07 3
8 689 7.555903863221684e-07 3
8 690 0.10362235429417344 3
8 691 7.555903863226272e-07 3
8 692 7.555903863200366e-07 3
8 693 7.555903863181284e-07 3
8 694 7.555903863232444e-07 3
8 695 7.555903863200366e-07 3
8 696 7.555903863231127e-07 3
8 697 7.555903863221684e-07 3
8 698 7.555903863200366e-07 3
8 699 7.555903863231127e-07 3
8 700 7.555903863181284e-07 3
8 701 0.04127948124625209 3
8 702 7.555903863200366e-07 3
8 703 0.1328056611505532 3
8 704 7.555903863181284e-07 3
8 705 7.555903863221684e-07 3
8 706 7.555903863200366e-07 3
8 707 7.555903863221684e-07 3
8 708 7.555903863221684e-07 3
8 709 7.555903863221684e-07 3
8 710 7.555903863231127e-07 3
8 711 7.555903863231127e-07 3
8 712 0.004795467115789943 3
8 713 7.555903863200366e-07 3
8 714 7.555903863200366e-07 3
8 715 7.555903863226272e-07 3
8 716 7.555903863181284e-07 3
8 717 7.555903863221684e-07 3
8 718 7.555903863226272e-07 3
8 719 7.555903863221684e-07 3
8 720 7.555903863221684e-07 3
8 721 7.555903863226272e-07 3
8 722 7.555903863200366e-07 3
8 723 0.10265834098033585 3
8 724 7.555903863181284e-07 3
8 725 7.555903863231127e-07 3
8 726 7.555903863231127e-07 3
8 727 7.555903863232444e-07 3
8 728 7.555903863232444e-07 3
8 729 7.555903863226272e-07 3
8 730 7.555903863181284e-07 3
8 731 7.555903863181284e-07 3
8 732 7.555903863200366e-07 3
8 733 7.555903863226272e-07 3
8 734 7.555903863181284e-07 3
8 735 7.555903863221684e-07 3
8 736 7.555903863226272e-07 3
8 737 7.555903863226272e-07 3
8 738 7.555903863181284e-07 3
8 739 7.555903863226272e-07 3
8 740 7.555903863200366e-07 3
8 741 7.555903863226272e-07 3
8 742 7.555903863231127e-07 3
8 743 7.555903863226272e-07 3
8 744 7.555903863181284e-07 3
8 745 7.555903863200366e-07 3
8 746 7.555903863231127e-07 3
8 747 7.555903863226272e-07 3
8 748 7.555903863226272e-07 3
8 749 0.028387459592901503 3
8 750 7.555903863226272e-07 3
8 751 7.555903863226272e-07 3
8 752 7.555903863232444e-07 3
8 753 0.7174984904976212 3
8 754 7.555903863181284e-07 3
8 755 0.04587586713592522 3
8 756 7.555903863231127e-07 3
8 757 7.555903863181284e-07 3
8 758 7.555903863231127e-07 3
8 759 7.555903863231127e-07 3
8 760 7.555903863226272e-07 3
8 761 7.555903863200366e-07 3
8 762 7.555903863181284e-07 3
8 763 7.555903863226272e-07 3
8 764 7.555903863181284e-07 3
8 765 7.555903863181284e-07 3
8 766 7.555903863181284e-07 3
8 767 0.027253107964561547 3
8 768 7.555903863200366e-07 3
8 769 7.555903863231127e-07 3
8 770 7.555903863226272e-07 3
8 771 0.10869793577527224 3
8 772 7.555903863181284e-07 3
8 773 0.025665323094947914 3
8 774 7.555903863181284e-07 3
8 775 7.555903863181284e-07 3
8 776 0.37912418559021505 3
8 777 7.555903863226272e-07 3
8 778 7.555903863181284e-07 3
8 779 7.555903863231127e-07 3
8 780 7.555903863221684e-07 3
8 781 7.555903863221684e-07 3
8 782 7.555903863232444e-07 3
8 783 7.555903863232444e-07 3
8 784 7.555903863221684e-07 3
8 785 7.555903863181284e-07 3
8 786 7.555903863200366e-07 3
8 787 7.555903863226272e-07 3
8 788 7.555903863181284e-07 3
8 789 7.555903863181284e-07 3
8 790 7.555903863200366e-07 3
8 791 0.053984828603216586 3
8 792 7.555903863200366e-07 3
8 793 7.555903863221684e-07 3
8 794 7.555903863181284e-07 3
8 795 7.555903863231127e-07 3
8 796 7.555903863226272e-07 3
8 797 7.555903863221684e-07 3
8 798 7.555903863200366e-07 3
8 799 7.555903863231127e-07 3
8 800 7.555903863232444e-07 3
8 801 7.555903863200366e-07 3
8 802 7.555903863232444e-07 3
8 803 7.555903863221684e-07 3
8 804 7.555903863232444e-07 3
8 805 7.555903863231127e-07 3
8 806 7.555903863181284e-07 3
8 807 7.555903863200366e-07 3
8 808 7.555903863232444e-07 3
8 809 7.555903863221684e-07 3
8 810 7.555903863221684e-07 3
8 811 0.2111347887254201 3
8 812 7.555903863232444e-07 3
8 813 0.14560561529393815 3
8 814 7.555903863232444e-07 3
8 815 7.555903863181284e-07 3
8 816 7.555903863226272e-07 3
8 817 7.555903863221684e-07 3
8 818 7.555903863226272e-07 3
8 819 7.555903863231127e-07 3
8 820 7.555903863221684e-07 3
8 821 7.555903863200366e-07 3
8 822 7.555903863181284e-07 3
8 823 7.555903863226272e-07 3
8 824 7.555903863232444e-07 3
8 825 7.555903863181284e-07 3
8 826 7.555903863181284e-07 3
8 827 7.555903863226272e-07 3
8 828 7.555903863232444e-07 3
8 829 7.555903863226272e-07 3
8 830 7.555903863232444e-07 3
8 831 7.555903863232444e-07 3
8 832 7.555903863221684e-07 3
8 833 7.555903863226272e-07 3
8 834 7.555903863232444e-07 3
8 835 7.555903863221684e-07 3
8 836 7.555903863226272e-07 3
8 837 7.555903863200366e-07 3
8 838 7.555903863226272e-07 3
8 839 7.555903863231127e-07 3
8 840 7.555903863181284e-07 3
8 841 7.555903863200366e-07 3
8 842 7.555903863181284e-07 3
8 843 7.555903863181284e-07 3
8 844 7.555903863231127e-07 3
8 845 7.555903863221684e-07 3
8 846 7.555903863232444e-07 3
8 847 7.555903863221684e-07 3
8 848 7.555903863221684e-07 3
8 849 7.555903863231127e-07 3
8 850 0.0967600596678217 3
8 851 7.555903863226272e-07 3
8 852 7.555903863181284e-07 3
8 853 7.555903863231127e-07 3
8 854 7.555903863181284e-07 3
8 855 7.555903863231127e-07 3
8 856 0.039126060028053404 3
8 857 7.555903863231127e-07 3
8 858 7.555903863232444e-07 3
8 859 7.555903863181284e-07 3
8 860 7.555903863226272e-07 3
8 861 7.555903863226272e-07 3
8 862 7.555903863181284e-07 3
8 863 7.555903863231127e-07 3
8 864 7.555903863221684e-07 3
8 865 0.011655564593453741 3
8 866 7.555903863181284e-07 3
8 867 7.555903863232444e-07 3
8 868 7.555903863226272e-07 3
8 869 7.555903863221684e-07 3
8 870 7.555903863226272e-07 3
8 871 7.555903863226272e-07 3
8 872 7.555903863181284e-07 3
8 873 7.555903863181284e-07 3
8 874 7.555903863200366e-07 3
8 875 7.555903863221684e-07 3
8 876 7.555903863226272e-07 3
8 877 7.555903863200366e-07 3
8 878 7.555903863200366e-07 3
8 879 7.555903863232444e-07 3
8 880 7.555903863200366e-07 3
8 881 7.555903863232444e-07 3
8 882 7.555903863232444e-07 3
8 883 0.033290341370948225 3
8 884 7.555903863231127e-07 3
8 885 0.06463188510451241 3
8 886 7.555903863232444e-07 3
8 887 7.555903863181284e-07 3
8 888 7.555903863221684e-07 3
8 889 7.555903863200366e-07 3
8 890 7.555903863221684e-07 3
8 891 7.555903863232444e-07 3
8 892 7.555903863200366e-07 3
8 893 7.555903863226272e-07 3
8 894 7.555903863221684e-07 3
8 895 7.555903863200366e-07 3
8 896 7.555903863200366e-07 3
8 897 7.555903863226272e-07 3
8 898 0.14560561529392432 3
8 899 7.555903863232444e-07 3
8 900 7.555903863226272e-07 3
8 901 7.555903863181284e-07 3
8 902 7.555903863221684e-07 3
8 903 7.555903863181284e-07 3
8 904 7.555903863221684e-07 3
8 905 7.555903863181284e-07 3
8 906 0.0550790966332391 3
8 907 7.555903863221684e-07 3
8 908 7.555903863221684e-07 3
8 909 7.555903863221684e-07 3
8 910 7.555903863232444e-07 3
8 911 0.027292069817973455 3
8 912 7.555903863226272e-07 3
8 913 7.555903863226272e-07 3
8 914 7.555903863226272e-07 3
8 915 7.555903863231127e-07 3
8 916 7.555903863200366e-07 3
8 917 7.555903863181284e-07 3
8 918 7.555903863221684e-07 3
8 919 7.555903863221684e-07 3
8 920 7.555903863231127e-07 3
8 921 7.555903863231127e-07 3
8 922 7.555903863231127e-07 3
8 923 7.555903863232444e-07 3
8 924 7.555903863200366e-07 3
8 925 7.555903863226272e-07 3
8 926 7.555903863231127e-07 3
8 927 7.555903863232444e-07 3
8 928 7.555903863226272e-07 3
8 929 7.555903863232444e-07 3
8 930 7.555903863231127e-07 3
8 931 7.555903863226272e-07 3
8 932 277.7842263065657 3
8 933 7.555903863231127e-07 3
8 934 7.555903863226272e-07 3
8 935 7.555903863181284e-07 3
8 936 7.555903863221684e-07 3
8 937 7.555903863232444e-07 3
8 938 7.555903863200366e-07 3
8 939 1275.7453705051255 3
8 940 7.555903863181284e-07 3
8 941 7.555903863181284e-07 3
8 942 7.555903863221684e-07 3
8 943 0.1398180382371524 3
8 944 7.555903863181284e-07 3
8 945 7.555903863231127e-07 3
8 946 7.555903863221684e-07 3
8 947 7.555903863200366e-07 3
8 948 7.555903863226272e-07 3
8 949 7.555903863226272e-07 3
8 950 7.555903863200366e-07 3
8 951 7.555903863181284e-07 3
8 952 7.555903863181284e-07 3
8 953 7.555903863221684e-07 3
8 954 7.555903863232444e-07 3
8 955 7.555903863226272e-07 3
8 956 7.555903863232444e-07 3
8 957 7.555903863232444e-07 3
8 958 7.555903863181284e-07 3
8 959 7.555903863221684e-07 3
8 960 7.555903863200366e-07 3
8 961 7.555903863221684e-07 3
8 962 7.555903863181284e-07 3
8 963 7.555903863221684e-07 3
8 964 7.555903863232444e-07 3
8 965 7.555903863226272e-07 3
8 966 7.555903863200366e-07 3
8 967 7.555903863221684e-07 3
8 968 7.555903863232444e-07 3
8 969 7.555903863221684e-07 3
8 970 7.555903863200366e-07 3
8 971 7.555903863232444e-07 3
8 972 7.555903863232444e-07 3
8 973 7.555903863232444e-07 3
8 974 7.555903863232444e-07 3
8 975 7.555903863232444e-07 3
8 976 7.555903863221684e-07 3
8 977 0.02443389164444625 3
8 978 7.555903863231127e-07 3
8 979 7.555903863226272e-07 3
8 980 7.555903863232444e-07 3
8 981 7.555903863226272e-07 3
8 982 7.555903863226272e-07 3
8 983 7.555903863200366e-07 3
8 984 7.555903863200366e-07 3
8 985 7.555903863221684e-07 3
8 986 7.555903863200366e-07 3
8 987 7.555903863232444e-07 3
8 988 0.09543345654826851 3
8 989 7.555903863232444e-07 3
8 990 7.555903863226272e-07 3
8 991 7.555903863226272e-07 3
8 992 7.555903863232444e-07 3
8 993 7.555903863181284e-07 3
8 994 7.555903863232444e-07 3
8 995 7.555903863221684e-07 3
8 996 7.555903863226272e-07 3
8 997 7.555903863232444e-07 3
8 998 7.555903863226272e-07 3
8 999 7.555903863200366e-07 3
8 1000 7.555903863231127e-07 3
8 1001 0.19748262946268802 3
8 1002 7.555903863226272e-07 3
8 1003 7.555903863232444e-07 3
8 1004 7.555903863231127e-07 3
8 1005 7.555903863231127e-07 3
8 1006 7.555903863221684e-07 3
8 1007 7.555903863232444e-07 3
8 1008 7.555903863226272e-07 3
8 1009 7.555903863232444e-07 3
8 1010 7.555903863226272e-07 3
8 1011 7.555903863232444e-07 3
8 1012 7.555903863181284e-07 3
8 1013 7.555903863200366e-07 3
8 1014 0.09574089586859065 3
8 1015 0.022550645488976576 3
8 1016 7.555903863221684e-07 3
8 1017 7.555903863226272e-07 3
8 1018 7.555903863221684e-07 3
8 1019 7.555903863232444e-07 3
8 1020 7.555903863181284e-07 3
8 1021 7.555903863231127e-07 3
8 1022 0.14393956588976559 3
8 1023 0.018018122752597034 3
8 1024 7.555903863232444e-07 3
8 1025 7.555903863231127e-07 3
8 1026 7.555903863231127e-07 3
8 1027 7.555903863232444e-07 3
8 1028 7.555903863232444e-07 3
8 1029 7.555903863231127e-07 3
8 1030 7.555903863226272e-07 3
8 1031 7.555903863226272e-07 3
8 1032 7.555903863200366e-07 3
8 1033 7.555903863226272e-07 3
8 1034 7.555903863200366e-07 3
8 1035 7.555903863200366e-07 3
8 1036 0.06250024465338593 3
8 1037 0.02790053969808919 3
8 1038 7.555903863221684e-07 3
8 1039 0.02986472707218842 3
8 1040 7.555903863232444e-07 3
8 1041 7.555903863231127e-07 3
8 1042 7.555903863181284e-07 3
8 1043 7.555903863200366e-07 3
8 1044 7.555903863221684e-07 3
8 1045 0.1059284573247004 3
8 1046 7.555903863181284e-07 3
8 1047 7.555903863221684e-07 3
8 1048 7.555903863221684e-07 3
8 1049 7.555903863221684e-07 3
8 1050 7.555903863181284e-07 3
8 1051 7.555903863231127e-07 3
8 1052 7.555903863232444e-07 3
8 1053 7.555903863232444e-07 3
8 1054 7.555903863226272e-07 3
8 1055 7.555903863200366e-07 3
8 1056 0.041279481246252234 3
8 1057 7.555903863226272e-07 3
8 1058 7.555903863181284e-07 3
8 1059 7.555903863231127e-07 3
8 1060 0.0223329995762985 3
8 1061 7.555903863232444e-07 3
8 1062 7.555903863232444e-07 3
8 1063 7.555903863231127e-07 3
8 1064 7.555903863226272e-07 3
8 1065 7.555903863181284e-07 3
8 1066 7.555903863221684e-07 3
8 1067 7.555903863221684e-07 3
8 1068 7.555903863231127e-07 3
8 1069 7.555903863231127e-07 3
8 1070 7.555903863232444e-07 3
8 1071 7.555903863181284e-07 3
8 1072 7.555903863221684e-07 3
8 1073 7.555903863221684e-07 3
8 1074 7.555903863181284e-07 3
8 1075 7.555903863200366e-07 3
8 1076 7.555903863221684e-07 3
8 1077 7.555903863232444e-07 3
8 1078 7.555903863226272e-07 3
8 1079 7.555903863221684e-07 3
8 1080 7.555903863226272e-07 3
8 1081 7.555903863232444e-07 3
8 1082 7.555903863226272e-07 3
8 1083 7.555903863221684e-07 3
8 1084 7.555903863181284e-07 3
8 1085 7.555903863232444e-07 3
8 1086 7.555903863231127e-07 3
8 1087 7.555903863181284e-07 3
8 1088 7.555903863200366e-07 3
8 1089 7.555903863226272e-07 3
8 1090 7.555903863200366e-07 3
8 1091 7.555903863221684e-07 3
8 1092 7.555903863200366e-07 3
8 1093 0.15724984733658898 3
8 1094 7.555903863226272e-07 3
8 1095 7.555903863231127e-07 3
8 1096 7.555903863221684e-07 3
8 1097 7.555903863231127e-07 3
8 1098 0.09662535347203323 3
8 1099 7.555903863232444e-07 3
8 1100 7.555903863232444e-07 3
8 1101 7.555903863231127e-07 3
8 1102 7.555903863226272e-07 3
8 1103 7.555903863232444e-07 3
8 1104 7.555903863181284e-07 3
8 1105 7.555903863200366e-07 3
8 1106 0.06625751375138518 3
8 1107 7.555903863200366e-07 3
8 1108 7.555903863226272e-07 3
8 1109 7.555903863226272e-07 3
8 1110 7.555903863200366e-07 3
8 1111 7.555903863232444e-07 3
8 1112 7.555903863232444e-07 3
8 1113 7.555903863200366e-07 3
8 1114 7.555903863232444e-07 3
8 1115 7.555903863232444e-07 3
8 1116 0.09099914616605524 3
8 1117 7.555903863221684e-07 3
8 1118 7.555903863221684e-07 3
8 1119 7.555903863200366e-07 3
8 1120 0.004795423013003148 3
8 1121 7.555903863232444e-07 3
8 1122 7.555903863181284e-07 3
8 1123 7.555903863181284e-07 3
8 1124 7.555903863221684e-07 3
8 1125 7.555903863231127e-07 3
8 1126 7.555903863232444e-07 3
8 1127 7.555903863231127e-07 3
8 1128 0.025665323094938134 3
8 1129 7.555903863181284e-07 3
8 1130 7.555903863221684e-07 3
8 1131 7.555903863232444e-07 3
8 1132 7.555903863232444e-07 3
8 1133 7.555903863231127e-07 3
8 1134 0.10470844785904143 3
8 1135 7.555903863226272e-07 3
8 1136 0.14740636760523237 3
8 1137 7.555903863232444e-07 3
8 1138 7.555903863181284e-07 3
8 1139 7.555903863232444e-07 3
8 1140 0.09543345653519049 3
8 1141 7.555903863221684e-07 3
8 1142 7.555903863181284e-07 3
8 1143 7.555903863221684e-07 3
8 1144 7.555903863226272e-07 3
8 1145 7.555903863181284e-07 3
8 1146 7.555903863221684e-07 3
8 1147 7.555903863232444e-07 3
8 1148 7.555903863231127e-07 3
8 1149 0.019949755581268488 3
8 1150 7.555903863181284e-07 3
8 1151 0.0753361171495099 3
8 1152 7.555903863221684e-07 3
8 1153 7.555903863181284e-07 3
8 1154 7.555903863231127e-07 3
8 1155 7.555903863231127e-07 3
8 1156 7.555903863232444e-07 3
8 1157 7.555903863200366e-07 3
8 1158 7.555903863200366e-07 3
8 1159 0.05776383949217874 3
8 1160 7.555903863226272e-07 3
8 1161 7.555903863232444e-07 3
8 1162 7.555903863221684e-07 3
8 1163 0.10623797938123952 3
8 1164 7.555903863181284e-07 3
8 1165 0.04466449885385645 3
8 1166 7.555903863231127e-07 3
8 1167 7.555903863200366e-07 3
8 1168 7.555903863200366e-07 3
8 1169 7.555903863181284e-07 3
8 1170 7.555903863226272e-07 3
8 1171 7.555903863226272e-07 3
8 1172 7.555903863232444e-07 3
8 1173 7.555903863226272e-07 3
8 1174 7.555903863231127e-07 3
8 1175 7.555903863231127e-07 3
8 1176 0.03979613644196771 3
8 1177 7.555903863232444e-07 3
8 1178 7.555903863181284e-07 3
8 1179 7.555903863200366e-07 3
8 1180 0.03086265302209534 3
8 1181 7.555903863231127e-07 3
8 1182 7.555903863226272e-07 3
8 1183 7.555903863181284e-07 3
8 1184 7.555903863200366e-07 3
8 1185 7.555903863232444e-07 3
8 1186 7.555903863231127e-07 3
8 1187 7.555903863231127e-07 3
8 1188 7.555903863231127e-07 3
8 1189 7.555903863226272e-07 3
8 1190 7.555903863221684e-07 3
8 1191 7.555903863181284e-07 3
8 1192 7.555903863231127e-07 3
8 1193 7.555903863232444e-07 3
8 1194 7.555903863221684e-07 3
8 1195 7.555903863181284e-07 3
8 1196 7.555903863221684e-07 3
8 1197 7.555903863226272e-07 3
8 1198 0.05616187545704535 3
8 1199 7.555903863221684e-07 3
8 1200 0.03207459821498775 3
8 1201 7.555903863231127e-07 3
8 1202 7.555903863232444e-07 3
8 1203 7.555903863231127e-07 3
8 1204 7.555903863226272e-07 3
8 1205 7.555903863181284e-07 3
8 1206 7.555903863181284e-07 3
8 1207 7.555903863200366e-07 3
8 1208 7.555903863226272e-07 3
8 1209 7.555903863231127e-07 3
8 1210 7.555903863231127e-07 3
8 1211 7.555903863181284e-07 3
8 1212 7.555903863200366e-07 3
8 1213 7.555903863221684e-07 3
8 1214 7.555903863221684e-07 3
8 1215 7.555903863226272e-07 3
8 1216 7.555903863226272e-07 3
8 1217 7.555903863181284e-07 3
8 1218 7.555903863221684e-07 3
8 1219 0.10567060327182935 3
8 1220 7.555903863231127e-07 3
8 1221 7.555903863226272e-07 3
8 1222 7.555903863181284e-07 3
8 1223 7.555903863231127e-07 3
8 1224 7.555903863231127e-07 3
8 1225 0.005351495066378107 3
8 1226 7.555903863181284e-07 3
8 1227 7.555903863226272e-07 3
8 1228 7.555903863200366e-07 3
8 1229 7.555903863221684e-07 3
8 1230 0.09543345654826851 3
8 1231 7.555903863221684e-07 3
8 1232 7.555903863231127e-07 3
8 1233 0.06463188510451241 3
8 1234 7.555903863221684e-07 3
8 1235 7.555903863221684e-07 3
8 1236 7.555903863231127e-07 3
8 1237 7.555903863200366e-07 3
8 1238 7.555903863232444e-07 3
8 1239 7.555903863226272e-07 3
8 1240 7.555903863232444e-07 3
8 1241 7.555903863200366e-07 3
8 1242 7.555903863231127e-07 3
8 1243 7.555903863200366e-07 3
8 1244 7.555903863226272e-07 3
8 1245 7.555903863181284e-07 3
8 1246 0.15156157561225234 3
8 1247 7.555903863231127e-07 3
8 1248 7.555903863226272e-07 3
8 1249 7.555903863221684e-07 3
8 1250 7.555903863232444e-07 3
8 1251 7.555903863200366e-07 3
8 1252 7.555903863200366e-07 3
8 1253 7.555903863221684e-07 3
8 1254 7.555903863231127e-07 3
8 1255 7.555903863232444e-07 3
8 1256 7.555903863181284e-07 3
8 1257 7.555903863200366e-07 3
8 1258 7.555903863231127e-07 3
8 1259 7.555903863231127e-07 3
8 1260 7.555903863226272e-07 3
8 1261 7.555903863200366e-07 3
8 1262 7.555903863200366e-07 3
8 1263 0.04332686646465365 3
8 1264 7.555903863200366e-07 3
8 1265 7.555903863226272e-07 3
8 1266 7.555903863200366e-07 3
8 1267 7.555903863231127e-07 3
8 1268 0.1383180811605824 3
8 1269 7.555903863226272e-07 3
8 1270 7.555903863200366e-07 3
8 1271 7.555903863200366e-07 3
8 1272 7.555903863226272e-07 3
8 1273 7.555903863231127e-07 3
8 1274 7.555903863221684e-07 3
8 1275 7.555903863232444e-07 3
8 1276 0.1027055809207351 3
8 1277 7.555903863181284e-07 3
8 1278 7.555903863232444e-07 3
8 1279 0.10087761111642658 3
8 1280 7.555903863232444e-07 3
8 1281 0.04332700453333511 3
8 1282 7.555903863181284e-07 3
8 1283 7.555903863232444e-07 3
8 1284 7.555903863232444e-07 3
8 1285 0.14620253402824104 3
8 1286 7.555903863232444e-07 3
8 1287 7.555903863231127e-07 3
8 1288 7.555903863231127e-07 3
8 1289 7.555903863221684e-07 3
8 1290 7.555903863181284e-07 3
8 1291 0.02443389157768993 3
8 1292 7.555903863181284e-07 3
8 1293 7.555903863200366e-07 3
8 1294 7.555903863200366e-07 3
8 1295 7.555903863231127e-07 3
8 1296 7.555903863226272e-07 3
8 1297 7.555903863221684e-07 3
8 1298 7.555903863231127e-07 3
8 1299 7.555903863232444e-07 3
8 1300 7.555903863200366e-07 3
8 1301 7.555903863231127e-07 3
8 1302 7.555903863181284e-07 3
8 1303 7.555903863200366e-07 3
8 1304 7.555903863232444e-07 3
8 1305 7.555903863231127e-07 3
8 1306 0.10176592111730123 3
8 1307 7.555903863231127e-07 3
8 1308 7.555903863232444e-07 3
8 1309 7.555903863181284e-07 3
8 1310 7.555903863200366e-07 3
8 1311 7.555903863200366e-07 3
8 1312 7.555903863200366e-07 3
8 1313 7.555903863200366e-07 3
8 1314 0.18168822136979876 3
8 1315 7.555903863181284e-07 3
8 1316 7.555903863200366e-07 3
8 1317 0.06343234128519641 3
8 1318 7.555903863232444e-07 3
8 1319 7.555903863226272e-07 3
8 1320 7.555903863200366e-07 3
8 1321 7.555903863221684e-07 3
8 1322 7.555903863200366e-07 3
8 1323 7.555903863231127e-07 3
8 1324 7.555903863226272e-07 3
8 1325 7.555903863232444e-07 3
8 1326 7.555903863226272e-07 3
8 1327 0.010433507732001971 3
8 1328 7.555903863181284e-07 3
8 1329 7.555903863232444e-07 3
8 1330 7.555903863226272e-07 3
8 1331 7.555903863232444e-07 3
8 1332 7.555903863221684e-07 3
8 1333 7.555903863226272e-07 3
8 1334 7.555903863200366e-07 3
8 1335 7.555903863226272e-07 3
8 1336 7.555903863221684e-07 3
8 1337 7.555903863221684e-07 3
8 1338 7.555903863200366e-07 3
8 1339 7.555903863232444e-07 3
8 1340 7.555903863232444e-07 3
8 1341 7.555903863181284e-07 3
8 1342 7.555903863200366e-07 3
8 1343 7.555903863221684e-07 3
8 1344 7.555903863200366e-07 3
8 1345 7.555903863181284e-07 3
8 1346 7.555903863221684e-07 3
8 1347 7.555903863200366e-07 3
8 1348 7.555903863181284e-07 3
8 1349 7.555903863232444e-07 3
8 1350 7.555903863221684e-07 3
8 1351 7.555903863200366e-07 3
8 1352 7.555903863200366e-07 3
8 1353 7.555903863232444e-07 3
8 1354 7.555903863232444e-07 3
8 1355 7.555903863221684e-07 3
8 1356 7.555903863181284e-07 3
8 1357 7.555903863232444e-07 3
8 1358 0.027756009939420536 3
8 1359 7.555903863200366e-07 3
8 1360 7.555903863232444e-07 3
8 1361 7.555903863231127e-07 3
8 1362 7.555903863226272e-07 3
8 1363 7.555903863232444e-07 3
8 1364 7.555903863226272e-07 3
8 1365 7.555903863181284e-07 3
8 1366 0.0997328180967867 3
8 1367 7.555903863181284e-07 3
8 1368 7.555903863221684e-07 3
8 1369 7.555903863226272e-07 3
8 1370 7.555903863231127e-07 3
8 1371 7.555903863232444e-07 3
8 1372 7.555903863231127e-07 3
8 1373 0.0977828238195321 3
8 1374 7.555903863221684e-07 3
8 1375 7.555903863232444e-07 3
8 1376 7.555903863226272e-07 3
8 1377 7.555903863221684e-07 3
8 1378 7.555903863221684e-07 3
8 1379 7.555903863232444e-07 3
8 1380 7.555903863181284e-07 3
8 1381 7.555903863200366e-07 3
8 1382 7.555903863231127e-07 3
8 1383 0.05983983155142697 3
8 1384 0.6033568664475493 3
8 1385 7.555903863181284e-07 3
8 1386 7.555903863226272e-07 3
8 1387 7.555903863231127e-07 3
8 1388 7.555903863200366e-07 3
8 1389 7.555903863181284e-07 3
8 1390 7.555903863200366e-07 3
8 1391 7.555903863231127e-07 3
8 1392 7.555903863231127e-07 3
8 1393 7.555903863226272e-07 3
8 1394 7.555903863231127e-07 3
8 1395 7.555903863181284e-07 3
8 1396 7.555903863231127e-07 3
8 1397 7.555903863200366e-07 3
8 1398 7.555903863231127e-07 3
8 1399 7.555903863221684e-07 3
8 1400 7.555903863226272e-07 3
8 1401 7.555903863221684e-07 3
8 1402 7.555903863200366e-07 3
8 1403 7.555903863200366e-07 3
8 1404 7.555903863232444e-07 3
8 1405 7.555903863181284e-07 3
8 1406 7.555903863226272e-07 3
8 1407 7.555903863232444e-07 3
8 1408 7.555903863226272e-07 3
8 1409 7.555903863232444e-07 3
8 1410 7.555903863226272e-07 3
8 1411 7.555903863221684e-07 3
8 1412 0.007895858593314133 3
8 1413 7.555903863200366e-07 3
8 1414 7.555903863226272e-07 3
8 1415 7.555903863200366e-07 3
8 1416 7.555903863181284e-07 3
8 1417 7.555903863231127e-07 3
8 1418 7.555903863200366e-07 3
8 1419 0.14019853542200444 3
8 1420 7.555903863231127e-07 3
8 1421 7.555903863226272e-07 3
8 1422 7.555903863231127e-07 3
8 1423 7.555903863231127e-07 3
8 1424 7.555903863226272e-07 3
8 1425 7.555903863181284e-07 3
8 1426 7.555903863181284e-07 3
8 1427 7.555903863221684e-07 3
8 1428 7.555903863200366e-07 3
8 1429 7.555903863200366e-07 3
8 1430 7.555903863232444e-07 3
8 1431 7.555903863226272e-07 3
8 1432 7.555903863231127e-07 3
8 1433 7.555903863231127e-07 3
8 1434 7.555903863231127e-07 3
8 1435 7.555903863181284e-07 3
8 1436 7.555903863232444e-07 3
8 1437 0.03658613846707242 3
8 1438 7.555903863231127e-07 3
8 1439 0.03658613846643713 3
8 1440 7.555903863231127e-07 3
8 1441 7.555903863221684e-07 3
8 1442 7.555903863231127e-07 3
8 1443 0.02738211610166275 3
8 1444 0.3791241855824408 3
8 1445 7.555903863226272e-07 3
8 1446 7.555903863221684e-07 3
8 1447 7.555903863181284e-07 3
8 1448 7.555903863200366e-07 3
8 1449 7.555903863200366e-07 3
8 1450 7.555903863221684e-07 3
8 1451 7.555903863221684e-07 3
8 1452 7.555903863221684e-07 3
8 1453 7.555903863200366e-07 3
8 1454 7.555903863231127e-07 3
8 1455 7.555903863200366e-07 3
8 1456 7.555903863231127e-07 3
8 1457 7.555903863200366e-07 3
8 1458 7.555903863221684e-07 3
8 1459 7.555903863226272e-07 3
8 1460 7.555903863181284e-07 3
8 1461 7.555903863232444e-07 3
8 1462 7.555903863200366e-07 3
8 1463 7.555903863221684e-07 3
8 1464 7.555903863231127e-07 3
8 1465 7.555903863200366e-07 3
8 1466 7.555903863231127e-07 3
8 1467 7.555903863232444e-07 3
8 1468 7.555903863181284e-07 3
8 1469 7.555903863221684e-07 3
8 1470 7.555903863231127e-07 3
8 1471 0.004795467115807317 3
8 1472 7.555903863226272e-07 3
8 1473 7.555903863200366e-07 3
8 1474 7.555903863181284e-07 3
8 1475 7.555903863226272e-07 3
8 1476 7.555903863221684e-07 3
8 1477 7.555903863232444e-07 3
8 1478 0.028501350522198356 3
8 1479 7.555903863200366e-07 3
8 1480 7.555903863231127e-07 3
8 1481 7.555903863226272e-07 3
8 1482 7.555903863181284e-07 3
8 1483 7.555903863231127e-07 3
8 1484 7.555903863200366e-07 3
8 1485 7.555903863226272e-07 3
8 1486 7.555903863226272e-07 3
8 1487 7.555903863221684e-07 3
8 1488 7.555903863231127e-07 3
8 1489 7.555903863221684e-07 3
8 1490 7.555903863221684e-07 3
8 1491 0.09543345653519049 3
8 1492 7.555903863226272e-07 3
8 1493 0.09815724533482673 3
8 1494 7.555903863231127e-07 3
8 1495 7.555903863232444e-07 3
8 1496 7.555903863221684e-07 3
8 1497 7.555903863232444e-07 3
8 1498 7.555903863181284e-07 3
8 1499 0.028494801882408098 3
8 1500 0.031089247939078267 3
8 1501 7.555903863226272e-07 3
8 1502 0.03086265302209534 3
8 1503 7.555903863181284e-07 3
8 1504 0.14002024393798396 3
8 1505 7.555903863221684e-07 3
8 1506 7.555903863226272e-07 3
8 1507 7.555903863181284e-07 3
8 1508 7.555903863181284e-07 3
8 1509 7.555903863200366e-07 3
8 1510 7.555903863232444e-07 3
8 1511 7.555903863221684e-07 3
8 1512 7.555903863232444e-07 3
8 1513 7.555903863232444e-07 3
8 1514 7.555903863231127e-07 3
8 1515 7.555903863226272e-07 3
8 1516 7.555903863200366e-07 3
8 1517 7.555903863226272e-07 3
8 1518 7.555903863221684e-07 3
8 1519 7.555903863221684e-07 3
8 1520 7.555903863221684e-07 3
8 1521 7.555903863232444e-07 3
8 1522 7.555903863226272e-07 3
8 1523 7.555903863232444e-07 3
8 1524 7.555903863181284e-07 3
8 1525 7.555903863232444e-07 3
8 1526 7.555903863226272e-07 3
8 1527 7.555903863232444e-07 3
8 1528 7.555903863181284e-07 3
8 1529 7.555903863231127e-07 3
8 1530 7.555903863181284e-07 3
8 1531 7.555903863231127e-07 3
8 1532 7.555903863231127e-07 3
8 1533 7.555903863200366e-07 3
8 1534 7.555903863200366e-07 3
8 1535 7.555903863231127e-07 3
8 1536 7.555903863231127e-07 3
8 1537 7.555903863181284e-07 3
8 1538 7.555903863200366e-07 3
8 1539 7.555903863181284e-07 3
8 1540 7.555903863181284e-07 3
8 1541 7.555903863181284e-07 3
8 1542 0.028321679822512137 3
8 1543 7.555903863200366e-07 3
8 1544 7.555903863231127e-07 3
8 1545 7.555903863181284e-07 3
8 1546 7.555903863231127e-07 3
8 1547 7.555903863226272e-07 3
8 1548 0.09186364420784829 3
8 1549 7.555903863231127e-07 3
8 1550 7.555903863221684e-07 3
8 1551 7.555903863221684e-07 3
8 1552 7.555903863221684e-07 3
8 1553 7.555903863232444e-07 3
8 1554 0.059839831548893455 3
8 1555 7.555903863232444e-07 3
8 1556 0.14822558847957454 3
8 1557 7.555903863221684e-07 3
8 1558 7.555903863231127e-07 3
8 1559 7.555903863231127e-07 3
8 1560 7.555903863200366e-07 3
8 1561 7.555903863221684e-07 3
8 1562 7.555903863221684e-07 3
8 1563 7.555903863221684e-07 3
8 1564 7.555903863231127e-07 3
8 1565 0.04466449885385889 3
8 1566 0.09882465985460158 3
8 1567 7.555903863226272e-07 3
8 1568 7.555903863200366e-07 3
8 1569 7.555903863226272e-07 3
8 1570 7.555903863232444e-07 3
8 1571 7.555903863221684e-07 3
8 1572 7.555903863200366e-07 3
8 1573 7.555903863231127e-07 3
8 1574 7.555903863231127e-07 3
8 1575 7.555903863226272e-07 3
8 1576 7.555903863221684e-07 3
8 1577 7.555903863226272e-07 3
8 1578 7.555903863221684e-07 3
8 1579 7.555903863226272e-07 3
8 1580 7.555903863231127e-07 3
8 1581 7.555903863221684e-07 3
8 1582 7.555903863232444e-07 3
8 1583 7.555903863200366e-07 3
8 1584 0.024012840474143416 3
8 1585 7.555903863200366e-07 3
8 1586 7.555903863221684e-07 3
8 1587 7.555903863200366e-07 3
8 1588 7.555903863231127e-07 3
8 1589 0.14019853546295313 3
8 1590 7.555903863200366e-07 3
8 1591 7.555903863231127e-07 3
8 1592 7.555903863232444e-07 3
8 1593 7.555903863200366e-07 3
8 1594 7.555903863200366e-07 3
8 1595 7.555903863226272e-07 3
8 1596 7.555903863232444e-07 3
8 1597 7.555903863226272e-07 3
8 1598 0.010433507732001971 3
8 1599 0.03055416060453154 3
8 1600 7.555903863200366e-07 3
8 1601 7.555903863181284e-07 3
8 1602 7.555903863200366e-07 3
8 1603 7.555903863200366e-07 3
8 1604 7.555903863221684e-07 3
8 1605 0.03086265301747559 3
8 1606 7.555903863181284e-07 3
8 1607 0.018004174407225078 3
8 1608 7.555903863200366e-07 3
8 1609 0.09815724548158497 3
8 1610 0.027382116138952885 3
8 1611 7.555903863231127e-07 3
8 1612 7.555903863231127e-07 3
8 1613 7.555903863200366e-07 3
8 1614 7.555903863232444e-07 3
8 1615 7.555903863232444e-07 3
8 1616 7.555903863221684e-07 3
8 1617 7.555903863200366e-07 3
8 1618 7.555903863226272e-07 3
8 1619 7.555903863232444e-07 3
8 1620 7.555903863221684e-07 3
8 1621 7.555903863200366e-07 3
8 1622 7.555903863181284e-07 3
8 1623 7.555903863200366e-07 3
8 1624 7.555903863226272e-07 3
8 1625 7.555903863221684e-07 3
8 1626 7.555903863181284e-07 3
8 1627 7.555903863181284e-07 3
8 1628 0.04127948124625209 3
8 1629 7.555903863231127e-07 3
8 1630 7.555903863181284e-07 3
8 1631 7.555903863231127e-07 3
8 1632 7.555903863221684e-07 3
8 1633 7.555903863200366e-07 3
8 1634 7.555903863231127e-07 3
8 1635 7.555903863232444e-07 3
8 1636 7.555903863181284e-07 3
8 1637 7.555903863232444e-07 3
8 1638 7.555903863181284e-07 3
8 1639 7.555903863221684e-07 3
8 1640 0.003033188025350772 3
8 1641 7.555903863232444e-07 3
8 1642 7.555903863200366e-07 3
8 1643 7.555903863226272e-07 3
8 1644 7.555903863226272e-07 3
8 1645 7.555903863226272e-07 3
8 1646 7.555903863181284e-07 3
8 1647 7.555903863232444e-07 3
8 1648 7.555903863231127e-07 3
8 1649 7.555903863181284e-07 3
8 1650 7.555903863231127e-07 3
8 1651 7.555903863232444e-07 3
8 1652 7.555903863181284e-07 3
8 1653 7.555903863232444e-07 3
8 1654 7.555903863221684e-07 3
8 1655 7.555903863221684e-07 3
8 1656 7.555903863221684e-07 3
8 1657 7.555903863181284e-07 3
8 1658 7.555903863226272e-07 3
8 1659 7.555903863221684e-07 3
8 1660 7.555903863232444e-07 3
8 1661 7.555903863232444e-07 3
8 1662 7.555903863226272e-07 3
8 1663 7.555903863226272e-07 3
8 1664 7.555903863232444e-07 3
8 1665 7.555903863221684e-07 3
8 1666 7.555903863226272e-07 3
8 1667 7.555903863226272e-07 3
8 1668 7.555903863232444e-07 3
8 1669 7.555903863181284e-07 3
8 1670 7.555903863221684e-07 3
8 1671 7.555903863221684e-07 3
8 1672 0.14019853545622332 3
8 1673 7.555903863226272e-07 3
8 1674 7.555903863231127e-07 3
8 1675 7.555903863221684e-07 3
8 1676 7.555903863221684e-07 3
8 1677 7.555903863181284e-07 3
8 1678 0.05616187545704535 3
8 1679 7.555903863232444e-07 3
8 1680 7.555903863231127e-07 3
8 1681 0.11988339120144656 3
8 1682 7.555903863231127e-07 3
8 1683 7.555903863221684e-07 3
8 1684 7.555903863231127e-07 3
8 1685 7.555903863226272e-07 3
8 1686 7.555903863181284e-07 3
8 1687 7.555903863231127e-07 3
8 1688 7.555903863181284e-07 3
8 1689 7.555903863232444e-07 3
8 1690 7.555903863181284e-07 3
8 1691 7.555903863221684e-07 3
8 1692 7.555903863226272e-07 3
8 1693 7.555903863226272e-07 3
8 1694 7.555903863232444e-07 3
8 1695 7.555903863226272e-07 3
8 1696 7.555903863221684e-07 3
8 1697 7.555903863181284e-07 3
8 1698 7.555903863200366e-07 3
8 1699 7.555903863221684e-07 3
8 1700 7.555903863181284e-07 3
8 1701 7.555903863226272e-07 3
8 1702 0.09778282381217958 3
8 1703 7.555903863200366e-07 3
8 1704 7.555903863200366e-07 3
8 1705 7.555903863232444e-07 3
8 1706 7.555903863232444e-07 3
8 1707 7.555903863221684e-07 3
8 1708 7.555903863200366e-07 3
8 1709 7.555903863232444e-07 3
8 1710 7.555903863221684e-07 3
8 1711 7.555903863232444e-07 3
8 1712 7.555903863181284e-07 3
8 1713 7.555903863232444e-07 3
8 1714 7.555903863226272e-07 3
8 1715 7.555903863232444e-07 3
8 1716 7.555903863226272e-07 3
8 1717 7.555903863200366e-07 3
8 1718 0.04127948124625209 3
8 1719 0.7174984904976212 3
8 1720 7.555903863221684e-07 3
8 1721 7.555903863221684e-07 3
8 1722 7.555903863226272e-07 3
8 1723 7.555903863231127e-07 3
8 1724 7.555903863231127e-07 3
8 1725 7.555903863232444e-07 3
8 1726 7.555903863232444e-07 3
8 1727 0.09364411656335075 3
8 1728 7.555903863181284e-07 3
8 1729 7.555903863232444e-07 3
8 1730 7.555903863232444e-07 3
8 1731 7.555903863200366e-07 3
8 1732 7.555903863181284e-07 3
8 1733 7.555903863231127e-07 3
8 1734 7.555903863226272e-07 3
8 1735 7.555903863221684e-07 3
8 1736 7.555903863181284e-07 3
8 1737 7.555903863221684e-07 3
8 1738 7.555903863221684e-07 3
8 1739 7.555903863181284e-07 3
8 1740 7.555903863200366e-07 3
8 1741 7.555903863181284e-07 3
8 1742 7.555903863181284e-07 3
8 1743 7.555903863232444e-07 3
8 1744 0.059839831550799964 3
8 1745 7.555903863200366e-07 3
8 1746 7.555903863200366e-07 3
8 1747 7.555903863232444e-07 3
8 1748 7.555903863231127e-07 3
8 1749 7.555903863231127e-07 3
8 1750 7.555903863232444e-07 3
8 1751 7.555903863231127e-07 3
8 1752 7.555903863232444e-07 3
8 1753 7.555903863232444e-07 3
8 1754 7.555903863232444e-07 3
8 1755 7.555903863226272e-07 3
8 1756 7.555903863226272e-07 3
8 1757 7.555903863200366e-07 3
8 1758 7.555903863226272e-07 3
8 1759 7.555903863232444e-07 3
8 1760 7.555903863181284e-07 3
8 1761 7.555903863231127e-07 3
8 1762 7.555903863231127e-07 3
8 1763 7.555903863221684e-07 3
8 1764 7.555903863221684e-07 3
8 1765 7.555903863231127e-07 3
8 1766 7.555903863226272e-07 3
8 1767 0.011655564593507473 3
8 1768 7.555903863200366e-07 3
8 1769 7.555903863226272e-07 3
8 1770 7.555903863200366e-07 3
8 1771 7.555903863221684e-07 3
8 1772 7.555903863181284e-07 3
8 1773 7.555903863231127e-07 3
8 1774 7.555903863232444e-07 3
8 1775 7.555903863231127e-07 3
8 1776 7.555903863231127e-07 3
8 1777 7.555903863231127e-07 3
8 1778 7.555903863221684e-07 3
8 1779 7.555903863231127e-07 3
8 1780 7.555903863221684e-07 3
8 1781 7.555903863231127e-07 3
8 1782 7.555903863231127e-07 3
8 1783 7.555903863181284e-07 3
8 1784 7.555903863181284e-07 3
8 1785 0.14560561529390595 3
8 1786 7.555903863200366e-07 3
8 1787 7.555903863232444e-07 3
8 1788 7.555903863226272e-07 3
8 1789 7.555903863232444e-07 3
8 1790 7.555903863181284e-07 3
8 1791 7.555903863181284e-07 3
8 1792 0.05391076696947717 3
8 1793 7.555903863226272e-07 3
8 1794 7.555903863221684e-07 3
8 1795 7.555903863226272e-07 3
8 1796 7.555903863181284e-07 3
8 1797 7.555903863181284e-07 3
8 1798 7.555903863181284e-07 3
8 1799 7.555903863232444e-07 3
8 1800 7.555903863231127e-07 3
8 1801 7.555903863231127e-07 3
8 1802 7.555903863231127e-07 3
8 1803 7.555903863226272e-07 3
8 1804 7.555903863231127e-07 3
8 1805 7.555903863226272e-07 3
8 1806 7.555903863221684e-07 3
8 1807 7.555903863232444e-07 3
8 1808 7.555903863221684e-07 3
8 1809 7.555903863231127e-07 3
8 1810 7.555903863221684e-07 3
8 1811 7.555903863226272e-07 3
8 1812 7.555903863181284e-07 3
8 1813 7.555903863231127e-07 3
8 1814 7.555903863221684e-07 3
8 1815 7.555903863232444e-07 3
8 1816 7.555903863232444e-07 3
8 1817 0.09973281809678375 3
8 1818 7.555903863232444e-07 3
8 1819 7.555903863200366e-07 3
8 1820 7.555903863181284e-07 3
8 1821 7.555903863226272e-07 3
8 1822 7.555903863181284e-07 3
8 1823 7.555903863231127e-07 3
8 1824 7.555903863181284e-07 3
8 1825 7.555903863200366e-07 3
8 1826 7.555903863200366e-07 3
8 1827 7.555903863200366e-07 3
8 1828 7.555903863231127e-07 3
8 1829 7.555903863181284e-07 3
8 1830 7.555903863232444e-07 3
8 1831 7.555903863231127e-07 3
8 1832 0.2184771925270548 3
8 1833 7.555903863232444e-07 3
8 1834 0.11984830616146377 3
8 1835 7.555903863231127e-07 3
8 1836 7.555903863221684e-07 3
8 1837 7.555903863231127e-07 3
8 1838 7.555903863226272e-07 3
8 1839 7.555903863181284e-07 3
8 1840 7.555903863200366e-07 3
8 1841 7.555903863200366e-07 3
8 1842 7.555903863226272e-07 3
8 1843 7.555903863200366e-07 3
8 1844 7.555903863232444e-07 3
8 1845 7.555903863181284e-07 3
8 1846 7.555903863226272e-07 3
8 1847 7.555903863231127e-07 3
8 1848 7.555903863226272e-07 3
8 1849 7.555903863200366e-07 3
8 1850 7.555903863221684e-07 3
8 1851 7.555903863200366e-07 3
8 1852 7.555903863232444e-07 3
8 1853 7.555903863226272e-07 3
8 1854 7.555903863200366e-07 3
8 1855 7.555903863226272e-07 3
8 1856 0.0970700901366141 3
8 1857 7.555903863226272e-07 3
8 1858 7.555903863181284e-07 3
8 1859 7.555903863200366e-07 3
8 1860 7.555903863226272e-07 3
8 1861 7.555903863200366e-07 3
8 1862 7.555903863200366e-07 3
8 1863 7.555903863232444e-07 3
8 1864 7.555903863181284e-07 3
8 1865 7.555903863231127e-07 3
8 1866 7.555903863232444e-07 3
8 1867 7.555903863181284e-07 3
8 1868 7.555903863226272e-07 3
8 1869 7.555903863226272e-07 3
8 1870 7.555903863181284e-07 3
8 1871 7.555903863181284e-07 3
8 1872 7.555903863221684e-07 3
8 1873 7.555903863231127e-07 3
8 1874 7.555903863232444e-07 3
8 1875 7.555903863226272e-07 3
8 1876 7.555903863200366e-07 3
8 1877 7.555903863181284e-07 3
8 1878 7.555903863231127e-07 3
8 1879 7.555903863200366e-07 3
8 1880 7.555903863232444e-07 3
8 1881 7.555903863200366e-07 3
8 1882 7.555903863232444e-07 3
8 1883 7.555903863231127e-07 3
8 1884 7.555903863221684e-07 3
8 1885 7.555903863221684e-07 3
8 1886 7.555903863200366e-07 3
8 1887 7.555903863226272e-07 3
8 1888 7.555903863232444e-07 3
8 1889 7.555903863232444e-07 3
8 1890 7.555903863231127e-07 3
8 1891 7.555903863231127e-07 3
8 1892 7.555903863232444e-07 3
8 1893 7.555903863200366e-07 3
8 1894 7.555903863231127e-07 3
8 1895 7.555903863232444e-07 3
8 1896 7.555903863231127e-07 3
8 1897 7.555903863221684e-07 3
8 1898 0.01165556459353495 3
8 1899 7.555903863181284e-07 3
8 1900 0.011655564593522693 3
8 1901 7.555903863181284e-07 3
8 1902 7.555903863232444e-07 3
8 1903 7.555903863221684e-07 3
8 1904 7.555903863181284e-07 3
8 1905 7.555903863231127e-07 3
8 1906 7.555903863181284e-07 3
8 1907 7.555903863181284e-07 3
8 1908 7.555903863181284e-07 3
8 1909 7.555903863200366e-07 3
8 1910 7.555903863181284e-07 3
8 1911 7.555903863232444e-07 3
8 1912 0.038489531009866795 3
8 1913 7.555903863226272e-07 3
8 1914 7.555903863232444e-07 3
8 1915 7.555903863232444e-07 3
8 1916 7.555903863181284e-07 3
8 1917 7.555903863232444e-07 3
8 1918 7.555903863181284e-07 3
8 1919 7.555903863200366e-07 3
8 1920 7.555903863231127e-07 3
8 1921 7.555903863181284e-07 3
8 1922 7.555903863181284e-07 3
8 1923 7.555903863181284e-07 3
8 1924 7.555903863231127e-07 3
8 1925 7.555903863232444e-07 3
8 1926 7.555903863200366e-07 3
8 1927 7.555903863232444e-07 3
8 1928 7.555903863232444e-07 3
8 1929 7.555903863231127e-07 3
8 1930 7.555903863181284e-07 3
8 1931 7.555903863231127e-07 3
8 1932 7.555903863232444e-07 3
8 1933 7.555903863232444e-07 3
8 1934 7.555903863231127e-07 3
8 1935 0.09973281809678498 3
8 1936 7.555903863221684e-07 3
8 1937 0.09548238426885806 3
8 1938 7.555903863181284e-07 3
8 1939 7.555903863226272e-07 3
8 1940 7.555903863232444e-07 3
8 1941 7.555903863232444e-07 3
8 1942 7.555903863200366e-07 3
8 1943 7.555903863181284e-07 3
8 1944 0.11931143317373245 3
8 1945 7.555903863221684e-07 3
8 1946 7.555903863221684e-07 3
8 1947 7.555903863200366e-07 3
8 1948 7.555903863200366e-07 3
8 1949 0.03842335464719754 3
8 1950 7.555903863232444e-07 3
8 1951 7.555903863200366e-07 3
8 1952 7.555903863181284e-07 3
8 1953 7.555903863200366e-07 3
8 1954 7.555903863221684e-07 3
8 1955 7.555903863226272e-07 3
8 1956 7.555903863226272e-07 3
8 1957 7.555903863221684e-07 3
8 1958 7.555903863231127e-07 3
8 1959 7.555903863226272e-07 3
8 1960 7.555903863181284e-07 3
8 1961 7.555903863181284e-07 3
8 1962 7.555903863226272e-07 3
8 1963 7.555903863232444e-07 3
8 1964 7.555903863221684e-07 3
8 1965 7.555903863221684e-07 3
8 1966 7.555903863232444e-07 3
8 1967 7.555903863221684e-07 3
8 1968 7.555903863181284e-07 3
8 1969 7.555903863226272e-07 3
8 1970 7.555903863221684e-07 3
8 1971 7.555903863231127e-07 3
8 1972 0.07533611714988651 3
8 1973 7.555903863181284e-07 3
8 1974 7.555903863226272e-07 3
8 1975 7.555903863181284e-07 3
8 1976 7.555903863226272e-07 3
8 1977 7.555903863232444e-07 3
8 1978 7.555903863232444e-07 3
8 1979 7.555903863200366e-07 3
8 1980 7.555903863226272e-07 3
8 1981 7.555903863232444e-07 3
8 1982 7.555903863232444e-07 3
8 1983 7.555903863221684e-07 3
8 1984 7.555903863231127e-07 3
8 1985 7.555903863200366e-07 3
8 1986 0.02850135052219998 3
8 1987 7.555903863231127e-07 3
8 1988 7.555903863181284e-07 3
8 1989 7.555903863200366e-07 3
8 1990 7.555903863221684e-07 3
8 1991 7.555903863181284e-07 3
8 1992 7.555903863181284e-07 3
8 1993 7.555903863221684e-07 3
8 1994 7.555903863231127e-07 3
8 1995 7.555903863181284e-07 3
8 1996 7.555903863200366e-07 3
8 1997 7.555903863181284e-07 3
8 1998 7.555903863232444e-07 3
8 1999 7.555903863221684e-07 3
9 0 7.555903863181284e-07 3
9 1 7.555903863181284e-07 3
9 2 7.555903863181284e-07 3
9 3 7.555903863181284e-07 3
9 4 7.555903863181284e-07 3
9 5 7.555903863181284e-07 3
9 6 7.555903863181284e-07 3
9 7 7.555903863181284e-07 3
9 8 7.555903863181284e-07 3
9 9 7.555903863181284e-07 3
9 10 7.555903863181284e-07 3
9 11 7.555903863181284e-07 3
9 12 7.555903863181284e-07 3
9 13 7.555903863181284e-07 3
9 14 7.555903863181284e-07 3
9 15 7.555903863181284e-07 3
9 16 7.555903863181284e-07 3
9 17 7.555903863181284e-07 3
9 18 7.555903863181284e-07 3
9 19 7.555903863181284e-07 3
9 20 7.555903863181284e-07 3
9 21 7.555903863181284e-07 3
9 22 7.555903863181284e-07 3
9 23 7.555903863181284e-07 3
9 24 7.555903863181284e-07 3
9 25 7.555903863181284e-07 3
9 26 7.555903863181284e-07 3
9 27 7.555903863181284e-07 3
9 28 7.555903863181284e-07 3
9 29 7.555903863181284e-07 3
9 30 7.555903863181284e-07 3
9 31 7.555903863181284e-07 3
9 32 7.555903863181284e-07 3
9 33 7.555903863181284e-07 3
9 34 7.555903863181284e-07 3
9 35 7.555903863181284e-07 3
9 36 7.555903863181284e-07 3
9 37 7.555903863181284e-07 3
9 38 7.555903863181284e-07 3
9 39 7.555903863181284e-07 3
9 40 7.555903863181284e-07 3
9 41 7.555903863181284e-07 3
9 42 7.555903863181284e-07 3
9 43 7.555903863181284e-07 3
9 44 7.555903863181284e-07 3
9 45 7.555903863181284e-07 3
9 46 7.555903863181284e-07 3
9 47 7.555903863181284e-07 3
9 48 7.555903863181284e-07 3
9 49 7.555903863181284e-07 3
9 50 7.555903863181284e-07 3
9 51 7.555903863181284e-07 3
9 52 7.555903863181284e-07 3
9 53 7.555903863181284e-07 3
9 54 7.555903863181284e-07 3
9 55 7.555903863181284e-07 3
9 56 7.555903863181284e-07 3
9 57 7.555903863181284e-07 3
9 58 7.555903863181284e-07 3
9 59 7.555903863181284e-07 3
9 60 7.555903863181284e-07 3
9 61 7.555903863181284e-07 3
9 62 7.555903863181284e-07 3
9 63 7.555903863181284e-07 3
9 64 7.555903863181284e-07 3
9 65 7.555903863181284e-07 3
9 66 7.555903863181284e-07 3
9 67 7.555903863181284e-07 3
9 68 7.555903863181284e-07 3
9 69 7.555903863181284e-07 3
9 70 7.555903863181284e-07 3
9 71 7.555903863181284e-07 3
9 72 7.555903863181284e-07 3
9 73 7.555903863181284e-07 3
9 74 7.555903863181284e-07 3
9 75 7.555903863181284e-07 3
9 76 7.555903863181284e-07 3
9 77 7.555903863181284e-07 3
9 78 7.555903863181284e-07 3
9 79 7.555903863181284e-07 3
9 80 7.555903863181284e-07 3
9 81 7.555903863181284e-07 3
9 82 7.555903863181284e-07 3
9 83 7.555903863181284e-07 3
9 84 7.555903863181284e-07 3
9 85 7.555903863181284e-07 3
9 86 7.555903863181284e-07 3
9 87 7.555903863181284e-07 3
9 88 7.555903863181284e-07 3
9 89 7.555903863181284e-07 3
9 90 7.555903863181284e-07 3
9 91 7.555903863181284e-07 3
9 92 7.555903863181284e-07 3
9 93 7.555903863181284e-07 3
9 94 7.555903863181284e-07 3
9 95 7.555903863181284e-07 3
9 96 7.555903863181284e-07 3
9 97 7.555903863181284e-07 3
9 98 7.555903863181284e-07 3
9 99 7.555903863181284e-07 3
9 100 7.555903863181284e-07 3
9 101 7.555903863181284e-07 3
9 102 7.555903863181284e-07 3
9 103 7.555903863181284e-07 3
9 104 7.555903863181284e-07 3
9 105 7.555903863181284e-07 3
9 106 7.555903863181284e-07 3
9 107 7.555903863181284e-07 3
9 108 7.555903863181284e-07 3
9 109 7.555903863181284e-07 3
9 110 7.555903863181284e-07 3
9 111 7.555903863181284e-07 3
9 112 7.555903863181284e-07 3
9 113 7.555903863181284e-07 3
9 114 7.555903863181284e-07 3
9 115 7.555903863181284e-07 3
9 116 7.555903863181284e-07 3
9 117 7.555903863181284e-07 3
9 118 7.555903863181284e-07 3
9 119 7.555903863181284e-07 3
9 120 7.555903863181284e-07 3
9 121 7.555903863181284e-07 3
9 122 7.555903863181284e-07 3
9 123 7.555903863181284e-07 3
9 124 7.555903863181284e-07 3
9 125 7.555903863181284e-07 3
9 126 7.555903863181284e-07 3
9 127 7.555903863181284e-07 3
9 128 7.555903863181284e-07 3
9 129 7.555903863181284e-07 3
9 130 7.555903863181284e-07 3
9 131 7.555903863181284e-07 3
9 132 7.555903863181284e-07 3
9 133 7.555903863181284e-07 3
9 134 7.555903863181284e-07 3
9 135 7.555903863181284e-07 3
9 136 7.555903863181284e-07 3
9 137 7.555903863181284e-07 3
9 138 7.555903863181284e-07 3
9 139 7.555903863181284e-07 3
9 140 7.555903863181284e-07 3
9 141 7.555903863181284e-07 3
9 142 7.555903863181284e-07 3
9 143 7.555903863181284e-07 3
9 144 7.555903863181284e-07 3
9 145 7.555903863181284e-07 3
9 146 7.555903863181284e-07 3
9 147 7.555903863181284e-07 3
9 148 7.555903863181284e-07 3
9 149 7.555903863181284e-07 3
9 150 7.555903863181284e-07 3
9 151 7.555903863181284e-07 3
9 152 7.555903863181284e-07 3
9 153 7.555903863181284e-07 3
9 154 7.555903863181284e-07 3
9 155 7.555903863181284e-07 3
9 156 7.555903863181284e-07 3
9 157 7.555903863181284e-07 3
9 158 7.555903863181284e-07 3
9 159 7.555903863181284e-07 3
9 160 7.555903863181284e-07 3
9 161 7.555903863181284e-07 3
9 162 7.555903863181284e-07 3
9 163 7.555903863181284e-07 3
9 164 7.555903863181284e-07 3
9 165 7.555903863181284e-07 3
9 166 7.555903863181284e-07 3
9 167 7.555903863181284e-07 3
9 168 7.555903863181284e-07 3
9 169 7.555903863181284e-07 3
9 170 7.555903863181284e-07 3
9 171 7.555903863181284e-07 3
9 172 7.555903863181284e-07 3
9 173 7.555903863181284e-07 3
9 174 7.555903863181284e-07 3
9 175 7.555903863181284e-07 3
9 176 7.555903863181284e-07 3
9 177 7.555903863181284e-07 3
9 178 7.555903863181284e-07 3
9 179 7.555903863181284e-07 3
9 180 7.555903863181284e-07 3
9 181 7.555903863181284e-07 3
9 182 7.555903863181284e-07 3
9 183 7.555903863181284e-07 3
9 184 7.555903863181284e-07 3
9 185 7.555903863181284e-07 3
9 186 7.555903863181284e-07 3
9 187 7.555903863181284e-07 3
9 188 7.555903863181284e-07 3
9 189 7.555903863181284e-07 3
9 190 7.555903863181284e-07 3
9 191 7.555903863181284e-07 3
9 192 7.555903863181284e-07 3
9 193 7.555903863181284e-07 3
9 194 7.555903863181284e-07 3
9 195 7.555903863181284e-07 3
9 196 7.555903863181284e-07 3
9 197 7.555903863181284e-07 3
9 198 7.555903863181284e-07 3
9 199 7.555903863181284e-07 3
9 200 7.555903863200366e-07 3
9 201 7.555903863232444e-07 3
9 202 7.555903863221684e-07 3
9 203 7.555903863200366e-07 3
9 204 0.13485260827469478 3
9 205 7.555903863231127e-07 3
9 206 7.555903863231127e-07 3
9 207 7.555903863232444e-07 3
9 208 7.555903863231127e-07 3
9 209 7.555903863226272e-07 3
9 210 7.555903863181284e-07 3
9 211 7.555903863221684e-07 3
9 212 7.555903863231127e-07 3
9 213 7.555903863221684e-07 3
9 214 7.555903863181284e-07 3
9 215 7.555903863226272e-07 3
9 216 7.555903863232444e-07 3
9 217 7.555903863181284e-07 3
9 218 7.555903863232444e-07 3
9 219 7.555903863231127e-07 3
9 220 7.555903863231127e-07 3
9 221 7.555903863181284e-07 3
9 222 7.555903863226272e-07 3
9 223 7.555903863232444e-07 3
9 224 7.555903863221684e-07 3
9 225 7.555903863226272e-07 3
9 226 7.555903863226272e-07 3
9 227 7.555903863181284e-07 3
9 228 7.555903863232444e-07 3
9 229 7.555903863231127e-07 3
9 230 7.555903863232444e-07 3
9 231 0.24475797718958464 3
9 232 7.555903863231127e-07 3
9 233 2.3353243024747625 3
9 234 7.555903863231127e-07 3
9 235 7.555903863221684e-07 3
9 236 7.555903863200366e-07 3
9 237 7.555903863231127e-07 3
9 238 7.555903863231127e-07 3
9 239 7.555903863226272e-07 3
9 240 7.555903863221684e-07 3
9 241 7.555903863200366e-07 3
9 242 7.555903863200366e-07 3
9 243 7.555903863200366e-07 3
9 244 7.555903863200366e-07 3
9 245 7.555903863226272e-07 3
9 246 7.555903863181284e-07 3
9 247 7.555903863221684e-07 3
9 248 7.555903863226272e-07 3
9 249 7.555903863232444e-07 3
9 250 7.555903863226272e-07 3
9 251 7.555903863200366e-07 3
9 252 7.555903863221684e-07 3
9 253 0.02610003223605166 3
9 254 7.555903863221684e-07 3
9 255 7.555903863221684e-07 3
9 256 7.555903863232444e-07 3
9 257 7.555903863231127e-07 3
9 258 7.555903863221684e-07 3
9 259 7.555903863200366e-07 3
9 260 7.555903863181284e-07 3
9 261 7.555903863226272e-07 3
9 262 0.1531151567100994 3
9 263 7.555903863226272e-07 3
9 264 7.555903863221684e-07 3
9 265 7.555903863181284e-07 3
9 266 7.555903863232444e-07 3
9 267 7.555903863232444e-07 3
9 268 7.555903863181284e-07 3
9 269 7.555903863232444e-07 3
9 270 7.555903863200366e-07 3
9 271 7.555903863226272e-07 3
9 272 7.555903863226272e-07 3
9 273 0.01127727349840922 3
9 274 7.555903863221684e-07 3
9 275 7.555903863231127e-07 3
9 276 7.555903863200366e-07 3
9 277 7.555903863200366e-07 3
9 278 7.555903863200366e-07 3
9 279 7.555903863232444e-07 3
9 280 7.555903863232444e-07 3
9 281 0.09900331506609801 3
9 282 7.555903863181284e-07 3
9 283 7.555903863221684e-07 3
9 284 0.21113478872532263 3
9 285 0.09741704576733834 3
9 286 0.03658613846637884 3
9 287 7.555903863231127e-07 3
9 288 7.555903863181284e-07 3
9 289 7.555903863231127e-07 3
9 290 7.555903863231127e-07 3
9 291 7.555903863181284e-07 3
9 292 7.555903863226272e-07 3
9 293 0.11984830616013556 3
9 294 7.555903863221684e-07 3
9 295 7.555903863226272e-07 3
9 296 7.555903863232444e-07 3
9 297 7.555903863200366e-07 3
9 298 0.018004174407225078 3
9 299 7.555903863231127e-07 3
9 300 7.555903863226272e-07 3
9 301 7.555903863232444e-07 3
9 302 7.555903863221684e-07 3
9 303 7.555903863221684e-07 3
9 304 7.555903863231127e-07 3
9 305 7.555903863181284e-07 3
9 306 7.555903863181284e-07 3
9 307 7.555903863231127e-07 3
9 308 7.555903863232444e-07 3
9 309 7.555903863221684e-07 3
9 310 7.555903863181284e-07 3
9 311 7.555903863221684e-07 3
9 312 7.555903863221684e-07 3
9 313 7.555903863231127e-07 3
9 314 7.555903863221684e-07 3
9 315 7.555903863232444e-07 3
9 316 7.555903863232444e-07 3
9 317 7.555903863181284e-07 3
9 318 7.555903863221684e-07 3
9 319 7.555903863226272e-07 3
9 320 7.555903863200366e-07 3
9 321 7.555903863181284e-07 3
9 322 7.555903863221684e-07 3
9 323 7.555903863181284e-07 3
9 324 7.555903863181284e-07 3
9 325 7.555903863221684e-07 3
9 326 0.029857850860870987 3
9 327 7.555903863181284e-07 3
9 328 7.555903863200366e-07 3
9 329 7.555903863200366e-07 3
9 330 7.555903863221684e-07 3
9 331 7.555903863200366e-07 3
9 332 7.555903863232444e-07 3
9 333 7.555903863226272e-07 3
9 334 7.555903863226272e-07 3
9 335 7.555903863181284e-07 3
9 336 7.555903863221684e-07 3
9 337 7.555903863181284e-07 3
9 338 7.555903863232444e-07 3
9 339 7.555903863232444e-07 3
9 340 7.555903863232444e-07 3
9 341 7.555903863231127e-07 3
9 342 0.10087741474655428 3
9 343 7.555903863181284e-07 3
9 344 7.555903863200366e-07 3
9 345 7.555903863231127e-07 3
9 346 7.555903863231127e-07 3
9 347 7.555903863200366e-07 3
9 348 7.555903863231127e-07 3
9 349 7.555903863200366e-07 3
9 350 7.555903863232444e-07 3
9 351 0.053984828603216586 3
9 352 7.555903863200366e-07 3
9 353 7.555903863221684e-07 3
9 354 7.555903863232444e-07 3
9 355 7.555903863221684e-07 3
9 356 0.029707973612556605 3
9 357 7.555903863221684e-07 3
9 358 7.555903863200366e-07 3
9 359 7.555903863226272e-07 3
9 360 0.02745329215623632 3
9 361 7.555903863181284e-07 3
9 362 7.555903863181284e-07 3
9 363 7.555903863232444e-07 3
9 364 7.555903863181284e-07 3
9 365 7.555903863231127e-07 3
9 366 7.555903863181284e-07 3
9 367 7.555903863181284e-07 3
9 368 7.555903863232444e-07 3
9 369 7.555903863200366e-07 3
9 370 7.555903863231127e-07 3
9 371 7.555903863232444e-07 3
9 372 7.555903863231127e-07 3
9 373 7.555903863200366e-07 3
9 374 7.555903863181284e-07 3
9 375 7.555903863226272e-07 3
9 376 7.555903863232444e-07 3
9 377 7.555903863226272e-07 3
9 378 0.027292069854242148 3
9 379 7.555903863231127e-07 3
9 380 7.555903863221684e-07 3
9 381 7.555903863231127e-07 3
9 382 7.555903863200366e-07 3
9 383 7.555903863232444e-07 3
9 384 7.555903863221684e-07 3
9 385 7.555903863231127e-07 3
9 386 7.555903863181284e-07 3
9 387 0.11137402985217877 3
9 388 7.555903863231127e-07 3
9 389 7.555903863232444e-07 3
9 390 0.010900496899992583 3
9 391 7.555903863181284e-07 3
9 392 7.555903863226272e-07 3
9 393 7.555903863226272e-07 3
9 394 7.555903863181284e-07 3
9 395 7.555903863232444e-07 3
9 396 7.555903863221684e-07 3
9 397 7.555903863200366e-07 3
9 398 7.555903863226272e-07 3
9 399 7.555903863200366e-07 3
9 400 7.555903863232444e-07 3
9 401 7.555903863226272e-07 3
9 402 7.555903863200366e-07 3
9 403 7.555903863226272e-07 3
9 404 7.555903863231127e-07 3
9 405 7.555903863232444e-07 3
9 406 7.555903863232444e-07 3
9 407 7.555903863232444e-07 3
9 408 7.555903863226272e-07 3
9 409 7.555903863232444e-07 3
9 410 7.555903863181284e-07 3
9 411 7.555903863231127e-07 3
9 412 7.555903863181284e-07 3
9 413 7.555903863232444e-07 3
9 414 7.555903863200366e-07 3
9 415 7.555903863181284e-07 3
9 416 7.555903863226272e-07 3
9 417 7.555903863226272e-07 3
9 418 7.555903863231127e-07 3
9 419 7.555903863226272e-07 3
9 420 7.555903863181284e-07 3
9 421 7.555903863232444e-07 3
9 422 7.555903863226272e-07 3
9 423 7.555903863232444e-07 3
9 424 0.04587586713592522 3
9 425 7.555903863221684e-07 3
9 426 0.09815724533482673 3
9 427 7.555903863221684e-07 3
9 428 7.555903863181284e-07 3
9 429 7.555903863231127e-07 3
9 430 7.555903863226272e-07 3
9 431 7.555903863221684e-07 3
9 432 7.555903863232444e-07 3
9 433 0.02838745959329963 3
9 434 7.555903863232444e-07 3
9 435 7.555903863200366e-07 3
9 436 7.555903863231127e-07 3
9 437 7.555903863200366e-07 3
9 438 7.555903863231127e-07 3
9 439 7.555903863231127e-07 3
9 440 7.555903863226272e-07 3
9 441 7.555903863226272e-07 3
9 442 0.0695645710890305 3
9 443 7.555903863226272e-07 3
9 444 7.555903863200366e-07 3
9 445 7.555903863200366e-07 3
9 446 7.555903863226272e-07 3
9 447 7.555903863200366e-07 3
9 448 7.555903863226272e-07 3
9 449 0.02850135052219518 3
9 450 7.555903863200366e-07 3
9 451 7.555903863200366e-07 3
9 452 7.555903863221684e-07 3
9 453 3.384802511196863 3
9 454 7.555903863200366e-07 3
9 455 7.555903863226272e-07 3
9 456 7.555903863226272e-07 3
9 457 7.555903863231127e-07 3
9 458 7.555903863200366e-07 3
9 459 7.555903863221684e-07 3
9 460 7.555903863221684e-07 3
9 461 7.555903863231127e-07 3
9 462 7.555903863221684e-07 3
9 463 7.555903863226272e-07 3
9 464 7.555903863232444e-07 3
9 465 7.555903863232444e-07 3
9 466 7.555903863231127e-07 3
9 467 7.555903863181284e-07 3
9 468 7.555903863200366e-07 3
9 469 7.555903863231127e-07 3
9 470 7.555903863231127e-07 3
9 471 7.555903863181284e-07 3
9 472 0.011277273494721064 3
9 473 7.555903863200366e-07 3
9 474 7.555903863226272e-07 3
9 475 7.555903863226272e-07 3
9 476 7.555903863226272e-07 3
9 477 7.555903863200366e-07 3
9 478 7.555903863232444e-07 3
9 479 7.555903863226272e-07 3
9 480 7.555903863232444e-07 3
9 481 7.555903863231127e-07 3
9 482 7.555903863231127e-07 3
9 483 7.555903863231127e-07 3
9 484 7.555903863232444e-07 3
9 485 7.555903863231127e-07 3
9 486 7.555903863231127e-07 3
9 487 7.555903863226272e-07 3
9 488 7.555903863221684e-07 3
9 489 7.555903863221684e-07 3
9 490 7.555903863221684e-07 3
9 491 7.555903863232444e-07 3
9 492 7.555903863200366e-07 3
9 493 7.555903863231127e-07 3
9 494 0.13764786474144694 3
9 495 7.555903863200366e-07 3
9 496 7.555903863221684e-07 3
9 497 7.555903863200366e-07 3
9 498 7.555903863226272e-07 3
9 499 7.555903863221684e-07 3
9 500 7.555903863231127e-07 3
9 501 7.555903863181284e-07 3
9 502 7.555903863221684e-07 3
9 503 7.555903863231127e-07 3
9 504 7.555903863231127e-07 3
9 505 7.555903863226272e-07 3
9 506 7.555903863231127e-07 3
9 507 7.555903863221684e-07 3
9 508 7.555903863226272e-07 3
9 509 7.555903863232444e-07 3
9 510 7.555903863200366e-07 3
9 511 7.555903863221684e-07 3
9 512 7.555903863232444e-07 3
9 513 7.555903863231127e-07 3
9 514 7.555903863200366e-07 3
9 515 0.028564220058961084 3
9 516 0.041279481246212585 3
9 517 7.555903863181284e-07 3
9 518 7.555903863231127e-07 3
9 519 0.09676005966849413 3
9 520 7.555903863221684e-07 3
9 521 7.555903863200366e-07 3
9 522 7.555903863181284e-07 3
9 523 0.11254806754657536 3
9 524 7.555903863181284e-07 3
9 525 7.555903863226272e-07 3
9 526 7.555903863200366e-07 3
9 527 7.555903863221684e-07 3
9 528 7.555903863221684e-07 3
9 529 7.555903863226272e-07 3
9 530 7.555903863226272e-07 3
9 531 7.555903863232444e-07 3
9 532 7.555903863232444e-07 3
9 533 7.555903863200366e-07 3
9 534 7.555903863232444e-07 3
9 535 7.555903863231127e-07 3
9 536 0.038423354647213366 3
9 537 7.555903863221684e-07 3
9 538 7.555903863231127e-07 3
9 539 7.555903863221684e-07 3
9 540 7.555903863200366e-07 3
9 541 7.555903863221684e-07 3
9 542 7.555903863181284e-07 3
9 543 0.09900331506141004 3
9 544 7.555903863221684e-07 3
9 545 7.555903863200366e-07 3
9 546 7.555903863181284e-07 3
9 547 7.555903863200366e-07 3
9 548 7.555903863200366e-07 3
9 549 7.555903863232444e-07 3
9 550 7.555903863231127e-07 3
9 551 7.555903863200366e-07 3
9 552 7.555903863231127e-07 3
9 553 7.555903863200366e-07 3
9 554 7.555903863231127e-07 3
9 555 7.555903863181284e-07 3
9 556 7.555903863200366e-07 3
9 557 7.555903863231127e-07 3
9 558 7.555903863226272e-07 3
9 559 7.555903863232444e-07 3
9 560 7.555903863231127e-07 3
9 561 7.555903863232444e-07 3
9 562 7.555903863226272e-07 3
9 563 7.555903863200366e-07 3
9 564 7.555903863221684e-07 3
9 565 7.555903863181284e-07 3
9 566 7.555903863221684e-07 3
9 567 7.555903863226272e-07 3
9 568 7.555903863232444e-07 3
9 569 7.555903863232444e-07 3
9 570 0.14214656872536444 3
9 571 7.555903863200366e-07 3
9 572 7.555903863231127e-07 3
9 573 7.555903863221684e-07 3
9 574 7.555903863221684e-07 3
9 575 7.555903863181284e-07 3
9 576 7.555903863200366e-07 3
9 577 0.10265834098027782 3
9 578 7.555903863231127e-07 3
9 579 7.555903863231127e-07 3
9 580 7.555903863221684e-07 3
9 581 7.555903863232444e-07 3
9 582 7.555903863231127e-07 3
9 583 7.555903863226272e-07 3
9 584 7.555903863221684e-07 3
9 585 7.555903863232444e-07 3
9 586 7.555903863181284e-07 3
9 587 7.555903863231127e-07 3
9 588 7.555903863226272e-07 3
9 589 7.555903863181284e-07 3
9 590 7.555903863231127e-07 3
9 591 7.555903863200366e-07 3
9 592 7.555903863200366e-07 3
9 593 7.555903863181284e-07 3
9 594 7.555903863221684e-07 3
9 595 7.555903863200366e-07 3
9 596 7.555903863232444e-07 3
9 597 0.015209335411072722 3
9 598 7.555903863232444e-07 3
9 599 7.555903863221684e-07 3
9 600 7.555903863232444e-07 3
9 601 7.555903863221684e-07 3
9 602 7.555903863226272e-07 3
9 603 7.555903863232444e-07 3
9 604 7.555903863226272e-07 3
9 605 7.555903863231127e-07 3
9 606 7.555903863221684e-07 3
9 607 7.555903863231127e-07 3
9 608 7.555903863226272e-07 3
9 609 7.555903863232444e-07 3
9 610 7.555903863231127e-07 3
9 611 7.555903863200366e-07 3
9 612 7.555903863200366e-07 3
9 613 7.555903863181284e-07 3
9 614 7.555903863226272e-07 3
9 615 7.555903863231127e-07 3
9 616 7.555903863200366e-07 3
9 617 7.555903863232444e-07 3
9 618 7.555903863232444e-07 3
9 619 7.555903863181284e-07 3
9 620 7.555903863221684e-07 3
9 621 7.555903863221684e-07 3
9 622 7.555903863200366e-07 3
9 623 7.555903863231127e-07 3
9 624 7.555903863231127e-07 3
9 625 7.555903863200366e-07 3
9 626 7.555903863231127e-07 3
9 627 7.555903863226272e-07 3
9 628 7.555903863181284e-07 3
9 629 7.555903863231127e-07 3
9 630 0.1532171738466683 3
9 631 0.03747199402742525 3
9 632 7.555903863181284e-07 3
9 633 7.555903863226272e-07 3
9 634 7.555903863200366e-07 3
9 635 0.019949755581418732 3
9 636 0.09700992673063362 3
9 637 7.555903863226272e-07 3
9 638 7.555903863200366e-07 3
9 639 7.555903863232444e-07 3
9 640 7.555903863232444e-07 3
9 641 7.555903863232444e-07 3
9 642 7.555903863231127e-07 3
9 643 7.555903863200366e-07 3
9 644 7.555903863232444e-07 3
9 645 7.555903863181284e-07 3
9 646 7.555903863231127e-07 3
9 647 7.555903863226272e-07 3
9 648 7.555903863231127e-07 3
9 649 7.555903863226272e-07 3
9 650 7.555903863221684e-07 3
9 651 7.555903863181284e-07 3
9 652 7.555903863232444e-07 3
9 653 7.555903863181284e-07 3
9 654 0.14560561529390595 3
9 655 7.555903863231127e-07 3
9 656 7.555903863181284e-07 3
9 657 7.555903863181284e-07 3
9 658 7.555903863221684e-07 3
9 659 7.555903863200366e-07 3
9 660 7.555903863226272e-07 3
9 661 7.555903863181284e-07 3
9 662 7.555903863181284e-07 3
9 663 0.19470583920471043 3
9 664 7.555903863200366e-07 3
9 665 7.555903863231127e-07 3
9 666 7.555903863221684e-07 3
9 667 7.555903863181284e-07 3
9 668 7.555903863221684e-07 3
9 669 7.555903863226272e-07 3
9 670 7.555903863226272e-07 3
9 671 7.555903863200366e-07 3
9 672 7.555903863221684e-07 3
9 673 7.555903863226272e-07 3
9 674 7.555903863226272e-07 3
9 675 7.555903863221684e-07 3
9 676 7.555903863181284e-07 3
9 677 7.555903863231127e-07 3
9 678 7.555903863221684e-07 3
9 679 7.555903863232444e-07 3
9 680 7.555903863226272e-07 3
9 681 7.555903863226272e-07 3
9 682 7.555903863200366e-07 3
9 683 0.0384233546471688 3
9 684 7.555903863231127e-07 3
9 685 7.555903863226272e-07 3
9 686 7.555903863181284e-07 3
9 687 7.555903863232444e-07 3
9 688 7.555903863232444e-07 3
9 689 0.717498490325558 3
9 690 7.555903863181284e-07 3
9 691 7.555903863226272e-07 3
9 692 7.555903863221684e-07 3
9 693 7.555903863231127e-07 3
9 694 7.555903863231127e-07 3
9 695 7.555903863226272e-07 3
9 696 7.555903863181284e-07 3
9 697 7.555903863181284e-07 3
9 698 7.555903863200366e-07 3
9 699 7.555903863226272e-07 3
9 700 7.555903863232444e-07 3
9 701 7.555903863232444e-07 3
9 702 7.555903863226272e-07 3
9 703 7.555903863221684e-07 3
9 704 7.555903863226272e-07 3
9 705 0.041279481246403044 3
9 706 7.555903863221684e-07 3
9 707 7.555903863200366e-07 3
9 708 7.555903863200366e-07 3
9 709 0.1277240185320904 3
9 710 7.555903863200366e-07 3
9 711 0.06250024465422789 3
9 712 7.555903863181284e-07 3
9 713 7.555903863231127e-07 3
9 714 7.555903863181284e-07 3
9 715 7.555903863231127e-07 3
9 716 7.555903863232444e-07 3
9 717 7.555903863232444e-07 3
9 718 7.555903863231127e-07 3
9 719 0.03055416060453154 3
9 720 7.555903863181284e-07 3
9 721 0.092634725203279 3
9 722 7.555903863232444e-07 3
9 723 7.555903863200366e-07 3
9 724 7.555903863221684e-07 3
9 725 7.555903863181284e-07 3
9 726 7.555903863232444e-07 3
9 727 7.555903863226272e-07 3
9 728 7.555903863200366e-07 3
9 729 7.555903863181284e-07 3
9 730 0.028564220058961084 3
9 731 0.04587586713064862 3
9 732 7.555903863226272e-07 3
9 733 7.555903863232444e-07 3
9 734 7.555903863232444e-07 3
9 735 7.555903863181284e-07 3
9 736 7.555903863221684e-07 3
9 737 7.555903863200366e-07 3
9 738 7.555903863200366e-07 3
9 739 7.555903863231127e-07 3
9 740 7.555903863200366e-07 3
9 741 7.555903863231127e-07 3
9 742 7.555903863181284e-07 3
9 743 7.555903863232444e-07 3
9 744 7.555903863181284e-07 3
9 745 7.555903863200366e-07 3
9 746 7.555903863181284e-07 3
9 747 7.555903863231127e-07 3
9 748 7.555903863181284e-07 3
9 749 7.555903863181284e-07 3
9 750 7.555903863200366e-07 3
9 751 7.555903863232444e-07 3
9 752 7.555903863221684e-07 3
9 753 7.555903863181284e-07 3
9 754 7.555903863181284e-07 3
9 755 7.555903863181284e-07 3
9 756 7.555903863226272e-07 3
9 757 7.555903863226272e-07 3
9 758 7.555903863226272e-07 3
9 759 7.555903863221684e-07 3
9 760 7.555903863226272e-07 3
9 761 7.555903863181284e-07 3
9 762 7.555903863226272e-07 3
9 763 7.555903863232444e-07 3
9 764 7.555903863200366e-07 3
9 765 7.555903863231127e-07 3
9 766 7.555903863200366e-07 3
9 767 7.555903863231127e-07 3
9 768 7.555903863221684e-07 3
9 769 7.555903863231127e-07 3
9 770 7.555903863231127e-07 3
9 771 7.555903863231127e-07 3
9 772 7.555903863200366e-07 3
9 773 7.555903863231127e-07 3
9 774 7.555903863181284e-07 3
9 775 7.555903863231127e-07 3
9 776 7.555903863226272e-07 3
9 777 7.555903863231127e-07 3
9 778 7.555903863181284e-07 3
9 779 0.015920406008596108 3
9 780 7.555903863231127e-07 3
9 781 7.555903863181284e-07 3
9 782 0.02647142764433722 3
9 783 7.555903863200366e-07 3
9 784 7.555903863226272e-07 3
9 785 7.555903863231127e-07 3
9 786 7.555903863231127e-07 3
9 787 7.555903863232444e-07 3
9 788 7.555903863231127e-07 3
9 789 7.555903863232444e-07 3
9 790 7.555903863181284e-07 3
9 791 7.555903863231127e-07 3
9 792 7.555903863181284e-07 3
9 793 7.555903863231127e-07 3
9 794 7.555903863221684e-07 3
9 795 7.555903863181284e-07 3
9 796 7.555903863231127e-07 3
9 797 7.555903863221684e-07 3
9 798 7.555903863231127e-07 3
9 799 7.555903863200366e-07 3
9 800 7.555903863231127e-07 3
9 801 7.555903863181284e-07 3
9 802 7.555903863231127e-07 3
9 803 7.555903863200366e-07 3
9 804 7.555903863181284e-07 3
9 805 7.555903863226272e-07 3
9 806 7.555903863200366e-07 3
9 807 7.555903863231127e-07 3
9 808 7.555903863221684e-07 3
9 809 0.09516953309707246 3
9 810 7.555903863221684e-07 3
9 811 7.555903863232444e-07 3
9 812 7.555903863226272e-07 3
9 813 7.555903863200366e-07 3
9 814 7.555903863200366e-07 3
9 815 7.555903863231127e-07 3
9 816 7.555903863200366e-07 3
9 817 7.555903863200366e-07 3
9 818 7.555903863181284e-07 3
9 819 7.555903863181284e-07 3
9 820 7.555903863232444e-07 3
9 821 7.555903863200366e-07 3
9 822 7.555903863200366e-07 3
9 823 7.555903863221684e-07 3
9 824 7.555903863200366e-07 3
9 825 7.555903863181284e-07 3
9 826 7.555903863231127e-07 3
9 827 7.555903863226272e-07 3
9 828 7.555903863181284e-07 3
9 829 7.555903863232444e-07 3
9 830 7.555903863221684e-07 3
9 831 7.555903863200366e-07 3
9 832 0.05398482859776157 3
9 833 7.555903863221684e-07 3
9 834 7.555903863226272e-07 3
9 835 0.09099914616605524 3
9 836 7.555903863226272e-07 3
9 837 7.555903863200366e-07 3
9 838 7.555903863221684e-07 3
9 839 7.555903863200366e-07 3
9 840 7.555903863231127e-07 3
9 841 7.555903863231127e-07 3
9 842 7.555903863226272e-07 3
9 843 7.555903863231127e-07 3
9 844 7.555903863226272e-07 3
9 845 7.555903863232444e-07 3
9 846 7.555903863200366e-07 3
9 847 7.555903863232444e-07 3
9 848 7.555903863231127e-07 3
9 849 0.0967600596678217 3
9 850 7.555903863181284e-07 3
9 851 7.555903863232444e-07 3
9 852 7.555903863221684e-07 3
9 853 7.555903863181284e-07 3
9 854 7.555903863226272e-07 3
9 855 7.555903863181284e-07 3
9 856 7.555903863221684e-07 3
9 857 7.555903863232444e-07 3
9 858 7.555903863232444e-07 3
9 859 7.555903863221684e-07 3
9 860 7.555903863226272e-07 3
9 861 7.555903863221684e-07 3
9 862 7.555903863200366e-07 3
9 863 7.555903863200366e-07 3
9 864 7.555903863221684e-07 3
9 865 0.053984828603342215 3
9 866 7.555903863232444e-07 3
9 867 7.555903863221684e-07 3
9 868 7.555903863232444e-07 3
9 869 7.555903863200366e-07 3
9 870 7.555903863226272e-07 3
9 871 7.555903863226272e-07 3
9 872 7.555903863226272e-07 3
9 873 7.555903863226272e-07 3
9 874 0.14671942043425312 3
9 875 7.555903863181284e-07 3
9 876 7.555903863232444e-07 3
9 877 7.555903863200366e-07 3
9 878 7.555903863231127e-07 3
9 879 7.555903863231127e-07 3
9 880 7.555903863226272e-07 3
9 881 7.555903863221684e-07 3
9 882 7.555903863231127e-07 3
9 883 7.555903863231127e-07 3
9 884 7.555903863226272e-07 3
9 885 7.555903863232444e-07 3
9 886 7.555903863181284e-07 3
9 887 7.555903863232444e-07 3
9 888 7.555903863181284e-07 3
9 889 7.555903863231127e-07 3
9 890 7.555903863200366e-07 3
9 891 7.555903863231127e-07 3
9 892 7.555903863232444e-07 3
9 893 7.555903863181284e-07 3
9 894 7.555903863231127e-07 3
9 895 7.555903863221684e-07 3
9 896 7.555903863221684e-07 3
9 897 7.555903863226272e-07 3
9 898 7.555903863231127e-07 3
9 899 7.555903863221684e-07 3
9 900 7.555903863181284e-07 3
9 901 7.555903863232444e-07 3
9 902 7.555903863231127e-07 3
9 903 7.555903863181284e-07 3
9 904 7.555903863226272e-07 3
9 905 7.555903863226272e-07 3
9 906 7.555903863181284e-07 3
9 907 0.05391076696944628 3
9 908 7.555903863181284e-07 3
9 909 7.555903863231127e-07 3
9 910 7.555903863232444e-07 3
9 911 7.555903863231127e-07 3
9 912 7.555903863200366e-07 3
9 913 7.555903863200366e-07 3
9 914 7.555903863221684e-07 3
9 915 0.04466449885384867 3
9 916 7.555903863200366e-07 3
9 917 7.555903863200366e-07 3
9 918 7.555903863181284e-07 3
9 919 7.555903863200366e-07 3
9 920 7.555903863181284e-07 3
9 921 7.555903863231127e-07 3
9 922 7.555903863232444e-07 3
9 923 7.555903863181284e-07 3
9 924 7.555903863200366e-07 3
9 925 7.555903863200366e-07 3
9 926 7.555903863200366e-07 3
9 927 7.555903863221684e-07 3
9 928 7.555903863226272e-07 3
9 929 7.555903863231127e-07 3
9 930 7.555903863232444e-07 3
9 931 7.555903863221684e-07 3
9 932 7.555903863232444e-07 3
9 933 7.555903863221684e-07 3
9 934 0.14621479572032695 3
9 935 7.555903863200366e-07 3
9 936 7.555903863221684e-07 3
9 937 7.555903863200366e-07 3
9 938 7.555903863181284e-07 3
9 939 7.555903863226272e-07 3
9 940 7.555903863226272e-07 3
9 941 7.555903863231127e-07 3
9 942 7.555903863181284e-07 3
9 943 7.555903863221684e-07 3
9 944 7.555903863181284e-07 3
9 945 7.555903863200366e-07 3
9 946 7.555903863181284e-07 3
9 947 7.555903863221684e-07 3
9 948 0.1133620974138451 3
9 949 7.555903863221684e-07 3
9 950 7.555903863232444e-07 3
9 951 7.555903863232444e-07 3
9 952 0.10087742920142476 3
9 953 7.555903863181284e-07 3
9 954 7.555903863231127e-07 3
9 955 7.555903863232444e-07 3
9 956 7.555903863181284e-07 3
9 957 7.555903863200366e-07 3
9 958 7.555903863200366e-07 3
9 959 7.555903863231127e-07 3
9 960 7.555903863226272e-07 3
9 961 7.555903863231127e-07 3
9 962 7.555903863232444e-07 3
9 963 0.051511940431073204 3
9 964 7.555903863221684e-07 3
9 965 7.555903863231127e-07 3
9 966 0.21847700769983192 3
9 967 7.555903863226272e-07 3
9 968 7.555903863226272e-07 3
9 969 7.555903863231127e-07 3
9 970 0.11030940035308585 3
9 971 7.555903863226272e-07 3
9 972 7.555903863226272e-07 3
9 973 7.555903863181284e-07 3
9 974 7.555903863181284e-07 3
9 975 7.555903863231127e-07 3
9 976 7.555903863221684e-07 3
9 977 7.555903863231127e-07 3
9 978 7.555903863232444e-07 3
9 979 7.555903863221684e-07 3
9 980 7.555903863200366e-07 3
9 981 7.555903863221684e-07 3
9 982 7.555903863232444e-07 3
9 983 7.555903863232444e-07 3
9 984 7.555903863226272e-07 3
9 985 0.08451710350440969 3
9 986 7.555903863226272e-07 3
9 987 7.555903863181284e-07 3
9 988 7.555903863232444e-07 3
9 989 7.555903863221684e-07 3
9 990 7.555903863226272e-07 3
9 991 7.555903863200366e-07 3
9 992 7.555903863231127e-07 3
9 993 7.555903863231127e-07 3
9 994 7.555903863221684e-07 3
9 995 0.8044581865886263 3
9 996 7.555903863181284e-07 3
9 997 7.555903863231127e-07 3
9 998 7.555903863200366e-07 3
9 999 7.555903863221684e-07 3
9 1000 7.555903863232444e-07 3
9 1001 7.555903863226272e-07 3
9 1002 7.555903863221684e-07 3
9 1003 7.555903863200366e-07 3
9 1004 7.555903863232444e-07 3
9 1005 7.555903863232444e-07 3
9 1006 7.555903863181284e-07 3
9 1007 7.555903863226272e-07 3
9 1008 7.555903863226272e-07 3
9 1009 7.555903863226272e-07 3
9 1010 0.09186364420711476 3
9 1011 7.555903863226272e-07 3
9 1012 7.555903863231127e-07 3
9 1013 7.555903863181284e-07 3
9 1014 7.555903863200366e-07 3
9 1015 7.555903863221684e-07 3
9 1016 7.555903863232444e-07 3
9 1017 7.555903863221684e-07 3
9 1018 7.555903863221684e-07 3
9 1019 7.555903863200366e-07 3
9 1020 7.555903863181284e-07 3
9 1021 7.555903863200366e-07 3
9 1022 7.555903863226272e-07 3
9 1023 7.555903863226272e-07 3
9 1024 7.555903863221684e-07 3
9 1025 0.059551999617405406 3
9 1026 7.555903863200366e-07 3
9 1027 7.555903863221684e-07 3
9 1028 7.555903863231127e-07 3
9 1029 7.555903863200366e-07 3
9 1030 7.555903863232444e-07 3
9 1031 7.555903863232444e-07 3
9 1032 7.555903863221684e-07 3
9 1033 7.555903863221684e-07 3
9 1034 7.555903863200366e-07 3
9 1035 7.555903863200366e-07 3
9 1036 7.555903863200366e-07 3
9 1037 7.555903863221684e-07 3
9 1038 7.555903863181284e-07 3
9 1039 7.555903863231127e-07 3
9 1040 7.555903863181284e-07 3
9 1041 7.555903863181284e-07 3
9 1042 7.555903863181284e-07 3
9 1043 0.03979613644196771 3
9 1044 7.555903863221684e-07 3
9 1045 7.555903863226272e-07 3
9 1046 7.555903863231127e-07 3
9 1047 0.0365714869670969 3
9 1048 7.555903863221684e-07 3
9 1049 7.555903863181284e-07 3
9 1050 7.555903863226272e-07 3
9 1051 7.555903863181284e-07 3
9 1052 7.555903863232444e-07 3
9 1053 7.555903863200366e-07 3
9 1054 7.555903863231127e-07 3
9 1055 0.023745893276669434 3
9 1056 7.555903863221684e-07 3
9 1057 7.555903863221684e-07 3
9 1058 7.555903863181284e-07 3
9 1059 0.02707187941377355 3
9 1060 7.555903863226272e-07 3
9 1061 7.555903863200366e-07 3
9 1062 7.555903863181284e-07 3
9 1063 7.555903863181284e-07 3
9 1064 7.555903863232444e-07 3
9 1065 7.555903863181284e-07 3
9 1066 7.555903863200366e-07 3
9 1067 7.555903863181284e-07 3
9 1068 7.555903863200366e-07 3
9 1069 0.0974170457688121 3
9 1070 7.555903863221684e-07 3
9 1071 7.555903863181284e-07 3
9 1072 7.555903863200366e-07 3
9 1073 7.555903863232444e-07 3
9 1074 7.555903863221684e-07 3
9 1075 7.555903863200366e-07 3
9 1076 7.555903863232444e-07 3
9 1077 7.555903863181284e-07 3
9 1078 7.555903863226272e-07 3
9 1079 7.555903863221684e-07 3
9 1080 7.555903863232444e-07 3
9 1081 7.555903863200366e-07 3
9 1082 7.555903863231127e-07 3
9 1083 7.555903863181284e-07 3
9 1084 7.555903863200366e-07 3
9 1085 7.555903863226272e-07 3
9 1086 7.555903863226272e-07 3
9 1087 7.555903863231127e-07 3
9 1088 0.21847663806774711 3
9 1089 7.555903863231127e-07 3
9 1090 7.555903863232444e-07 3
9 1091 7.555903863221684e-07 3
9 1092 7.555903863232444e-07 3
9 1093 7.555903863200366e-07 3
9 1094 7.555903863181284e-07 3
9 1095 0.0030146300807869218 3
9 1096 7.555903863200366e-07 3
9 1097 7.555903863221684e-07 3
9 1098 7.555903863181284e-07 3
9 1099 7.555903863200366e-07 3
9 1100 7.555903863221684e-07 3
9 1101 7.555903863221684e-07 3
9 1102 7.555903863226272e-07 3
9 1103 7.555903863231127e-07 3
9 1104 7.555903863181284e-07 3
9 1105 7.555903863181284e-07 3
9 1106 0.027051874501088886 3
9 1107 7.555903863232444e-07 3
9 1108 7.555903863181284e-07 3
9 1109 7.555903863232444e-07 3
9 1110 0.027756009939568803 3
9 1111 7.555903863200366e-07 3
9 1112 7.555903863231127e-07 3
9 1113 7.555903863200366e-07 3
9 1114 7.555903863200366e-07 3
9 1115 0.7976423104273552 3
9 1116 7.555903863200366e-07 3
9 1117 7.555903863181284e-07 3
9 1118 7.555903863221684e-07 3
9 1119 7.555903863226272e-07 3
9 1120 7.555903863226272e-07 3
9 1121 7.555903863232444e-07 3
9 1122 7.555903863226272e-07 3
9 1123 7.555903863181284e-07 3
9 1124 7.555903863200366e-07 3
9 1125 7.555903863226272e-07 3
9 1126 7.555903863181284e-07 3
9 1127 7.555903863221684e-07 3
9 1128 7.555903863232444e-07 3
9 1129 7.555903863221684e-07 3
9 1130 7.555903863232444e-07 3
9 1131 7.555903863232444e-07 3
9 1132 7.555903863221684e-07 3
9 1133 7.555903863181284e-07 3
9 1134 7.555903863226272e-07 3
9 1135 2.3353243024747625 3
9 1136 7.555903863181284e-07 3
9 1137 7.555903863231127e-07 3
9 1138 0.03657147843995459 3
9 1139 7.555903863226272e-07 3
9 1140 7.555903863181284e-07 3
9 1141 7.555903863231127e-07 3
9 1142 7.555903863221684e-07 3
9 1143 7.555903863200366e-07 3
9 1144 7.555903863221684e-07 3
9 1145 7.555903863231127e-07 3
9 1146 7.555903863232444e-07 3
9 1147 7.555903863221684e-07 3
9 1148 7.555903863231127e-07 3
9 1149 7.555903863231127e-07 3
9 1150 7.555903863226272e-07 3
9 1151 7.555903863221684e-07 3
9 1152 7.555903863231127e-07 3
9 1153 7.555903863232444e-07 3
9 1154 7.555903863200366e-07 3
9 1155 7.555903863221684e-07 3
9 1156 7.555903863200366e-07 3
9 1157 7.555903863232444e-07 3
9 1158 7.555903863221684e-07 3
9 1159 7.555903863226272e-07 3
9 1160 7.555903863226272e-07 3
9 1161 7.555903863226272e-07 3
9 1162 7.555903863232444e-07 3
9 1163 7.555903863232444e-07 3
9 1164 7.555903863232444e-07 3
9 1165 7.555903863232444e-07 3
9 1166 0.053984828603216586 3
9 1167 7.555903863200366e-07 3
9 1168 7.555903863200366e-07 3
9 1169 7.555903863221684e-07 3
9 1170 7.555903863231127e-07 3
9 1171 7.555903863226272e-07 3
9 1172 7.555903863200366e-07 3
9 1173 7.555903863221684e-07 3
9 1174 7.555903863231127e-07 3
9 1175 7.555903863232444e-07 3
9 1176 7.555903863200366e-07 3
9 1177 7.555903863200366e-07 3
9 1178 7.555903863231127e-07 3
9 1179 7.555903863221684e-07 3
9 1180 7.555903863226272e-07 3
9 1181 7.555903863200366e-07 3
9 1182 0.029707973612556605 3
9 1183 7.555903863226272e-07 3
9 1184 7.555903863231127e-07 3
9 1185 7.555903863231127e-07 3
9 1186 7.555903863226272e-07 3
9 1187 7.555903863231127e-07 3
9 1188 7.555903863226272e-07 3
9 1189 7.555903863226272e-07 3
9 1190 7.555903863231127e-07 3
9 1191 0.11030940032820084 3
9 1192 7.555903863231127e-07 3
9 1193 7.555903863226272e-07 3
9 1194 7.555903863226272e-07 3
9 1195 7.555903863232444e-07 3
9 1196 7.555903863181284e-07 3
9 1197 7.555903863181284e-07 3
9 1198 7.555903863200366e-07 3
9 1199 7.555903863200366e-07 3
9 1200 7.555903863226272e-07 3
9 1201 0.13676328580692795 3
9 1202 7.555903863200366e-07 3
9 1203 7.555903863221684e-07 3
9 1204 7.555903863231127e-07 3
9 1205 7.555903863232444e-07 3
9 1206 7.555903863221684e-07 3
9 1207 7.555903863181284e-07 3
9 1208 7.555903863200366e-07 3
9 1209 7.555903863221684e-07 3
9 1210 7.555903863232444e-07 3
9 1211 7.555903863226272e-07 3
9 1212 7.555903863231127e-07 3
9 1213 7.555903863231127e-07 3
9 1214 7.555903863200366e-07 3
9 1215 7.555903863181284e-07 3
9 1216 7.555903863231127e-07 3
9 1217 7.555903863226272e-07 3
9 1218 0.13280566103342303 3
9 1219 7.555903863231127e-07 3
9 1220 7.555903863181284e-07 3
9 1221 7.555903863231127e-07 3
9 1222 7.555903863231127e-07 3
9 1223 7.555903863231127e-07 3
9 1224 7.555903863221684e-07 3
9 1225 7.555903863181284e-07 3
9 1226 7.555903863232444e-07 3
9 1227 7.555903863232444e-07 3
9 1228 7.555903863232444e-07 3
9 1229 7.555903863200366e-07 3
9 1230 7.555903863226272e-07 3
9 1231 7.555903863221684e-07 3
9 1232 7.555903863200366e-07 3
9 1233 0.02850135052219518 3
9 1234 7.555903863226272e-07 3
9 1235 7.555903863200366e-07 3
9 1236 7.555903863231127e-07 3
9 1237 7.555903863181284e-07 3
9 1238 7.555903863232444e-07 3
9 1239 0.14002024393727722 3
9 1240 7.555903863226272e-07 3
9 1241 7.555903863200366e-07 3
9 1242 7.555903863226272e-07 3
9 1243 7.555903863231127e-07 3
9 1244 7.555903863226272e-07 3
9 1245 7.555903863181284e-07 3
9 1246 7.555903863232444e-07 3
9 1247 7.555903863200366e-07 3
9 1248 7.555903863200366e-07 3
9 1249 7.555903863200366e-07 3
9 1250 7.555903863232444e-07 3
9 1251 7.555903863231127e-07 3
9 1252 7.555903863226272e-07 3
9 1253 7.555903863231127e-07 3
9 1254 7.555903863221684e-07 3
9 1255 7.555903863226272e-07 3
9 1256 7.555903863200366e-07 3
9 1257 7.555903863221684e-07 3
9 1258 7.555903863231127e-07 3
9 1259 7.555903863200366e-07 3
9 1260 7.555903863231127e-07 3
9 1261 0.17769132045025982 3
9 1262 7.555903863226272e-07 3
9 1263 7.555903863221684e-07 3
9 1264 7.555903863181284e-07 3
9 1265 7.555903863232444e-07 3
9 1266 7.555903863231127e-07 3
9 1267 7.555903863232444e-07 3
9 1268 7.555903863232444e-07 3
9 1269 0.039126060024054034 3
9 1270 7.555903863231127e-07 3
9 1271 7.555903863232444e-07 3
9 1272 7.555903863181284e-07 3
9 1273 7.555903863200366e-07 3
9 1274 7.555903863232444e-07 3
9 1275 0.15321717384016428 3
9 1276 7.555903863221684e-07 3
9 1277 7.555903863181284e-07 3
9 1278 7.555903863181284e-07 3
9 1279 7.555903863181284e-07 3
9 1280 7.555903863231127e-07 3
9 1281 7.555903863232444e-07 3
9 1282 7.555903863226272e-07 3
9 1283 7.555903863200366e-07 3
9 1284 7.555903863226272e-07 3
9 1285 0.14620253402824104 3
9 1286 7.555903863231127e-07 3
9 1287 7.555903863200366e-07 3
9 1288 7.555903863200366e-07 3
9 1289 7.555903863181284e-07 3
9 1290 7.555903863232444e-07 3
9 1291 7.555903863226272e-07 3
9 1292 7.555903863226272e-07 3
9 1293 7.555903863181284e-07 3
9 1294 7.555903863232444e-07 3
9 1295 7.555903863181284e-07 3
9 1296 0.13676328580692795 3
9 1297 7.555903863221684e-07 3
9 1298 7.555903863232444e-07 3
9 1299 7.555903863231127e-07 3
9 1300 7.555903863181284e-07 3
9 1301 7.555903863181284e-07 3
9 1302 7.555903863231127e-07 3
9 1303 0.044664498853864386 3
9 1304 7.555903863221684e-07 3
9 1305 7.555903863231127e-07 3
9 1306 7.555903863231127e-07 3
9 1307 7.555903863231127e-07 3
9 1308 7.555903863226272e-07 3
9 1309 7.555903863221684e-07 3
9 1310 0.051511940431073204 3
9 1311 7.555903863221684e-07 3
9 1312 7.555903863232444e-07 3
9 1313 7.555903863200366e-07 3
9 1314 7.555903863221684e-07 3
9 1315 7.555903863221684e-07 3
9 1316 7.555903863181284e-07 3
9 1317 7.555903863181284e-07 3
9 1318 7.555903863232444e-07 3
9 1319 7.555903863221684e-07 3
9 1320 0.015920406008193992 3
9 1321 7.555903863232444e-07 3
9 1322 7.555903863231127e-07 3
9 1323 0.21847719250932218 3
9 1324 7.555903863200366e-07 3
9 1325 7.555903863200366e-07 3
9 1326 7.555903863221684e-07 3
9 1327 7.555903863226272e-07 3
9 1328 7.555903863232444e-07 3
9 1329 7.555903863200366e-07 3
9 1330 7.555903863221684e-07 3
9 1331 0.09548238426896993 3
9 1332 7.555903863232444e-07 3
9 1333 7.555903863221684e-07 3
9 1334 7.555903863232444e-07 3
9 1335 7.555903863226272e-07 3
9 1336 0.005351495066378107 3
9 1337 7.555903863226272e-07 3
9 1338 7.555903863231127e-07 3
9 1339 7.555903863200366e-07 3
9 1340 7.555903863232444e-07 3
9 1341 7.555903863200366e-07 3
9 1342 7.555903863200366e-07 3
9 1343 0.04332683206876088 3
9 1344 7.555903863226272e-07 3
9 1345 7.555903863232444e-07 3
9 1346 7.555903863221684e-07 3
9 1347 7.555903863232444e-07 3
9 1348 7.555903863231127e-07 3
9 1349 7.555903863232444e-07 3
9 1350 7.555903863200366e-07 3
9 1351 7.555903863231127e-07 3
9 1352 7.555903863221684e-07 3
9 1353 7.555903863200366e-07 3
9 1354 7.555903863231127e-07 3
9 1355 7.555903863181284e-07 3
9 1356 7.555903863200366e-07 3
9 1357 7.555903863231127e-07 3
9 1358 7.555903863232444e-07 3
9 1359 7.555903863181284e-07 3
9 1360 7.555903863232444e-07 3
9 1361 7.555903863231127e-07 3
9 1362 7.555903863200366e-07 3
9 1363 7.555903863231127e-07 3
9 1364 7.555903863200366e-07 3
9 1365 7.555903863231127e-07 3
9 1366 7.555903863181284e-07 3
9 1367 7.555903863200366e-07 3
9 1368 7.555903863226272e-07 3
9 1369 7.555903863226272e-07 3
9 1370 7.555903863226272e-07 3
9 1371 7.555903863221684e-07 3
9 1372 7.555903863200366e-07 3
9 1373 7.555903863181284e-07 3
9 1374 7.555903863231127e-07 3
9 1375 7.555903863226272e-07 3
9 1376 7.555903863221684e-07 3
9 1377 7.555903863231127e-07 3
9 1378 7.555903863221684e-07 3
9 1379 7.555903863200366e-07 3
9 1380 7.555903863226272e-07 3
9 1381 7.555903863231127e-07 3
9 1382 7.555903863221684e-07 3
9 1383 7.555903863181284e-07 3
9 1384 7.555903863226272e-07 3
9 1385 7.555903863226272e-07 3
9 1386 0.053910766966217806 3
9 1387 7.555903863221684e-07 3
9 1388 7.555903863232444e-07 3
9 1389 7.555903863232444e-07 3
9 1390 7.555903863181284e-07 3
9 1391 7.555903863231127e-07 3
9 1392 0.19470583920843604 3
9 1393 7.555903863232444e-07 3
9 1394 7.555903863226272e-07 3
9 1395 7.555903863226272e-07 3
9 1396 7.555903863200366e-07 3
9 1397 7.555903863200366e-07 3
9 1398 7.555903863232444e-07 3
9 1399 7.555903863232444e-07 3
9 1400 7.555903863232444e-07 3
9 1401 7.555903863231127e-07 3
9 1402 7.555903863232444e-07 3
9 1403 7.555903863226272e-07 3
9 1404 7.555903863181284e-07 3
9 1405 7.555903863200366e-07 3
9 1406 7.555903863181284e-07 3
9 1407 7.555903863181284e-07 3
9 1408 7.555903863200366e-07 3
9 1409 7.555903863232444e-07 3
9 1410 0.029864727072306498 3
9 1411 7.555903863232444e-07 3
9 1412 7.555903863232444e-07 3
9 1413 7.555903863181284e-07 3
9 1414 0.1008776111199111 3
9 1415 7.555903863232444e-07 3
9 1416 7.555903863181284e-07 3
9 1417 7.555903863221684e-07 3
9 1418 7.555903863200366e-07 3
9 1419 0.08451710350440941 3
9 1420 7.555903863181284e-07 3
9 1421 7.555903863232444e-07 3
9 1422 7.555903863221684e-07 3
9 1423 7.555903863221684e-07 3
9 1424 7.555903863226272e-07 3
9 1425 7.555903863200366e-07 3
9 1426 7.555903863226272e-07 3
9 1427 7.555903863200366e-07 3
9 1428 7.555903863181284e-07 3
9 1429 7.555903863231127e-07 3
9 1430 7.555903863231127e-07 3
9 1431 7.555903863232444e-07 3
9 1432 7.555903863232444e-07 3
9 1433 7.555903863181284e-07 3
9 1434 7.555903863200366e-07 3
9 1435 7.555903863226272e-07 3
9 1436 0.0365714869670969 3
9 1437 7.555903863232444e-07 3
9 1438 0.11403506413505049 3
9 1439 7.555903863226272e-07 3
9 1440 7.555903863231127e-07 3
9 1441 7.555903863200366e-07 3
9 1442 7.555903863200366e-07 3
9 1443 7.555903863181284e-07 3
9 1444 7.555903863221684e-07 3
9 1445 7.555903863231127e-07 3
9 1446 7.555903863226272e-07 3
9 1447 7.555903863226272e-07 3
9 1448 7.555903863200366e-07 3
9 1449 7.555903863221684e-07 3
9 1450 7.555903863221684e-07 3
9 1451 7.555903863200366e-07 3
9 1452 7.555903863226272e-07 3
9 1453 7.555903863232444e-07 3
9 1454 0.09417027839182422 3
9 1455 7.555903863181284e-07 3
9 1456 7.555903863226272e-07 3
9 1457 7.555903863226272e-07 3
9 1458 7.555903863232444e-07 3
9 1459 7.555903863181284e-07 3
9 1460 7.555903863200366e-07 3
9 1461 7.555903863200366e-07 3
9 1462 1.562182337168721 3
9 1463 7.555903863221684e-07 3
9 1464 7.555903863200366e-07 3
9 1465 7.555903863181284e-07 3
9 1466 7.555903863181284e-07 3
9 1467 7.555903863226272e-07 3
9 1468 0.11030940032820084 3
9 1469 7.555903863200366e-07 3
9 1470 7.555903863226272e-07 3
9 1471 7.555903863231127e-07 3
9 1472 7.555903863181284e-07 3
9 1473 7.555903863200366e-07 3
9 1474 7.555903863221684e-07 3
9 1475 7.555903863200366e-07 3
9 1476 7.555903863221684e-07 3
9 1477 7.555903863200366e-07 3
9 1478 7.555903863231127e-07 3
9 1479 7.555903863226272e-07 3
9 1480 7.555903863232444e-07 3
9 1481 7.555903863181284e-07 3
9 1482 7.555903863181284e-07 3
9 1483 7.555903863226272e-07 3
9 1484 0.6033568662607137 3
9 1485 7.555903863231127e-07 3
9 1486 7.555903863221684e-07 3
9 1487 7.555903863181284e-07 3
9 1488 7.555903863221684e-07 3
9 1489 7.555903863181284e-07 3
9 1490 7.555903863221684e-07 3
9 1491 7.555903863221684e-07 3
9 1492 7.555903863181284e-07 3
9 1493 7.555903863221684e-07 3
9 1494 7.555903863181284e-07 3
9 1495 7.555903863221684e-07 3
9 1496 0.2100137526750943 3
9 1497 7.555903863200366e-07 3
9 1498 0.1133620974138451 3
9 1499 7.555903863221684e-07 3
9 1500 0.09364411656162827 3
9 1501 7.555903863221684e-07 3
9 1502 7.555903863226272e-07 3
9 1503 7.555903863221684e-07 3
9 1504 7.555903863200366e-07 3
9 1505 7.555903863231127e-07 3
9 1506 0.09417027839173382 3
9 1507 7.555903863221684e-07 3
9 1508 7.555903863226272e-07 3
9 1509 7.555903863232444e-07 3
9 1510 7.555903863181284e-07 3
9 1511 7.555903863221684e-07 3
9 1512 0.04543193633171967 3
9 1513 7.555903863226272e-07 3
9 1514 0.13981803823706077 3
9 1515 7.555903863200366e-07 3
9 1516 7.555903863226272e-07 3
9 1517 7.555903863200366e-07 3
9 1518 7.555903863232444e-07 3
9 1519 7.555903863226272e-07 3
9 1520 7.555903863221684e-07 3
9 1521 7.555903863232444e-07 3
9 1522 7.555903863181284e-07 3
9 1523 7.555903863231127e-07 3
9 1524 0.10869793577549093 3
9 1525 7.555903863231127e-07 3
9 1526 7.555903863231127e-07 3
9 1527 7.555903863221684e-07 3
9 1528 0.029864727072191368 3
9 1529 7.555903863200366e-07 3
9 1530 7.555903863226272e-07 3
9 1531 7.555903863232444e-07 3
9 1532 7.555903863232444e-07 3
9 1533 7.555903863232444e-07 3
9 1534 7.555903863221684e-07 3
9 1535 7.555903863200366e-07 3
9 1536 7.555903863181284e-07 3
9 1537 7.555903863221684e-07 3
9 1538 0.028758773319306288 3
9 1539 7.555903863181284e-07 3
9 1540 7.555903863226272e-07 3
9 1541 7.555903863226272e-07 3
9 1542 7.555903863231127e-07 3
9 1543 7.555903863231127e-07 3
9 1544 7.555903863232444e-07 3
9 1545 7.555903863226272e-07 3
9 1546 7.555903863232444e-07 3
9 1547 7.555903863221684e-07 3
9 1548 7.555903863221684e-07 3
9 1549 7.555903863181284e-07 3
9 1550 7.555903863231127e-07 3
9 1551 7.555903863226272e-07 3
9 1552 7.555903863200366e-07 3
9 1553 7.555903863231127e-07 3
9 1554 7.555903863200366e-07 3
9 1555 0.030554160605100012 3
9 1556 0.027217569670630253 3
9 1557 7.555903863231127e-07 3
9 1558 7.555903863226272e-07 3
9 1559 7.555903863226272e-07 3
9 1560 7.555903863231127e-07 3
9 1561 7.555903863200366e-07 3
9 1562 0.030554160604605685 3
9 1563 7.555903863221684e-07 3
9 1564 7.555903863232444e-07 3
9 1565 7.555903863181284e-07 3
9 1566 0.059839831550799964 3
9 1567 7.555903863231127e-07 3
9 1568 7.555903863226272e-07 3
9 1569 7.555903863200366e-07 3
9 1570 7.555903863231127e-07 3
9 1571 7.555903863226272e-07 3
9 1572 7.555903863232444e-07 3
9 1573 7.555903863231127e-07 3
9 1574 7.555903863200366e-07 3
9 1575 7.555903863231127e-07 3
9 1576 0.026471427988765575 3
9 1577 7.555903863226272e-07 3
9 1578 7.555903863181284e-07 3
9 1579 7.555903863221684e-07 3
9 1580 7.555903863221684e-07 3
9 1581 7.555903863232444e-07 3
9 1582 7.555903863226272e-07 3
9 1583 7.555903863181284e-07 3
9 1584 0.14393956588008716 3
9 1585 0.060809612888266876 3
9 1586 7.555903863221684e-07 3
9 1587 7.555903863231127e-07 3
9 1588 0.21847700771617065 3
9 1589 7.555903863226272e-07 3
9 1590 7.555903863221684e-07 3
9 1591 0.02986472707253855 3
9 1592 7.555903863232444e-07 3
9 1593 0.010434498859057366 3
9 1594 7.555903863232444e-07 3
9 1595 7.555903863226272e-07 3
9 1596 7.555903863231127e-07 3
9 1597 7.555903863232444e-07 3
9 1598 7.555903863200366e-07 3
9 1599 7.555903863221684e-07 3
9 1600 7.555903863181284e-07 3
9 1601 7.555903863181284e-07 3
9 1602 7.555903863200366e-07 3
9 1603 7.555903863221684e-07 3
9 1604 7.555903863231127e-07 3
9 1605 7.555903863232444e-07 3
9 1606 7.555903863181284e-07 3
9 1607 7.555903863221684e-07 3
9 1608 7.555903863232444e-07 3
9 1609 7.555903863200366e-07 3
9 1610 7.555903863221684e-07 3
9 1611 7.555903863221684e-07 3
9 1612 7.555903863221684e-07 3
9 1613 7.555903863221684e-07 3
9 1614 7.555903863200366e-07 3
9 1615 7.555903863200366e-07 3
9 1616 7.555903863181284e-07 3
9 1617 7.555903863232444e-07 3
9 1618 7.555903863231127e-07 3
9 1619 7.555903863200366e-07 3
9 1620 7.555903863181284e-07 3
9 1621 7.555903863200366e-07 3
9 1622 7.555903863181284e-07 3
9 1623 0.09705989695944128 3
9 1624 7.555903863181284e-07 3
9 1625 0.030554160604367605 3
9 1626 0.13214175398450698 3
9 1627 7.555903863226272e-07 3
9 1628 7.555903863221684e-07 3
9 1629 7.555903863231127e-07 3
9 1630 7.555903863200366e-07 3
9 1631 7.555903863200366e-07 3
9 1632 1275.7453705051255 3
9 1633 7.555903863181284e-07 3
9 1634 7.555903863221684e-07 3
9 1635 7.555903863200366e-07 3
9 1636 7.555903863226272e-07 3
9 1637 7.555903863226272e-07 3
9 1638 7.555903863181284e-07 3
9 1639 7.555903863226272e-07 3
9 1640 0.8044581872675791 3
9 1641 7.555903863200366e-07 3
9 1642 0.06003422907163495 3
9 1643 7.555903863226272e-07 3
9 1644 7.555903863221684e-07 3
9 1645 7.555903863200366e-07 3
9 1646 7.555903863181284e-07 3
9 1647 7.555903863181284e-07 3
9 1648 7.555903863200366e-07 3
9 1649 7.555903863181284e-07 3
9 1650 7.555903863231127e-07 3
9 1651 7.555903863181284e-07 3
9 1652 7.555903863181284e-07 3
9 1653 7.555903863200366e-07 3
9 1654 7.555903863226272e-07 3
9 1655 7.555903863232444e-07 3
9 1656 7.555903863221684e-07 3
9 1657 7.555903863200366e-07 3
9 1658 7.555903863200366e-07 3
9 1659 7.555903863231127e-07 3
9 1660 7.555903863181284e-07 3
9 1661 0.0997328180967853 3
9 1662 0.13676328580246777 3
9 1663 7.555903863231127e-07 3
9 1664 7.555903863226272e-07 3
9 1665 7.555903863221684e-07 3
9 1666 7.555903863231127e-07 3
9 1667 7.555903863226272e-07 3
9 1668 7.555903863200366e-07 3
9 1669 0.018004174407225362 3
9 1670 7.555903863221684e-07 3
9 1671 7.555903863231127e-07 3
9 1672 0.020219172761327245 3
9 1673 7.555903863221684e-07 3
9 1674 0.06956457108788153 3
9 1675 7.555903863181284e-07 3
9 1676 7.555903863231127e-07 3
9 1677 7.555903863226272e-07 3
9 1678 7.555903863221684e-07 3
9 1679 7.555903863200366e-07 3
9 1680 7.555903863232444e-07 3
9 1681 7.555903863200366e-07 3
9 1682 7.555903863226272e-07 3
9 1683 7.555903863226272e-07 3
9 1684 0.11223942038180894 3
9 1685 7.555903863221684e-07 3
9 1686 7.555903863232444e-07 3
9 1687 7.555903863221684e-07 3
9 1688 7.555903863226272e-07 3
9 1689 7.555903863226272e-07 3
9 1690 7.555903863226272e-07 3
9 1691 7.555903863226272e-07 3
9 1692 0.13981803823700115 3
9 1693 7.555903863232444e-07 3
9 1694 7.555903863232444e-07 3
9 1695 7.555903863232444e-07 3
9 1696 7.555903863221684e-07 3
9 1697 7.555903863232444e-07 3
9 1698 7.555903863181284e-07 3
9 1699 7.555903863232444e-07 3
9 1700 7.555903863226272e-07 3
9 1701 7.555903863226272e-07 3
9 1702 7.555903863226272e-07 3
9 1703 7.555903863226272e-07 3
9 1704 7.555903863221684e-07 3
9 1705 7.555903863231127e-07 3
9 1706 7.555903863232444e-07 3
9 1707 7.555903863232444e-07 3
9 1708 7.555903863232444e-07 3
9 1709 7.555903863181284e-07 3
9 1710 7.555903863200366e-07 3
9 1711 7.555903863226272e-07 3
9 1712 7.555903863231127e-07 3
9 1713 7.555903863200366e-07 3
9 1714 7.555903863232444e-07 3
9 1715 7.555903863226272e-07 3
9 1716 7.555903863231127e-07 3
9 1717 7.555903863200366e-07 3
9 1718 7.555903863226272e-07 3
9 1719 7.555903863226272e-07 3
9 1720 7.555903863232444e-07 3
9 1721 7.555903863221684e-07 3
9 1722 0.13764786474094995 3
9 1723 7.555903863226272e-07 3
9 1724 7.555903863221684e-07 3
9 1725 7.555903863232444e-07 3
9 1726 7.555903863232444e-07 3
9 1727 7.555903863232444e-07 3
9 1728 7.555903863226272e-07 3
9 1729 7.555903863231127e-07 3
9 1730 7.555903863232444e-07 3
9 1731 7.555903863221684e-07 3
9 1732 7.555903863226272e-07 3
9 1733 7.555903863231127e-07 3
9 1734 7.555903863200366e-07 3
9 1735 7.555903863232444e-07 3
9 1736 7.555903863200366e-07 3
9 1737 7.555903863200366e-07 3
9 1738 7.555903863231127e-07 3
9 1739 7.555903863221684e-07 3
9 1740 7.555903863226272e-07 3
9 1741 7.555903863231127e-07 3
9 1742 7.555903863226272e-07 3
9 1743 7.555903863232444e-07 3
9 1744 7.555903863231127e-07 3
9 1745 7.555903863231127e-07 3
9 1746 7.555903863226272e-07 3
9 1747 7.555903863231127e-07 3
9 1748 7.555903863221684e-07 3
9 1749 7.555903863232444e-07 3
9 1750 7.555903863232444e-07 3
9 1751 7.555903863200366e-07 3
9 1752 7.555903863200366e-07 3
9 1753 7.555903863226272e-07 3
9 1754 7.555903863221684e-07 3
9 1755 7.555903863231127e-07 3
9 1756 7.555903863231127e-07 3
9 1757 0.8154229250997889 3
9 1758 7.555903863226272e-07 3
9 1759 7.555903863231127e-07 3
9 1760 7.555903863226272e-07 3
9 1761 7.555903863200366e-07 3
9 1762 7.555903863200366e-07 3
9 1763 7.555903863181284e-07 3
9 1764 7.555903863221684e-07 3
9 1765 7.555903863181284e-07 3
9 1766 7.555903863181284e-07 3
9 1767 7.555903863200366e-07 3
9 1768 7.555903863221684e-07 3
9 1769 7.555903863221684e-07 3
9 1770 7.555903863181284e-07 3
9 1771 7.555903863226272e-07 3
9 1772 7.555903863231127e-07 3
9 1773 7.555903863231127e-07 3
9 1774 7.555903863181284e-07 3
9 1775 7.555903863231127e-07 3
9 1776 7.555903863226272e-07 3
9 1777 0.09417027839207674 3
9 1778 7.555903863200366e-07 3
9 1779 7.555903863226272e-07 3
9 1780 7.555903863200366e-07 3
9 1781 7.555903863181284e-07 3
9 1782 7.555903863221684e-07 3
9 1783 7.555903863232444e-07 3
9 1784 7.555903863226272e-07 3
9 1785 7.555903863181284e-07 3
9 1786 0.057763839492178275 3
9 1787 0.1027055811241195 3
9 1788 7.555903863226272e-07 3
9 1789 7.555903863226272e-07 3
9 1790 7.555903863221684e-07 3
9 1791 7.555903863231127e-07 3
9 1792 0.027051874501093365 3
9 1793 0.03184495630163927 3
9 1794 277.00620671705565 3
9 1795 7.555903863232444e-07 3
9 1796 7.555903863221684e-07 3
9 1797 7.555903863221684e-07 3
9 1798 0.02610003223605166 3
9 1799 7.555903863221684e-07 3
9 1800 7.555903863221684e-07 3
9 1801 7.555903863221684e-07 3
9 1802 7.555903863221684e-07 3
9 1803 7.555903863200366e-07 3
9 1804 7.555903863232444e-07 3
9 1805 7.555903863221684e-07 3
9 1806 7.555903863181284e-07 3
9 1807 7.555903863232444e-07 3
9 1808 7.555903863226272e-07 3
9 1809 7.555903863232444e-07 3
9 1810 7.555903863200366e-07 3
9 1811 7.555903863221684e-07 3
9 1812 7.555903863231127e-07 3
9 1813 7.555903863231127e-07 3
9 1814 7.555903863231127e-07 3
9 1815 7.555903863200366e-07 3
9 1816 7.555903863200366e-07 3
9 1817 7.555903863181284e-07 3
9 1818 7.555903863221684e-07 3
9 1819 7.555903863200366e-07 3
9 1820 7.555903863221684e-07 3
9 1821 7.555903863200366e-07 3
9 1822 7.555903863226272e-07 3
9 1823 7.555903863232444e-07 3
9 1824 0.027899858796726098 3
9 1825 0.10303029173965035 3
9 1826 7.555903863200366e-07 3
9 1827 7.555903863181284e-07 3
9 1828 7.555903863231127e-07 3
9 1829 7.555903863221684e-07 3
9 1830 7.555903863226272e-07 3
9 1831 7.555903863232444e-07 3
9 1832 7.555903863231127e-07 3
9 1833 7.555903863221684e-07 3
9 1834 7.555903863231127e-07 3
9 1835 7.555903863221684e-07 3
9 1836 7.555903863221684e-07 3
9 1837 7.555903863181284e-07 3
9 1838 7.555903863231127e-07 3
9 1839 7.555903863181284e-07 3
9 1840 7.555903863221684e-07 3
9 1841 7.555903863231127e-07 3
9 1842 7.555903863200366e-07 3
9 1843 7.555903863231127e-07 3
9 1844 0.026471519119167255 3
9 1845 7.555903863226272e-07 3
9 1846 7.555903863226272e-07 3
9 1847 7.555903863226272e-07 3
9 1848 7.555903863200366e-07 3
9 1849 7.555903863221684e-07 3
9 1850 7.555903863232444e-07 3
9 1851 7.555903863231127e-07 3
9 1852 7.555903863221684e-07 3
9 1853 7.555903863232444e-07 3
9 1854 7.555903863231127e-07 3
9 1855 7.555903863226272e-07 3
9 1856 7.555903863181284e-07 3
9 1857 7.555903863200366e-07 3
9 1858 7.555903863226272e-07 3
9 1859 7.555903863231127e-07 3
9 1860 7.555903863232444e-07 3
9 1861 7.555903863181284e-07 3
9 1862 7.555903863200366e-07 3
9 1863 7.555903863200366e-07 3
9 1864 7.555903863181284e-07 3
9 1865 7.555903863232444e-07 3
9 1866 7.555903863200366e-07 3
9 1867 7.555903863181284e-07 3
9 1868 7.555903863200366e-07 3
9 1869 7.555903863226272e-07 3
9 1870 7.555903863181284e-07 3
9 1871 7.555903863181284e-07 3
9 1872 7.555903863232444e-07 3
9 1873 7.555903863226272e-07 3
9 1874 7.555903863200366e-07 3
9 1875 7.555903863181284e-07 3
9 1876 7.555903863181284e-07 3
9 1877 7.555903863232444e-07 3
9 1878 7.555903863221684e-07 3
9 1879 7.555903863200366e-07 3
9 1880 0.027071879414324842 3
9 1881 7.555903863231127e-07 3
9 1882 7.555903863231127e-07 3
9 1883 7.555903863231127e-07 3
9 1884 7.555903863181284e-07 3
9 1885 0.14232585632858993 3
9 1886 7.555903863231127e-07 3
9 1887 7.555903863200366e-07 3
9 1888 7.555903863200366e-07 3
9 1889 7.555903863231127e-07 3
9 1890 7.555903863231127e-07 3
9 1891 7.555903863232444e-07 3
9 1892 7.555903863232444e-07 3
9 1893 7.555903863200366e-07 3
9 1894 7.555903863200366e-07 3
9 1895 7.555903863231127e-07 3
9 1896 0.02610012038270591 3
9 1897 0.06625751375094885 3
9 1898 0.037420430125071964 3
9 1899 7.555903863200366e-07 3
9 1900 0.0956163944854214 3
9 1901 0.027253107964561547 3
9 1902 7.555903863232444e-07 3
9 1903 7.555903863226272e-07 3
9 1904 7.555903863200366e-07 3
9 1905 7.555903863181284e-07 3
9 1906 7.555903863226272e-07 3
9 1907 7.555903863181284e-07 3
9 1908 7.555903863221684e-07 3
9 1909 7.555903863221684e-07 3
9 1910 7.555903863232444e-07 3
9 1911 7.555903863226272e-07 3
9 1912 7.555903863221684e-07 3
9 1913 7.555903863232444e-07 3
9 1914 7.555903863232444e-07 3
9 1915 7.555903863200366e-07 3
9 1916 7.555903863226272e-07 3
9 1917 1275.745380079491 3
9 1918 7.555903863231127e-07 3
9 1919 7.555903863221684e-07 3
9 1920 7.555903863181284e-07 3
9 1921 7.555903863221684e-07 3
9 1922 7.555903863221684e-07 3
9 1923 7.555903863231127e-07 3
9 1924 7.555903863226272e-07 3
9 1925 0.13485260827450254 3
9 1926 7.555903863226272e-07 3
9 1927 7.555903863232444e-07 3
9 1928 7.555903863232444e-07 3
9 1929 7.555903863231127e-07 3
9 1930 7.555903863200366e-07 3
9 1931 7.555903863232444e-07 3
9 1932 7.555903863221684e-07 3
9 1933 7.555903863231127e-07 3
9 1934 1.562182337168721 3
9 1935 7.555903863231127e-07 3
9 1936 7.555903863232444e-07 3
9 1937 7.555903863232444e-07 3
9 1938 0.1630701524473509 3
9 1939 7.555903863231127e-07 3
9 1940 7.555903863226272e-07 3
9 1941 7.555903863221684e-07 3
9 1942 7.555903863231127e-07 3
9 1943 7.555903863231127e-07 3
9 1944 7.555903863232444e-07 3
9 1945 7.555903863226272e-07 3
9 1946 7.555903863200366e-07 3
9 1947 7.555903863226272e-07 3
9 1948 7.555903863231127e-07 3
9 1949 7.555903863200366e-07 3
9 1950 7.555903863221684e-07 3
9 1951 7.555903863221684e-07 3
9 1952 7.555903863221684e-07 3
9 1953 7.555903863226272e-07 3
9 1954 7.555903863232444e-07 3
9 1955 7.555903863231127e-07 3
9 1956 7.555903863221684e-07 3
9 1957 7.555903863232444e-07 3
9 1958 7.555903863181284e-07 3
9 1959 7.555903863232444e-07 3
9 1960 7.555903863226272e-07 3
9 1961 7.555903863181284e-07 3
9 1962 7.555903863232444e-07 3
9 1963 7.555903863232444e-07 3
9 1964 7.555903863226272e-07 3
9 1965 7.555903863226272e-07 3
9 1966 7.555903863200366e-07 3
9 1967 7.555903863200366e-07 3
9 1968 7.555903863226272e-07 3
9 1969 7.555903863200366e-07 3
9 1970 0.08063241355472756 3
9 1971 7.555903863231127e-07 3
9 1972 7.555903863200366e-07 3
9 1973 7.555903863181284e-07 3
9 1974 7.555903863232444e-07 3
9 1975 277.949942459828 3
9 1976 7.555903863221684e-07 3
9 1977 7.555903863200366e-07 3
9 1978 7.555903863231127e-07 3
9 1979 7.555903863221684e-07 3
9 1980 7.555903863221684e-07 3
9 1981 7.555903863221684e-07 3
9 1982 7.555903863221684e-07 3
9 1983 7.555903863200366e-07 3
9 1984 7.555903863181284e-07 3
9 1985 7.555903863232444e-07 3
9 1986 7.555903863221684e-07 3
9 1987 0.03742043012632272 3
9 1988 7.555903863232444e-07 3
9 1989 7.555903863232444e-07 3
9 1990 7.555903863200366e-07 3
9 1991 0.010434498859057366 3
9 1992 7.555903863232444e-07 3
9 1993 0.014460919280179304 3
9 1994 7.555903863232444e-07 3
9 1995 7.555903863226272e-07 3
9 1996 7.555903863181284e-07 3
9 1997 7.555903863200366e-07 3
9 1998 0.1158773306944358 3
9 1999 7.555903863181284e-07 3
