# Time alpha-glucose beta-glucose O2 delta-glucose H2O2
0.000000000000000000e+00 3.415063632240335489e-01 1.584936367759665066e-01 5.000000000000000000e-01 0.000000000000000000e+00 0.000000000000000000e+00
2.000000000000000000e+01 3.393273013187119158e-01 1.232846359246403262e-01 4.626119372433521448e-01 3.738806275664782047e-02 3.738806275664782047e-02
4.000000000000000000e+01 3.369878409010901299e-01 9.819806284013476994e-02 4.351859037412247888e-01 6.481409625877512792e-02 6.481409625877512792e-02
6.000000000000000000e+01 3.345392944789815082e-01 7.976943395603650067e-02 4.143087284350179256e-01 8.569127156498206055e-02 8.569127156498206055e-02
8.000000000000000000e+01 3.320162165076185889e-01 6.591917469256679263e-02 3.979353912001852844e-01 1.020646087998147017e-01 1.020646087998147017e-01
1.000000000000000000e+02 3.294419864123231956e-01 5.538843255605454402e-02 3.848304189683776078e-01 1.151695810316223645e-01 1.151695810316223645e-01
1.200000000000000000e+02 3.268347890905768383e-01 4.722567442828924655e-02 3.740604635188659599e-01 1.259395364811340123e-01 1.259395364811340123e-01
1.400000000000000000e+02 3.242074453910159249e-01 4.082485321590469812e-02 3.650322986069205466e-01 1.349677013930794534e-01 1.349677013930794534e-01
1.600000000000000000e+02 3.215687225239148295e-01 3.580337310291416275e-02 3.573720956268289228e-01 1.426279043731710772e-01 1.426279043731710772e-01
1.800000000000000000e+02 3.189260269672722359e-01 3.183552787737428669e-02 3.507615548446463838e-01 1.492384451553535885e-01 1.492384451553535885e-01
2.000000000000000000e+02 3.162855665702151153e-01 2.864950745495884604e-02 3.449350740251738712e-01 1.550649259748261011e-01 1.550649259748261011e-01
2.200000000000000000e+02 3.136515473667909615e-01 2.607839817354700232e-02 3.397299455403379187e-01 1.602700544596620813e-01 1.602700544596620813e-01
2.400000000000000000e+02 3.110267694578338071e-01 2.401314922009345487e-02 3.350399186779272065e-01 1.649600813220727935e-01 1.649600813220727935e-01
2.600000000000000000e+02 3.084137420157126996e-01 2.235335209986714228e-02 3.307670941155798072e-01 1.692329058844202205e-01 1.692329058844202205e-01
2.800000000000000000e+02 3.058147104154004259e-01 2.100900293616818001e-02 3.268237133515685677e-01 1.731762866484314600e-01 1.731762866484314600e-01
3.000000000000000000e+02 3.032315983546197691e-01 1.990324416334040072e-02 3.231348425179600969e-01 1.768651574820399031e-01 1.768651574820399031e-01
3.200000000000000000e+02 3.006654755686530844e-01 1.899424835867798492e-02 3.196597239273310520e-01 1.803402760726689757e-01 1.803402760726689757e-01
3.400000000000000000e+02 2.981170393930295814e-01 1.825177672268156470e-02 3.163688161157110490e-01 1.836311838842889510e-01 1.836311838842889510e-01
3.600000000000000000e+02 2.955869514810015586e-01 1.764670638673889944e-02 3.132336578677403782e-01 1.867663421322595940e-01 1.867663421322595940e-01
3.800000000000000000e+02 2.930758262105481182e-01 1.715194186697646672e-02 3.102277680775245017e-01 1.897722319224754983e-01 1.897722319224754983e-01
4.000000000000000000e+02 2.905842306843746115e-01 1.674241506425949363e-02 3.073266457486340530e-01 1.926733542513659470e-01 1.926733542513659470e-01
4.200000000000000000e+02 2.881126044373924500e-01 1.639782883521868559e-02 3.045104332726111251e-01 1.954895667273889026e-01 1.954895667273889026e-01
4.400000000000000000e+02 2.856610227344326125e-01 1.610986327897646897e-02 3.017708860134090121e-01 1.982291139865909879e-01 1.982291139865909879e-01
4.600000000000000000e+02 2.832295253642312383e-01 1.587092211005158501e-02 2.991004474742828267e-01 2.008995525257172288e-01 2.008995525257172288e-01
4.800000000000000000e+02 2.808181561109646673e-01 1.567348867534781864e-02 2.964916447863124582e-01 2.035083552136875418e-01 2.035083552136875418e-01
5.000000000000000000e+02 2.784269596689274984e-01 1.551024479736913195e-02 2.939372044662965644e-01 2.060627955337034356e-01 2.060627955337034356e-01
5.200000000000000000e+02 2.760559816425325885e-01 1.537407077421964162e-02 2.914300524167521833e-01 2.085699475832478444e-01 2.085699475832478444e-01
5.400000000000000000e+02 2.737052685463112200e-01 1.525804537960363111e-02 2.889633139259148442e-01 2.110366860740852113e-01 2.110366860740852113e-01
5.600000000000000000e+02 2.713748131374535966e-01 1.515701115269272453e-02 2.865318242901462864e-01 2.134681757098537691e-01 2.134681757098537691e-01
5.800000000000000000e+02 2.690644592508681376e-01 1.507005403937499745e-02 2.841345132902431403e-01 2.158654867097569152e-01 2.158654867097569152e-01
6.000000000000000000e+02 2.667740652413986280e-01 1.499580818998162701e-02 2.817698734313802689e-01 2.182301265686197866e-01 2.182301265686197866e-01
6.200000000000000000e+02 2.645034969719635698e-01 1.493279860363616769e-02 2.794362955755996802e-01 2.205637044244003753e-01 2.205637044244003753e-01
6.400000000000000000e+02 2.622526269319185865e-01 1.487946766313687046e-02 2.771320945950553893e-01 2.228679054049446384e-01 2.228679054049446384e-01
6.600000000000000000e+02 2.600213342370565894e-01 1.483417513495668798e-02 2.748555093720132514e-01 2.251444906279867764e-01 2.251444906279867764e-01
6.800000000000000000e+02 2.578095046296078330e-01 1.479519816924327637e-02 2.726047027988510729e-01 2.273952972011489826e-01 2.273952972011489826e-01
7.000000000000000000e+02 2.556170304782395264e-01 1.476073129981899344e-02 2.703777617780585008e-01 2.296222382219415825e-01 2.296222382219415825e-01
7.200000000000000000e+02 2.534438099114068033e-01 1.472890890957981140e-02 2.681727188209865886e-01 2.318272811790134669e-01 2.318272811790134669e-01
7.400000000000000000e+02 2.512896876153261627e-01 1.469930590408281314e-02 2.659889935194089672e-01 2.340110064805911161e-01 2.340110064805911161e-01
7.600000000000000000e+02 2.491544778679858352e-01 1.467226122083192461e-02 2.638267390888177077e-01 2.361732609111823478e-01 2.361732609111823478e-01
7.800000000000000000e+02 2.470380126655088993e-01 1.464769215722191813e-02 2.616857048227307914e-01 2.383142951772692919e-01 2.383142951772692919e-01
8.000000000000000000e+02 2.449401280079014087e-01 1.462546546603546785e-02 2.595655934739368731e-01 2.404344065260632379e-01 2.404344065260632379e-01
8.200000000000000000e+02 2.428606638990522537e-01 1.460539735544314800e-02 2.574660612544953930e-01 2.425339387455047180e-01 2.425339387455047180e-01
8.400000000000000000e+02 2.407994643467331886e-01 1.458725348900344332e-02 2.553867178357366319e-01 2.446132821642634791e-01 2.446132821642634791e-01
8.600000000000000000e+02 2.387563773625989150e-01 1.457074898566273861e-02 2.533271263482615998e-01 2.466728736517384835e-01 2.466728736517384835e-01
8.800000000000000000e+02 2.367312549621869155e-01 1.455554841975532226e-02 2.512868033819422031e-01 2.487131966180578524e-01 2.487131966180578524e-01
9.000000000000000000e+02 2.347239531649176758e-01 1.454126582100338794e-02 2.492652189859210499e-01 2.507347810140790334e-01 2.507347810140790334e-01
9.200000000000000000e+02 2.327343319940944899e-01 1.452746467451703286e-02 2.472617966686114777e-01 2.527382033313885779e-01 2.527382033313885779e-01
9.400000000000000000e+02 2.307622554769035161e-01 1.451365792079425954e-02 2.452759133976977202e-01 2.547240866023023353e-01 2.547240866023023353e-01
9.600000000000000000e+02 2.288075810207478578e-01 1.449954881123498990e-02 2.433071298319828268e-01 2.566928701680172287e-01 2.566928701680172287e-01
9.800000000000000000e+02 2.268701323314873397e-01 1.448563548300941389e-02 2.413557678144967467e-01 2.586442321855033089e-01 2.586442321855033089e-01
1.000000000000000000e+03 2.249497526264140346e-01 1.447199777545251850e-02 2.394217504018665010e-01 2.605782495981335267e-01 2.605782495981335267e-01
1.020000000000000000e+03 2.230462890836989176e-01 1.445865622324724389e-02 2.375049453069461303e-01 2.624950546930539530e-01 2.624950546930539530e-01
1.040000000000000000e+03 2.211595906666126987e-01 1.444562167838861315e-02 2.356052123450012858e-01 2.643947876549987974e-01 2.643947876549987974e-01
1.060000000000000000e+03 2.192895081235256560e-01 1.443289531018373921e-02 2.337224034337093692e-01 2.662775965662906863e-01 2.662775965662906863e-01
1.080000000000000000e+03 2.174358939879077190e-01 1.442046860525181447e-02 2.318563625931594763e-01 2.681436374068405515e-01 2.681436374068405515e-01
1.100000000000000000e+03 2.155986025783283577e-01 1.440832336752412464e-02 2.300069259458524529e-01 2.699930740541476304e-01 2.699930740541476304e-01
1.120000000000000000e+03 2.137774899984567767e-01 1.439643171824403142e-02 2.281739217167007561e-01 2.718260782832992994e-01 2.718260782832992994e-01
1.140000000000000000e+03 2.119724141370617210e-01 1.438475609596698637e-02 2.263571702330286761e-01 2.736428297669714071e-01 2.736428297669714071e-01
1.160000000000000000e+03 2.101832346680115871e-01 1.437324925656052743e-02 2.245564839245720590e-01 2.754435160754279965e-01 2.754435160754279965e-01
1.180000000000000000e+03 2.084098130502743673e-01 1.436185427320427720e-02 2.227716673234786116e-01 2.772283326765214717e-01 2.772283326765214717e-01
1.200000000000000000e+03 2.066520125279177056e-01 1.435050453638993945e-02 2.210025170643076242e-01 2.789974829356924313e-01 2.789974829356924313e-01
1.220000000000000000e+03 2.049096981301088694e-01 1.433912375392130782e-02 2.192488218840301373e-01 2.807511781159698905e-01 2.807511781159698905e-01
1.240000000000000000e+03 2.031827366711147220e-01 1.432762595091425888e-02 2.175103626220289410e-01 2.824896373779711145e-01 2.824896373779711145e-01
1.260000000000000000e+03 2.014709967503017229e-01 1.431591546979675729e-02 2.157869122200984369e-01 2.842130877799016186e-01 2.842130877799016186e-01
1.280000000000000000e+03 1.997743448731809646e-01 1.430395160699567819e-02 2.140782964801765942e-01 2.859217035198234336e-01 2.859217035198234336e-01
1.300000000000000000e+03 1.980926216417113472e-01 1.429215714296801568e-02 2.123847787846793178e-01 2.876152212153207377e-01 2.876152212153207377e-01
1.320000000000000000e+03 1.964256935165217544e-01 1.428056346182611860e-02 2.107062569783478279e-01 2.892937430216522277e-01 2.892937430216522277e-01
1.340000000000000000e+03 1.947734345112085985e-01 1.426909494433193162e-02 2.090425294555404712e-01 2.909574705444595843e-01 2.909574705444595843e-01
1.360000000000000000e+03 1.931357192120090327e-01 1.425768330447846864e-02 2.073934025164874406e-01 2.926065974835125871e-01 2.926065974835125871e-01
1.380000000000000000e+03 1.915124227778010058e-01 1.424626758948982150e-02 2.057586903672907752e-01 2.942413096327092803e-01 2.942413096327092803e-01
1.400000000000000000e+03 1.899034209401032069e-01 1.423479417982114956e-02 2.041382151199243045e-01 2.958617848800757510e-01 2.958617848800757510e-01
1.420000000000000000e+03 1.883085900030750937e-01 1.422321678915868491e-02 2.025318067922337040e-01 2.974681932077662960e-01 2.974681932077662960e-01
1.440000000000000000e+03 1.867278068435168914e-01 1.421149646441973412e-02 2.009393033079365787e-01 2.990606966920634768e-01 2.990606966920634768e-01
1.460000000000000000e+03 1.851609489108695938e-01 1.419960158575267473e-02 1.993605504966222131e-01 3.006394495033777869e-01 3.006394495033777869e-01
1.480000000000000000e+03 1.836078942272149628e-01 1.418750786653695702e-02 1.977954020937518487e-01 3.022045979062481513e-01 3.022045979062481513e-01
1.500000000000000000e+03 1.820685213872754726e-01 1.417519835338310226e-02 1.962437197406585176e-01 3.037562802593414824e-01 3.037562802593414824e-01
1.520000000000000000e+03 1.805427095584144492e-01 1.416266342613270446e-02 1.947053729845470982e-01 3.052946270154529018e-01 3.052946270154529018e-01
1.540000000000000000e+03 1.790303384806359310e-01 1.414990079785843034e-02 1.931802392784943145e-01 3.068197607215057410e-01 3.068197607215057410e-01
1.560000000000000000e+03 1.775312884665846969e-01 1.413691551486401937e-02 1.916682039814486538e-01 3.083317960185513740e-01 3.083317960185513740e-01
1.580000000000000000e+03 1.760454404015463215e-01 1.412371995668428373e-02 1.901691603582305601e-01 3.098308396417694954e-01 3.098308396417694954e-01
1.600000000000000000e+03 1.745726757434471477e-01 1.411033383608510314e-02 1.886830095795322126e-01 3.113169904204678429e-01 3.113169904204678429e-01
1.620000000000000000e+03 1.731128765228542865e-01 1.409678419906343697e-02 1.872096607219176645e-01 3.127903392780823633e-01 3.127903392780823633e-01
1.640000000000000000e+03 1.716659253429755894e-01 1.408310542484731212e-02 1.857490307678228425e-01 3.142509692321771575e-01 3.142509692321771575e-01
1.660000000000000000e+03 1.702317053796597035e-01 1.406933922589582650e-02 1.843010446055554641e-01 3.156989553944445914e-01 3.156989553944445914e-01
1.680000000000000000e+03 1.688101003813959611e-01 1.405553464789915594e-02 1.828656350292950650e-01 3.171343649707049628e-01 3.171343649707049628e-01
1.700000000000000000e+03 1.674009946693145456e-01 1.404174806977854205e-02 1.814427427390930270e-01 3.185572572609070008e-01 3.185572572609070008e-01
1.720000000000000000e+03 1.660042731371864089e-01 1.402804320368630266e-02 1.800323163408726335e-01 3.199676836591273665e-01 3.199676836591273665e-01
1.740000000000000000e+03 1.646198212514231873e-01 1.401449109500582657e-02 1.786343123464289584e-01 3.213656876535710971e-01 3.213656876535710971e-01
1.760000000000000000e+03 1.632475250510773135e-01 1.400117012235157533e-02 1.772486951734288385e-01 3.227513048265711615e-01 3.227513048265711615e-01
1.780000000000000000e+03 1.618872711478420712e-01 1.398816599756908322e-02 1.758754371454110954e-01 3.241245628545889601e-01 3.241245628545889601e-01
1.800000000000000000e+03 1.605389442018083090e-01 1.397558954789668469e-02 1.745145337497049642e-01 3.254854662502950635e-01 3.254854662502950635e-01
1.820000000000000000e+03 1.592024110689567173e-01 1.396364988183638502e-02 1.731660609507930382e-01 3.268339390492069896e-01 3.268339390492069896e-01
1.840000000000000000e+03 1.578775721548251465e-01 1.395225368566766801e-02 1.718298258404927503e-01 3.281701741595072774e-01 3.281701741595072774e-01
1.860000000000000000e+03 1.565643367491493798e-01 1.394124718715561949e-02 1.705055839363049386e-01 3.294944160636950614e-01 3.294944160636950614e-01
1.880000000000000000e+03 1.552626140102054686e-01 1.393048792036874137e-02 1.691931019305741579e-01 3.308068980694258698e-01 3.308068980694258698e-01
1.900000000000000000e+03 1.539723129648097599e-01 1.391984472567894121e-02 1.678921576904886526e-01 3.321078423095113474e-01 3.321078423095113474e-01
1.920000000000000000e+03 1.526933425083188689e-01 1.390919774976154266e-02 1.666025402580803838e-01 3.333974597419196439e-01 3.333974597419196439e-01
1.940000000000000000e+03 1.514256114046297064e-01 1.389843844559527676e-02 1.653240498502249467e-01 3.346759501497750811e-01 3.346759501497750811e-01
1.960000000000000000e+03 1.501690282861794512e-01 1.388746957246228542e-02 1.640564978586416811e-01 3.359435021413583744e-01 3.359435021413583744e-01
1.980000000000000000e+03 1.489235016539455225e-01 1.387620519594812488e-02 1.627997068498935884e-01 3.372002931501064116e-01 3.372002931501064116e-01
2.000000000000000000e+03 1.476889398774457185e-01 1.386457068794175705e-02 1.615535105653874426e-01 3.384464894346125852e-01 3.384464894346125852e-01
2.020000000000000000e+03 1.464652511947380498e-01 1.385250272663556166e-02 1.603177539213735681e-01 3.396822460786264597e-01 3.396822460786264597e-01
2.040000000000000000e+03 1.452523437124207950e-01 1.383994929652532409e-02 1.590922930089460896e-01 3.409077069910539382e-01 3.409077069910539382e-01
2.060000000000000000e+03 1.440501254056326119e-01 1.382686968841024232e-02 1.578769950940427935e-01 3.421230049059572065e-01 3.421230049059572065e-01
2.080000000000000000e+03 1.428585041180522874e-01 1.381323449939292521e-02 1.566717386174451832e-01 3.433282613825548446e-01 3.433282613825548446e-01
2.100000000000000000e+03 1.416773875618990430e-01 1.379902563287939421e-02 1.554764131947783679e-01 3.445235868052216599e-01 3.445235868052216599e-01
2.120000000000000000e+03 1.405066833179322572e-01 1.378423629857907992e-02 1.542909196165112851e-01 3.457090803834887427e-01 3.457090803834887427e-01
2.140000000000000000e+03 1.393462988354516596e-01 1.376887101250482554e-02 1.531151698479564505e-01 3.468848301520435773e-01 3.468848301520435773e-01
2.160000000000000000e+03 1.381961414322972759e-01 1.375294559697288165e-02 1.519490870292701246e-01 3.480509129707299310e-01 3.480509129707299310e-01
2.180000000000000000e+03 1.370561182948493717e-01 1.373648718060291492e-02 1.507926054754522294e-01 3.492073945245477984e-01 3.492073945245477984e-01
2.200000000000000000e+03 1.359261364780284531e-01 1.371953419831799942e-02 1.496456706763464317e-01 3.503543293236536238e-01 3.503543293236536238e-01
2.220000000000000000e+03 1.348061029052954329e-01 1.370213639134462355e-02 1.485082392966400044e-01 3.514917607033600233e-01 3.514917607033600233e-01
2.240000000000000000e+03 1.336959243686514087e-01 1.368435480721268138e-02 1.473802791758640485e-01 3.526197208241360070e-01 3.526197208241360070e-01
2.260000000000000000e+03 1.325955075286377738e-01 1.366626179975548305e-02 1.462617693283932152e-01 3.537382306716068125e-01 3.537382306716068125e-01
2.280000000000000000e+03 1.315047589143362172e-01 1.364794102910974784e-02 1.451526999434459009e-01 3.548473000565541269e-01 3.548473000565541269e-01
2.300000000000000000e+03 1.304235849233686961e-01 1.362948746171560761e-02 1.440530723850842465e-01 3.559469276149157535e-01 3.559469276149157535e-01
2.320000000000000000e+03 1.293518918218974634e-01 1.361100737031659992e-02 1.429628991922140269e-01 3.570371008077860009e-01 3.570371008077860009e-01
2.340000000000000000e+03 1.282895857446250676e-01 1.359261833395968011e-02 1.418822040785847061e-01 3.581177959214153494e-01 3.581177959214153494e-01
2.360000000000000000e+03 1.272365726947942977e-01 1.357444923799521093e-02 1.408110219327894652e-01 3.591889780672105625e-01 3.591889780672105625e-01
2.380000000000000000e+03 1.261927585441882382e-01 1.355664027407696599e-02 1.397493988182651747e-01 3.602506011817348530e-01 3.602506011817348530e-01
2.400000000000000000e+03 1.251580490331302975e-01 1.353934294016213326e-02 1.386973919732923943e-01 3.613026080267076612e-01 3.613026080267076612e-01
2.420000000000000000e+03 1.241323497704840961e-01 1.352272004051130634e-02 1.376550698109953730e-01 3.623449301890046548e-01 3.623449301890046548e-01
2.440000000000000000e+03 1.231155662336535783e-01 1.350694568568849320e-02 1.366225119193420490e-01 3.633774880806580065e-01 3.633774880806580065e-01
2.460000000000000000e+03 1.221076037685829702e-01 1.349220529256111266e-02 1.355998090611440499e-01 3.644001909388560057e-01 3.644001909388560057e-01
2.480000000000000000e+03 1.211083676980664880e-01 1.347869399639950276e-02 1.345870616944659370e-01 3.654129383055340630e-01 3.654129383055340630e-01
2.500000000000000000e+03 1.201178135976740946e-01 1.346589656576516712e-02 1.335837101634392288e-01 3.664162898365608267e-01 3.664162898365608267e-01
2.520000000000000000e+03 1.191359063912193483e-01 1.345323020417404924e-02 1.325891365953933421e-01 3.674108634046066579e-01 3.674108634046066579e-01
2.540000000000000000e+03 1.181625774899106446e-01 1.344062308369113438e-02 1.316032005736017252e-01 3.683967994263983026e-01 3.683967994263983026e-01
2.560000000000000000e+03 1.171977582923936917e-01 1.342800906175008711e-02 1.306257673541437458e-01 3.693742326458562819e-01 3.693742326458562819e-01
2.580000000000000000e+03 1.162413801847514278e-01 1.341532768115324958e-02 1.296567078659046357e-01 3.703432921340953921e-01 3.703432921340953921e-01
2.600000000000000000e+03 1.152933745405040483e-01 1.340252417007164847e-02 1.286958987105756569e-01 3.713041012894243709e-01 3.713041012894243709e-01
2.620000000000000000e+03 1.143536727206089926e-01 1.338954944204498627e-02 1.277432221626539355e-01 3.722567778373461200e-01 3.722567778373461200e-01
2.640000000000000000e+03 1.134222060734609572e-01 1.337636009598164658e-02 1.267985661694425725e-01 3.732014338305574830e-01 3.732014338305574830e-01
2.660000000000000000e+03 1.124989059348919102e-01 1.336291841615869572e-02 1.258618243510505608e-01 3.741381756489494670e-01 3.741381756489494670e-01
2.680000000000000000e+03 1.115837036281710631e-01 1.334919237222187589e-02 1.249328960003928818e-01 3.750671039996071321e-01 3.750671039996071321e-01
2.700000000000000000e+03 1.106765304640048575e-01 1.333515561918561382e-02 1.240116860831904227e-01 3.759883139168095911e-01 3.759883139168095911e-01
2.720000000000000000e+03 1.097773177405370199e-01 1.332078749743301031e-02 1.230981052379699764e-01 3.769018947620300652e-01 3.769018947620300652e-01
2.740000000000000000e+03 1.088859967433485204e-01 1.330607303271585246e-02 1.221920697760643243e-01 3.778079302239357173e-01 3.778079302239357173e-01
2.760000000000000000e+03 1.080024987454575730e-01 1.329100293615460143e-02 1.212935016816121259e-01 3.787064983183878741e-01 3.787064983183878741e-01
2.780000000000000000e+03 1.071267550073196767e-01 1.327557360423840468e-02 1.204023286115580293e-01 3.795976713884419707e-01 3.795976713884419707e-01
2.800000000000000000e+03 1.062586967768275464e-01 1.325978711882508550e-02 1.195184838956525886e-01 3.804815161043474392e-01 3.804815161043474392e-01
2.820000000000000000e+03 1.053982552893111685e-01 1.324365124714114647e-02 1.186419065364522629e-01 3.813580934635477648e-01 3.813580934635477648e-01
2.840000000000000000e+03 1.045453617675377866e-01 1.322717944178177299e-02 1.177725412093195007e-01 3.822274587906805410e-01 3.822274587906805410e-01
2.860000000000000000e+03 1.036999474217118744e-01 1.321039084071082975e-02 1.169103382624226556e-01 3.830896617375773583e-01 3.830896617375773583e-01
2.880000000000000000e+03 1.028619434494752044e-01 1.319331026726086077e-02 1.160552537167360149e-01 3.839447462832640268e-01 3.839447462832640268e-01
2.900000000000000000e+03 1.020312810359067651e-01 1.317596823013308938e-02 1.152072492660397990e-01 3.847927507339602426e-01 3.847927507339602426e-01
2.920000000000000000e+03 1.012078913535228025e-01 1.315840092339741994e-02 1.143662922769201618e-01 3.856337077230798660e-01 3.856337077230798660e-01
2.940000000000000000e+03 1.003917055622768340e-01 1.314065022649243790e-02 1.135323557887692181e-01 3.864676442112308097e-01 3.864676442112308097e-01
2.960000000000000000e+03 9.958265480955962035e-02 1.312276370422540625e-02 1.127054185137849746e-01 3.872945814862150393e-01 3.872945814862150393e-01
2.980000000000000000e+03 9.878067023019915238e-02 1.310479460677226905e-02 1.118854648369713711e-01 3.881145351630286289e-01 3.881145351630286289e-01
3.000000000000000000e+03 9.798568294646074761e-02 1.308680186967765315e-02 1.110724848161383504e-01 3.889275151838617051e-01 3.889275151838617051e-01
3.020000000000000000e+03 9.719762406804688393e-02 1.306885011385485948e-02 1.102664741819016914e-01 3.897335258180983364e-01 3.897335258180983364e-01
3.040000000000000000e+03 9.641642469209735222e-02 1.305100964558587352e-02 1.094674343376831754e-01 3.905325656623168662e-01 3.905325656623168662e-01
3.060000000000000000e+03 9.564201590318918700e-02 1.303335645652136006e-02 1.086753723597104898e-01 3.913246276402895241e-01 3.913246276402895241e-01
3.080000000000000000e+03 9.487432877333665249e-02 1.301597222368066319e-02 1.078903009970172688e-01 3.921096990029827589e-01 3.921096990029827589e-01
3.100000000000000000e+03 9.411329436199132592e-02 1.299894430945180805e-02 1.071122386714430663e-01 3.928877613285569614e-01 3.928877613285569614e-01
3.120000000000000000e+03 9.335884371604195875e-02 1.298236576159149565e-02 1.063412094776333972e-01 3.936587905223666306e-01 3.936587905223666306e-01
3.140000000000000000e+03 9.261090842214429741e-02 1.296632885045364940e-02 1.055772372725978930e-01 3.944227627274021208e-01 3.944227627274021208e-01
3.160000000000000000e+03 9.186945324120231182e-02 1.295055367910429370e-02 1.048200069203065604e-01 3.951799930796934812e-01 3.951799930796934812e-01
3.180000000000000000e+03 9.113444064029266323e-02 1.293482326586483516e-02 1.040692639061574498e-01 3.959307360938425502e-01 3.959307360938425502e-01
3.200000000000000000e+03 9.040581786459142566e-02 1.291910835243850926e-02 1.033249262170298777e-01 3.966750737829701223e-01 3.966750737829701223e-01
3.220000000000000000e+03 8.968353230667672205e-02 1.290338178851203887e-02 1.025869140951887054e-01 3.974130859048113362e-01 3.974130859048113362e-01
3.240000000000000000e+03 8.896753150652880748e-02 1.288761853175562563e-02 1.018551500382843811e-01 3.981448499617156189e-01 3.981448499617156189e-01
3.260000000000000000e+03 8.825776315153002760e-02 1.287179564782295685e-02 1.011295587993529255e-01 3.988704412006470745e-01 3.988704412006470745e-01
3.280000000000000000e+03 8.755417507646477693e-02 1.285589231035120725e-02 1.004100673868159460e-01 3.995899326131840956e-01 3.995899326131840956e-01
3.300000000000000000e+03 8.685671526351960992e-02 1.283988980096103204e-02 9.969660506448059512e-02 4.003033949355194188e-01 4.003033949355194188e-01
3.320000000000000000e+03 8.616533184228312992e-02 1.282377150925657038e-02 9.898910335153965345e-02 4.010108966484603465e-01 4.010108966484603465e-01
3.340000000000000000e+03 8.547997308974604469e-02 1.280752293282544536e-02 9.828749602257144669e-02 4.017125039774285811e-01 4.017125039774285811e-01
3.360000000000000000e+03 8.480058743030115254e-02 1.279113167723876579e-02 9.759171910753985935e-02 4.024082808924601684e-01 4.024082808924601684e-01
3.380000000000000000e+03 8.412712343574334228e-02 1.277458745605112092e-02 9.690171089179441810e-02 4.030982891082056097e-01 4.030982891082056097e-01
3.400000000000000000e+03 8.345952982526960717e-02 1.275788209080059091e-02 9.621741191607015298e-02 4.037825880839298609e-01 4.037825880839298609e-01
3.420000000000000000e+03 8.279775546547904486e-02 1.274100951100872944e-02 9.553876497648772226e-02 4.044612350235122777e-01 4.044612350235122777e-01
3.440000000000000000e+03 8.214174937037280189e-02 1.272396575418058458e-02 9.486571512455332922e-02 4.051342848754466708e-01 4.051342848754466708e-01
3.460000000000000000e+03 8.149146070135414310e-02 1.270674896580468137e-02 9.419820966715877764e-02 4.058017903328412501e-01 4.058017903328412501e-01
3.480000000000000000e+03 8.084683876722845164e-02 1.268935939935303056e-02 9.353619816658144404e-02 4.064638018334185698e-01 4.064638018334185698e-01
3.500000000000000000e+03 8.020783302420317340e-02 1.267179941628112684e-02 9.287963244048424993e-02 4.071203675595157501e-01 4.071203675595157501e-01
3.520000000000000000e+03 7.957439307588785871e-02 1.265407348602795232e-02 9.222846656191575898e-02 4.077715334380842549e-01 4.077715334380842549e-01
3.540000000000000000e+03 7.894646867329413453e-02 1.263618818601596611e-02 9.158265685931003819e-02 4.084173431406900034e-01 4.084173431406900034e-01
3.560000000000000000e+03 7.832400971483573227e-02 1.261815220165111648e-02 9.094216191648679670e-02 4.090578380835132588e-01 4.090578380835132588e-01
3.580000000000000000e+03 7.770696624632848770e-02 1.259997632632283392e-02 9.030694257265126090e-02 4.096930574273487391e-01 4.096930574273487391e-01
3.600000000000000000e+03 7.709528846099031330e-02 1.258167346140403459e-02 8.967696192239429931e-02 4.103230380776057284e-01 4.103230380776057284e-01
3.620000000000000000e+03 7.648892669944123979e-02 1.256325861625111513e-02 8.905218531569229767e-02 4.109478146843077440e-01 4.109478146843077440e-01
3.640000000000000000e+03 7.588783144970334682e-02 1.254474890820395788e-02 8.843258035790727001e-02 4.115674196420927577e-01 4.115674196420927577e-01
3.660000000000000000e+03 7.529195334720086008e-02 1.252616356258593085e-02 8.781811690978674756e-02 4.121818830902133080e-01 4.121818830902133080e-01
3.680000000000000000e+03 7.470124317476005416e-02 1.250752391270388425e-02 8.720876708746388983e-02 4.127912329125361657e-01 4.127912329125361657e-01
3.700000000000000000e+03 7.411565186260932192e-02 1.248885339984815053e-02 8.660450526245741520e-02 4.133954947375426126e-01 4.133954947375426126e-01
3.720000000000000000e+03 7.353513048837913291e-02 1.247017757329254954e-02 8.600530806167162867e-02 4.139946919383283852e-01 4.139946919383283852e-01
3.740000000000000000e+03 7.295963027710206106e-02 1.245152409029438162e-02 8.541115436739639410e-02 4.145888456326036198e-01 4.145888456326036198e-01
3.760000000000000000e+03 7.238910260121278473e-02 1.243292271609443278e-02 8.482202531730717587e-02 4.151779746826928519e-01 4.151779746826928519e-01
3.780000000000000000e+03 7.182349898054805892e-02 1.241440532391697646e-02 8.423790430446498334e-02 4.157620956955350167e-01 4.157620956955350167e-01
3.800000000000000000e+03 7.126277108234671531e-02 1.239600589496976137e-02 8.365877697731644025e-02 4.163412230226836153e-01 4.163412230226836153e-01
3.820000000000000000e+03 7.070687072124973160e-02 1.237776051844402883e-02 8.308463123969370145e-02 4.169153687603063263e-01 4.169153687603063263e-01
3.840000000000000000e+03 7.015574985930012053e-02 1.235970739151449893e-02 8.251545725081456395e-02 4.174845427491854499e-01 4.174845427491854499e-01
3.860000000000000000e+03 6.960936261711288264e-02 1.234185561102889642e-02 8.195121822814173396e-02 4.180487817718582799e-01 4.180487817718582799e-01
3.880000000000000000e+03 6.906767341676471605e-02 1.232409999908308691e-02 8.139177341584775960e-02 4.186082265841522543e-01 4.186082265841522543e-01
3.900000000000000000e+03 6.853064544820262893e-02 1.230640834575682900e-02 8.083705379395941804e-02 4.191629462060406097e-01 4.191629462060406097e-01
3.920000000000000000e+03 6.799824149495305170e-02 1.228875960165016698e-02 8.028700109660316664e-02 4.197129989033968611e-01 4.197129989033968611e-01
3.940000000000000000e+03 6.747042442938221141e-02 1.227113393748495256e-02 7.974155836686712406e-02 4.202584416331329176e-01 4.202584416331329176e-01
3.960000000000000000e+03 6.694715721269627051e-02 1.225351274410483443e-02 7.920066995680105637e-02 4.207993300431989714e-01 4.207993300431989714e-01
3.980000000000000000e+03 6.642840289494117423e-02 1.223587863247526698e-02 7.866428152741639090e-02 4.213357184725836091e-01 4.213357184725836091e-01
4.000000000000000000e+03 6.591412461500276154e-02 1.221821543368350853e-02 7.813234004868621629e-02 4.218676599513138115e-01 4.218676599513138115e-01
4.020000000000000000e+03 6.540428560060672358e-02 1.220050819893861438e-02 7.760479379954528245e-02 4.223952062004547314e-01 4.223952062004547314e-01
4.040000000000000000e+03 6.489884916831857586e-02 1.218274319957144552e-02 7.708159236788997282e-02 4.229184076321100272e-01 4.229184076321100272e-01
4.060000000000000000e+03 6.439777872354374155e-02 1.216490792703466862e-02 7.656268665057835987e-02 4.234373133494216401e-01 4.234373133494216401e-01
4.080000000000000000e+03 6.390103776052744045e-02 1.214699109290274560e-02 7.604802885343013574e-02 4.239519711465699059e-01 4.239519711465699059e-01
4.100000000000000000e+03 6.340858986235478612e-02 1.212898262887194753e-02 7.553757249122668160e-02 4.244624275087733323e-01 4.244624275087733323e-01
4.120000000000000000e+03 6.292039870095071652e-02 1.211087368676034247e-02 7.503127238771101215e-02 4.249687276122889878e-01 4.249687276122889878e-01
4.140000000000000000e+03 6.243642803708007033e-02 1.209265663850780589e-02 7.452908467558783112e-02 4.254709153244121689e-01 4.254709153244121689e-01
4.160000000000000000e+03 6.195664172034749673e-02 1.207432507617601028e-02 7.403096679652346190e-02 4.259690332034765659e-01 4.259690332034765659e-01
4.180000000000000000e+03 6.148100368919751091e-02 1.205587381194843724e-02 7.353687750114590305e-02 4.264631224988540970e-01 4.264631224988540970e-01
4.200000000000000000e+03 6.100947797091448715e-02 1.203729887813036192e-02 7.304677684904480051e-02 4.269532231509551856e-01 4.269532231509551856e-01
4.220000000000000000e+03 6.054202868162265883e-02 1.201859752714887208e-02 7.256062620877147540e-02 4.274393737912285385e-01 4.274393737912285385e-01
4.240000000000000000e+03 6.007862002628609754e-02 1.199976823155284901e-02 7.207838825783889625e-02 4.279216117421611454e-01 4.279216117421611454e-01
4.260000000000000000e+03 5.961921629870874095e-02 1.198081068401298140e-02 7.160002698272167898e-02 4.283999730172783349e-01 4.283999730172783349e-01
4.280000000000000000e+03 5.916378188153438578e-02 1.196172579732175840e-02 7.112550767885610081e-02 4.288744923211439408e-01 4.288744923211439408e-01
4.300000000000000000e+03 5.871228124624668088e-02 1.194251570439347487e-02 7.065479695064010024e-02 4.293452030493599136e-01 4.293452030493599136e-01
4.320000000000000000e+03 5.826467895316911338e-02 1.192318375826422090e-02 7.018786271143329092e-02 4.298121372885667091e-01 4.298121372885667091e-01
4.340000000000000000e+03 5.782093965146504339e-02 1.190373453209189747e-02 6.972467418355689228e-02 4.302753258164431216e-01 4.302753258164431216e-01
4.360000000000000000e+03 5.738102807913767617e-02 1.188417381915620255e-02 6.926520189829382668e-02 4.307347981017061733e-01 4.307347981017061733e-01
4.380000000000000000e+03 5.694490906303006916e-02 1.186450863285863806e-02 6.880941769588866386e-02 4.311905823041113361e-01 4.311905823041113361e-01
4.400000000000000000e+03 5.651254751882515276e-02 1.184474720672250812e-02 6.835729472554762098e-02 4.316427052744524206e-01 4.316427052744524206e-01
4.420000000000000000e+03 5.608390845104568867e-02 1.182489899439292079e-02 6.790880744543856262e-02 4.320911925545614651e-01 4.320911925545614651e-01
4.440000000000000000e+03 5.565895695305430463e-02 1.180497466963678285e-02 6.746393162269104238e-02 4.325360683773089576e-01 4.325360683773089576e-01
4.460000000000000000e+03 5.523765820705348051e-02 1.178498612634280678e-02 6.702264433339623351e-02 4.329773556666037804e-01 4.329773556666037804e-01
4.480000000000000000e+03 5.481997748408554832e-02 1.176494647852150549e-02 6.658492396260701218e-02 4.334150760373929878e-01 4.334150760373929878e-01
4.500000000000000000e+03 5.440588014403269917e-02 1.174487006030519760e-02 6.615075020433784647e-02 4.338492497956621397e-01 4.338492497956621397e-01
4.520000000000000000e+03 5.399533163561696936e-02 1.172477242594800045e-02 6.572010406156492124e-02 4.342798959384350788e-01 4.342798959384350788e-01
4.540000000000000000e+03 5.358829749640027507e-02 1.170467034982583532e-02 6.529296784622606875e-02 4.347070321537739312e-01 4.347070321537739312e-01
4.560000000000000000e+03 5.318474335278434995e-02 1.168458182643642568e-02 6.486932517922072705e-02 4.351306748207792729e-01 4.351306748207792729e-01
4.580000000000000000e+03 5.278463492001080060e-02 1.166452607039929722e-02 6.444916099041005098e-02 4.355508390095899629e-01 4.355508390095899629e-01
4.600000000000000000e+03 5.238793800216109964e-02 1.164452351645577956e-02 6.403246151861682889e-02 4.359675384813831989e-01 4.359675384813831989e-01
4.620000000000000000e+03 5.199461849215654408e-02 1.162459581946900106e-02 6.361921431162551044e-02 4.363807856883745173e-01 4.363807856883745173e-01
4.640000000000000000e+03 5.160464237175832469e-02 1.160476585442389748e-02 6.320940822618217880e-02 4.367905917738178490e-01 4.367905917738178490e-01
4.660000000000000000e+03 5.121797571156745665e-02 1.158505771642720332e-02 6.280303342799460620e-02 4.371969665720054077e-01 4.371969665720054077e-01
4.680000000000000000e+03 5.083458467102481421e-02 1.156549672070745528e-02 6.240008139173221918e-02 4.375999186082678016e-01 4.375999186082678016e-01
4.700000000000000000e+03 5.045443549841113068e-02 1.154610940261499574e-02 6.200054490102607785e-02 4.379994550989739222e-01 4.379994550989739222e-01
4.720000000000000000e+03 5.007749550728454735e-02 1.152691346319594488e-02 6.160440897048044540e-02 4.383955910295195824e-01 4.383955910295195824e-01
4.740000000000000000e+03 4.970374433650320140e-02 1.150781685219786667e-02 6.121156118870102469e-02 4.387884388112989753e-01 4.387884388112989753e-01
4.760000000000000000e+03 4.933315963056126435e-02 1.148877952025121815e-02 6.082193915081243740e-02 4.391780608491875904e-01 4.391780608491875904e-01
4.780000000000000000e+03 4.896571685948402503e-02 1.146978815383466188e-02 6.043550501331863833e-02 4.395644949866813755e-01 4.395644949866813755e-01
4.800000000000000000e+03 4.860139154105896225e-02 1.145083009342712232e-02 6.005222163448603601e-02 4.399477783655139640e-01 4.399477783655139640e-01
4.820000000000000000e+03 4.824015924083572410e-02 1.143189333350779109e-02 5.967205257434347182e-02 4.403279474256565629e-01 4.403279474256565629e-01
4.840000000000000000e+03 4.788199557212615559e-02 1.141296652255613039e-02 5.929496209468224088e-02 4.407050379053177869e-01 4.407050379053177869e-01
4.860000000000000000e+03 4.752687619600427099e-02 1.139403896305186091e-02 5.892091515905608506e-02 4.410790848409439358e-01 4.410790848409439358e-01
4.880000000000000000e+03 4.717477682130626765e-02 1.137510061147497392e-02 5.854987743278119994e-02 4.414501225672188278e-01 4.414501225672188278e-01
4.900000000000000000e+03 4.682567320463053989e-02 1.135614207830572958e-02 5.818181528293622090e-02 4.418181847170637999e-01 4.418181847170637999e-01
4.920000000000000000e+03 4.647954115033765127e-02 1.133715462802464650e-02 5.781669577836225093e-02 4.421833042216377629e-01 4.421833042216377629e-01
4.940000000000000000e+03 4.613635651055034148e-02 1.131813017911251565e-02 5.745448668966281203e-02 4.425455133103372019e-01 4.425455133103372019e-01
4.960000000000000000e+03 4.579609518515354721e-02 1.129906130405039164e-02 5.709515648920389375e-02 4.429048435107961201e-01 4.429048435107961201e-01
4.980000000000000000e+03 4.545873312179438824e-02 1.127994122931959449e-02 5.673867435111393243e-02 4.432613256488860953e-01 4.432613256488860953e-01
5.000000000000000000e+03 4.512424631588214663e-02 1.126076383540171484e-02 5.638501015128381810e-02 4.436149898487162235e-01 4.436149898487162235e-01
5.020000000000000000e+03 4.479261081058830835e-02 1.124152365677860178e-02 5.603413446736686676e-02 4.439658655326331749e-01 4.439658655326331749e-01
5.040000000000000000e+03 4.446380269684653552e-02 1.122221588193237501e-02 5.568601857877886196e-02 4.443139814212211380e-01 4.443139814212211380e-01
5.060000000000000000e+03 4.413779811335265951e-02 1.120283635334542310e-02 5.534063446669803404e-02 4.446593655333019868e-01 4.446593655333019868e-01
5.080000000000000000e+03 4.381457324656470864e-02 1.118338156750039482e-02 5.499795481406506009e-02 4.450020451859349468e-01 4.450020451859349468e-01
5.100000000000000000e+03 4.349410433070289433e-02 1.116384867488020780e-02 5.465795300558305703e-02 4.453420469944169846e-01 4.453420469944169846e-01
5.120000000000000000e+03 4.317636764774959723e-02 1.114423547996804681e-02 5.432060312771760241e-02 4.456793968722824184e-01 4.456793968722824184e-01
5.140000000000000000e+03 4.286133952744939496e-02 1.112454044124736030e-02 5.398587996869671363e-02 4.460141200313033072e-01 4.460141200313033072e-01
5.160000000000000000e+03 4.254899634730904129e-02 1.110476267120186385e-02 5.365375901851085483e-02 4.463462409814891729e-01 4.463462409814891729e-01
5.180000000000000000e+03 4.223931453259746616e-02 1.108490193631554190e-02 5.332421646891295774e-02 4.466757835310870561e-01 4.466757835310870561e-01
5.200000000000000000e+03 4.193227055634578260e-02 1.106495865707263909e-02 5.299722921341837312e-02 4.470027707865816269e-01 4.470027707865816269e-01
5.220000000000000000e+03 4.162784093934729368e-02 1.104493390795766895e-02 5.267277484730491927e-02 4.473272251526950738e-01 4.473272251526950738e-01
5.240000000000000000e+03 4.132600225015749251e-02 1.102482941745541560e-02 5.235083166761285434e-02 4.476491683323871595e-01 4.476491683323871595e-01
5.260000000000000000e+03 4.102673110509402754e-02 1.100464756805092162e-02 5.203137867314490406e-02 4.479686213268551098e-01 4.479686213268551098e-01
5.280000000000000000e+03 4.073000416823675807e-02 1.098439139622950020e-02 5.171439556446620622e-02 4.482856044355338354e-01 4.482856044355338354e-01
5.300000000000000000e+03 4.043579815142769873e-02 1.096406459247672820e-02 5.139986274390438009e-02 4.486001372560956546e-01 4.486001372560956546e-01
5.320000000000000000e+03 4.014408981427106810e-02 1.094367150127845308e-02 5.108776131554947780e-02 4.489122386844505153e-01 4.489122386844505153e-01
5.340000000000000000e+03 3.985485596413326781e-02 1.092321712112078250e-02 5.077807308525399826e-02 4.492219269147460503e-01 4.492219269147460503e-01
5.360000000000000000e+03 3.956807345614285487e-02 1.090270710449009472e-02 5.047078056063290102e-02 4.495292194393671337e-01 4.495292194393671337e-01
5.380000000000000000e+03 3.928371919319059713e-02 1.088214775787302996e-02 5.016586695106357852e-02 4.498341330489364354e-01 4.498341330489364354e-01
5.400000000000000000e+03 3.900177012592943859e-02 1.086154604175650074e-02 4.986331616768588382e-02 4.501366838323141439e-01 4.501366838323141439e-01
5.420000000000000000e+03 3.872220325277448555e-02 1.084090957062767632e-02 4.956311282340211677e-02 4.504368871765979110e-01 4.504368871765979110e-01
5.440000000000000000e+03 3.844499561990305514e-02 1.082024661297400353e-02 4.926524223287701010e-02 4.507347577671230177e-01 4.507347577671230177e-01
5.460000000000000000e+03 3.817012432125463373e-02 1.079956609128318416e-02 4.896969041253777105e-02 4.510303095874622636e-01 4.510303095874622636e-01
5.480000000000000000e+03 3.789756649853088383e-02 1.077887758204319410e-02 4.867644408057403282e-02 4.513235559194259672e-01 4.513235559194259672e-01
5.500000000000000000e+03 3.762729934119566494e-02 1.075819131574227115e-02 4.838549065693788231e-02 4.516145093430621316e-01 4.516145093430621316e-01
5.520000000000000000e+03 3.735930008647499884e-02 1.073751817686892027e-02 4.809681826334386706e-02 4.519031817366561676e-01 4.519031817366561676e-01
5.540000000000000000e+03 3.709354601935710427e-02 1.071686970391191353e-02 4.781041572326896749e-02 4.521895842767310603e-01 4.521895842767310603e-01
5.560000000000000000e+03 3.683001447259237615e-02 1.069625808936028669e-02 4.752627256195261773e-02 4.524737274380474239e-01 4.524737274380474239e-01
5.580000000000000000e+03 3.656868282669340636e-02 1.067569617970334436e-02 4.724437900639670562e-02 4.527556209936033360e-01 4.527556209936033360e-01
5.600000000000000000e+03 3.630952850993494907e-02 1.065519747543065485e-02 4.696472598536555881e-02 4.530352740146344481e-01 4.530352740146344481e-01
5.620000000000000000e+03 3.605252899835394154e-02 1.063477613103205530e-02 4.668730512938595867e-02 4.533126948706140413e-01 4.533126948706140413e-01
5.640000000000000000e+03 3.579766181574952494e-02 1.061444695499764654e-02 4.641210877074712637e-02 4.535878912292529153e-01 4.535878912292529153e-01
5.660000000000000000e+03 3.554490453368299580e-02 1.059422540981779480e-02 4.613912994350074376e-02 4.538608700564992771e-01 4.538608700564992771e-01
5.680000000000000000e+03 3.529423477147784760e-02 1.057412761198313518e-02 4.586836238346093941e-02 4.541316376165390745e-01 4.541316376165390745e-01
5.700000000000000000e+03 3.504563019621975695e-02 1.055417033198456644e-02 4.559980052820427482e-02 4.544001994717957738e-01 4.544001994717957738e-01
5.720000000000000000e+03 3.479906932924170526e-02 1.053436498591380985e-02 4.533343431515546307e-02 4.546665656848445924e-01 4.546665656848445924e-01
5.740000000000000000e+03 3.455454233559978466e-02 1.051464508247706466e-02 4.506918741807679901e-02 4.549308125819232496e-01 4.549308125819232496e-01
5.760000000000000000e+03 3.431203674394758124e-02 1.049498107255415237e-02 4.480701781650168330e-02 4.551929821834983514e-01 4.551929821834983514e-01
5.780000000000000000e+03 3.407153750327610031e-02 1.047536506025931874e-02 4.454690256353537048e-02 4.554530974364646712e-01 4.554530974364646712e-01
5.800000000000000000e+03 3.383302958292196821e-02 1.045578948756981270e-02 4.428881907049173755e-02 4.557111809295082971e-01 4.557111809295082971e-01
5.820000000000000000e+03 3.359649797256743925e-02 1.043624713432588641e-02 4.403274510689327015e-02 4.559672548931067437e-01 4.559672548931067437e-01
5.840000000000000000e+03 3.336192768224036792e-02 1.041673111823079347e-02 4.377865880047111108e-02 4.562213411995289514e-01 4.562213411995289514e-01
5.860000000000000000e+03 3.312930374231425751e-02 1.039723489485079068e-02 4.352653863716499788e-02 4.564734613628350646e-01 4.564734613628350646e-01
5.880000000000000000e+03 3.289861120350821844e-02 1.037775225761513806e-02 4.327636346112330445e-02 4.567236365388767094e-01 4.567236365388767094e-01
5.900000000000000000e+03 3.266983513688698215e-02 1.035827733781609708e-02 4.302811247470302719e-02 4.569718875252969936e-01 4.569718875252969936e-01
5.920000000000000000e+03 3.244296063386090806e-02 1.033880460460893068e-02 4.278176523846979190e-02 4.572182347615302289e-01 4.572182347615302289e-01
5.940000000000000000e+03 3.221797280618598353e-02 1.031932886501190673e-02 4.253730167119783995e-02 4.574626983288022086e-01 4.574626983288022086e-01
5.960000000000000000e+03 3.199485678596379612e-02 1.029984526390629110e-02 4.229470204987004212e-02 4.577052979501299856e-01 4.577052979501299856e-01
5.980000000000000000e+03 3.177359772564158219e-02 1.028034928403635806e-02 4.205394700967789168e-02 4.579460529903221500e-01 4.579460529903221500e-01
6.000000000000000000e+03 3.155418079801217829e-02 1.026083674600937815e-02 4.181501754402151133e-02 4.581849824559785511e-01 4.581849824559785511e-01
6.020000000000000000e+03 3.133659119621405587e-02 1.024130380829563029e-02 4.157789500450963932e-02 4.584221049954904093e-01 4.584221049954904093e-01
6.040000000000000000e+03 3.112081413373130045e-02 1.022174696722839143e-02 4.134256110095964332e-02 4.586574388990403706e-01 4.586574388990403706e-01
6.060000000000000000e+03 3.090683484439362902e-02 1.020216305700394170e-02 4.110899790139752041e-02 4.588910020986025073e-01 4.588910020986025073e-01
6.080000000000000000e+03 3.069463858237636567e-02 1.018254924968156616e-02 4.087718783205788325e-02 4.591228121679421514e-01 4.591228121679421514e-01
6.100000000000000000e+03 3.048421062220047634e-02 1.016290305518354961e-02 4.064711367738397391e-02 4.593528863226160608e-01 4.593528863226160608e-01
6.120000000000000000e+03 3.027553625873252718e-02 1.014322232129518005e-02 4.041875858002765692e-02 4.595812414199723639e-01 4.595812414199723639e-01
6.140000000000000000e+03 3.006860080718472272e-02 1.012350523366474866e-02 4.019210604084942628e-02 4.598078939591506153e-01 4.598078939591506153e-01
6.160000000000000000e+03 2.986338960311488502e-02 1.010375031580354813e-02 3.996713991891838458e-02 4.600328600810816293e-01 4.600328600810816293e-01
6.180000000000000000e+03 2.965988800242645371e-02 1.008395642908587429e-02 3.974384443151228463e-02 4.602561555684877570e-01 4.602561555684877570e-01
6.200000000000000000e+03 2.945808138136849635e-02 1.006412277274902449e-02 3.952220415411747401e-02 4.604777958458825537e-01 4.604777958458825537e-01
6.220000000000000000e+03 2.925795513653569810e-02 1.004424888389329924e-02 3.930220402042895050e-02 4.606977959795711119e-01 4.606977959795711119e-01
6.240000000000000000e+03 2.905949468486836856e-02 1.002433463748200054e-02 3.908382932235032053e-02 4.609161706776497280e-01 4.609161706776497280e-01
6.260000000000000000e+03 2.886268546365243493e-02 1.000438024634143531e-02 3.886706570999382687e-02 4.611329342900062356e-01 4.611329342900062356e-01
6.280000000000000000e+03 2.866751293051945579e-02 9.984386261160910214e-03 3.865189919168031396e-02 4.613481008083197277e-01 4.613481008083197277e-01
6.300000000000000000e+03 2.847396256344660037e-02 9.964353570492733361e-03 3.843831613393928343e-02 4.615616838660607790e-01 4.615616838660607790e-01
6.320000000000000000e+03 2.828201986075666585e-02 9.944283400752221280e-03 3.822630326150883856e-02 4.617736967384912239e-01 4.617736967384912239e-01
6.340000000000000000e+03 2.809167034111807390e-02 9.924177316217685021e-03 3.801584765733571208e-02 4.619841523426643226e-01 4.619841523426643226e-01
6.360000000000000000e+03 2.790289954354486374e-02 9.904037219030442304e-03 3.780693676257525920e-02 4.621930632374247616e-01 4.621930632374247616e-01
6.380000000000000000e+03 2.771569302739669560e-02 9.883865349194815783e-03 3.759955837659146455e-02 4.624004416234085979e-01 4.624004416234085979e-01
6.400000000000000000e+03 2.753003637237885770e-02 9.863664284578124372e-03 3.739370065695693524e-02 4.626062993430430925e-01 4.626062993430430925e-01
6.420000000000000000e+03 2.734591517854225232e-02 9.843436940910695390e-03 3.718935211945290087e-02 4.628106478805471546e-01 4.628106478805471546e-01
6.440000000000000000e+03 2.716331506628340622e-02 9.823186571785854151e-03 3.698650163806921354e-02 4.630134983619308420e-01 4.630134983619308420e-01
6.460000000000000000e+03 2.698222167634447763e-02 9.802916768659929170e-03 3.678513844500436170e-02 4.632148615549956938e-01 4.632148615549956938e-01
6.480000000000000000e+03 2.680262066981323188e-02 9.782631460852253893e-03 3.658525213066544240e-02 4.634147478693346200e-01 4.634147478693346200e-01
6.500000000000000000e+03 2.662449772812306575e-02 9.762334915545163236e-03 3.638683264366818215e-02 4.636131673563318456e-01 4.636131673563318456e-01
6.520000000000000000e+03 2.644783855305299358e-02 9.742031737783991840e-03 3.618987029083694379e-02 4.638101297091630770e-01 4.638101297091630770e-01
6.540000000000000000e+03 2.627262886672765418e-02 9.721726870477079285e-03 3.599435573720469184e-02 4.640056442627953359e-01 4.640056442627953359e-01
6.560000000000000000e+03 2.609885441161731087e-02 9.701425594395770083e-03 3.580028000601303412e-02 4.641997199939870145e-01 4.641997199939870145e-01
6.580000000000000000e+03 2.592650095053783757e-02 9.681133528174403272e-03 3.560763447871219400e-02 4.643923655212878199e-01 4.643923655212878199e-01
6.600000000000000000e+03 2.575555426665074310e-02 9.660856628310329763e-03 3.541641089496103123e-02 4.645835891050389965e-01 4.645835891050389965e-01
6.620000000000000000e+03 2.558600016346315731e-02 9.640601189163894996e-03 3.522660135262700720e-02 4.647733986473730483e-01 4.647733986473730483e-01
6.640000000000000000e+03 2.541782446482782065e-02 9.620373842958452812e-03 3.503819830778623357e-02 4.649618016922137942e-01 4.649618016922137942e-01
6.660000000000000000e+03 2.525101301494311196e-02 9.600181559780356783e-03 3.485119457472342364e-02 4.651488054252766458e-01 4.651488054252766458e-01
6.680000000000000000e+03 2.508555167835301025e-02 9.580031647578960211e-03 3.466558332593192709e-02 4.653344166740681076e-01 4.653344166740681076e-01
6.700000000000000000e+03 2.492142633994714335e-02 9.559931752166624802e-03 3.448135809211372305e-02 4.655186419078863325e-01 4.655186419078863325e-01
6.720000000000000000e+03 2.475862290496072884e-02 9.539889857218710259e-03 3.429851276217939227e-02 4.657014872378206216e-01 4.657014872378206216e-01
6.740000000000000000e+03 2.459712729897464006e-02 9.519914284273579483e-03 3.411704158324817965e-02 4.658829584167518689e-01 4.658829584167518689e-01
6.760000000000000000e+03 2.443692546791535053e-02 9.500013692732598575e-03 3.393693916064791094e-02 4.660630608393521168e-01 4.660630608393521168e-01
6.780000000000000000e+03 2.427800337805496866e-02 9.480197079860136836e-03 3.375820045791506213e-02 4.662417995420850003e-01 4.662417995420850003e-01
6.800000000000000000e+03 2.412034701601120656e-02 9.460473780783565032e-03 3.358082079679472476e-02 4.664191792032053030e-01 4.664191792032053030e-01
6.820000000000000000e+03 2.396394238874741123e-02 9.440853468493253658e-03 3.340479585724062672e-02 4.665952041427594010e-01 4.665952041427594010e-01
6.840000000000000000e+03 2.380877552357256455e-02 9.421346153842581617e-03 3.323012167741510453e-02 4.667698783225849302e-01 4.667698783225849302e-01
6.860000000000000000e+03 2.365483257200938494e-02 9.401961594460226182e-03 3.305679416646956081e-02 4.669432058335304947e-01 4.669432058335304947e-01
6.880000000000000000e+03 2.350210812624745765e-02 9.382665207610847019e-03 3.288477333385824569e-02 4.671152266661418029e-01 4.671152266661418029e-01
6.900000000000000000e+03 2.335059756085453367e-02 9.363428341319918538e-03 3.271402590217439843e-02 4.672859740978256293e-01 4.672859740978256293e-01
6.920000000000000000e+03 2.320029242576501088e-02 9.344246219502399392e-03 3.254453864526735130e-02 4.674554613547326487e-01 4.674554613547326487e-01
6.940000000000000000e+03 2.305118427296591957e-02 9.325114241375718691e-03 3.237629851434158101e-02 4.676237014856584606e-01 4.676237014856584606e-01
6.960000000000000000e+03 2.290326465649692583e-02 9.306027981459782938e-03 3.220929263795665326e-02 4.677907073620433676e-01 4.677907073620433676e-01
6.980000000000000000e+03 2.275652513245033162e-02 9.286983189576974301e-03 3.204350832202725041e-02 4.679564916779727635e-01 4.679564916779727635e-01
7.000000000000000000e+03 2.261095725897106778e-02 9.267975790852143667e-03 3.187893304982315767e-02 4.681210669501768562e-01 4.681210669501768562e-01
7.020000000000000000e+03 2.246655259625670448e-02 9.249001885712621052e-03 3.171555448196927002e-02 4.682844455180307786e-01 4.682844455180307786e-01
7.040000000000000000e+03 2.232330270655745116e-02 9.230057749888210400e-03 3.155336045644560605e-02 4.684466395435544217e-01 4.684466395435544217e-01
7.060000000000000000e+03 2.218119915417613927e-02 9.211139834411187846e-03 3.139233898858727334e-02 4.686076610114127683e-01 4.686076610114127683e-01
7.080000000000000000e+03 2.204023350546824994e-02 9.192244765616306920e-03 3.123247827108449962e-02 4.687675217289155039e-01 4.687675217289155039e-01
7.100000000000000000e+03 2.190039732884188628e-02 9.173369345140789874e-03 3.107376667398261891e-02 4.689262333260174054e-01 4.689262333260174054e-01
7.120000000000000000e+03 2.176168219475779070e-02 9.154510549924341559e-03 3.091619274468207848e-02 4.690838072553179527e-01 4.690838072553179527e-01
7.140000000000000000e+03 2.162407967572934839e-02 9.135665532209133813e-03 3.075974520793842842e-02 4.692402547920616063e-01 4.692402547920616063e-01
7.160000000000000000e+03 2.148758134632256650e-02 9.116831619539817605e-03 3.060441296586232859e-02 4.693955870341376957e-01 4.693955870341376957e-01
7.180000000000000000e+03 2.135217878315609497e-02 9.098006314763514360e-03 3.045018509791955555e-02 4.695498149020804757e-01 4.695498149020804757e-01
7.200000000000000000e+03 2.121786356490121608e-02 9.079187296029822898e-03 3.029705086093098521e-02 4.697029491390690703e-01 4.697029491390690703e-01
7.220000000000000000e+03 2.108462727228184799e-02 9.060372416790815966e-03 3.014499968907261018e-02 4.698550003109274176e-01 4.698550003109274176e-01
7.240000000000000000e+03 2.095246148807453773e-02 9.041559705801040236e-03 2.999402119387552246e-02 4.700059788061244914e-01 4.700059788061244914e-01
7.260000000000000000e+03 2.082135779710847859e-02 9.022747367117514572e-03 2.984410516422593765e-02 4.701558948357740797e-01 4.701558948357740797e-01
7.280000000000000000e+03 2.069130778626548928e-02 9.003933780099736967e-03 2.969524156636517073e-02 4.703047584336348397e-01 4.703047584336348397e-01
7.300000000000000000e+03 2.056230304448002436e-02 8.985117499409674136e-03 2.954742054388964298e-02 4.704525794561104091e-01 4.704525794561104091e-01
7.320000000000000000e+03 2.043433516273917769e-02 8.966297255011771924e-03 2.940063241775089584e-02 4.705993675822491284e-01 4.705993675822491284e-01
7.340000000000000000e+03 2.030739573408267204e-02 8.947471952172948370e-03 2.925486768625556663e-02 4.707451323137444854e-01 4.707451323137444854e-01
7.360000000000000000e+03 2.018147635360287295e-02 8.928640671462595435e-03 2.911011702506541288e-02 4.708898829749346149e-01 4.708898829749346149e-01
7.380000000000000000e+03 2.005656861844477140e-02 8.909802668752580743e-03 2.896637128719729490e-02 4.710336287128027433e-01 4.710336287128027433e-01
7.400000000000000000e+03 1.993266412780599767e-02 8.890957375217245842e-03 2.882362150302318626e-02 4.711763784969768554e-01 4.711763784969768554e-01
7.420000000000000000e+03 1.980975448293681787e-02 8.872104397333404474e-03 2.868185888027016683e-02 4.713181411197298609e-01 4.713181411197298609e-01
7.440000000000000000e+03 1.968783128714013050e-02 8.853243516880349509e-03 2.854107480402042277e-02 4.714589251959795946e-01 4.714589251959795946e-01
7.460000000000000000e+03 1.956688614577146990e-02 8.834374690939842539e-03 2.840126083671125692e-02 4.715987391632887604e-01 4.715987391632887604e-01
7.480000000000000000e+03 1.944691066623900622e-02 8.815498051896124287e-03 2.826240871813507846e-02 4.717375912818649319e-01 4.717375912818649319e-01
7.500000000000000000e+03 1.932789645800354547e-02 8.796613907435907667e-03 2.812451036543939936e-02 4.718754896345606076e-01 4.718754896345606076e-01
7.520000000000000000e+03 1.920983513257852257e-02 8.777722740548377783e-03 2.798755787312684831e-02 4.720124421268731552e-01 4.720124421268731552e-01
7.540000000000000000e+03 1.909271830353001520e-02 8.758825209525200606e-03 2.785154351305516029e-02 4.721484564869448675e-01 4.721484564869448675e-01
7.560000000000000000e+03 1.897653758647672301e-02 8.739922147960509091e-03 2.771645973443717659e-02 4.722835402655628512e-01 4.722835402655628512e-01
7.580000000000000000e+03 1.886128459908999883e-02 8.721014564750913592e-03 2.758229916384085864e-02 4.724177008361591934e-01 4.724177008361591934e-01
7.600000000000000000e+03 1.874695096109381398e-02 8.702103644095500121e-03 2.744905460518926379e-02 4.725509453948107397e-01 4.725509453948107397e-01
7.620000000000000000e+03 1.863352829426478952e-02 8.683190745495828616e-03 2.731671903976055915e-02 4.726832809602394825e-01 4.726832809602394825e-01
7.640000000000000000e+03 1.852100822243215802e-02 8.664277403755931209e-03 2.718528562618803546e-02 4.728147143738120062e-01 4.728147143738120062e-01
7.660000000000000000e+03 1.840938237147781570e-02 8.645365328982315689e-03 2.705474770046007588e-02 4.729452522995399311e-01 4.729452522995399311e-01
7.680000000000000000e+03 1.829864236933626681e-02 8.626456406583965508e-03 2.692509877592018028e-02 4.730749012240798579e-01 4.730749012240798579e-01
7.700000000000000000e+03 1.818877984599467576e-02 8.607552697272336309e-03 2.679633254326695829e-02 4.732036674567330903e-01 4.732036674567330903e-01
7.720000000000000000e+03 1.807978643349282197e-02 8.588656437061359394e-03 2.666844287055412585e-02 4.733315571294459123e-01 4.733315571294459123e-01
7.740000000000000000e+03 1.797165376592312416e-02 8.569770037267439994e-03 2.654142380319050865e-02 4.734585761968095330e-01 4.734585761968095330e-01
7.760000000000000000e+03 1.786437347943064385e-02 8.550896084509457262e-03 2.641526956394004561e-02 4.735847304360599752e-01 4.735847304360599752e-01
7.780000000000000000e+03 1.775793721221306798e-02 8.532037340708764281e-03 2.628997455292177848e-02 4.737100254470782423e-01 4.737100254470782423e-01
7.800000000000000000e+03 1.765233660452072278e-02 8.513196743089193261e-03 2.616553334760986227e-02 4.738344666523901516e-01 4.738344666523901516e-01
7.820000000000000000e+03 1.754756329865656689e-02 8.494377404177043400e-03 2.604194070283355478e-02 4.739580592971664452e-01 4.739580592971664452e-01
7.840000000000000000e+03 1.744360893897620168e-02 8.475582611801091293e-03 2.591919155077724093e-02 4.740808084492227903e-01 4.740808084492227903e-01
7.860000000000000000e+03 1.734046517188784706e-02 8.456815829092590928e-03 2.579728100098038421e-02 4.742027189990196678e-01 4.742027189990196678e-01
7.880000000000000000e+03 1.723812364585237261e-02 8.438080694485268485e-03 2.567620434033758905e-02 4.743237956596624283e-01 4.743237956596624283e-01
7.900000000000000000e+03 1.713657601138328032e-02 8.419381021715320601e-03 2.555595703309854541e-02 4.744440429669014581e-01 4.744440429669014581e-01
7.920000000000000000e+03 1.703581392104669759e-02 8.400720799821423043e-03 2.543653472086807033e-02 4.745634652791319574e-01 4.745634652791319574e-01
7.940000000000000000e+03 1.693582902946139807e-02 8.382104193144725504e-03 2.531793322260607326e-02 4.746820667773939406e-01 4.746820667773939406e-01
7.960000000000000000e+03 1.683661299329878430e-02 8.363535541328851602e-03 2.520014853462758386e-02 4.747998514653724578e-01 4.747998514653724578e-01
7.980000000000000000e+03 1.673815747128289469e-02 8.345019359319897148e-03 2.508317683060273806e-02 4.749168231693973175e-01 4.749168231693973175e-01
8.000000000000000000e+03 1.664045412419039999e-02 8.326560337366435346e-03 2.496701446155678156e-02 4.750329855384432531e-01 4.750329855384432531e-01
8.020000000000000000e+03 1.654349461485060679e-02 8.308163341019511594e-03 2.485165795587006635e-02 4.751483420441299788e-01 4.751483420441299788e-01
8.040000000000000000e+03 1.644727060814546449e-02 8.289833411132646948e-03 2.473710401927805766e-02 4.752628959807219666e-01 4.752628959807219666e-01
8.060000000000000000e+03 1.635177377100954441e-02 8.271575763861836392e-03 2.462334953487132702e-02 4.753766504651287250e-01 4.753766504651287250e-01
8.080000000000000000e+03 1.625699577243006066e-02 8.253395790665548834e-03 2.451039156309555572e-02 4.754896084369044651e-01 4.754896084369044651e-01
8.100000000000000000e+03 1.616292828344685628e-02 8.235299058304727110e-03 2.439822734175153135e-02 4.756017726582484895e-01 4.756017726582484895e-01
8.120000000000000000e+03 1.606956297715242052e-02 8.217291308842789715e-03 2.428685428599515819e-02 4.757131457140048592e-01 4.757131457140048592e-01
8.140000000000000000e+03 1.597689152869186113e-02 8.199378459645630807e-03 2.417626998833743990e-02 4.758237300116625601e-01 4.758237300116625601e-01
8.160000000000000000e+03 1.588490561526293907e-02 8.181566603381614997e-03 2.406647221864450376e-02 4.759335277813555032e-01 4.759335277813555032e-01
8.180000000000000000e+03 1.579359982520855271e-02 8.163850477215264106e-03 2.395745030242375784e-02 4.760425496975763116e-01 4.760425496975763116e-01
8.200000000000000000e+03 1.570297641286099236e-02 8.146197770230128796e-03 2.384917418309106391e-02 4.761508258169089847e-01 4.761508258169089847e-01
8.220000000000000000e+03 1.561303162151412086e-02 8.128603453461960560e-03 2.374163507497602243e-02 4.762583649250240470e-01 4.762583649250240470e-01
8.240000000000000000e+03 1.552376118079728910e-02 8.111064702408613339e-03 2.363482588320584346e-02 4.763651741167941878e-01 4.763651741167941878e-01
8.260000000000000000e+03 1.543516081367987680e-02 8.093578782765634139e-03 2.352873959644545196e-02 4.764712604035545862e-01 4.764712604035545862e-01
8.280000000000000000e+03 1.534722623647129594e-02 8.076143050426257824e-03 2.342336928689749478e-02 4.765766307131025226e-01 4.765766307131025226e-01
8.300000000000000000e+03 1.525995315882098038e-02 8.058754951481408857e-03 2.331870811030233026e-02 4.766812918896977114e-01 4.766812918896977114e-01
8.320000000000000000e+03 1.517333728371840149e-02 8.041412022219701292e-03 2.321474930593804206e-02 4.767852506940620239e-01 4.767852506940620239e-01
8.340000000000000000e+03 1.508737430749305247e-02 8.024111889127438779e-03 2.311148619662043227e-02 4.768885138033795990e-01 4.768885138033795990e-01
8.360000000000000000e+03 1.500205991981445539e-02 8.006852268888618035e-03 2.300891218870301444e-02 4.769910878112970098e-01 4.769910878112970098e-01
8.380000000000000000e+03 1.491738980369216282e-02 7.989630968384920165e-03 2.290702077207702400e-02 4.770929792279230419e-01 4.770929792279230419e-01
8.400000000000000000e+03 1.483335963547575791e-02 7.972445884695719340e-03 2.280580552017141827e-02 4.771941944798286372e-01 4.771941944798286372e-01
8.420000000000000000e+03 1.474996508485484741e-02 7.955295005098081060e-03 2.270526008995286948e-02 4.772947399100471721e-01 4.772947399100471721e-01
8.440000000000000000e+03 1.466720181485907035e-02 7.938176407066755216e-03 2.260537822192576485e-02 4.773946217780742907e-01 4.773946217780742907e-01
8.460000000000000000e+03 1.458506548185809285e-02 7.921088258274186500e-03 2.250615374013222036e-02 4.774938462598677935e-01 4.774938462598677935e-01
8.480000000000000000e+03 1.450355173556160983e-02 7.904028816590507461e-03 2.240758055215206004e-02 4.775924194478479712e-01 4.775924194478479712e-01
8.500000000000000000e+03 1.442265621901934330e-02 7.886996430083541981e-03 2.230965264910282631e-02 4.776903473508972153e-01 4.776903473508972153e-01
8.520000000000000000e+03 1.434237456862104756e-02 7.869989537018800066e-03 2.221236410563978692e-02 4.777876358943602408e-01 4.777876358943602408e-01
8.540000000000000000e+03 1.426270241409650051e-02 7.853006665859483051e-03 2.211570907995592458e-02 4.778842909200441413e-01 4.778842909200441413e-01
8.560000000000000000e+03 1.418363537851551233e-02 7.836046435266485338e-03 2.201968181378194042e-02 4.779803181862181116e-01 4.779803181862181116e-01
8.580000000000000000e+03 1.410516907828792202e-02 7.819107554098385718e-03 2.192427663238624702e-02 4.780757233676137807e-01 4.780757233676137807e-01
8.600000000000000000e+03 1.402729912316359219e-02 7.802188821411458648e-03 2.182948794457499272e-02 4.781705120554250454e-01 4.781705120554250454e-01
8.620000000000000000e+03 1.395002111623242121e-02 7.785289126459662111e-03 2.173531024269202347e-02 4.782646897573080147e-01 4.782646897573080147e-01
8.640000000000000000e+03 1.387333065392432931e-02 7.768407448694648887e-03 2.164173810261891748e-02 4.783582618973811207e-01 4.783582618973811207e-01
8.660000000000000000e+03 1.379722332600926901e-02 7.751542857765757882e-03 2.154876618377496791e-02 4.784512338162250633e-01 4.784512338162250633e-01
8.680000000000000000e+03 1.372169471559721993e-02 7.734694513520021068e-03 2.145638922911718288e-02 4.785436107708828657e-01 4.785436107708828657e-01
8.700000000000000000e+03 1.364674039913819220e-02 7.717861666002157409e-03 2.136460206514029236e-02 4.786353979348597631e-01 4.786353979348597631e-01
8.720000000000000000e+03 1.357235594642222307e-02 7.701043655454578064e-03 2.127339960187674128e-02 4.787266003981233142e-01 4.787266003981233142e-01
8.740000000000000000e+03 1.349853692057937857e-02 7.684239912317381190e-03 2.118277683289669991e-02 4.788172231671033452e-01 4.788172231671033452e-01
8.760000000000000000e+03 1.342527887807975009e-02 7.667449957228357135e-03 2.109272883530804651e-02 4.789072711646920055e-01 4.789072711646920055e-01
8.780000000000000000e+03 1.335257736873346306e-02 7.650673401022984113e-03 2.100325076975638819e-02 4.789967492302436569e-01 4.789967492302436569e-01
8.800000000000000000e+03 1.328042793569066821e-02 7.633909944734432532e-03 2.091433788042504002e-02 4.790856621195749843e-01 4.790856621195749843e-01
8.820000000000000000e+03 1.320882611544154511e-02 7.617159379593559793e-03 2.082598549503504592e-02 4.791740145049649957e-01 4.791740145049649957e-01
8.840000000000000000e+03 1.313776743781630216e-02 7.600421587028915495e-03 2.073818902484515780e-02 4.792618109751548561e-01 4.792618109751548561e-01
8.860000000000000000e+03 1.306724742598517827e-02 7.583696538666737097e-03 2.065094396465185639e-02 4.793490560353481644e-01 4.793490560353481644e-01
8.880000000000000000e+03 1.299726159645843600e-02 7.566984296330952521e-03 2.056424589278933041e-02 4.794357541072107320e-01 4.794357541072107320e-01
8.900000000000000000e+03 1.292780545908637189e-02 7.550285012043180151e-03 2.047809047112949393e-02 4.795219095288705269e-01 4.795219095288705269e-01
8.920000000000000000e+03 1.285887451705930787e-02 7.533598928022727098e-03 2.039247344508197599e-02 4.796075265549180622e-01 4.796075265549180622e-01
8.940000000000000000e+03 1.279046426690759464e-02 7.516926376686590937e-03 2.030739064359412746e-02 4.796926093564058968e-01 4.796926093564058968e-01
8.960000000000000000e+03 1.272257019850161000e-02 7.500267780649457969e-03 2.022283797915101072e-02 4.797771620208490240e-01 4.797771620208490240e-01
8.980000000000000000e+03 1.265518779505176578e-02 7.483623652723706693e-03 2.013881144777541349e-02 4.798611885522246490e-01 4.798611885522246490e-01
9.000000000000000000e+03 1.258831253310849739e-02 7.466994595919401734e-03 2.005530712902784188e-02 4.799446928709721893e-01 4.799446928709721893e-01
9.020000000000000000e+03 1.252193988256226909e-02 7.450381303444301648e-03 1.997232118600651002e-02 4.800276788139935524e-01 4.800276788139935524e-01
9.040000000000000000e+03 1.245606530664357565e-02 7.433784558703851117e-03 1.988984986534736432e-02 4.801101501346526912e-01 4.801101501346526912e-01
9.060000000000000000e+03 1.239068426192293723e-02 7.417205235301186153e-03 1.980788949722406267e-02 4.801921105027759928e-01 4.801921105027759928e-01
9.080000000000000000e+03 1.232579219831090797e-02 7.400644297037132363e-03 1.972643649534798135e-02 4.802735635046520568e-01 4.802735635046520568e-01
9.100000000000000000e+03 1.226138455905806564e-02 7.384102797910204949e-03 1.964548735696821161e-02 4.803545126430318057e-01 4.803545126430318057e-01
9.120000000000000000e+03 1.219745678075501855e-02 7.367581882116610442e-03 1.956503866287157001e-02 4.804349613371284855e-01 4.804349613371284855e-01
9.140000000000000000e+03 1.213400429333240382e-02 7.351082784050243235e-03 1.948508707738258808e-02 4.805149129226174431e-01 4.805149129226174431e-01
9.160000000000000000e+03 1.207102252006088394e-02 7.334606828302688182e-03 1.940562934836351228e-02 4.805943706516365155e-01 4.805943706516365155e-01
9.180000000000000000e+03 1.200850687755115540e-02 7.318155429663218865e-03 1.932666230721431441e-02 4.806733376927857515e-01 4.806733376927857515e-01
9.200000000000000000e+03 1.194645277575393655e-02 7.301730093118800197e-03 1.924818286887267776e-02 4.807518171311273569e-01 4.807518171311273569e-01
9.220000000000000000e+03 1.188485561795998499e-02 7.285332413854086683e-03 1.917018803181401096e-02 4.808298119681860272e-01 4.808298119681860272e-01
9.240000000000000000e+03 1.182371080080007152e-02 7.268964077251421560e-03 1.909267487805143410e-02 4.809073251219486145e-01 4.809073251219486145e-01
9.260000000000000000e+03 1.176301371424500787e-02 7.252626858890838524e-03 1.901564057313578915e-02 4.809843594268642386e-01 4.809843594268642386e-01
9.280000000000000000e+03 1.170275974160563115e-02 7.236322624550061734e-03 1.893908236615563304e-02 4.810609176338443982e-01 4.810609176338443982e-01
9.300000000000000000e+03 1.164294425953280379e-02 7.220053330204503211e-03 1.886299758973724802e-02 4.811370024102628040e-01 4.811370024102628040e-01
9.320000000000000000e+03 1.158356263801742225e-02 7.203821022027266305e-03 1.878738366004462784e-02 4.812126163399554346e-01 4.812126163399554346e-01
9.340000000000000000e+03 1.152461024039040313e-02 7.187627836389143092e-03 1.871223807677948811e-02 4.812877619232205362e-01 4.812877619232205362e-01
9.360000000000000000e+03 1.146608242332270225e-02 7.171475999858616980e-03 1.863755842318125938e-02 4.813624415768187892e-01 4.813624415768187892e-01
9.380000000000000000e+03 1.140797453682529730e-02 7.155367829201859237e-03 1.856334236602709409e-02 4.814366576339729198e-01 4.814366576339729198e-01
9.400000000000000000e+03 1.135028192424919133e-02 7.139305731382732459e-03 1.848958765563186307e-02 4.815104123443681994e-01 4.815104123443681994e-01
9.420000000000000000e+03 1.129299992228542486e-02 7.123292203562788839e-03 1.841629212584815559e-02 4.815837078741518895e-01 4.815837078741518895e-01
9.440000000000000000e+03 1.123612386096506204e-02 7.107329833101269298e-03 1.834345369406627235e-02 4.816565463059337970e-01 4.816565463059337970e-01
9.460000000000000000e+03 1.117964906365919234e-02 7.091421297555104350e-03 1.827107036121423944e-02 4.817289296387858299e-01 4.817289296387858299e-01
9.480000000000000000e+03 1.112357084707894274e-02 7.075569364678915840e-03 1.819914021175779786e-02 4.818008597882422195e-01 4.818008597882422195e-01
9.500000000000000000e+03 1.106788452127545862e-02 7.059776892425014341e-03 1.812766141370041745e-02 4.818723385862996311e-01 4.818723385862996311e-01
9.520000000000000000e+03 1.101258538963992110e-02 7.044046828943401756e-03 1.805663221858326561e-02 4.819433677814167760e-01 4.819433677814167760e-01
9.540000000000000000e+03 1.095766874890353668e-02 7.028382212581766111e-03 1.798605096148524554e-02 4.820139490385147996e-01 4.820139490385147996e-01
9.560000000000000000e+03 1.090312988913754236e-02 7.012786171885488501e-03 1.791591606102297188e-02 4.820840839389770593e-01 4.820840839389770593e-01
9.580000000000000000e+03 1.084896409375319705e-02 6.997261925597639612e-03 1.784622601935077768e-02 4.821537739806492917e-01 4.821537739806492917e-01
9.600000000000000000e+03 1.079516663950180061e-02 6.981812782658977992e-03 1.777697942216072136e-02 4.822230205778393342e-01 4.822230205778393342e-01
9.620000000000000000e+03 1.074173279647467130e-02 6.966442142207953520e-03 1.770817493868256584e-02 4.822918250613174584e-01 4.822918250613174584e-01
9.640000000000000000e+03 1.068865782810315967e-02 6.951153493580705667e-03 1.763981132168380289e-02 4.823601886783162596e-01 4.823601886783162596e-01
9.660000000000000000e+03 1.063593717097809609e-02 6.935949885972700867e-03 1.757188705695073710e-02 4.824281129430492698e-01 4.824281129430492698e-01
9.680000000000000000e+03 1.058357365671621850e-02 6.920813312691724561e-03 1.750438696940788408e-02 4.824956130305921298e-01 4.824956130305921298e-01
9.700000000000000000e+03 1.053156861682017637e-02 6.905732159688101647e-03 1.743730077650822163e-02 4.825626992234918200e-01 4.825626992234918200e-01
9.720000000000000000e+03 1.047992015199689445e-02 6.890704689405818990e-03 1.737062484140265706e-02 4.826293751585973846e-01 4.826293751585973846e-01
9.740000000000000000e+03 1.042862635429082051e-02 6.875729210220143939e-03 1.730435556451090720e-02 4.826956444354891240e-01 4.826956444354891240e-01
9.760000000000000000e+03 1.037768530708391666e-02 6.860804076437626055e-03 1.723848938352148460e-02 4.827615106164785397e-01 4.827615106164785397e-01
9.780000000000000000e+03 1.032709508509566630e-02 6.845927688296097116e-03 1.717302277339170444e-02 4.828269772266083337e-01 4.828269772266083337e-01
9.800000000000000000e+03 1.027685375438307062e-02 6.831098491964671983e-03 1.710795224634768449e-02 4.828920477536523537e-01 4.828920477536523537e-01
9.820000000000000000e+03 1.022695937234065211e-02 6.816314979543746863e-03 1.704327435188434173e-02 4.829567256481157034e-01 4.829567256481157034e-01
9.840000000000000000e+03 1.017740998770044758e-02 6.801575689065001915e-03 1.697898567676539225e-02 4.830210143232346320e-01 4.830210143232346320e-01
9.860000000000000000e+03 1.012820364053201513e-02 6.786879204491396041e-03 1.691508284502335480e-02 4.830849171549767007e-01 4.830849171549767007e-01
9.880000000000000000e+03 1.007933836224243242e-02 6.772224155717174697e-03 1.685156251795954727e-02 4.831484374820405048e-01 4.831484374820405048e-01
9.900000000000000000e+03 1.003081217557629315e-02 6.757609218567861217e-03 1.678842139414409712e-02 4.832115786058559515e-01 4.832115786058559515e-01
9.920000000000000000e+03 9.982623094615710596e-03 6.743033114800264620e-03 1.672565620941591710e-02 4.832743437905840933e-01 4.832743437905840933e-01
9.940000000000000000e+03 9.934769124780317567e-03 6.728494612102474404e-03 1.666326373688273299e-02 4.833367362631172948e-01 4.833367362631172948e-01
9.960000000000000000e+03 9.887248262827266418e-03 6.713992524093862282e-03 1.660124078692106972e-02 4.833987592130789546e-01 4.833987592130789546e-01
9.980000000000000000e+03 9.840058496851225578e-03 6.699525710325083053e-03 1.653958420717625138e-02 4.834604157928237833e-01 4.834604157928237833e-01
1.000000000000000000e+04 9.793197806284383022e-03 6.685093076278072859e-03 1.647829088256239777e-02 4.835217091174376369e-01 4.835217091174376369e-01
1.002000000000000000e+04 9.746664161896448006e-03 6.670693573366050927e-03 1.641735773526243822e-02 4.835826422647375722e-01 4.835826422647375722e-01
1.004000000000000000e+04 9.700455525794644124e-03 6.656326198933516965e-03 1.635678172472810124e-02 4.836432182752719577e-01 4.836432182752719577e-01
1.006000000000000000e+04 9.654569851423716251e-03 6.641989996256255496e-03 1.629655984767991450e-02 4.837034401523201410e-01 4.837034401523201410e-01
1.008000000000000000e+04 9.609005083565928806e-03 6.627684054541331526e-03 1.623668913810720135e-02 4.837633108618928368e-01 4.837633108618928368e-01
1.010000000000000000e+04 9.563759158341062286e-03 6.613407508927091408e-03 1.617716666726809471e-02 4.838228333327319608e-01 4.838228333327319608e-01
1.012000000000000000e+04 9.518830003206418464e-03 6.599159540483167177e-03 1.611798954368952666e-02 4.838820104563105184e-01 4.838820104563105184e-01
1.014000000000000000e+04 9.474215536956815190e-03 6.584939376210468751e-03 1.605915491316722496e-02 4.839408450868328271e-01 4.839408450868328271e-01
1.016000000000000000e+04 9.429913669724591593e-03 6.570746289041190860e-03 1.600065995876572347e-02 4.839993400412342939e-01 4.839993400412342939e-01
1.018000000000000000e+04 9.385922302979604614e-03 6.556579597838810454e-03 1.594250190081835522e-02 4.840574980991816934e-01 4.840574980991816934e-01
1.020000000000000000e+04 9.342239329529227268e-03 6.542438667398085828e-03 1.588467799692725585e-02 4.841153220030727788e-01 4.841153220030727788e-01
1.022000000000000000e+04 9.298862633518355583e-03 6.528322908445058359e-03 1.582718554196335670e-02 4.841728144580366711e-01 4.841728144580366711e-01
1.024000000000000000e+04 9.255790090429399930e-03 6.514231777637049907e-03 1.577002186806639172e-02 4.842299781319336360e-01 4.842299781319336360e-01
1.026000000000000000e+04 9.213019567082293693e-03 6.500164777562667147e-03 1.571318434464490446e-02 4.842868156553551406e-01 4.842868156553551406e-01
1.028000000000000000e+04 9.170548921634488065e-03 6.486121456741795500e-03 1.565667037837622372e-02 4.843433296216237971e-01 4.843433296216237971e-01
1.030000000000000000e+04 9.128376003580948583e-03 6.472101409625606941e-03 1.560047741320649654e-02 4.843995225867935295e-01 4.843995225867935295e-01
1.032000000000000000e+04 9.086498653754163796e-03 6.458104276596552187e-03 1.554460293035065874e-02 4.844553970696493517e-01 4.844553970696493517e-01
1.034000000000000000e+04 9.044914704324140062e-03 6.444129743968365909e-03 1.548904444829244699e-02 4.845109555517075894e-01 4.845109555517075894e-01
1.036000000000000000e+04 9.003621978798401551e-03 6.430177543986063254e-03 1.543379952278440582e-02 4.845662004772156028e-01 4.845662004772156028e-01
1.038000000000000000e+04 8.962618292021991978e-03 6.416247454825944191e-03 1.537886574684787719e-02 4.846211342531521749e-01 4.846211342531521749e-01
1.040000000000000000e+04 8.921901450177474602e-03 6.402339300595588298e-03 1.532424075077300392e-02 4.846757592492270117e-01 4.846757592492270117e-01
1.042000000000000000e+04 8.881469250784927022e-03 6.388452951333859105e-03 1.526992220211872801e-02 4.847300777978812980e-01 4.847300777978812980e-01
1.044000000000000000e+04 8.841319482701953322e-03 6.374588323010901489e-03 1.521590780571279583e-02 4.847840921942872527e-01 4.847840921942872527e-01
1.046000000000000000e+04 8.801449926123666723e-03 6.360745377528143410e-03 1.516219530365175289e-02 4.848378046963482957e-01 4.848378046963482957e-01
1.048000000000000000e+04 8.761858352582708662e-03 6.346924122718294176e-03 1.510878247530094386e-02 4.848912175246991030e-01 4.848912175246991030e-01
1.050000000000000000e+04 8.722542524949229714e-03 6.333124612345345308e-03 1.505566713729451778e-02 4.849443328627054961e-01 4.849443328627054961e-01
1.052000000000000000e+04 8.683500197430908674e-03 6.319346946104571414e-03 1.500284714353542111e-02 4.849971528564646084e-01 4.849971528564646084e-01
1.054000000000000000e+04 8.644729115572935205e-03 6.305591269622528444e-03 1.495032038519540293e-02 4.850496796148046075e-01 4.850496796148046075e-01
1.056000000000000000e+04 8.606227016258021986e-03 6.291857774457053701e-03 1.489808479071501671e-02 4.851019152092850284e-01 4.851019152092850284e-01
1.058000000000000000e+04 8.567991627706399507e-03 6.278146698097269301e-03 1.484613832580360983e-02 4.851538616741964405e-01 4.851538616741964405e-01
1.060000000000000000e+04 8.530020669475816067e-03 6.264458323963578712e-03 1.479447899343933580e-02 4.852055210065607249e-01 4.852055210065607249e-01
1.062000000000000000e+04 8.492311852461539509e-03 6.250792981407665011e-03 1.474310483386914554e-02 4.852568951661309082e-01 4.852568951661309082e-01
1.064000000000000000e+04 8.454862878896355488e-03 6.237151045712496962e-03 1.469201392460879434e-02 4.853079860753912178e-01 4.853079860753912178e-01
1.066000000000000000e+04 8.417671442350570937e-03 6.223532938092322941e-03 1.464120438044283490e-02 4.853587956195571929e-01 4.853587956195571929e-01
1.068000000000000000e+04 8.380735227732007131e-03 6.209939125692676143e-03 1.459067435342462429e-02 4.854093256465754069e-01 4.854093256465754069e-01
1.070000000000000000e+04 8.344051911286010093e-03 6.196370121590369373e-03 1.454042203287632049e-02 4.854595779671236899e-01 4.854595779671236899e-01
1.072000000000000000e+04 8.307619160595434982e-03 6.182826484793499389e-03 1.449044564538887539e-02 4.855095543546111836e-01 4.855095543546111836e-01
1.074000000000000000e+04 8.271434634580665177e-03 6.169308820241443427e-03 1.444074345482205049e-02 4.855592565451780085e-01 4.855592565451780085e-01
1.076000000000000000e+04 8.235495983499600131e-03 6.155817778804863541e-03 1.439131376230440296e-02 4.856086862376956526e-01 4.856086862376956526e-01
1.078000000000000000e+04 8.199800848947653639e-03 6.142354057285701399e-03 1.434215490623329606e-02 4.856578450937667490e-01 4.856578450937667490e-01
1.080000000000000000e+04 8.164346863857762510e-03 6.128918398417182618e-03 1.429326526227488528e-02 4.857067347377251321e-01 4.857067347377251321e-01
1.082000000000000000e+04 8.129131652500383096e-03 6.115511590863814163e-03 1.424464324336413741e-02 4.857553567566358921e-01 4.857553567566358921e-01
1.084000000000000000e+04 8.094152830483486091e-03 6.102134469221385214e-03 1.419628729970481146e-02 4.858037127002952094e-01 4.858037127002952094e-01
1.086000000000000000e+04 8.059408004752563470e-03 6.088787914016968034e-03 1.414819591876947252e-02 4.858518040812305760e-01 4.858518040812305760e-01
1.088000000000000000e+04 8.024894773590626751e-03 6.075472851708916232e-03 1.410036762529948487e-02 4.858996323747005741e-01 4.858996323747005741e-01
1.090000000000000000e+04 7.990610726618206996e-03 6.062190254686865634e-03 1.405280098130501192e-02 4.859471990186950419e-01 4.859471990186950419e-01
1.092000000000000000e+04 7.956553444793346141e-03 6.048941141271734281e-03 1.400549458606502144e-02 4.859945054139350185e-01 4.859945054139350185e-01
1.094000000000000000e+04 7.922720500411616074e-03 6.035726575715723297e-03 1.395844707612728039e-02 4.860415529238727439e-01 4.860415529238727439e-01
1.096000000000000000e+04 7.889109457106101286e-03 6.022547668202315151e-03 1.391165712530835485e-02 4.860883428746916590e-01 4.860883428746916590e-01
1.098000000000000000e+04 7.855717869847404083e-03 6.009405574846274529e-03 1.386512344469361703e-02 4.861348765553064055e-01 4.861348765553064055e-01
1.100000000000000000e+04 7.822543284943646313e-03 5.996301497693649202e-03 1.381884478263723480e-02 4.861811552173628259e-01 4.861811552173628259e-01
1.102000000000000000e+04 7.789583240040469370e-03 5.983236684721767416e-03 1.377281992476217694e-02 4.862271800752378526e-01 4.862271800752378526e-01
1.104000000000000000e+04 7.756835264121035925e-03 5.970212429839241372e-03 1.372704769396021658e-02 4.862729523060398407e-01 4.862729523060398407e-01
1.106000000000000000e+04 7.724296877506021258e-03 5.957230072885964615e-03 1.368152695039192603e-02 4.863184730496081243e-01 4.863184730496081243e-01
1.108000000000000000e+04 7.691965591853625397e-03 5.944290999633113776e-03 1.363625659148667846e-02 4.863637434085133493e-01 4.863637434085133493e-01
1.110000000000000000e+04 7.659838910159562711e-03 5.931396641783145962e-03 1.359123555194264796e-02 4.864087644480573625e-01 4.864087644480573625e-01
1.112000000000000000e+04 7.627914326757067112e-03 5.918548476969801367e-03 1.354646280372680950e-02 4.864535371962732113e-01 4.864535371962732113e-01
1.114000000000000000e+04 7.596189327316893794e-03 5.905748028758104999e-03 1.350193735607493895e-02 4.864980626439250888e-01 4.864980626439250888e-01
1.116000000000000000e+04 7.564661388847314025e-03 5.892996866644358879e-03 1.345765825549161132e-02 4.865423417445084442e-01 4.865423417445084442e-01
1.118000000000000000e+04 7.533327979694116883e-03 5.880296606056151579e-03 1.341362458575020775e-02 4.865863754142498165e-01 4.865863754142498165e-01
1.120000000000000000e+04 7.502186559540614461e-03 5.867648908352352151e-03 1.336983546789290503e-02 4.866301645321071123e-01 4.866301645321071123e-01
1.122000000000000000e+04 7.471234579407633192e-03 5.855055480823111863e-03 1.332629006023068260e-02 4.866737099397693278e-01 4.866737099397693278e-01
1.124000000000000000e+04 7.440469481653519922e-03 5.842518076689863331e-03 1.328298755834332254e-02 4.867170124416567156e-01 4.867170124416567156e-01
1.126000000000000000e+04 7.409888699974139306e-03 5.830038495105323987e-03 1.323992719507940258e-02 4.867600728049206182e-01 4.867600728049206182e-01
1.128000000000000000e+04 7.379489659402878148e-03 5.817618581153491744e-03 1.319710824055630831e-02 4.868028917594437455e-01 4.868028917594437455e-01
1.130000000000000000e+04 7.349269776310637589e-03 5.805260225849645864e-03 1.315453000216022100e-02 4.868454699978398414e-01 4.868454699978398414e-01
1.132000000000000000e+04 7.319226458405837452e-03 5.792965366140349556e-03 1.311219182454612456e-02 4.868878081754539067e-01 4.868878081754539067e-01
1.134000000000000000e+04 7.289357104734418835e-03 5.780735984903448248e-03 1.307009308963780550e-02 4.869299069103622535e-01 4.869299069103622535e-01
1.136000000000000000e+04 7.259661617173232377e-03 5.768568519019436763e-03 1.302823013619261103e-02 4.869717698638074688e-01 4.869717698638074688e-01
1.138000000000000000e+04 7.230145061885919454e-03 5.756448471040420158e-03 1.298659353292628237e-02 4.870134064670737506e-01 4.870134064670737506e-01
1.140000000000000000e+04 7.200807069773923659e-03 5.744373995187797288e-03 1.294518106496166283e-02 4.870548189350383805e-01 4.870548189350383805e-01
1.142000000000000000e+04 7.171646918619796821e-03 5.732344052852685230e-03 1.290399097147242394e-02 4.870960090285276212e-01 4.870960090285276212e-01
1.144000000000000000e+04 7.142663878877055818e-03 5.720357628611620789e-03 1.286302150748861936e-02 4.871369784925114188e-01 4.871369784925114188e-01
1.146000000000000000e+04 7.113857213670185184e-03 5.708413730226554426e-03 1.282227094389668150e-02 4.871777290561033480e-01 4.871777290561033480e-01
1.148000000000000000e+04 7.085226178794631034e-03 5.696511388644854602e-03 1.278173756743942666e-02 4.872182624325606115e-01 4.872182624325606115e-01
1.150000000000000000e+04 7.056770022716807138e-03 5.684649657999305168e-03 1.274141968071605333e-02 4.872585803192839848e-01 4.872585803192839848e-01
1.152000000000000000e+04 7.028487986574092315e-03 5.672827615608108838e-03 1.270131560218214217e-02 4.872986843978179272e-01 4.872986843978179272e-01
1.154000000000000000e+04 7.000379304174829571e-03 5.661044361974881985e-03 1.266142366614965431e-02 4.873385763338504151e-01 4.873385763338504151e-01
1.156000000000000000e+04 6.972443201998329565e-03 5.649299020788660711e-03 1.262174222278693130e-02 4.873782577772131086e-01 4.873782577772131086e-01
1.158000000000000000e+04 6.944678899194865404e-03 5.637590738923894777e-03 1.258226963811870207e-02 4.874177303618813517e-01 4.874177303618813517e-01
1.160000000000000000e+04 6.917085607585676983e-03 5.625918686440452808e-03 1.254300429402607081e-02 4.874569957059740055e-01 4.874569957059740055e-01
1.162000000000000000e+04 6.889662531662969248e-03 5.614282056583619687e-03 1.250394458824653082e-02 4.874960554117535039e-01 4.874960554117535039e-01
1.164000000000000000e+04 6.862408868589912198e-03 5.602680065784095692e-03 1.246508893437395064e-02 4.875349110656261309e-01 4.875349110656261309e-01
1.166000000000000000e+04 6.835323808200642615e-03 5.591111953657999095e-03 1.242643576185858273e-02 4.875735642381414658e-01 4.875735642381414658e-01
1.168000000000000000e+04 6.808406533000259733e-03 5.579576983006864430e-03 1.238798351600706518e-02 4.876120164839929938e-01 4.876120164839929938e-01
1.170000000000000000e+04 6.781656218164830441e-03 5.568074439817641622e-03 1.234973065798241482e-02 4.876502693420176615e-01 4.876502693420176615e-01
1.172000000000000000e+04 6.755072031541386676e-03 5.556603633262698592e-03 1.231167566480402716e-02 4.876883243351960440e-01 4.876883243351960440e-01
1.174000000000000000e+04 6.728653133647923695e-03 5.545163895699820392e-03 1.227381702934768684e-02 4.877261829706523444e-01 4.877261829706523444e-01
1.176000000000000000e+04 6.702398677673405275e-03 5.533754582672207462e-03 1.223615326034555376e-02 4.877638467396545052e-01 4.877638467396545052e-01
1.178000000000000000e+04 6.676307809477757642e-03 5.522375072908476505e-03 1.219868288238617690e-02 4.878013171176138751e-01 4.878013171176138751e-01
1.180000000000000000e+04 6.650379667591873808e-03 5.511024768322663088e-03 1.216140443591447878e-02 4.878385955640855975e-01 4.878385955640855975e-01
1.182000000000000000e+04 6.624613383217610972e-03 5.499703094014216434e-03 1.212431647723176929e-02 4.878756835227682775e-01 4.878756835227682775e-01
1.184000000000000000e+04 6.599008080227792249e-03 5.488409498268004630e-03 1.208741757849573877e-02 4.879125824215043150e-01 4.879125824215043150e-01
1.186000000000000000e+04 6.573562875166207541e-03 5.477143452554311155e-03 1.205070632772045972e-02 4.879492936722795715e-01 4.879492936722795715e-01
1.188000000000000000e+04 6.548276877247608332e-03 5.465904451528837485e-03 1.201418132877638857e-02 4.879858186712236479e-01 4.879858186712236479e-01
1.190000000000000000e+04 6.523149188357715497e-03 5.454692013032700487e-03 1.197784120139035874e-02 4.880221587986097176e-01 4.880221587986097176e-01
1.192000000000000000e+04 6.498178903053213225e-03 5.443505678092433291e-03 1.194168458114558753e-02 4.880583154188544714e-01 4.880583154188544714e-01
1.194000000000000000e+04 6.473365108561749889e-03 5.432345010919987019e-03 1.190571011948167966e-02 4.880942898805183949e-01 4.880942898805183949e-01
1.196000000000000000e+04 6.448706884781941519e-03 5.421209598912729057e-03 1.186991648369461333e-02 4.881300835163054352e-01 4.881300835163054352e-01
1.198000000000000000e+04 6.424203304283368325e-03 5.410099052653443048e-03 1.183430235693675239e-02 4.881656976430632788e-01 4.881656976430632788e-01
1.200000000000000000e+04 6.399853432306574705e-03 5.399013005910328032e-03 1.179886643821684462e-02 4.882011335617831849e-01 4.882011335617831849e-01
1.202000000000000000e+04 6.375656326763071841e-03 5.387951115637002776e-03 1.176360744240001824e-02 4.882363925576000407e-01 4.882363925576000407e-01
1.204000000000000000e+04 6.351611038235336834e-03 5.376913061972500574e-03 1.172852410020777843e-02 4.882714758997922511e-01 4.882714758997922511e-01
1.206000000000000000e+04 6.327716609976810104e-03 5.365898548241270112e-03 1.169361515821802297e-02 4.883063848417820152e-01 4.883063848417820152e-01
1.208000000000000000e+04 6.303972077911897988e-03 5.354907300953179808e-03 1.165887937886501968e-02 4.883411206211350497e-01 4.883411206211350497e-01
1.210000000000000000e+04 6.280376470635972742e-03 5.343939069803512604e-03 1.162431554043942723e-02 4.883756844595606439e-01 4.883756844595606439e-01
1.212000000000000000e+04 6.256928809415371676e-03 5.332993627672968570e-03 1.158992243708828300e-02 4.884100775629117708e-01 4.884100775629117708e-01
1.214000000000000000e+04 6.233628108187398015e-03 5.322070770627664905e-03 1.155569887881500481e-02 4.884443011211850316e-01 4.884443011211850316e-01
1.216000000000000000e+04 6.210473373560317437e-03 5.311170317919134201e-03 1.152164369147939439e-02 4.884783563085206559e-01 4.884783563085206559e-01
1.218000000000000000e+04 6.187463604813365874e-03 5.300292111984327044e-03 1.148775571679763567e-02 4.885122442832024459e-01 4.885122442832024459e-01
1.220000000000000000e+04 6.164597793896739973e-03 5.289436018445610281e-03 1.145403381234229301e-02 4.885459661876577764e-01 4.885459661876577764e-01
1.222000000000000000e+04 6.141874925431603169e-03 5.278601926110766153e-03 1.142047685154231121e-02 4.885795231484577616e-01 4.885795231484577616e-01
1.224000000000000000e+04 6.119293976710085681e-03 5.267789746972994895e-03 1.138708372368302246e-02 4.886129162763170330e-01 4.886129162763170330e-01
1.226000000000000000e+04 6.096853917695280178e-03 5.256999416210913004e-03 1.135385333390613594e-02 4.886461466660939057e-01 4.886461466660939057e-01
1.228000000000000000e+04 6.074553711021246985e-03 5.246230892188554103e-03 1.132078460320974297e-02 4.886792153967903229e-01 4.886792153967903229e-01
1.230000000000000000e+04 6.052392311993011476e-03 5.235484156455368077e-03 1.128787646844832057e-02 4.887121235315517453e-01 4.887121235315517453e-01
1.232000000000000000e+04 6.030368668586562342e-03 5.224759213746220203e-03 1.125512788233272443e-02 4.887448721176673172e-01 4.887448721176673172e-01
1.234000000000000000e+04 6.008481721448856797e-03 5.214056091981393755e-03 1.122253781343019244e-02 4.887774621865698665e-01 4.887774621865698665e-01
1.236000000000000000e+04 5.986730403897813635e-03 5.203374842266589133e-03 1.119010524616434465e-02 4.888098947538356831e-01 4.888098947538356831e-01
1.238000000000000000e+04 5.965113641922321040e-03 5.192715538892921263e-03 1.115782918081518506e-02 4.888421708191848514e-01 4.888421708191848514e-01
1.240000000000000000e+04 5.943630354182227911e-03 5.182078279336924803e-03 1.112570863351909634e-02 4.888742913664809731e-01 4.888742913664809731e-01
1.242000000000000000e+04 5.922279452008352534e-03 5.171463184260547200e-03 1.109374263626884335e-02 4.889062573637312226e-01 4.889062573637312226e-01
1.244000000000000000e+04 5.901059839402476512e-03 5.160870397511156497e-03 1.106193023691357663e-02 4.889380697630864581e-01 4.889380697630864581e-01
1.246000000000000000e+04 5.879970413037345633e-03 5.150300086121534400e-03 1.103027049915882365e-02 4.889697295008412214e-01 4.889697295008412214e-01
1.248000000000000000e+04 5.859010062256674208e-03 5.139752440309880606e-03 1.099876250256649757e-02 4.890012374974335718e-01 4.890012374974335718e-01
1.250000000000000000e+04 5.838177669075138992e-03 5.129227673479810207e-03 1.096740534255489195e-02 4.890325946574451410e-01 4.890325946574451410e-01
1.252000000000000000e+04 5.817472108178383533e-03 5.118726022220357157e-03 1.093619813039868258e-02 4.890638018696013556e-01 4.890638018696013556e-01
1.254000000000000000e+04 5.796892246923014691e-03 5.108247746305969936e-03 1.090513999322892738e-02 4.890948600067711038e-01 4.890948600067711038e-01
1.256000000000000000e+04 5.776436945336607849e-03 5.097793128696515019e-03 1.087423007403306649e-02 4.891257699259670133e-01 4.891257699259670133e-01
1.258000000000000000e+04 5.756105056117699972e-03 5.087362475537273408e-03 1.084346753165491700e-02 4.891565324683451177e-01 4.891565324683451177e-01
1.260000000000000000e+04 5.735895424635798281e-03 5.076956116158945834e-03 1.081285154079468687e-02 4.891871484592053565e-01 4.891871484592053565e-01
1.262000000000000000e+04 5.715806888931368977e-03 5.066574403077647552e-03 1.078238129200895928e-02 4.892176187079910754e-01 4.892176187079910754e-01
1.264000000000000000e+04 5.695838279715848516e-03 5.056217711994910949e-03 1.075205599171070135e-02 4.892479440082893594e-01 4.892479440082893594e-01
1.266000000000000000e+04 5.675988420371636672e-03 5.045886441797684668e-03 1.072187486216926409e-02 4.892781251378308105e-01 4.892781251378308105e-01
1.268000000000000000e+04 5.656256126952098270e-03 5.035581014558334484e-03 1.069183714151037551e-02 4.893081628584896592e-01 4.893081628584896592e-01
1.270000000000000000e+04 5.636640208181564922e-03 5.025301875534643296e-03 1.066194208371615271e-02 4.893380579162839306e-01 4.893380579162839306e-01
1.272000000000000000e+04 5.617139465455332423e-03 5.015049493169809400e-03 1.063218895862508458e-02 4.893678110413749449e-01 4.893678110413749449e-01
1.274000000000000000e+04 5.597752692839659885e-03 5.004824359092447349e-03 1.060257705193205086e-02 4.893974229480679838e-01 4.893974229480679838e-01
1.276000000000000000e+04 5.578478677071776679e-03 4.994626988116591428e-03 1.057310566518830999e-02 4.894268943348117351e-01 4.894268943348117351e-01
1.278000000000000000e+04 5.559316197559872885e-03 4.984457918241688712e-03 1.054377411580150609e-02 4.894562258841985702e-01 4.894562258841985702e-01
1.280000000000000000e+04 5.540264026383107110e-03 4.974317710652605140e-03 1.051458173703565500e-02 4.894854182629643780e-01 4.894854182629643780e-01
1.282000000000000000e+04 5.521320928291599539e-03 4.964206949719622911e-03 1.048552787801116520e-02 4.895144721219888972e-01 4.895144721219888972e-01
1.284000000000000000e+04 5.502485660706439748e-03 4.954126242998439615e-03 1.045661190370482212e-02 4.895433880962952178e-01 4.895433880962952178e-01
1.286000000000000000e+04 5.483756973719678893e-03 4.944076221230171708e-03 1.042783319494979509e-02 4.895721668050502795e-01 4.895721668050502795e-01
1.288000000000000000e+04 5.465133610094337520e-03 4.934057538341351037e-03 1.039919114843563218e-02 4.896008088515644285e-01 4.896008088515644285e-01
1.290000000000000000e+04 5.446614305264396889e-03 4.924070871443925711e-03 1.037068517670826535e-02 4.896293148232918058e-01 4.896293148232918058e-01
1.292000000000000000e+04 5.428197787334805915e-03 4.914116920835260964e-03 1.034231470817001050e-02 4.896576852918300693e-01 4.896576852918300693e-01
1.294000000000000000e+04 5.409882777081481166e-03 4.904196409998137426e-03 1.031407918707956221e-02 4.896859208129205054e-01 4.896859208129205054e-01
1.296000000000000000e+04 5.391667987951299923e-03 4.894310085600755457e-03 1.028597807355199900e-02 4.897140219264480843e-01 4.897140219264480843e-01
1.298000000000000000e+04 5.373552126062107123e-03 4.884458717496729073e-03 1.025801084355877982e-02 4.897419891564412930e-01 4.897419891564412930e-01
1.300000000000000000e+04 5.355533890202712755e-03 4.874643098725090287e-03 1.023017698892774580e-02 4.897698230110723028e-01 4.897698230110723028e-01
1.302000000000000000e+04 5.337611971832891856e-03 4.864864045510286505e-03 1.020247601734312198e-02 4.897975239826569127e-01 4.897975239826569127e-01
1.304000000000000000e+04 5.319785055083386255e-03 4.855122397262183129e-03 1.017490745234551214e-02 4.898250925476545503e-01 4.898250925476545503e-01
1.306000000000000000e+04 5.302051816755901092e-03 4.845419016576061819e-03 1.014747083333190567e-02 4.898525291666681603e-01 4.898525291666681603e-01
1.308000000000000000e+04 5.284410926323106564e-03 4.835754789232620497e-03 1.012016571555567068e-02 4.898798342844443710e-01 4.898798342844443710e-01
1.310000000000000000e+04 5.266861045928640517e-03 4.826130624197974214e-03 1.009299167012655749e-02 4.899070083298734946e-01 4.899070083298734946e-01
1.312000000000000000e+04 5.249400830387103249e-03 4.816547453623654280e-03 1.006594828401070202e-02 4.899340517159893604e-01 4.899340517159893604e-01
1.314000000000000000e+04 5.232028927184062712e-03 4.807006232846608267e-03 1.003903516003061547e-02 4.899609648399694262e-01 4.899609648399694262e-01
1.316000000000000000e+04 5.214743976476051909e-03 4.797507940389200871e-03 1.001225191686519640e-02 4.899877480831348331e-01 4.899877480831348331e-01
1.318000000000000000e+04 5.197544611090566292e-03 4.788053577959213922e-03 9.985598189049725570e-03 4.900144018109503508e-01 4.900144018109503508e-01
1.320000000000000000e+04 5.180429456526070703e-03 4.778644170449845505e-03 9.959073626975860696e-03 4.900409263730242104e-01 4.900409263730242104e-01
1.322000000000000000e+04 5.163397130951992431e-03 4.769280765939709968e-03 9.932677896891646888e-03 4.900673221031083826e-01 4.900673221031083826e-01
1.324000000000000000e+04 5.146446245208725553e-03 4.759964435692837052e-03 9.906410680901506227e-03 4.900935893190985215e-01 4.900935893190985215e-01
1.326000000000000000e+04 5.129575572014291769e-03 4.750695965811749244e-03 9.880271537825982900e-03 4.901197284621740535e-01 4.901197284621740535e-01
1.328000000000000000e+04 5.112788995073801190e-03 4.741466943111137533e-03 9.854255938184879743e-03 4.901457440618151584e-01 4.901457440618151584e-01
1.330000000000000000e+04 5.096088506535855281e-03 4.732272686435412025e-03 9.828361192971207458e-03 4.901716388070288533e-01 4.901716388070288533e-01
1.332000000000000000e+04 5.079473901293544286e-03 4.723112565524502024e-03 9.802586466817987329e-03 4.901974135331820248e-01 4.901974135331820248e-01
1.334000000000000000e+04 5.062944969108406149e-03 4.713985961783673066e-03 9.776930930892021102e-03 4.902230690691080084e-01 4.902230690691080084e-01
1.336000000000000000e+04 5.046501494610417839e-03 4.704892268283528654e-03 9.751393762893887512e-03 4.902486062371061437e-01 4.902486062371061437e-01
1.338000000000000000e+04 5.030143257298003157e-03 4.695830889760007655e-03 9.725974147057950964e-03 4.902740258529421080e-01 4.902740258529421080e-01
1.340000000000000000e+04 5.013870031538025795e-03 4.686801242614387769e-03 9.700671274152354584e-03 4.902993287258476940e-01 4.902993287258476940e-01
1.342000000000000000e+04 4.997681586565796280e-03 4.677802754913284664e-03 9.675484341479021963e-03 4.903245156585210318e-01 4.903245156585210318e-01
1.344000000000000000e+04 4.981577686485066762e-03 4.668834866388650237e-03 9.650412552873658886e-03 4.903495874471263671e-01 4.903495874471263671e-01
1.346000000000000000e+04 4.965558090268031889e-03 4.659897028437773488e-03 9.625455118705746396e-03 4.903745448812942831e-01 4.903745448812942831e-01
1.348000000000000000e+04 4.949622551755332271e-03 4.650988704123281380e-03 9.600611255878554670e-03 4.903993887441214783e-01 4.903993887441214783e-01
1.350000000000000000e+04 4.933770819656048412e-03 4.642109368173137976e-03 9.575880187829127407e-03 4.904241198121709333e-01 4.904241198121709333e-01
1.352000000000000000e+04 4.918002637547706779e-03 4.633258506980644439e-03 9.551261144528292238e-03 4.904487388554717442e-01 4.904487388554717442e-01
1.354000000000000000e+04 4.902317743876276335e-03 4.624435618604438164e-03 9.526753362480655518e-03 4.904732466375194000e-01 4.904732466375194000e-01
1.356000000000000000e+04 4.886715871956170271e-03 4.615640212768497112e-03 9.502356084724607535e-03 4.904976439152754497e-01 4.904976439152754497e-01
1.358000000000000000e+04 4.871196749970243406e-03 4.606871810862132877e-03 9.478068560832317302e-03 4.905219314391677243e-01 4.905219314391677243e-01
1.360000000000000000e+04 4.855760100969794789e-03 4.598129945939995883e-03 9.453890046909730824e-03 4.905461099530902813e-01 4.905461099530902813e-01
1.362000000000000000e+04 4.840405642874566830e-03 4.589414162722073656e-03 9.429819805596581506e-03 4.905701801944034601e-01 4.905701801944034601e-01
1.364000000000000000e+04 4.825133088472745302e-03 4.580724017593692556e-03 9.405857106066379744e-03 4.905941428939336602e-01 4.905941428939336602e-01
1.366000000000000000e+04 4.809942145420960206e-03 4.572059078605514304e-03 9.382001224026414662e-03 4.906179987759736183e-01 4.906179987759736183e-01
1.368000000000000000e+04 4.794832516244282306e-03 4.563418925473536857e-03 9.358251441717761049e-03 4.906417485582822979e-01 4.906417485582822979e-01
1.370000000000000000e+04 4.779803898336229193e-03 4.554803149579099604e-03 9.334607047915268949e-03 4.906653929520847779e-01 4.906653929520847779e-01
1.372000000000000000e+04 4.764855983958759221e-03 4.546211353968874699e-03 9.311067337927574072e-03 4.906889326620724745e-01 4.906889326620724745e-01
1.374000000000000000e+04 4.749988460242274106e-03 4.537643153354874864e-03 9.287631613597089122e-03 4.907123683864029751e-01 4.907123683864029751e-01
1.376000000000000000e+04 4.735201009185620660e-03 4.529098174114447317e-03 9.264299183300008997e-03 4.907357008167000378e-01 4.907357008167000378e-01
1.378000000000000000e+04 4.720493307656088190e-03 4.520576054290279845e-03 9.241069361946309055e-03 4.907589306380537031e-01 4.907589306380537031e-01
1.380000000000000000e+04 4.705865027389408498e-03 4.512076443590394732e-03 9.217941470979743382e-03 4.907820585290202930e-01 4.907820585290202930e-01
1.382000000000000000e+04 4.691315834989757613e-03 4.503599003388152229e-03 9.194914838377849994e-03 4.908050851616221899e-01 4.908050851616221899e-01
1.384000000000000000e+04 4.676845391929754930e-03 4.495143406722250552e-03 9.171988798651947369e-03 4.908280112013481133e-01 4.908280112013481133e-01
1.386000000000000000e+04 4.662453354550463204e-03 4.486709338296725885e-03 9.149162692847129241e-03 4.908508373071528985e-01 4.908508373071528985e-01
1.388000000000000000e+04 4.648139374061387684e-03 4.478296494480948908e-03 9.126435868542278479e-03 4.908735641314577736e-01 4.908735641314577736e-01
1.390000000000000000e+04 4.633903096540478717e-03 4.469904583309630870e-03 9.103807679850049739e-03 4.908961923201499711e-01 4.908961923201499711e-01
1.392000000000000000e+04 4.619744162934128276e-03 4.461533324482817517e-03 9.081277487416886812e-03 4.909187225125831722e-01 4.909187225125831722e-01
1.394000000000000000e+04 4.605662209057171698e-03 4.453182449365894295e-03 9.058844658423007012e-03 4.909411553415770069e-01 4.909411553415770069e-01
1.396000000000000000e+04 4.591656865592889415e-03 4.444851700989582884e-03 9.036508566582413318e-03 4.909634914334176092e-01 4.909634914334176092e-01
1.398000000000000000e+04 4.577727758093003488e-03 4.436540834049941193e-03 9.014268592142885700e-03 4.909857314078571733e-01 4.909857314078571733e-01
1.400000000000000000e+04 4.563874506977680205e-03 4.428249614908365099e-03 8.992124121885986324e-03 4.910078758781140640e-01 4.910078758781140640e-01
1.402000000000000000e+04 4.550096727535528351e-03 4.419977821591590181e-03 8.970074549127059552e-03 4.910299254508729838e-01 4.910299254508729838e-01
1.404000000000000000e+04 4.536394029923600940e-03 4.411725243791684778e-03 8.948119273715226737e-03 4.910518807262848062e-01 4.910518807262848062e-01
1.406000000000000000e+04 4.522766019167393479e-03 4.403491682866058667e-03 8.926257702033393165e-03 4.910737422979666311e-01 4.910737422979666311e-01
1.408000000000000000e+04 4.509212295160846574e-03 4.395276951837456120e-03 8.904489246998242846e-03 4.910955107530017849e-01 4.910955107530017849e-01
1.410000000000000000e+04 4.495732452666341590e-03 4.387080875393960244e-03 8.882813328060243721e-03 4.911171866719398205e-01 4.911171866719398205e-01
1.412000000000000000e+04 4.482326081314705855e-03 4.378903289888991246e-03 8.861229371203638988e-03 4.911387706287964061e-01 4.911387706287964061e-01
1.414000000000000000e+04 4.468992765605207459e-03 4.370744043341306430e-03 8.839736808946455776e-03 4.911602631910536032e-01 4.911602631910536032e-01
1.416000000000000000e+04 4.455732084905560456e-03 4.362602995434998465e-03 8.818335080340499940e-03 4.911816649196595330e-01 4.911816649196595330e-01
1.418000000000000000e+04 4.442543613451920524e-03 4.354480017519502325e-03 8.797023630971363001e-03 4.912029763690286543e-01 4.912029763690286543e-01
1.420000000000000000e+04 4.429426920348886708e-03 4.346374992609584008e-03 8.775801912958411735e-03 4.912241980870416524e-01 4.912241980870416524e-01
1.422000000000000000e+04 4.416381569569502279e-03 4.338287815385351819e-03 8.754669384954795117e-03 4.912453306150452170e-01 4.912453306150452170e-01
1.424000000000000000e+04 4.403407119955252136e-03 4.330218392192248557e-03 8.733625512147442579e-03 4.912663744878525973e-01 4.912663744878525973e-01
1.426000000000000000e+04 4.390503125216068010e-03 4.322166641041055857e-03 8.712669766257064019e-03 4.912873302337429915e-01 4.912873302337429915e-01
1.428000000000000000e+04 4.377669133930320658e-03 4.314132491607891584e-03 8.691801625538153261e-03 4.913081983744618797e-01 4.913081983744618797e-01
1.430000000000000000e+04 4.364904689544827666e-03 4.306115885234210704e-03 8.671020574778979390e-03 4.913289794252210796e-01 4.913289794252210796e-01
1.432000000000000000e+04 4.352209330374848251e-03 4.298116774926807014e-03 8.650326105301595417e-03 4.913496738946984688e-01 4.913496738946984688e-01
1.434000000000000000e+04 4.339582589604084988e-03 4.290135125357809678e-03 8.629717714961834818e-03 4.913702822850382068e-01 4.913702822850382068e-01
1.436000000000000000e+04 4.327023995284683816e-03 4.282170912864686693e-03 8.609194908149311529e-03 4.913908050918507353e-01 4.913908050918507353e-01
1.438000000000000000e+04 4.314533070337234905e-03 4.274224125450243154e-03 8.588757195787418211e-03 4.914112428042126113e-01 4.914112428042126113e-01
1.440000000000000000e+04 4.302109332550770049e-03 4.266294762782620389e-03 8.568404095333331458e-03 4.914315959046667293e-01 4.914315959046667293e-01
1.442000000000000000e+04 4.289752294582767876e-03 4.258382836195296825e-03 8.548135130778004853e-03 4.914518648692220437e-01 4.914518648692220437e-01
1.444000000000000000e+04 4.277461463959145171e-03 4.250488368687090589e-03 8.527949832646177647e-03 4.914720501673538466e-01 4.914720501673538466e-01
1.446000000000000000e+04 4.265236343074267286e-03 4.242611394922155173e-03 8.507847737996364346e-03 4.914921522620036565e-01 4.914921522620036565e-01
1.448000000000000000e+04 4.253076429190939464e-03 4.234751961229981168e-03 8.487828390420861652e-03 4.915121716095791626e-01 4.915121716095791626e-01
1.450000000000000000e+04 4.240981214440411179e-03 4.226910125605398000e-03 8.467891340045750198e-03 4.915321086599542810e-01 4.915321086599542810e-01
1.452000000000000000e+04 4.228950185822375266e-03 4.219085957708569590e-03 8.448036143530885875e-03 4.915519638564691540e-01 4.915519638564691540e-01
1.454000000000000000e+04 4.216982825204968789e-03 4.211279538865000428e-03 8.428262364069910237e-03 4.915717376359301505e-01 4.915717376359301505e-01
1.456000000000000000e+04 4.205078609324771309e-03 4.203490962065531238e-03 8.408569571390243566e-03 4.915914304286098102e-01 4.915914304286098102e-01
1.458000000000000000e+04 4.193237009786804879e-03 4.195720331966337237e-03 8.388957341753083136e-03 4.916110426582469550e-01 4.916110426582469550e-01
1.460000000000000000e+04 4.181457493064537519e-03 4.187967764888935948e-03 8.369425257953415354e-03 4.916305747420466332e-01 4.916305747420466332e-01
1.462000000000000000e+04 4.169739520499877138e-03 4.180233388820178524e-03 8.349972909319996681e-03 4.916500270906800640e-01 4.916500270906800640e-01
1.464000000000000000e+04 4.158082548303178479e-03 4.172517343412253214e-03 8.330599891715372712e-03 4.916694001082846377e-01 4.916694001082846377e-01
1.466000000000000000e+04 4.146486027553237044e-03 4.164819779982688840e-03 8.311305807535867771e-03 4.916886941924641929e-01 4.916886941924641929e-01
1.468000000000000000e+04 4.134949404197292566e-03 4.157140861514347849e-03 8.292090265711583169e-03 4.917079097342884619e-01 4.917079097342884619e-01
1.470000000000000000e+04 4.123472119051029006e-03 4.149480762655432392e-03 8.272952881706402417e-03 4.917270471182936253e-01 4.917270471182936253e-01
1.472000000000000000e+04 4.112053607798571951e-03 4.141839669719480851e-03 8.253893277517992955e-03 4.917461067224820348e-01 4.917461067224820348e-01
1.474000000000000000e+04 4.100693300992492088e-03 4.134217780685368708e-03 8.234911081677800948e-03 4.917650889183222129e-01 4.917650889183222129e-01
1.476000000000000000e+04 4.089390624053800861e-03 4.126615305197309409e-03 8.216005929251051290e-03 4.917839940707489643e-01 4.917839940707489643e-01
1.478000000000000000e+04 4.078144997271956548e-03 4.119032464564854369e-03 8.197177461836751070e-03 4.918028225381632645e-01 4.918028225381632645e-01
1.480000000000000000e+04 4.066955835804857318e-03 4.111469491762889499e-03 8.178425327567689571e-03 4.918215746724323711e-01 4.918215746724323711e-01
1.482000000000000000e+04 4.055822549678849039e-03 4.103926631431642144e-03 8.159749181110431335e-03 4.918402508188896016e-01 4.918402508188896016e-01
1.484000000000000000e+04 4.044744543788714869e-03 4.096404139876672415e-03 8.141148683665328303e-03 4.918588513163347220e-01 4.918588513163347220e-01
1.486000000000000000e+04 4.033721217897687401e-03 4.088902285068880989e-03 8.122623502966509410e-03 4.918773764970335027e-01 4.918773764970335027e-01
1.488000000000000000e+04 4.022751966637439121e-03 4.081421346644504775e-03 8.104173313281885782e-03 4.918958266867181628e-01 4.918958266867181628e-01
1.490000000000000000e+04 4.011836179508085874e-03 4.073961615905117781e-03 8.085797795413145542e-03 4.919142022045868701e-01 4.919142022045868701e-01
1.492000000000000000e+04 4.000973240878187738e-03 4.066523395817631982e-03 8.067496636695760739e-03 4.919325033633042965e-01 4.919325033633042965e-01
1.494000000000000000e+04 3.990162529984749018e-03 4.059107001014296452e-03 8.049269530998985622e-03 4.919507304690010629e-01 4.919507304690010629e-01
1.496000000000000000e+04 3.979403420933214780e-03 4.051712757792695629e-03 8.031116178725851429e-03 4.919688838212741833e-01 4.919688838212741833e-01
1.498000000000000000e+04 3.968695282697476921e-03 4.044341004115754520e-03 8.013036286813171594e-03 4.919869637131868423e-01 4.919869637131868423e-01
1.500000000000000000e+04 3.958037479119867232e-03 4.036992089611732629e-03 7.995029568731541747e-03 4.920049704312685068e-01 4.920049704312685068e-01
1.502000000000000000e+04 3.947429368911162598e-03 4.029666375574228292e-03 7.977095744485332776e-03 4.920229042555147037e-01 4.920229042555147037e-01
1.504000000000000000e+04 3.936870305650583268e-03 4.022364234962177813e-03 7.959234540612702968e-03 4.920407654593873525e-01 4.920407654593873525e-01
1.506000000000000000e+04 3.926359637785792854e-03 4.015086052399851994e-03 7.941445690185585868e-03 4.920585543098144332e-01 4.920585543098144332e-01
1.508000000000000000e+04 3.915896708632897461e-03 4.007832224176862204e-03 7.923728932809700684e-03 4.920762710671903184e-01 4.920762710671903184e-01
1.510000000000000000e+04 3.905480856376447422e-03 4.000603158248154309e-03 7.906084014624541884e-03 4.920939159853754963e-01 4.920939159853754963e-01
1.512000000000000000e+04 3.895111414069436437e-03 3.993399274234013009e-03 7.888510688303391333e-03 4.921114893116966260e-01 4.921114893116966260e-01
1.514000000000000000e+04 3.884787709633300695e-03 3.986221003420060971e-03 7.871008713053302686e-03 4.921289912869467598e-01 4.921289912869467598e-01
1.516000000000000000e+04 3.874509065857921052e-03 3.979068788757255358e-03 7.853577854615116996e-03 4.921464221453848986e-01 4.921464221453848986e-01
1.518000000000000000e+04 3.864274800401619556e-03 3.971943084861893902e-03 7.836217885263454044e-03 4.921637821147366032e-01 4.921637821147366032e-01
1.520000000000000000e+04 3.854084225791164220e-03 3.964844358015609700e-03 7.818928583806714072e-03 4.921810714161933276e-01 4.921810714161933276e-01
1.522000000000000000e+04 3.843936649421765116e-03 3.957773086165372947e-03 7.801709735587079517e-03 4.921982902644129743e-01 4.921982902644129743e-01
1.524000000000000000e+04 3.833831373557075248e-03 3.950729758923493540e-03 7.784561132480509807e-03 4.922154388675195058e-01 4.922154388675195058e-01
1.526000000000000000e+04 3.823767695329191411e-03 3.943714877567615004e-03 7.767482572896748302e-03 4.922325174271032777e-01 4.922325174271032777e-01
1.528000000000000000e+04 3.813744906738653767e-03 3.936728955040721435e-03 7.750473861779317089e-03 4.922495261382207055e-01 4.922495261382207055e-01
1.530000000000000000e+04 3.803762294654446270e-03 3.929772515951132292e-03 7.733534810605520449e-03 4.922664651893945420e-01 4.922664651893945420e-01
1.532000000000000000e+04 3.793819140813995371e-03 3.922846096572504132e-03 7.716665237386441389e-03 4.922833347626136002e-01 4.922833347626136002e-01
1.534000000000000000e+04 3.783914721823171748e-03 3.915950244843832348e-03 7.699864966666945983e-03 4.923001350333330861e-01 4.923001350333330861e-01
1.536000000000000000e+04 3.774048309156288143e-03 3.909085520369448563e-03 7.683133829525679026e-03 4.923168661704743765e-01 4.923168661704743765e-01
1.538000000000000000e+04 3.764219169156101958e-03 3.902252494419022801e-03 7.666471663575066646e-03 4.923335283364249637e-01 4.923335283364249637e-01
1.540000000000000000e+04 3.754426563033813960e-03 3.895451749927560017e-03 7.649878312961315430e-03 4.923501216870387331e-01 4.923501216870387331e-01
1.542000000000000000e+04 3.744669792775569533e-03 3.888683809603365234e-03 7.633353602378875787e-03 4.923666463976211771e-01 4.923666463976211771e-01
1.544000000000000000e+04 3.734951690080355515e-03 3.881943707195456388e-03 7.616895397275753356e-03 4.923831046027242753e-01 4.923831046027242753e-01
1.546000000000000000e+04 3.725274277711539735e-03 3.875227855374734770e-03 7.600502133086215958e-03 4.923994978669138378e-01 4.923994978669138378e-01
1.548000000000000000e+04 3.715637541978714011e-03 3.868535877986829710e-03 7.584173419965484740e-03 4.924158265800345213e-01 4.924158265800345213e-01
1.550000000000000000e+04 3.706041465927587073e-03 3.861867404802326372e-03 7.567908870729854465e-03 4.924320911292701664e-01 4.924320911292701664e-01
1.552000000000000000e+04 3.696486029339982830e-03 3.855222071516769232e-03 7.551708100856692647e-03 4.924482918991433533e-01 4.924482918991433533e-01
1.554000000000000000e+04 3.686971208733839499e-03 3.848599519750660336e-03 7.535570728484440421e-03 4.924644292715155691e-01 4.924644292715155691e-01
1.556000000000000000e+04 3.677496977363210913e-03 3.841999397049458871e-03 7.519496374412610804e-03 4.924805036255874291e-01 4.924805036255874291e-01
1.558000000000000000e+04 3.668063305218267813e-03 3.835421356883583332e-03 7.503484662101792164e-03 4.924965153378982330e-01 4.924965153378982330e-01
1.560000000000000000e+04 3.658670159025293519e-03 3.828865058648408485e-03 7.487535217673643023e-03 4.925124647823264090e-01 4.925124647823264090e-01
1.562000000000000000e+04 3.649317502246689129e-03 3.822330167664267538e-03 7.471647669910897252e-03 4.925283523300891253e-01 4.925283523300891253e-01
1.564000000000000000e+04 3.640005295080969618e-03 3.815816355176451270e-03 7.455821650257361474e-03 4.925441783497426784e-01 4.925441783497426784e-01
1.566000000000000000e+04 3.630733494462765575e-03 3.809323298355209338e-03 7.440056792817915932e-03 4.925599432071821049e-01 4.925599432071821049e-01
1.568000000000000000e+04 3.621502054062823196e-03 3.802850680295747233e-03 7.424352734358511882e-03 4.925756472656415141e-01 4.925756472656415141e-01
1.570000000000000000e+04 3.612310924288003860e-03 3.796398190018230624e-03 7.408709114306175070e-03 4.925912908856938666e-01 4.925912908856938666e-01
1.572000000000000000e+04 3.603160052281284120e-03 3.789965522467780585e-03 7.393125574749005724e-03 4.926068744252510290e-01 4.926068744252510290e-01
1.574000000000000000e+04 3.594049381921756142e-03 3.783552378514478363e-03 7.377601760436175091e-03 4.926223982395638301e-01 4.926223982395638301e-01
1.576000000000000000e+04 3.584978853824627269e-03 3.777158464953361047e-03 7.362137318777928902e-03 4.926378626812221162e-01 4.926378626812221162e-01
1.578000000000000000e+04 3.575948405341219591e-03 3.770783494504424595e-03 7.346731899845585639e-03 4.926532681001544733e-01 4.926532681001544733e-01
1.580000000000000000e+04 3.566957970558971239e-03 3.764427185812622978e-03 7.331385156371534803e-03 4.926686148436285051e-01 4.926686148436285051e-01
1.582000000000000000e+04 3.558007480301435960e-03 3.758089263447866868e-03 7.316096743749243847e-03 4.926839032562507770e-01 4.926839032562507770e-01
1.584000000000000000e+04 3.549096862128281373e-03 3.751769457905026247e-03 7.300866320033248640e-03 4.926991336799667609e-01 4.926991336799667609e-01
1.586000000000000000e+04 3.540226040335292448e-03 3.745467505603927369e-03 7.285693545939160402e-03 4.927143064540608908e-01 4.927143064540608908e-01
1.588000000000000000e+04 3.531394935954367161e-03 3.739183148889355796e-03 7.270578084843663975e-03 4.927294219151563959e-01 4.927294219151563959e-01
1.590000000000000000e+04 3.522603466753520835e-03 3.732916136031053794e-03 7.255519602784515215e-03 4.927444803972155229e-01 4.927444803972155229e-01
1.592000000000000000e+04 3.513851547236883106e-03 3.726666221223721639e-03 7.240517768460546198e-03 4.927594822315394807e-01 4.927594822315394807e-01
1.594000000000000000e+04 3.505139088644698784e-03 3.720433164587018046e-03 7.225572253231658283e-03 4.927744277467683842e-01 4.927744277467683842e-01
1.596000000000000000e+04 3.496465998953328727e-03 3.714216732165559302e-03 7.210682731118829049e-03 4.927893172688811996e-01 4.927893172688811996e-01
1.598000000000000000e+04 3.487832182875248536e-03 3.708016695928918836e-03 7.195848878804107958e-03 4.928041511211959103e-01 4.928041511211959103e-01
1.600000000000000000e+04 3.479237541859048991e-03 3.701832833771628514e-03 7.181070375630618959e-03 4.928189296243694062e-01 4.928189296243694062e-01
1.602000000000000000e+04 3.470681974089436916e-03 3.695664929513178213e-03 7.166346903602556148e-03 4.928336530963974838e-01 4.928336530963974838e-01
1.604000000000000000e+04 3.462165374487233445e-03 3.689512772898014947e-03 7.151678147385189845e-03 4.928483218526148457e-01 4.928483218526148457e-01
1.606000000000000000e+04 3.453687634709376193e-03 3.683376159595544604e-03 7.137063794304861382e-03 4.928629362056951568e-01 4.928629362056951568e-01
1.608000000000000000e+04 3.445248643148916649e-03 3.677254891200129345e-03 7.122503534348987447e-03 4.928774964656510438e-01 4.928774964656510438e-01
1.610000000000000000e+04 3.436848284935023652e-03 3.671148775231090639e-03 7.107997060166055744e-03 4.928920029398339842e-01 4.928920029398339842e-01
1.612000000000000000e+04 3.428486441932979047e-03 3.665057625132707095e-03 7.093544067065627595e-03 4.929064559329344175e-01 4.929064559329344175e-01
1.614000000000000000e+04 3.420162992744181594e-03 3.658981260274215327e-03 7.079144253018337940e-03 4.929208557469816898e-01 4.929208557469816898e-01
1.616000000000000000e+04 3.411877812706145228e-03 3.652919505949809090e-03 7.064797318655895338e-03 4.929352026813441645e-01 4.929352026813441645e-01
1.618000000000000000e+04 3.403630773892497765e-03 3.646872193378641012e-03 7.050502967271079363e-03 4.929494970327289449e-01 4.929494970327289449e-01
1.620000000000000000e+04 3.395421745112984363e-03 3.640839159704820863e-03 7.036260904817746679e-03 4.929637390951822629e-01 4.929637390951822629e-01
1.622000000000000000e+04 3.387250591913464060e-03 3.634820247997416851e-03 7.022070839910821496e-03 4.929779291600892011e-01 4.929779291600892011e-01
1.624000000000000000e+04 3.379117176575912370e-03 3.628815307250453891e-03 7.007932483826306846e-03 4.929920675161737487e-01 4.929920675161737487e-01
1.626000000000000000e+04 3.371021358118418253e-03 3.622824192382916204e-03 6.993845550501275043e-03 4.930061544494987458e-01 4.930061544494987458e-01
1.628000000000000000e+04 3.362962992295188448e-03 3.616846764238743853e-03 6.979809756533873755e-03 4.930201902434661609e-01 4.930201902434661609e-01
1.630000000000000000e+04 3.354941931596542703e-03 3.610882889586837508e-03 6.965824821183320796e-03 4.930341751788167026e-01 4.930341751788167026e-01
1.632000000000000000e+04 3.346958025248917678e-03 3.604932441121052808e-03 6.951890466369911072e-03 4.930481095336300967e-01 4.930481095336300967e-01
1.634000000000000000e+04 3.339011119214864778e-03 3.598995297460204704e-03 6.938006416675010501e-03 4.930619935833250311e-01 4.930619935833250311e-01
1.636000000000000000e+04 3.331101056193050587e-03 3.593071343148066150e-03 6.924172399341057757e-03 4.930758276006589891e-01 4.930758276006589891e-01
1.638000000000000000e+04 3.323227675618256865e-03 3.587160468653366810e-03 6.910388144271565128e-03 4.930896118557284713e-01 4.930896118557284713e-01
1.640000000000000000e+04 3.315390813661381417e-03 3.581262570369795652e-03 6.896653384031117655e-03 4.931033466159689405e-01 4.931033466159689405e-01
1.642000000000000000e+04 3.307590303229436795e-03 3.575377550615997917e-03 6.882967853845375732e-03 4.931170321461546546e-01 4.931170321461546546e-01
1.644000000000000000e+04 3.299825973965550725e-03 3.569505317635578157e-03 6.869331291601069901e-03 4.931306687083989448e-01 4.931306687083989448e-01
1.646000000000000000e+04 3.292097652248966982e-03 3.563645785597097625e-03 6.855743437846005192e-03 4.931442565621540486e-01 4.931442565621540486e-01
1.648000000000000000e+04 3.284405161195044082e-03 3.557798874594075150e-03 6.842204035789060251e-03 4.931577959642109987e-01 4.931577959642109987e-01
1.650000000000000000e+04 3.276748320655255287e-03 3.551964510644989304e-03 6.828712831300185609e-03 4.931712871686998456e-01 4.931712871686998456e-01
1.652000000000000000e+04 3.269126947217190337e-03 3.546142625693274059e-03 6.815269572910405416e-03 4.931847304270896015e-01 4.931847304270896015e-01
1.654000000000000000e+04 3.261540854204554151e-03 3.540333157607322700e-03 6.801874011811817437e-03 4.931981259881882407e-01 4.931981259881882407e-01
1.656000000000000000e+04 3.253989851677165958e-03 3.534536050180486083e-03 6.788525901857592193e-03 4.932114740981424217e-01 4.932114740981424217e-01
1.658000000000000000e+04 3.246473746430961031e-03 3.528751253131072636e-03 6.775224999561974687e-03 4.932247750004380427e-01 4.932247750004380427e-01
1.660000000000000000e+04 3.238992341997990257e-03 3.522978722102348796e-03 6.761971064100280072e-03 4.932380289358997416e-01 4.932380289358997416e-01
1.662000000000000000e+04 3.231545438646418831e-03 3.517218418662538572e-03 6.748763857308897988e-03 4.932512361426911185e-01 4.932512361426911185e-01
1.664000000000000000e+04 3.224132833380528428e-03 3.511470310304823979e-03 6.735603143685293427e-03 4.932643968563147352e-01 4.932643968563147352e-01
1.666000000000000000e+04 3.216754319940715468e-03 3.505734370447345042e-03 6.722488690388001530e-03 4.932775113096120045e-01 4.932775113096120045e-01
1.668000000000000000e+04 3.209409688803491548e-03 3.500010578433199356e-03 6.709420267236631923e-03 4.932905797327634123e-01 4.932905797327634123e-01
1.670000000000000000e+04 3.202098727181483875e-03 3.494298919530442523e-03 6.696397646711866984e-03 4.933036023532881842e-01 4.933036023532881842e-01
1.672000000000000000e+04 3.194821219023434404e-03 3.488599384932087287e-03 6.683420603955462710e-03 4.933165793960445633e-01 4.933165793960445633e-01
1.674000000000000000e+04 3.187576945014201132e-03 3.482911971756105698e-03 6.670488916770247849e-03 4.933295110832298103e-01 4.933295110832298103e-01
1.676000000000000000e+04 3.180365682574757234e-03 3.477236683045425644e-03 6.657602365620123898e-03 4.933423976343799255e-01 4.933423976343799255e-01
1.678000000000000000e+04 3.173187205862190632e-03 3.471573527767934323e-03 6.644760733630065974e-03 4.933552392663699826e-01 4.933552392663699826e-01
1.680000000000000000e+04 3.166041285769705289e-03 3.465922520816476504e-03 6.631963806586122813e-03 4.933680361934139058e-01 4.933680361934139058e-01
1.682000000000000000e+04 3.158927689926620350e-03 3.460283683008854531e-03 6.619211372935415900e-03 4.933807886270646370e-01 4.933807886270646370e-01
1.684000000000000000e+04 3.151846182698369702e-03 3.454657041087828319e-03 6.606503223786138607e-03 4.933934967762139134e-01 4.933934967762139134e-01
1.686000000000000000e+04 3.144796525186502843e-03 3.449042627721115792e-03 6.593839152907559654e-03 4.934061608470924898e-01 4.934061608470924898e-01
1.688000000000000000e+04 3.137778475228685318e-03 3.443440481501393313e-03 6.581218956730019651e-03 4.934187810432700272e-01 4.934187810432700272e-01
1.690000000000000000e+04 3.130791787398696548e-03 3.437850646946294386e-03 6.568642434344931953e-03 4.934313575656550932e-01 4.934313575656550932e-01
1.692000000000000000e+04 3.123836213006432432e-03 3.432273174498410087e-03 6.556109387504783538e-03 4.934438906124952728e-01 4.934438906124952728e-01
1.694000000000000000e+04 3.116911500097904048e-03 3.426708120525289933e-03 6.543619620623135000e-03 4.934563803793768910e-01 4.934563803793768910e-01
1.696000000000000000e+04 3.110017393455237217e-03 3.421155547319441447e-03 6.531172940774619684e-03 4.934688270592254011e-01 4.934688270592254011e-01
1.698000000000000000e+04 3.103153634596672941e-03 3.415615523098329293e-03 6.518769157694942820e-03 4.934812308423051075e-01 4.934812308423051075e-01
1.700000000000000000e+04 3.096319961776569565e-03 3.410088122004376141e-03 6.506408083780886725e-03 4.934935919162191653e-01 4.934935919162191653e-01
1.702000000000000000e+04 3.089516109985397576e-03 3.404573424104962668e-03 6.494089534090301263e-03 4.935059104659097473e-01 4.935059104659097473e-01
1.704000000000000000e+04 3.082741810949744810e-03 3.399071515392427557e-03 6.481813326342113386e-03 4.935181866736579326e-01 4.935181866736579326e-01
1.706000000000000000e+04 3.075996793132315145e-03 3.393582487784066633e-03 6.469579280916321930e-03 4.935304207190837067e-01 4.935304207190837067e-01
1.708000000000000000e+04 3.069280781731924604e-03 3.388106439122133724e-03 6.457387220853999348e-03 4.935426127791460171e-01 4.935426127791460171e-01
1.710000000000000000e+04 3.062593498683508289e-03 3.382643473173841103e-03 6.445236971857290845e-03 4.935547630281427178e-01 4.935547630281427178e-01
1.712000000000000000e+04 3.055934662658113879e-03 3.377193699631358612e-03 6.433128362289413510e-03 4.935668716377106247e-01 4.935668716377106247e-01
1.714000000000000000e+04 3.049303989062905965e-03 3.371757234111813668e-03 6.421061223174660652e-03 4.935789387768253489e-01 4.935789387768253489e-01
1.716000000000000000e+04 3.042701190041163448e-03 3.366334198157291263e-03 6.409035388198395730e-03 4.935909646118016303e-01 4.935909646118016303e-01
1.718000000000000000e+04 3.036125974472281275e-03 3.360924719234834827e-03 6.397050693707056687e-03 4.936029493062930040e-01 4.936029493062930040e-01
1.720000000000000000e+04 3.029578047971768703e-03 3.355528930736445363e-03 6.385106978708155086e-03 4.936148930212918562e-01 4.936148930212918562e-01
1.722000000000000000e+04 3.023057112891251903e-03 3.350146971979081015e-03 6.373204084870274372e-03 4.936267959151297569e-01 4.936267959151297569e-01
1.724000000000000000e+04 3.016562868318470921e-03 3.344778988204659236e-03 6.361341856523071610e-03 4.936386581434769605e-01 4.936386581434769605e-01
1.726000000000000000e+04 3.010095010077281849e-03 3.339425130580054614e-03 6.349520140657276615e-03 4.936504798593427390e-01 4.936504798593427390e-01
1.728000000000000000e+04 3.003653230727655523e-03 3.334085556197098447e-03 6.337738786924694556e-03 4.936622612130753263e-01 4.936622612130753263e-01
1.730000000000000000e+04 2.997237219565678824e-03 3.328760428072581341e-03 6.325997647638200751e-03 4.936740023523618071e-01 4.936740023523618071e-01
1.732000000000000000e+04 2.990846662623553379e-03 3.323449915148251037e-03 6.314296577771745869e-03 4.936857034222282836e-01 4.936857034222282836e-01
1.734000000000000000e+04 2.984481242669595989e-03 3.318154192290813723e-03 6.302635434960350731e-03 4.936973645650397091e-01 4.936973645650397091e-01
1.736000000000000000e+04 2.978140639208239938e-03 3.312873440291932287e-03 6.291014079500113244e-03 4.937089859204999431e-01 4.937089859204999431e-01
1.738000000000000000e+04 2.971824528480032385e-03 3.307607845868228060e-03 6.279432374348202332e-03 4.937205676256518072e-01 4.937205676256518072e-01
1.740000000000000000e+04 2.965532583461636968e-03 3.302357601661280815e-03 6.267890185122858802e-03 4.937321098148771958e-01 4.937321098148771958e-01
1.742000000000000000e+04 2.959264473865831201e-03 3.297122906237627462e-03 6.256387380103399683e-03 4.937436126198966324e-01 4.937436126198966324e-01
1.744000000000000000e+04 2.953019866141509513e-03 3.291903964088762052e-03 6.244923830230212150e-03 4.937550761697698243e-01 4.937550761697698243e-01
1.746000000000000000e+04 2.946798423473680640e-03 3.286700985631137942e-03 6.233499409104759602e-03 4.937665005908952742e-01 4.937665005908952742e-01
1.748000000000000000e+04 2.940599805783468933e-03 3.281514187206165199e-03 6.222113992989575584e-03 4.937778860070104470e-01 4.937778860070104470e-01
1.750000000000000000e+04 2.934423669728114352e-03 3.276343791080212325e-03 6.210767460808267262e-03 4.937892325391917692e-01 4.937892325391917692e-01
1.752000000000000000e+04 2.928269668700971169e-03 3.271190025444605399e-03 6.199459694145517154e-03 4.938005403058545184e-01 4.938005403058545184e-01
1.754000000000000000e+04 2.922137452831510569e-03 3.266053124415628506e-03 6.188190577247079660e-03 4.938118094227529342e-01 4.938118094227529342e-01
1.756000000000000000e+04 2.916026668985317177e-03 3.260933328034522436e-03 6.176959997019780199e-03 4.938230400029802736e-01 4.938230400029802736e-01
1.758000000000000000e+04 2.909936960764092535e-03 3.255830882267487722e-03 6.165767843031521277e-03 4.938342321569685334e-01 4.938342321569685334e-01
1.760000000000000000e+04 2.903867968505652927e-03 3.250746039005682035e-03 6.154614007511275547e-03 4.938453859924887834e-01 4.938453859924887834e-01
1.762000000000000000e+04 2.897819329283929379e-03 3.245679056065219319e-03 6.143498385349089284e-03 4.938565016146509445e-01 4.938565016146509445e-01
1.764000000000000000e+04 2.891790676908968967e-03 3.240630197187173260e-03 6.132420874096083246e-03 4.938675791259039549e-01 4.938675791259039549e-01
1.766000000000000000e+04 2.885781641926934375e-03 3.235599732037575116e-03 6.121381373964450943e-03 4.938786186260356037e-01 4.938786186260356037e-01
1.768000000000000000e+04 2.879791851620102597e-03 3.230587936207412417e-03 6.110379787827456034e-03 4.938896202121725865e-01 4.938896202121725865e-01
1.770000000000000000e+04 2.873820930006866243e-03 3.225595091212632871e-03 6.099416021219440133e-03 4.939005839787806162e-01 4.939005839787806162e-01
1.772000000000000000e+04 2.867868497841733963e-03 3.220621484494140020e-03 6.088489982335815003e-03 4.939115100176642015e-01 4.939115100176642015e-01
1.774000000000000000e+04 2.861934172615329154e-03 3.215667409417795851e-03 6.077601582033066024e-03 4.939223984179669791e-01 4.939223984179669791e-01
1.776000000000000000e+04 2.856017568554389523e-03 3.210733165274421222e-03 6.066750733828751331e-03 4.939332492661712704e-01 4.939332492661712704e-01
1.778000000000000000e+04 2.850118296621770558e-03 3.205819057279792397e-03 6.055937353901504408e-03 4.939440626460985251e-01 4.939440626460985251e-01
1.780000000000000000e+04 2.844235964516440753e-03 3.200925396574646684e-03 6.045161361091028890e-03 4.939548386389089885e-01 4.939548386389089885e-01
1.782000000000000000e+04 2.838370176673485519e-03 3.196052500224675925e-03 6.034422676898102030e-03 4.939655773231019231e-01 4.939655773231019231e-01
1.784000000000000000e+04 2.832520534264103707e-03 3.191200691220532140e-03 6.023721225484577300e-03 4.939762787745154426e-01 4.939762787745154426e-01
1.786000000000000000e+04 2.826686635195611516e-03 3.186370298477824489e-03 6.013056933673376590e-03 4.939869430663266781e-01 4.939869430663266781e-01
1.788000000000000000e+04 2.820868504725780948e-03 3.181561089090163049e-03 6.002429593815885450e-03 4.939975704061841388e-01 4.939975704061841388e-01
1.790000000000000000e+04 2.815070588576379720e-03 3.176767007247478704e-03 5.991837595823799878e-03 4.940081624041762209e-01 4.940081624041762209e-01
1.792000000000000000e+04 2.809294116691955952e-03 3.171986245559924294e-03 5.981280362251821699e-03 4.940187196377482381e-01 4.940187196377482381e-01
1.794000000000000000e+04 2.803539032398977456e-03 3.167218694509945070e-03 5.970757726908863978e-03 4.940292422730911959e-01 4.940292422730911959e-01
1.796000000000000000e+04 2.797805278301141244e-03 3.162464246225381043e-03 5.960269524526463740e-03 4.940397304754735597e-01 4.940397304754735597e-01
1.798000000000000000e+04 2.792092796279376562e-03 3.157722794479467417e-03 5.949815590758785432e-03 4.940501844092412553e-01 4.940501844092412553e-01
1.800000000000000000e+04 2.786401527491841421e-03 3.152994234690834584e-03 5.939395762182617458e-03 4.940606042378173912e-01 4.940606042378173912e-01
1.802000000000000000e+04 2.780731412373925199e-03 3.148278463923508130e-03 5.929009876297374783e-03 4.940709901237026469e-01 4.940709901237026469e-01
1.804000000000000000e+04 2.775082390638246906e-03 3.143575380886908834e-03 5.918657771525097193e-03 4.940813422284749401e-01 4.940813422284749401e-01
1.806000000000000000e+04 2.769454401274657786e-03 3.138884885935852229e-03 5.908339287210451034e-03 4.940916607127895932e-01 4.940916607127895932e-01
1.808000000000000000e+04 2.763847382550236979e-03 3.134206881070549042e-03 5.898054263620727475e-03 4.941019457363793332e-01 4.941019457363793332e-01
1.810000000000000000e+04 2.758261272009295863e-03 3.129541269936605193e-03 5.887802541945842509e-03 4.941121974580541809e-01 4.941121974580541809e-01
1.812000000000000000e+04 2.752696006473376311e-03 3.124887957825022659e-03 5.877583964298340423e-03 4.941224160357016726e-01 4.941224160357016726e-01
1.814000000000000000e+04 2.747151522041248965e-03 3.120246851672196439e-03 5.867398373713386857e-03 4.941326016262866383e-01 4.941326016262866383e-01
1.816000000000000000e+04 2.741627754088917131e-03 3.115617860059918896e-03 5.857245614148777479e-03 4.941427543858512572e-01 4.941427543858512572e-01
1.818000000000000000e+04 2.736124637269612449e-03 3.111000893215375412e-03 5.847125530484929314e-03 4.941528744695151132e-01 4.941528744695151132e-01
1.820000000000000000e+04 2.730642105513798792e-03 3.106395863011148731e-03 5.837037968524889410e-03 4.941629620314751392e-01 4.941629620314751392e-01
1.822000000000000000e+04 2.725180092029169665e-03 3.101802682965215056e-03 5.826982774994326174e-03 4.941730172250057285e-01 4.941730172250057285e-01
1.824000000000000000e+04 2.719738529300648206e-03 3.097221268240945777e-03 5.816959797541535436e-03 4.941830402024585123e-01 4.941830402024585123e-01
1.826000000000000000e+04 2.714317349090389787e-03 3.092651535647108346e-03 5.806968884737439586e-03 4.941930311152625821e-01 4.941930311152625821e-01
1.828000000000000000e+04 2.708916482437778543e-03 3.088093403637864540e-03 5.797009886075584102e-03 4.942029901139244341e-01 4.942029901139244341e-01
1.830000000000000000e+04 2.703535859659429545e-03 3.083546792312771758e-03 5.787082651972142756e-03 4.942129173480279136e-01 4.942129173480279136e-01
1.832000000000000000e+04 2.698175410349189663e-03 3.079011623416782160e-03 5.777187033765913277e-03 4.942228129662341041e-01 4.942228129662341041e-01
1.834000000000000000e+04 2.692835063378134098e-03 3.074487820340243531e-03 5.767322883718319082e-03 4.942326771162817156e-01 4.942326771162817156e-01
1.836000000000000000e+04 2.687514746894569418e-03 3.069975308118897545e-03 5.757490055013408416e-03 4.942425099449866410e-01 4.942425099449866410e-01
1.838000000000000000e+04 2.682214388324033125e-03 3.065474013433882369e-03 5.747688401757856946e-03 4.942523115982421777e-01 4.942523115982421777e-01
1.840000000000000000e+04 2.676933914369292351e-03 3.060983864611730495e-03 5.737917778980964299e-03 4.942620822210190834e-01 4.942620822210190834e-01
1.842000000000000000e+04 2.671673251010345165e-03 3.056504791624370474e-03 5.728178042634656658e-03 4.942718219573653538e-01 4.942718219573653538e-01
1.844000000000000000e+04 2.666432323504419697e-03 3.052036726089124314e-03 5.718469049593485898e-03 4.942815309504065557e-01 4.942815309504065557e-01
1.846000000000000000e+04 2.661211056385975014e-03 3.047579601268710948e-03 5.708790657654626982e-03 4.942912093423453834e-01 4.942912093423453834e-01
1.848000000000000000e+04 2.656009373466700248e-03 3.043133352071243202e-03 5.699142725537884903e-03 4.943008572744621576e-01 4.943008572744621576e-01
1.850000000000000000e+04 2.650827197835514595e-03 3.038697915050229525e-03 5.689525112885686006e-03 4.943104748871143261e-01 4.943104748871143261e-01
1.852000000000000000e+04 2.645664451858569053e-03 3.034273228404573124e-03 5.679937680263084064e-03 4.943200623197369636e-01 4.943200623197369636e-01
1.854000000000000000e+04 2.640521057179243385e-03 3.029859231978573268e-03 5.670380289157757672e-03 4.943296197108422718e-01 4.943296197108422718e-01
1.856000000000000000e+04 2.635396934718148721e-03 3.025455867261922678e-03 5.660852801980012852e-03 4.943391471980200236e-01 4.943391471980200236e-01
1.858000000000000000e+04 2.630292004673127123e-03 3.021063077389711006e-03 5.651355082062779582e-03 4.943486449179372300e-01 4.943486449179372300e-01
1.860000000000000000e+04 2.625206186519249418e-03 3.016680807142421792e-03 5.641886993661612663e-03 4.943581130063384177e-01 4.943581130063384177e-01
1.862000000000000000e+04 2.620139399008818235e-03 3.012309002945934202e-03 5.632448401954694324e-03 4.943675515980453516e-01 4.943675515980453516e-01
1.864000000000000000e+04 2.615091560171366701e-03 3.007947612871522593e-03 5.623039173042830748e-03 4.943769608269572013e-01 4.943769608269572013e-01
1.866000000000000000e+04 2.610062587313658009e-03 3.003596586635855648e-03 5.613659173949454677e-03 4.943863408260505965e-01 4.943863408260505965e-01
1.868000000000000000e+04 2.605052397019685419e-03 2.999255875600998541e-03 5.604308272620625413e-03 4.943956917273794049e-01 4.943956917273794049e-01
1.870000000000000000e+04 2.600060905150672688e-03 2.994925432774410336e-03 5.594986337925024478e-03 4.944050136620750102e-01 4.944050136620750102e-01
1.872000000000000000e+04 2.595088026845074943e-03 2.990605212808945725e-03 5.585693239653961688e-03 4.944143067603460895e-01 4.944143067603460895e-01
1.874000000000000000e+04 2.590133676518576508e-03 2.986295172002854589e-03 5.576428848521372550e-03 4.944235711514786691e-01 4.944235711514786691e-01
1.876000000000000000e+04 2.585197767864093506e-03 2.981995268299781569e-03 5.567193036163816527e-03 4.944328069638362355e-01 4.944328069638362355e-01
1.878000000000000000e+04 2.580280213851770827e-03 2.977705461288766928e-03 5.557985675140478775e-03 4.944420143248595689e-01 4.944420143248595689e-01
1.880000000000000000e+04 2.575380926728985161e-03 2.973425712204245692e-03 5.548806638933171873e-03 4.944511933610668541e-01 4.944511933610668541e-01
1.882000000000000000e+04 2.570499818020343698e-03 2.969155983926048074e-03 5.539655801946333225e-03 4.944603441980536807e-01 4.944603441980536807e-01
1.884000000000000000e+04 2.565636798527682824e-03 2.964896240979399480e-03 5.530533039507023324e-03 4.944694669604929871e-01 4.944694669604929871e-01
1.886000000000000000e+04 2.560791778330070295e-03 2.960646449534920510e-03 5.521438227864931825e-03 4.944785617721351167e-01 4.944785617721351167e-01
1.888000000000000000e+04 2.555964666783803931e-03 2.956406577408626519e-03 5.512371244192371469e-03 4.944876287558076511e-01 4.944876287558076511e-01
1.890000000000000000e+04 2.551155372522412486e-03 2.952176594061928054e-03 5.503331966584281559e-03 4.944966680334157427e-01 4.944966680334157427e-01
1.892000000000000000e+04 2.546363803456654779e-03 2.947956470601631289e-03 5.494320274058227087e-03 4.945056797259417825e-01 4.945056797259417825e-01
1.894000000000000000e+04 2.541589866774519695e-03 2.943746179779937154e-03 5.485336046554397868e-03 4.945146639534456212e-01 4.945146639534456212e-01
1.896000000000000000e+04 2.536833468941227920e-03 2.939545695994441772e-03 5.476379164935611145e-03 4.945236208350644036e-01 4.945236208350644036e-01
1.898000000000000000e+04 2.532094515699228904e-03 2.935354995288136024e-03 5.467449510987306381e-03 4.945325504890127344e-01 4.945325504890127344e-01
1.900000000000000000e+04 2.527372912068203033e-03 2.931174055349406414e-03 5.458546967417550466e-03 4.945414530325824565e-01 4.945414530325824565e-01
1.902000000000000000e+04 2.522668562345062055e-03 2.927002855512034207e-03 5.449671417857037715e-03 4.945503285821429840e-01 4.945503285821429840e-01
1.904000000000000000e+04 2.517981370103947354e-03 2.922841376755196292e-03 5.440822746859084666e-03 4.945591772531409691e-01 4.945591772531409691e-01
1.906000000000000000e+04 2.513311238196230812e-03 2.918689601703463882e-03 5.432000839899635281e-03 4.945679991601004133e-01 4.945679991601004133e-01
1.908000000000000000e+04 2.508658068750514378e-03 2.914547514626803816e-03 5.423205583377259213e-03 4.945767944166227781e-01 4.945767944166227781e-01
1.910000000000000000e+04 2.504021763172630931e-03 2.910415101440578124e-03 5.414436864613150942e-03 4.945855631353868742e-01 4.945855631353868742e-01
1.912000000000000000e+04 2.499402222145644288e-03 2.906292349705544027e-03 5.405694571851129768e-03 4.945943054281489171e-01 4.945943054281489171e-01
1.914000000000000000e+04 2.494799345629847894e-03 2.902179248627853505e-03 5.396978594257642418e-03 4.946030214057424157e-01 4.946030214057424157e-01
1.916000000000000000e+04 2.490213032862766129e-03 2.898075789059053296e-03 5.388288821921760445e-03 4.946117111780782838e-01 4.946117111780782838e-01
1.918000000000000000e+04 2.485643182359153006e-03 2.893981963496086631e-03 5.379625145855180222e-03 4.946203748541448397e-01 4.946203748541448397e-01
1.920000000000000000e+04 2.481089691910993468e-03 2.889897766081290197e-03 5.370987457992224684e-03 4.946290125420078065e-01 4.946290125420078065e-01
1.922000000000000000e+04 2.476552458587503829e-03 2.885823192602397173e-03 5.362375651189841587e-03 4.946376243488102009e-01 4.946376243488102009e-01
1.924000000000000000e+04 2.472031378735129164e-03 2.881758240492535064e-03 5.353789619227605247e-03 4.946462103807724442e-01 4.946462103807724442e-01
1.926000000000000000e+04 2.467526347977546351e-03 2.877702908830226565e-03 5.345229256807713936e-03 4.946547707431923069e-01 4.946547707431923069e-01
1.928000000000000000e+04 2.463037261215661900e-03 2.873657198339389564e-03 5.336694459554992484e-03 4.946633055404450197e-01 4.946633055404450197e-01
1.930000000000000000e+04 2.458564012627612819e-03 2.869621111389337575e-03 5.328185124016891414e-03 4.946718148759831624e-01 4.946718148759831624e-01
1.932000000000000000e+04 2.454106495668767051e-03 2.865594651994778433e-03 5.319701147663486937e-03 4.946802988523365530e-01 4.946802988523365530e-01
1.934000000000000000e+04 2.449664603071722603e-03 2.861577825815815601e-03 5.311242428887479224e-03 4.946887575711125806e-01 4.946887575711125806e-01
1.936000000000000000e+04 2.445238226846307983e-03 2.857570640157947300e-03 5.302808867004196736e-03 4.946971911329958171e-01 4.946971911329958171e-01
1.938000000000000000e+04 2.440827258279582197e-03 2.853573103972067374e-03 5.294400362251591025e-03 4.947055996377484610e-01 4.947055996377484610e-01
1.940000000000000000e+04 2.436431587935834753e-03 2.849585227854464428e-03 5.286016815790240200e-03 4.947139831842097824e-01 4.947139831842097824e-01
1.942000000000000000e+04 2.432051105656585221e-03 2.845607024046821823e-03 5.277658129703348064e-03 4.947223418702966780e-01 4.947223418702966780e-01
1.944000000000000000e+04 2.427685700560584109e-03 2.841638506436218979e-03 5.269324206996744107e-03 4.947306757930032828e-01 4.947306757930032828e-01
1.946000000000000000e+04 2.423335261043811986e-03 2.837679690555130075e-03 5.261014951598882647e-03 4.947389850484011364e-01 4.947389850484011364e-01
1.948000000000000000e+04 2.418999674779479924e-03 2.833730593581423179e-03 5.252730268360844557e-03 4.947472697316391832e-01 4.947472697316391832e-01
1.950000000000000000e+04 2.414678828718029927e-03 2.829791234338363722e-03 5.244470063056334667e-03 4.947555299369437165e-01 4.947555299369437165e-01
1.952000000000000000e+04 2.410372609087133629e-03 2.825861633294610587e-03 5.236234242381685236e-03 4.947637657576183234e-01 4.947637657576183234e-01
1.954000000000000000e+04 2.406080901391693602e-03 2.821941812564218287e-03 5.228022713955852475e-03 4.947719772860441623e-01 4.947719772860441623e-01
1.956000000000000000e+04 2.401803590413842913e-03 2.818031795906636092e-03 5.219835386320420025e-03 4.947801646136796294e-01 4.947801646136796294e-01
1.958000000000000000e+04 2.397540560212944264e-03 2.814131608726709761e-03 5.211672168939594611e-03 4.947883278310604149e-01 4.947883278310604149e-01
1.960000000000000000e+04 2.393291694125592589e-03 2.810241278074677648e-03 5.203532972200211257e-03 4.947964670277998356e-01 4.947964670277998356e-01
1.962000000000000000e+04 2.389056874765611155e-03 2.806360832646175897e-03 5.195417707411728071e-03 4.948045822925882797e-01 4.948045822925882797e-01
1.964000000000000000e+04 2.384835984024055028e-03 2.802490302782234110e-03 5.187326286806229723e-03 4.948126737131938180e-01 4.948126737131938180e-01
1.966000000000000000e+04 2.380628903069209341e-03 2.798629720469277514e-03 5.179258623538427440e-03 4.948207413764615925e-01 4.948207413764615925e-01
1.968000000000000000e+04 2.376435512346589292e-03 2.794779119339126528e-03 5.171214631685657273e-03 4.948287853683143722e-01 4.948287853683143722e-01
1.970000000000000000e+04 2.372255691578941447e-03 2.790938534668996763e-03 5.163194226247879229e-03 4.948368057737521641e-01 4.948368057737521641e-01
1.972000000000000000e+04 2.368089319766242002e-03 2.787108003381498153e-03 5.155197323147680741e-03 4.948448026768523800e-01 4.948448026768523800e-01
1.974000000000000000e+04 2.363936275185697655e-03 2.783287564044637126e-03 5.147223839230274933e-03 4.948527761607697806e-01 4.948527761607697806e-01
1.976000000000000000e+04 2.359796435391745602e-03 2.779477256871814000e-03 5.139273692263499754e-03 4.948607263077365315e-01 4.948607263077365315e-01
1.978000000000000000e+04 2.355669677216053540e-03 2.775677123721824718e-03 5.131346800937818843e-03 4.948686531990622028e-01 4.948686531990622028e-01
1.980000000000000000e+04 2.351555876767520096e-03 2.771887208098860415e-03 5.123443084866321530e-03 4.948765569151337140e-01 4.948765569151337140e-01
1.982000000000000000e+04 2.347454909432273966e-03 2.768107555152507417e-03 5.115562464584721102e-03 4.948844375354153335e-01 4.948844375354153335e-01
1.984000000000000000e+04 2.343366649873673477e-03 2.764338211677746376e-03 5.107704861551360005e-03 4.948922951384486790e-01 4.948922951384486790e-01
1.986000000000000000e+04 2.339290972032308322e-03 2.760579226114954435e-03 5.099870198147202910e-03 4.949001298018528283e-01 4.949001298018528283e-01
1.988000000000000000e+04 2.335227749125999130e-03 2.756830648549902195e-03 5.092058397675841910e-03 4.949079416023242084e-01 4.949079416023242084e-01
1.990000000000000000e+04 2.331176853649795724e-03 2.753092530713757181e-03 5.084269384363493058e-03 4.949157306156365399e-01 4.949157306156365399e-01
1.992000000000000000e+04 2.327138157375978865e-03 2.749364925983080812e-03 5.076503083358999829e-03 4.949234969166410592e-01 4.949234969166410592e-01
1.994000000000000000e+04 2.323111531354059810e-03 2.745647889379829697e-03 5.068759420733829658e-03 4.949312405792661851e-01 4.949312405792661851e-01
1.996000000000000000e+04 2.319096845910780316e-03 2.741941477571356069e-03 5.061038323482076537e-03 4.949389616765179634e-01 4.949389616765179634e-01
1.998000000000000000e+04 2.315093970650112208e-03 2.738245748870406487e-03 5.053339719520459281e-03 4.949466602804795667e-01 4.949466602804795667e-01
