0 0 0.10083645526265571 3
0 1 0.09858186528086042 3
0 2 0.14536667756502517 3
0 3 0.1248475548681634 3
0 4 0.21041506490353787 3
0 5 0.036105224049293554 3
0 6 0.08476316148894654 3
0 7 0.12453548383319098 3
0 8 0.27656576420823825 3
0 9 0.14393073252174815 3
0 10 0.09665360492334499 3
0 11 0.1436142479080778 3
0 12 0.09179235805145194 3
0 13 0.13805778486636636 3
0 14 0.07851362938132457 3
0 15 0.09131718488018845 3
0 16 172.6908143995736 3
0 17 0.05346973313153162 3
0 18 117.75950820808762 3
0 19 0.024347645611924984 3
0 20 0.12959343962898662 3
0 21 0.5884817917757491 3
0 22 0.1863696735337906 3
0 23 0.04927611440847786 3
0 24 0.08401702446034756 3
0 25 0.14603381815709626 3
0 26 7.263297990009076 3
0 27 0.36292262400696046 3
0 28 0.09102894021235632 3
0 29 0.07414645140409905 3
0 30 0.10519349732623148 3
0 31 0.2138618438674535 3
0 32 0.10857842191444603 3
0 33 0.0804490700333479 3
0 34 0.09342796884176535 3
0 35 0.1162961098643276 3
0 36 0.0705351396751175 3
0 37 0.15712749754787902 3
0 38 0.12691695078585136 3
0 39 0.12975113405408537 3
0 40 0.1642947832170335 3
0 41 0.07031053116290197 3
0 42 0.16786511992062264 3
0 43 0.20905254442548463 3
0 44 0.09408371802074968 3
0 45 0.11813664366083773 3
0 46 0.16223919478539534 3
0 47 0.18102451952238857 3
0 48 0.134627717032857 3
0 49 0.06965173643824547 3
0 50 0.166067784037922 3
0 51 0.11402523201113847 3
0 52 0.11144314537640408 3
0 53 0.15845216862021752 3
0 54 0.12025770972848719 3
0 55 0.08411585188110665 3
0 56 0.193689164537579 3
0 57 72.82317368127818 3
0 58 0.15509962685086226 3
0 59 0.108424722704841 3
0 60 0.08466658493994624 3
0 61 451822.10330354364 3
0 62 0.1050473886431634 3
0 63 0.18200217159447216 3
0 64 0.15131545548250785 3
0 65 0.1408574308822233 3
0 66 0.12408628237408541 3
0 67 0.10496502940085671 3
0 68 0.1863538225302838 3
0 69 367.9547223418583 3
0 70 0.12014551815321575 3
0 71 3.236621106253125 3
0 72 0.1401853461717402 3
0 73 0.16496322968439528 3
0 74 0.09636868756519937 3
0 75 19.80960158880461 3
0 76 0.11608924933794403 3
0 77 0.02998118995077837 3
0 78 0.06782550744783543 3
0 79 0.0688367042726455 3
0 80 0.028659506510042648 3
0 81 0.14091924186034152 3
0 82 0.08649521387277777 3
0 83 0.1626821524547194 3
0 84 0.11622531797887647 3
0 85 0.07381487438135158 3
0 86 177.9160983648309 3
0 87 0.1555102848024592 3
0 88 0.09069653613357492 3
0 89 867303.5738701046 3
0 90 0.09415582262280825 3
0 91 0.12514463454837488 3
0 92 0.10870608052536089 3
0 93 0.12147359676704554 3
0 94 0.06963659274560867 3
0 95 0.08517012749362414 3
0 96 0.19789782403251452 3
0 97 0.040651753446575026 3
0 98 0.04093795671132736 3
0 99 2974.527789320265 3
0 100 0.14800571914889693 3
0 101 0.16042670060430003 3
0 102 0.09079355542949226 3
0 103 0.12834174771741486 3
0 104 0.07654236679199998 3
0 105 0.2053185625161416 3
0 106 0.14163375125156769 3
0 107 0.12223728502345269 3
0 108 0.07044727014447047 3
0 109 0.05372829759764843 3
0 110 0.20239998118615707 3
0 111 0.06940817045516039 3
0 112 0.13394095474316955 3
0 113 7741482.413754342 3
0 114 0.140930824418128 3
0 115 1.8397393729246014 3
0 116 0.14217670315869108 3
0 117 9528.057833061664 3
0 118 0.1459485998526408 3
0 119 0.031175755001141378 3
0 120 338960801.09376913 3
0 121 0.09335058840262074 3
0 122 0.22733349725652105 3
0 123 0.09699506607092954 3
0 124 6.220688937089613 3
0 125 0.1076735189336705 3
0 126 1583.8010979144672 3
0 127 0.1573765293022385 3
0 128 0.15749787393143874 3
0 129 94035217.91677935 3
0 130 0.0997552036568945 3
0 131 0.107536769694473 3
0 132 0.14040128058234727 3
0 133 0.1177232286693599 3
0 134 0.21897610504965775 3
0 135 0.10066599137751416 3
0 136 0.03982870361331293 3
0 137 0.10024176793631318 3
0 138 0.30878688482272326 3
0 139 0.07608718641654423 3
0 140 0.26222913362098993 3
0 141 0.049474178516142685 3
0 142 0.08268947775156248 3
0 143 0.11768454336850341 3
0 144 0.17765157167057355 3
0 145 1.467653482616558 3
0 146 1.3945963842095002 3
0 147 0.11532315802496551 3
0 148 0.13941408706806563 3
0 149 0.1746073178749162 3
0 150 0.1310768119092 3
0 151 0.11288480580317374 3
0 152 9.050198658419625 3
0 153 0.08532449933955996 3
0 154 0.423953721086211 3
0 155 0.1922920319495502 3
0 156 0.12272169908423164 3
0 157 18.877598243185105 3
0 158 0.10405611555177702 3
0 159 0.15670269907544143 3
0 160 0.04233565635586278 3
0 161 0.16260537121687257 3
0 162 0.3183254713534736 3
0 163 0.16467011606326112 3
0 164 0.1408108797165151 3
0 165 0.14152069015868685 3
0 166 0.09011022418129609 3
0 167 0.1327602396634626 3
0 168 0.13398487992278862 3
0 169 0.1981152597245778 3
0 170 0.07783495804828647 3
0 171 748172.5478067494 3
0 172 0.07014131653660763 3
0 173 0.12292199831077197 3
0 174 2730.8593090185036 3
0 175 0.12049536485321868 3
0 176 0.02250594384991163 3
0 177 145551528.01244953 3
0 178 0.0799235604312086 3
0 179 0.2161088328122479 3
0 180 113197.17890378309 3
0 181 0.15248938476798152 3
0 182 0.08945206920403412 3
0 183 0.11464514546719351 3
0 184 0.18335332546401378 3
0 185 0.1386355936652306 3
0 186 0.036594561836202105 3
0 187 0.19749429891281353 3
0 188 0.14141350801449873 3
0 189 0.11148817236709593 3
0 190 0.1172589979232713 3
0 191 0.25017523923051277 3
0 192 0.1388668605096248 3
0 193 0.19700875523706451 3
0 194 0.360561207957413 3
0 195 0.15528373668526874 3
0 196 0.467047554898978 3
0 197 0.14937692667839642 3
0 198 0.04242974945850349 3
0 199 0.10079963144882643 3
0 200 0.14306271259597117 3
0 201 22029725.85281617 3
0 202 0.4615465637451154 3
0 203 0.07387577305321365 3
0 204 0.07089483966076086 3
0 205 0.1597919406129064 3
0 206 0.11778822354137053 3
0 207 0.2417514699858698 3
0 208 0.10083798059918489 3
0 209 0.23017771411140772 3
0 210 0.1328502720797702 3
0 211 0.12645460777644277 3
0 212 0.1282684786788854 3
0 213 0.08398023340643486 3
0 214 0.21019040902695796 3
0 215 0.10363405760474624 3
0 216 28721086.181344274 3
0 217 0.094727319981256 3
0 218 0.07415439924292684 3
0 219 0.060211303075868444 3
0 220 3117.3146314943015 3
0 221 0.11820409564526464 3
0 222 0.139760233886626 3
0 223 0.02753370011211789 3
0 224 0.1387328928809345 3
0 225 0.1457738823663714 3
0 226 0.22032033953201433 3
0 227 0.10540317381875627 3
0 228 0.202816203833459 3
0 229 0.05316884471170795 3
0 230 0.17118842177263124 3
0 231 0.04227360916494356 3
0 232 0.14707349401399442 3
0 233 0.12799683664323663 3
0 234 0.12765696619439515 3
0 235 0.11693540061187567 3
0 236 0.1173439635940328 3
0 237 0.10768342272960763 3
0 238 0.13871606218322227 3
0 239 0.13464035761010643 3
0 240 49615.629731397916 3
0 241 0.12267937961079423 3
0 242 0.12478709096621637 3
0 243 0.2762343655063781 3
0 244 0.11331514783769543 3
0 245 0.18508677284018282 3
0 246 0.07682602575946872 3
0 247 0.061275299075626795 3
0 248 0.1773044411120416 3
0 249 17.918428630823822 3
0 250 0.12085217017749812 3
0 251 0.08905008584079069 3
0 252 0.14180249198868758 3
0 253 0.15438226749510678 3
0 254 0.11502638181195576 3
0 255 0.2037558228496137 3
0 256 0.14738960861292738 3
0 257 0.26404487739393184 3
0 258 0.1140915319636238 3
0 259 0.07115196785758078 3
0 260 0.05450856886144917 3
0 261 0.16290337983106276 3
0 262 0.03642437465514208 3
0 263 0.05464011831044432 3
0 264 0.038737056925154896 3
0 265 0.2244524943963535 3
0 266 0.141724500334516 3
0 267 0.09274571381015083 3
0 268 0.03964295606227639 3
0 269 0.20128444695253325 3
0 270 0.06351384639377189 3
0 271 0.17325051508810782 3
0 272 3985451583.8871903 3
0 273 0.17977292033715686 3
0 274 19.312265532427 3
0 275 759794.4618010499 3
0 276 0.12032881769788835 3
0 277 0.08786539487225759 3
0 278 0.1667573412689635 3
0 279 0.024673578761018115 3
0 280 0.1307524274404597 3
0 281 0.08054307680716948 3
0 282 0.024022793352046837 3
0 283 0.096059638333154 3
0 284 755.900302734717 3
0 285 0.12608813447215403 3
0 286 0.0807326303066713 3
0 287 0.1019550573353899 3
0 288 1256948491.9701955 3
0 289 0.11546436167094187 3
0 290 0.1086142152583369 3
0 291 0.1921079780265013 3
0 292 1439504882.5215847 3
0 293 0.1671680852307458 3
0 294 0.029328381878669353 3
0 295 0.13157722153648566 3
0 296 0.11829876845754025 3
0 297 0.1290300928788636 3
0 298 12469418495.450079 3
0 299 4.1680615187043575 3
0 300 0.09805910121854114 3
0 301 0.023755511901542826 3
0 302 0.9021886595200127 3
0 303 2230950.634245 3
0 304 81.18113600887513 3
0 305 0.16081016409258678 3
0 306 0.5744469352720006 3
0 307 0.10398268196692832 3
0 308 1.8520605629202 3
0 309 0.07276848793360755 3
0 310 0.17858697056892445 3
0 311 15.660732509991885 3
0 312 0.07973369755547098 3
0 313 0.16522119893309392 3
0 314 0.16083065593314194 3
0 315 0.10555990535064069 3
0 316 0.8332621528415947 3
0 317 0.12338658147715403 3
0 318 0.0887322882189511 3
0 319 0.09298551968269032 3
0 320 104957833.26658456 3
0 321 0.06958686663646299 3
0 322 0.1013347549737045 3
0 323 0.10403014567983246 3
0 324 0.11079506219409269 3
0 325 0.08678288388341565 3
0 326 0.13082479372943406 3
0 327 5384544.811580651 3
0 328 3866146.441330621 3
0 329 0.12132268897807266 3
0 330 0.09083158175864098 3
0 331 0.14855895552399054 3
0 332 0.11415098195277498 3
0 333 0.14042506370077032 3
0 334 0.07135885617348313 3
0 335 0.25219850315267445 3
0 336 0.10354796293139532 3
0 337 0.12804329555831373 3
0 338 0.18375671681125516 3
0 339 0.05004794142666607 3
0 340 0.0804583572029091 3
0 341 0.1065508769885732 3
0 342 0.11586256157012186 3
0 343 0.07012764407431309 3
0 344 0.12302505461423884 3
0 345 0.0847321974875492 3
0 346 0.1595010779494019 3
0 347 0.12142718984095548 3
0 348 0.9270793788498711 3
0 349 0.019852445955878494 3
0 350 0.09298093313226949 3
0 351 0.10228054324410991 3
0 352 0.06558024796367977 3
0 353 0.16776273971169353 3
0 354 0.14659906130550535 3
0 355 7.036977796684565 3
0 356 18613302.470954806 3
0 357 0.16221981760465642 3
0 358 0.05149804159867432 3
0 359 0.11380773461383878 3
0 360 0.13660773188003586 3
0 361 0.12987046416379558 3
0 362 0.1144059259435906 3
0 363 0.37449810737635014 3
0 364 50048.86813084835 3
0 365 0.09652165506697145 3
0 366 0.13024904880870758 3
0 367 0.049023279820573966 3
0 368 0.11832939055569391 3
0 369 0.07862857737157573 3
0 370 0.12497320845589106 3
0 371 0.17136133377237972 3
0 372 1903.4781194870259 3
0 373 6761074.138226614 3
0 374 0.0770087940427457 3
0 375 0.08499345897234442 3
0 376 0.06128525291047913 3
0 377 0.12969927199883338 3
0 378 0.16968060505519075 3
0 379 0.11056637466181644 3
0 380 0.12699692293492446 3
0 381 0.09627193495480507 3
0 382 1036583547.1568692 3
0 383 0.18497269188963658 3
0 384 0.23601416002172126 3
0 385 0.10010663545720591 3
0 386 0.0727543216249281 3
0 387 0.13979830347912317 3
0 388 0.24475120933759748 3
0 389 0.10705276351467038 3
0 390 0.7313450606203165 3
0 391 0.09436595509874278 3
0 392 0.08753682329374943 3
0 393 0.22798797536755525 3
0 394 0.12135031162699521 3
0 395 0.1265045633320946 3
0 396 0.13386969385227765 3
0 397 0.12576515748014933 3
0 398 0.28666071116897063 3
0 399 0.45802845254458424 3
0 400 0.04252513765915676 3
0 401 0.1377643208783443 3
0 402 0.11879223811474486 3
0 403 0.11414030467495191 3
0 404 0.1475884345357785 3
0 405 0.1141162434107529 3
0 406 0.13560837741406767 3
0 407 0.0814795262058596 3
0 408 0.033903444263126956 3
0 409 0.19558156583862812 3
0 410 0.08566262132771 3
0 411 0.023855816535148084 3
0 412 0.1345826970285645 3
0 413 0.11205476442408084 3
0 414 0.09836528546702943 3
0 415 0.07343459176933917 3
0 416 0.18347168291054516 3
0 417 2365461.833894285 3
0 418 0.11475260094504844 3
0 419 0.09291566218234311 3
0 420 0.15986483335518664 3
0 421 0.10009027698299756 3
0 422 0.0985896505184207 3
0 423 0.14458013936847225 3
0 424 0.13941550259382438 3
0 425 0.1285949343089711 3
0 426 0.025522139522812456 3
0 427 0.1546383287910556 3
0 428 0.17553545103849694 3
0 429 0.4352284671592232 3
0 430 0.1699887016832751 3
0 431 0.07228997537993012 3
0 432 11.707873251994805 3
0 433 58.558214541081 3
0 434 0.11239168804386693 3
0 435 36.65055318992471 3
0 436 0.17340607766493235 3
0 437 0.02837249595120674 3
0 438 0.13095654295574766 3
0 439 0.12034384473552318 3
0 440 0.12349631610353799 3
0 441 0.10646078001016067 3
0 442 0.1377738970087957 3
0 443 0.11128987426641042 3
0 444 0.07921807924856693 3
0 445 0.11310144021854887 3
0 446 0.15436505283322396 3
0 447 0.1714010555505152 3
0 448 0.09354619185839112 3
0 449 0.09130074848895808 3
0 450 0.10418510189415885 3
0 451 0.130970441994588 3
0 452 7.488635422704189 3
0 453 0.0712035128782419 3
0 454 0.07634187408547025 3
0 455 9325.2925101499 3
0 456 0.12222899173366865 3
0 457 1.9650975619489461 3
0 458 0.3383446422747655 3
0 459 0.10123198027518973 3
0 460 0.144651905498513 3
0 461 0.10291847847524997 3
0 462 0.10084150271680165 3
0 463 0.15063810774485745 3
0 464 0.09343423211034681 3
0 465 0.11501065167571187 3
0 466 0.10693634969315326 3
0 467 0.08867772904531246 3
0 468 90860.81175364352 3
0 469 2.32365894077871 3
0 470 0.09244411299860622 3
0 471 0.11643329665294559 3
0 472 0.1250820520668622 3
0 473 0.4599687648646243 3
0 474 0.5188686600004346 3
0 475 0.12285760882792293 3
0 476 0.0693694919200202 3
0 477 0.13801545485482644 3
0 478 0.05710397901161216 3
0 479 0.6617026886030969 3
0 480 0.19632775888842321 3
0 481 708.1980387592174 3
0 482 0.133869177638275 3
0 483 0.12198682067994275 3
0 484 0.10297721928618256 3
0 485 0.42574719763590846 3
0 486 0.119079052758885 3
0 487 0.09216720149726863 3
0 488 0.07756136603379847 3
0 489 0.13349034433275886 3
0 490 0.16123989409550207 3
0 491 0.1098200203469064 3
0 492 0.11941251353803495 3
0 493 0.1440912146799954 3
0 494 0.05575323163355486 3
0 495 0.10965507865637308 3
0 496 265273.176095046 3
0 497 0.0909121587450685 3
0 498 0.13147319710720712 3
0 499 0.3141566888785601 3
0 500 0.1523285365449395 3
0 501 0.11034828555576856 3
0 502 0.07960123166712763 3
0 503 0.0931538367119781 3
0 504 0.1510539665431203 3
0 505 6726980.44428524 3
0 506 0.1843388181178559 3
0 507 20.17069986592898 3
0 508 1.2195446730421684 3
0 509 1242003.1820975214 3
0 510 0.1748216346653338 3
0 511 0.12210135370335225 3
0 512 8032303.156236291 3
0 513 0.24443976514518806 3
0 514 0.017040205435208722 3
0 515 0.15702252242384698 3
0 516 0.10412363021508336 3
0 517 651286734.1985698 3
0 518 0.08991096402303712 3
0 519 0.15152965564036738 3
0 520 0.15075480315925646 3
0 521 1.2494446400431207 3
0 522 0.11609298738244513 3
0 523 0.07338141349663367 3
0 524 0.048963826359792545 3
0 525 0.13443736050162067 3
0 526 0.13469177609159316 3
0 527 0.13578964437466604 3
0 528 0.19703400938690918 3
0 529 0.18269937080206425 3
0 530 17384336.70753596 3
0 531 0.15897535743099764 3
0 532 0.10975418162894099 3
0 533 0.14198042861989127 3
0 534 0.06256536181422254 3
0 535 0.13194975024138633 3
0 536 0.07843169926861404 3
0 537 0.12031134833139678 3
0 538 0.11842701253682832 3
0 539 0.1399675589494132 3
0 540 0.06736880810892708 3
0 541 0.09955098495395981 3
0 542 0.2161130542844149 3
0 543 0.12533199431170572 3
0 544 0.0967971454239691 3
0 545 0.057007463801825704 3
0 546 0.09173438336370184 3
0 547 0.08626877214442982 3
0 548 0.10824102824104812 3
0 549 431234.74580968975 3
0 550 0.03839823368152013 3
0 551 0.09733717753895953 3
0 552 0.09551055333216603 3
0 553 0.08296550585003223 3
0 554 309.3835054425813 3
0 555 0.08975727306784806 3
0 556 0.12370562530724948 3
0 557 0.17714847643385437 3
0 558 0.019752368584786257 3
0 559 0.04528111266567329 3
0 560 0.07711005061974278 3
0 561 0.3962998110244565 3
0 562 0.1618025134782237 3
0 563 0.04495615352587159 3
0 564 0.11929720007352146 3
0 565 0.19271753543076398 3
0 566 0.04015267301217835 3
0 567 0.09994830835252358 3
0 568 0.8863017639196498 3
0 569 0.156018740562326 3
0 570 0.05666679164824642 3
0 571 0.03365344199107672 3
0 572 0.07727805787734812 3
0 573 0.16273273505446437 3
0 574 0.12205951180870139 3
0 575 0.09381315177601798 3
0 576 0.11725753762394114 3
0 577 0.17279675770673775 3
0 578 0.14637888335202429 3
0 579 0.11767061656066846 3
0 580 0.1098260891985222 3
0 581 0.05549520935031522 3
0 582 0.0275795601049916 3
0 583 0.09242976265070825 3
0 584 0.09302459550043334 3
0 585 0.08224100601722419 3
0 586 0.1338125721753335 3
0 587 0.12350153584033607 3
0 588 0.19393999929258696 3
0 589 0.10646381538190632 3
0 590 0.07073891076665653 3
0 591 49738862.51871675 3
0 592 0.10689380524091187 3
0 593 0.13356219632958435 3
0 594 0.15389373704688292 3
0 595 0.11924009727461339 3
0 596 0.0462765453554451 3
0 597 0.09448749362343688 3
0 598 0.13595533465445026 3
0 599 0.12057136788559232 3
0 600 33418303.71946702 3
0 601 0.13468867514640454 3
0 602 1123.0918590284 3
0 603 0.1488302152162283 3
0 604 0.1414165460955724 3
0 605 0.07230275547549071 3
0 606 0.1075995101045058 3
0 607 0.04461381945257082 3
0 608 0.08274028370241977 3
0 609 0.10197040656478924 3
0 610 0.1462007717183953 3
0 611 0.06674564182719794 3
0 612 0.1297774405308779 3
0 613 0.08812426083045369 3
0 614 0.1880806307983912 3
0 615 0.3353100729887898 3
0 616 0.08806739847518583 3
0 617 0.13349010563527286 3
0 618 0.1018926737891716 3
0 619 0.10892442238906855 3
0 620 0.18624372958665145 3
0 621 299.3423143220366 3
0 622 0.020500249000148872 3
0 623 0.08982518777783875 3
0 624 0.14474872858135013 3
0 625 0.07763530918359092 3
0 626 0.07355263605691766 3
0 627 0.11150841288366117 3
0 628 0.3795964177072804 3
0 629 0.0777554045234575 3
0 630 3675714935.270985 3
0 631 0.08341321130628375 3
0 632 0.035824914933019585 3
0 633 0.1568339068364468 3
0 634 0.031634722745742784 3
0 635 0.08745889824419688 3
0 636 0.09159430016921843 3
0 637 0.14800671452114977 3
0 638 0.1228477124522282 3
0 639 0.08574794217460377 3
0 640 0.06513368213775206 3
0 641 0.14870422511896128 3
0 642 0.06845216517779118 3
0 643 0.19605253406455428 3
0 644 0.07673960981969492 3
0 645 0.21075345689157363 3
0 646 0.15618312788737682 3
0 647 0.031133166524519112 3
0 648 0.0762353880129318 3
0 649 0.08855346058858143 3
0 650 0.08909679965582931 3
0 651 0.10761059628727014 3
0 652 0.07527656394774387 3
0 653 0.11501511093760874 3
0 654 0.5626380578656156 3
0 655 2.4696750619490615 3
0 656 0.27008675119474856 3
0 657 0.19568704849728208 3
0 658 0.12353208201099443 3
0 659 0.11095230310289231 3
0 660 0.12351889026458654 3
0 661 0.17031882132622453 3
0 662 0.1237944173064957 3
0 663 0.0596245623496911 3
0 664 0.09684384906816525 3
0 665 0.15417537779763502 3
0 666 0.11777919197521207 3
0 667 0.03909056135702382 3
0 668 0.07368995885684812 3
0 669 32.16518482960303 3
0 670 0.087682928605941 3
0 671 0.1850675251458061 3
0 672 0.09131324373227077 3
0 673 0.03244354074440668 3
0 674 4100154.518056467 3
0 675 0.1317103622175182 3
0 676 0.1814875655998566 3
0 677 0.050087011215458443 3
0 678 0.10715652956732667 3
0 679 0.13324663630724262 3
0 680 0.2008521625317731 3
0 681 0.15182374985999475 3
0 682 0.0239088378555174 3
0 683 0.0764519142351907 3
0 684 0.1563129308097624 3
0 685 0.07834458222504083 3
0 686 0.36990884667774065 3
0 687 0.09813321409665796 3
0 688 0.23864339412341884 3
0 689 0.10943699900404724 3
0 690 0.10764507149380126 3
0 691 0.12272738479093434 3
0 692 0.09557958151129087 3
0 693 0.16145498111490544 3
0 694 0.1752677749081826 3
0 695 0.07705055595638634 3
0 696 114065307.74309978 3
0 697 0.08607585372047856 3
0 698 0.10507587243599976 3
0 699 0.07505292236556618 3
0 700 0.061372308037676605 3
0 701 6948173.512602015 3
0 702 0.12012780501189718 3
0 703 0.02667015587440189 3
0 704 0.2607776982098824 3
0 705 0.12086401323349476 3
0 706 0.1262451159501151 3
0 707 0.11598425795158274 3
0 708 0.1491002791182666 3
0 709 0.15208801595253932 3
0 710 0.18488823493027484 3
0 711 0.12497053118583855 3
0 712 0.08842969926330004 3
0 713 0.18648263101189644 3
0 714 0.1303655985441584 3
0 715 0.07414159052893042 3
0 716 0.10325773873096919 3
0 717 9182.017305214848 3
0 718 0.19591026639364115 3
0 719 0.22288247211724949 3
0 720 0.16361590493768666 3
0 721 0.09391810699104611 3
0 722 0.0672323198956044 3
0 723 0.0810727901529454 3
0 724 0.029949529930968565 3
0 725 0.24723940463274122 3
0 726 0.0818021009263179 3
0 727 0.06730526807891901 3
0 728 0.09810240056057322 3
0 729 0.1699054754354591 3
0 730 0.07604016912553653 3
0 731 0.18618029784895218 3
0 732 0.08353584658389131 3
0 733 0.16151600335788072 3
0 734 0.04795933148445797 3
0 735 0.17816929272128001 3
0 736 0.07879711632287585 3
0 737 0.5074430613947358 3
0 738 5294866.299124152 3
0 739 0.11815432056977333 3
0 740 372.49470348787503 3
0 741 0.07362320919653753 3
0 742 0.10968502335053143 3
0 743 0.1158890059792566 3
0 744 0.03126066776977714 3
0 745 0.11634830794883529 3
0 746 0.11752944091623374 3
0 747 0.13903704495485472 3
0 748 0.13523002767594616 3
0 749 0.03376966434927955 3
0 750 13.844804351079675 3
0 751 0.06830496482945474 3
0 752 0.11936712256916132 3
0 753 0.0799613453979555 3
0 754 0.35436944047120295 3
0 755 0.11662562212348024 3
0 756 0.11106711687500015 3
0 757 0.14401828581981593 3
0 758 0.07302405257113656 3
0 759 0.10320514331380633 3
0 760 0.11624041212822372 3
0 761 0.08428128264222395 3
0 762 0.16595508522397553 3
0 763 0.07255997019743247 3
0 764 0.10644363934183244 3
0 765 0.07939229996411717 3
0 766 0.10989193612553745 3
0 767 947.7641060824419 3
0 768 318.86656417894625 3
0 769 0.13248577439928463 3
0 770 0.21141239877423276 3
0 771 0.11866672882823438 3
0 772 0.19589698003590186 3
0 773 0.11386986144613184 3
0 774 13.403925934975167 3
0 775 1396.2596499026972 3
0 776 4.122965367950331 3
0 777 0.13401868014736484 3
0 778 0.14303729504269178 3
0 779 0.03482084656433753 3
0 780 0.16544620592481712 3
0 781 0.6301643597485074 3
0 782 0.5988303576814765 3
0 783 0.027752639412700845 3
0 784 0.31211448925307633 3
0 785 0.088144616476781 3
0 786 0.6739020830286966 3
0 787 0.11714297915705137 3
0 788 0.10088434508999819 3
0 789 0.1480461335157065 3
0 790 1705.1486552916767 3
0 791 0.11498537815723422 3
0 792 0.1513138491195926 3
0 793 214716.74174204178 3
0 794 0.12458428619409875 3
0 795 0.1329961778452707 3
0 796 0.09937213148048211 3
0 797 0.08794098176853428 3
0 798 0.11326969740791984 3
0 799 1641170.1633952828 3
0 800 0.12782341296543487 3
0 801 0.1510267829510414 3
0 802 155340911.8795171 3
0 803 0.08825865580416176 3
0 804 0.03867574773847459 3
0 805 0.14629919198821228 3
0 806 0.12952590899857142 3
0 807 0.05016735091871116 3
0 808 0.1501894514447685 3
0 809 0.055673613746739195 3
0 810 2.7396083839445087 3
0 811 0.10707904140813154 3
0 812 0.09183794771535463 3
0 813 0.07248288597838734 3
0 814 0.16209635577613415 3
0 815 0.18534459866107544 3
0 816 0.15864490593010097 3
0 817 0.1590946039836911 3
0 818 0.07125638688753165 3
0 819 0.10595657253137639 3
0 820 0.178158903871445 3
0 821 0.10419071103044912 3
0 822 0.18868048657207498 3
0 823 0.13866910747878758 3
0 824 0.08985328787647132 3
0 825 11385.141011621006 3
0 826 0.11984034567128862 3
0 827 0.0723650928251715 3
0 828 0.0803797248817562 3
0 829 0.3717641721380796 3
0 830 0.3861417581442794 3
0 831 0.09776829705236234 3
0 832 0.13030155624097395 3
0 833 0.12483244786566261 3
0 834 0.12522629421592762 3
0 835 0.16774443036214381 3
0 836 0.20245077807812767 3
0 837 0.6437014853676837 3
0 838 0.07865608192772948 3
0 839 0.23900913194210083 3
0 840 0.05437754946386752 3
0 841 0.18983678142949179 3
0 842 0.22443467085362992 3
0 843 10.395275042196998 3
0 844 0.18375771424204215 3
0 845 0.04510721823463149 3
0 846 1.1797060044715615 3
0 847 0.07273010870506387 3
0 848 0.052546150467025904 3
0 849 0.050978976201994146 3
0 850 0.07380966476501186 3
0 851 0.3932182312330442 3
0 852 3.380233201511925 3
0 853 0.14540919268079977 3
0 854 0.35096509454099667 3
0 855 0.13527213176596703 3
0 856 0.356616668162884 3
0 857 0.15364081427906773 3
0 858 0.028083068401321246 3
0 859 0.14352653313771005 3
0 860 0.1229004082222719 3
0 861 0.1072010425835132 3
0 862 0.0857933509539142 3
0 863 0.15075086739632154 3
0 864 0.11643742389331796 3
0 865 0.10323100690292804 3
0 866 0.10127942698644693 3
0 867 0.468048964260636 3
0 868 0.2507633440960897 3
0 869 0.11760980269490565 3
0 870 0.19162016809231336 3
0 871 0.17622798197202177 3
0 872 0.31543312084120195 3
0 873 0.18775779613121762 3
0 874 0.04326713675730982 3
0 875 0.16856310224749413 3
0 876 16.03706587987901 3
0 877 0.043401840842184014 3
0 878 0.18546738756085387 3
0 879 0.14761864413392922 3
0 880 0.019634772951229843 3
0 881 0.04678038563540911 3
0 882 0.1010280011994343 3
0 883 0.3418158788899669 3
0 884 4.757567333501907 3
0 885 0.09472091228320104 3
0 886 0.06156907657052761 3
0 887 0.06980980320831295 3
0 888 0.11941064390091767 3
0 889 0.1168868994149258 3
0 890 0.10348466786318715 3
0 891 24.92351321982561 3
0 892 0.033243651415881155 3
0 893 0.17970483505240362 3
0 894 0.12662392691341054 3
0 895 0.11162012500652077 3
0 896 0.07999839232541409 3
0 897 0.11338088133010846 3
0 898 0.13305169828104882 3
0 899 0.09022901034229172 3
0 900 0.10014118791731244 3
0 901 0.16702724319900142 3
0 902 0.10148195763792282 3
0 903 403.47665807500016 3
0 904 0.3862095601836344 3
0 905 0.16960752146143895 3
0 906 2732646482.775667 3
0 907 1.5194185249894359 3
0 908 0.05326972734639412 3
0 909 0.10358561917325788 3
0 910 0.1708304342466307 3
0 911 0.14390262430054915 3
0 912 9406481.897043841 3
0 913 0.09818655229686855 3
0 914 0.18937186013720458 3
0 915 0.12242343034175536 3
0 916 0.08262856140322102 3
0 917 0.09524282792330953 3
0 918 0.0767607520640202 3
0 919 0.05843004243691152 3
0 920 0.15279823639134926 3
0 921 0.07229510137504155 3
0 922 0.15579393015817783 3
0 923 0.0867053423946135 3
0 924 0.09758651200016308 3
0 925 19.58090374271554 3
0 926 0.09875897448513238 3
0 927 131.25382611477684 3
0 928 0.0991187122173948 3
0 929 0.1984049994567384 3
0 930 575353440.070167 3
0 931 0.024317834736374194 3
0 932 0.09556808887325736 3
0 933 0.17349956730178573 3
0 934 0.1707632469649306 3
0 935 0.07777890021058197 3
0 936 0.07302484463589416 3
0 937 0.16335723999667426 3
0 938 0.1456542579817899 3
0 939 0.5022764535521164 3
0 940 0.051751192594207726 3
0 941 0.08010712557113829 3
0 942 46.5840543546284 3
0 943 0.10212605434152303 3
0 944 0.5018349003331185 3
0 945 0.08243860585290715 3
0 946 0.07928942645122052 3
0 947 0.10217668408311736 3
0 948 0.04621445659186091 3
0 949 0.17312160494471873 3
0 950 1.0263825965509963 3
0 951 0.13213179515327783 3
0 952 0.12618010647261696 3
0 953 0.12586406453067045 3
0 954 0.16888060405428154 3
0 955 0.17065815328284756 3
0 956 0.0604301858098351 3
0 957 0.14860115744882357 3
0 958 0.045237312432058245 3
0 959 0.08198896852062101 3
0 960 0.038040342135296126 3
0 961 0.03517147739981696 3
0 962 0.4131283292949426 3
0 963 0.13853259509894017 3
0 964 0.018881652221904882 3
0 965 0.08605140973940906 3
0 966 0.10926861951001539 3
0 967 0.10498905349703055 3
0 968 0.13047310916584476 3
0 969 0.0532264527634689 3
0 970 0.18170544776634726 3
0 971 0.12722349380894074 3
0 972 0.18750680963060556 3
0 973 0.41214913421356836 3
0 974 0.1825044603610095 3
0 975 0.12582990654958065 3
0 976 0.21047540896130806 3
0 977 0.09141830785737064 3
0 978 0.08904867282103089 3
0 979 0.3801070650561023 3
0 980 0.07726062884476326 3
0 981 0.01929315678502365 3
0 982 0.13653256396346208 3
0 983 0.1782116136441345 3
0 984 0.13093025686137538 3
0 985 0.838465527580149 3
0 986 0.24815322275800614 3
0 987 0.11428501609720752 3
0 988 0.10754116880283522 3
0 989 0.1404772205774157 3
0 990 0.12700955838768993 3
0 991 0.14272093545546738 3
0 992 0.13097890318779365 3
0 993 4712258.221786484 3
0 994 0.11561104683095232 3
0 995 39.0234839393743 3
0 996 0.10977188205815065 3
0 997 0.10221023674125203 3
0 998 0.4540205833387357 3
0 999 339120.745251822 3
0 1000 0.06496755037973477 3
0 1001 0.15352575727548776 3
0 1002 0.07392968429510423 3
0 1003 0.15753318369921515 3
0 1004 0.10719515169955897 3
0 1005 0.032863305112599876 3
0 1006 12.335301259102152 3
0 1007 0.10936546458272171 3
0 1008 0.02817552374064215 3
0 1009 0.13223354024056344 3
0 1010 381995171.8914807 3
0 1011 0.07449740726538635 3
0 1012 0.12994806874388298 3
0 1013 0.42022487111025947 3
0 1014 0.13234009079308703 3
0 1015 0.03157708347336065 3
0 1016 0.07231993113849351 3
0 1017 0.13259201325180542 3
0 1018 0.037123922353055776 3
0 1019 0.12803428631375083 3
0 1020 0.1395356041997918 3
0 1021 0.12221429314369484 3
0 1022 0.08162554024817964 3
0 1023 0.18596871662325717 3
0 1024 0.06869764424096568 3
0 1025 0.08992769548219169 3
0 1026 0.21063869300689794 3
0 1027 0.1583068295246675 3
0 1028 234.8325157565915 3
0 1029 0.17462489132007106 3
0 1030 0.0787932448882009 3
0 1031 0.14885022829160274 3
0 1032 0.044050342219664446 3
0 1033 0.08841590767585647 3
0 1034 0.16268429662931494 3
0 1035 0.0900806269774294 3
0 1036 0.12162027413898072 3
0 1037 0.16509372564590138 3
0 1038 0.15061297518209912 3
0 1039 0.18653453658495042 3
0 1040 3.159463162369188 3
0 1041 0.13538533377219683 3
0 1042 0.1681717676697639 3
0 1043 383357070.9763374 3
0 1044 0.1099498601981756 3
0 1045 0.14691807065088858 3
0 1046 0.0685520546588058 3
0 1047 0.06518455281024176 3
0 1048 0.18604856787618065 3
0 1049 0.09629519290647817 3
0 1050 0.09171228369057148 3
0 1051 0.12607414025551297 3
0 1052 0.13408728923556004 3
0 1053 0.1059163540179316 3
0 1054 0.039339531294198156 3
0 1055 0.12102629135736384 3
0 1056 46671323.84650943 3
0 1057 0.0679342331759949 3
0 1058 0.1462525130009951 3
0 1059 0.0717062741370841 3
0 1060 0.0445233307352064 3
0 1061 0.6363730934470523 3
0 1062 0.2515730717397854 3
0 1063 12.136847270603651 3
0 1064 0.09821480818535097 3
0 1065 0.08505449437083369 3
0 1066 0.13758250004789083 3
0 1067 0.16320710675963984 3
0 1068 0.1094647954063194 3
0 1069 21025832.25280275 3
0 1070 0.1757628938493311 3
0 1071 2790704.818324247 3
0 1072 23887.15711200327 3
0 1073 0.044816016381071945 3
0 1074 25.61190326553199 3
0 1075 0.08981478593159134 3
0 1076 9948394.900137002 3
0 1077 0.07577793337976685 3
0 1078 0.17061717017618944 3
0 1079 0.06622225014072075 3
0 1080 0.10561928345790113 3
0 1081 0.17702710295097268 3
0 1082 0.07303645164708616 3
0 1083 0.11891060664889494 3
0 1084 0.16741793101166805 3
0 1085 0.07095998659304768 3
0 1086 513.3912129872657 3
0 1087 0.08583284318410635 3
0 1088 0.12653192450222714 3
0 1089 0.022618075070996838 3
0 1090 0.09986196367501166 3
0 1091 0.061947146076155375 3
0 1092 0.05552148296207623 3
0 1093 82339.02137695653 3
0 1094 6331225.91161169 3
0 1095 0.13875131065242013 3
0 1096 0.11095557025632798 3
0 1097 0.03884103479747552 3
0 1098 0.1325364525815898 3
0 1099 0.1444584438073079 3
0 1100 0.0770946965422149 3
0 1101 0.07050135638099621 3
0 1102 0.12470817950304235 3
0 1103 0.12515531618615353 3
0 1104 0.7457104576165235 3
0 1105 0.06785884192479573 3
0 1106 0.08810877839687574 3
0 1107 0.12875410727587958 3
0 1108 0.1318847861181243 3
0 1109 0.07825557042243556 3
0 1110 0.10449220603037626 3
0 1111 0.05630720265299172 3
0 1112 0.1429493540340379 3
0 1113 0.08935902476517477 3
0 1114 0.06008933802185092 3
0 1115 0.07027285930970269 3
0 1116 0.1546747269426011 3
0 1117 0.19283313333334698 3
0 1118 0.40457292279981727 3
0 1119 0.08478363214231746 3
0 1120 0.061482195323943535 3
0 1121 124731079.12397994 3
0 1122 0.12196881385642391 3
0 1123 0.18285980806581703 3
0 1124 0.13773815410628631 3
0 1125 379139.72291486897 3
0 1126 0.1786239560247869 3
0 1127 463851.87464303285 3
0 1128 0.10165038929263118 3
0 1129 0.09755133173365042 3
0 1130 0.15320974609437796 3
0 1131 0.040157047005587095 3
0 1132 0.21054444994558316 3
0 1133 0.37801557185202045 3
0 1134 0.18817195607048068 3
0 1135 0.22554246006495524 3
0 1136 0.16645709666530986 3
0 1137 0.13272574045580654 3
0 1138 1685368.847193371 3
0 1139 0.1993287646894052 3
0 1140 0.08434286999511069 3
0 1141 0.1228529174659633 3
0 1142 0.029306601309270677 3
0 1143 0.07209094812912019 3
0 1144 0.08171443162908083 3
0 1145 6.570209421885879 3
0 1146 0.20728501437837307 3
0 1147 0.15590461219344823 3
0 1148 0.050727962131451136 3
0 1149 0.08731427822067571 3
0 1150 0.10687290127632434 3
0 1151 8887814.720683694 3
0 1152 0.09451428138019298 3
0 1153 0.16357245352303768 3
0 1154 0.10525241770531515 3
0 1155 0.17178212489586125 3
0 1156 0.09638609966746343 3
0 1157 0.04692111443669585 3
0 1158 0.06935662690760211 3
0 1159 0.06938545568541885 3
0 1160 0.1987112999746064 3
0 1161 0.1576409429590046 3
0 1162 0.16659660703239595 3
0 1163 0.14517118827766354 3
0 1164 0.11472733911929896 3
0 1165 0.13076784555819101 3
0 1166 0.032855222536741106 3
0 1167 1.1378435075014028 3
0 1168 0.10892279282086288 3
0 1169 361572.9406193603 3
0 1170 0.047240411781324515 3
0 1171 53.33243828188629 3
0 1172 0.17771239934166136 3
0 1173 0.07081358136558281 3
0 1174 0.8964337822439937 3
0 1175 0.12572168195360262 3
0 1176 0.1101961103469422 3
0 1177 0.18425698470072013 3
0 1178 1.5830924540729854 3
0 1179 0.10063139047954933 3
0 1180 0.15728896096041278 3
0 1181 0.061134855998498314 3
0 1182 0.046795087951553606 3
0 1183 0.11975133382301652 3
0 1184 0.12926457700263774 3
0 1185 31.911299331630794 3
0 1186 0.1619037638261732 3
0 1187 0.7581103333653543 3
0 1188 0.12979086305618356 3
0 1189 0.17763286944259668 3
0 1190 0.1460781546578282 3
0 1191 0.12593409850995654 3
0 1192 0.4738603168404362 3
0 1193 10440307.682426175 3
0 1194 0.10120526965525403 3
0 1195 0.10956731359414315 3
0 1196 32383294.539749157 3
0 1197 0.34304059989842167 3
0 1198 0.06538644323236467 3
0 1199 0.09978745240720976 3
0 1200 0.049883571950121205 3
0 1201 0.01665229848300746 3
0 1202 0.08114525732152474 3
0 1203 0.15691309797899816 3
0 1204 0.17041209740187077 3
0 1205 0.1467593271155715 3
0 1206 0.12425753902562361 3
0 1207 0.0589861779730387 3
0 1208 0.09381637393846023 3
0 1209 0.13359748568188426 3
0 1210 0.26242223677441884 3
0 1211 0.1528996740160277 3
0 1212 0.03403702824774053 3
0 1213 0.14757079241722826 3
0 1214 0.09366960120988552 3
0 1215 327827.81932395813 3
0 1216 0.11160015527330469 3
0 1217 33167524.95753024 3
0 1218 0.10609962695168637 3
0 1219 1433982658.6424024 3
0 1220 0.15848665109929203 3
0 1221 0.05771514798327342 3
0 1222 0.11109535255886542 3
0 1223 0.21230043415070796 3
0 1224 0.12843848479218276 3
0 1225 0.14660835599589048 3
0 1226 0.08919043128065667 3
0 1227 0.3873605337404257 3
0 1228 0.07185390387661851 3
0 1229 0.12395778489030769 3
0 1230 0.14097282488714954 3
0 1231 5329.236805874255 3
0 1232 11.951104103619329 3
0 1233 0.13140807323228063 3
0 1234 0.13806154294190295 3
0 1235 0.11442838051158083 3
0 1236 0.11269289285013465 3
0 1237 0.16234161506242686 3
0 1238 0.13510076155097164 3
0 1239 0.14412673732671644 3
0 1240 0.1418727413372726 3
0 1241 0.10829833195039104 3
0 1242 0.086149621836205 3
0 1243 119.33764633151797 3
0 1244 0.1738633925541339 3
0 1245 0.18703493912824481 3
0 1246 0.14468013707299004 3
0 1247 129012852.49116383 3
0 1248 0.11146918145869354 3
0 1249 0.12525121112023016 3
0 1250 0.1134366810673889 3
0 1251 0.10030318850499663 3
0 1252 1704240092.5140696 3
0 1253 1.8999315795410527 3
0 1254 0.11655754073221596 3
0 1255 0.07967653903026191 3
0 1256 0.19224249337435728 3
0 1257 0.08583451967468131 3
0 1258 0.06048688636298194 3
0 1259 0.12560481779571586 3
0 1260 0.4323610744472092 3
0 1261 0.13728281010186813 3
0 1262 0.4057322661082999 3
0 1263 0.16916493142887157 3
0 1264 0.12702387379446345 3
0 1265 1.7754868333496 3
0 1266 0.17753348737112953 3
0 1267 0.1264256227718592 3
0 1268 0.1580825214344888 3
0 1269 0.09453926687682455 3
0 1270 0.8426129459793815 3
0 1271 0.13778406816081296 3
0 1272 0.07127282778876855 3
0 1273 0.12872185919312196 3
0 1274 0.08436265788368572 3
0 1275 0.17601057505027354 3
0 1276 0.20601474643660037 3
0 1277 0.16774124923022374 3
0 1278 0.14637182489621045 3
0 1279 1186581.2372579542 3
0 1280 0.13987002553323324 3
0 1281 0.1236905351903325 3
0 1282 0.13645229580491738 3
0 1283 0.10954972940503431 3
0 1284 0.04124060624611005 3
0 1285 0.051651903266157075 3
0 1286 0.12403211421268054 3
0 1287 0.142689452819544 3
0 1288 3.444457591745863 3
0 1289 0.1243787603177649 3
0 1290 0.07466818832496674 3
0 1291 0.15748943816079572 3
0 1292 0.027709346433415594 3
0 1293 78010.7345517699 3
0 1294 12.10712593934327 3
0 1295 0.0965683215268268 3
0 1296 0.1844170688943757 3
0 1297 0.19337135686227472 3
0 1298 0.09408371418534049 3
0 1299 0.12967329340957126 3
0 1300 0.10691086843364413 3
0 1301 0.05315461681392717 3
0 1302 0.09412502092587259 3
0 1303 0.2539161975072143 3
0 1304 0.05260434789287937 3
0 1305 0.12589097294485338 3
0 1306 0.1653663066035871 3
0 1307 0.12407460033229863 3
0 1308 0.05813753380881641 3
0 1309 0.17104433604748764 3
0 1310 0.053599327901495686 3
0 1311 0.08754146399809974 3
0 1312 0.12388146437711892 3
0 1313 95.57577861169345 3
0 1314 0.17814459414912995 3
0 1315 0.14701065315288636 3
0 1316 0.320096858046207 3
0 1317 0.1083441006891631 3
0 1318 0.11484178698200555 3
0 1319 0.057673439106741976 3
0 1320 0.1361673674138116 3
0 1321 0.11376071664110414 3
0 1322 0.05145966628687381 3
0 1323 700837141.489367 3
0 1324 0.16468141466356775 3
0 1325 0.15507908598449707 3
0 1326 0.10404645175931608 3
0 1327 0.910501309066043 3
0 1328 0.0920089902644353 3
0 1329 68.98586402177966 3
0 1330 16.94744461036496 3
0 1331 0.08206326724861684 3
0 1332 0.0970484769774503 3
0 1333 2.965190363677852 3
0 1334 0.17675541550740684 3
0 1335 0.12689033963686072 3
0 1336 15664.028328998094 3
0 1337 0.18064536617760807 3
0 1338 4.72639001766127 3
0 1339 3.946555356370986 3
0 1340 0.027096469283681604 3
0 1341 0.17271863924578792 3
0 1342 0.17458063574675695 3
0 1343 0.10627468216319738 3
0 1344 0.0391348050610654 3
0 1345 3542.4642440245016 3
0 1346 793282526.8475094 3
0 1347 0.11657069281622211 3
0 1348 0.4485949971607802 3
0 1349 0.24844722968582267 3
0 1350 0.06223944752962738 3
0 1351 1.8279790933343165 3
0 1352 0.13511876591580702 3
0 1353 0.05089762466449246 3
0 1354 0.19842111356623574 3
0 1355 0.04409307176677246 3
0 1356 38895171.8094757 3
0 1357 0.11455225760383204 3
0 1358 0.12807952097732087 3
0 1359 0.11965030727901198 3
0 1360 0.13671042022290228 3
0 1361 0.07279455229235202 3
0 1362 0.05654675181915519 3
0 1363 0.13978343490124645 3
0 1364 251.86608376188119 3
0 1365 0.11941147419667669 3
0 1366 0.11447325608868211 3
0 1367 0.32943962733863913 3
0 1368 0.060152966717775105 3
0 1369 0.1606174739157126 3
0 1370 0.035141587127592466 3
0 1371 0.08999366572013001 3
0 1372 0.14122765413603375 3
0 1373 0.07201961374764466 3
0 1374 0.08761306075207527 3
0 1375 0.09080082631382763 3
0 1376 0.2514072194083115 3
0 1377 0.12057547615463388 3
0 1378 0.18402624432956857 3
0 1379 0.1175498270761359 3
0 1380 131.12133100560658 3
0 1381 0.14482541519310246 3
0 1382 0.15601369778896607 3
0 1383 0.0800259833277207 3
0 1384 0.14552619922981852 3
0 1385 0.12168960984408375 3
0 1386 0.04049808282845795 3
0 1387 0.1455249221906128 3
0 1388 0.08542371812039026 3
0 1389 0.13637191413271835 3
0 1390 0.11589231100165703 3
0 1391 144139760.403197 3
0 1392 0.10434983058431126 3
0 1393 0.1767945280957992 3
0 1394 0.06941245804287167 3
0 1395 0.05629497545779133 3
0 1396 90356.40509403769 3
0 1397 0.15417429194043525 3
0 1398 0.06450594874303149 3
0 1399 0.042360719921621666 3
0 1400 0.16948146731323546 3
0 1401 0.07869049339145157 3
0 1402 0.04089732587907673 3
0 1403 0.02357306699002385 3
0 1404 0.17049787711734737 3
0 1405 0.034998249146108044 3
0 1406 0.09175310202745468 3
0 1407 0.07914051336799922 3
0 1408 0.2050004288547549 3
0 1409 0.08724285983783886 3
0 1410 11574.904908803332 3
0 1411 0.05438583046992282 3
0 1412 0.19391120860634276 3
0 1413 0.029507015446570743 3
0 1414 0.10038167637704562 3
0 1415 0.10758723219829379 3
0 1416 0.11912894227653359 3
0 1417 0.03384785654606429 3
0 1418 41323430.53325736 3
0 1419 0.1685310139747505 3
0 1420 0.07704315549637918 3
0 1421 0.3706037005919838 3
0 1422 0.07365290828598507 3
0 1423 0.10469180476148339 3
0 1424 0.16812547397084115 3
0 1425 0.05473792062361037 3
0 1426 55592575.49740227 3
0 1427 0.14065026857936785 3
0 1428 0.06055798483568004 3
0 1429 0.19338933640789127 3
0 1430 2459465990.681854 3
0 1431 0.06989926312992126 3
0 1432 0.027916681318624705 3
0 1433 0.053208158840014015 3
0 1434 0.10943260163913826 3
0 1435 0.10297287334598378 3
0 1436 0.3343025581586571 3
0 1437 0.0606849243724324 3
0 1438 0.10236001599840885 3
0 1439 0.16402817613824142 3
0 1440 0.14821720149261658 3
0 1441 0.15545614666493285 3
0 1442 0.11126715074156819 3
0 1443 0.053742622218658644 3
0 1444 0.09777251884395366 3
0 1445 0.08899586809441314 3
0 1446 0.10841310992461564 3
0 1447 0.08090131843054776 3
0 1448 0.0913232752179138 3
0 1449 15.84858118030396 3
0 1450 0.1622072261948919 3
0 1451 0.08293894910965006 3
0 1452 0.1219429324984985 3
0 1453 0.0428609142065533 3
0 1454 0.21378204624264213 3
0 1455 0.1244678376270183 3
0 1456 0.10131784960782884 3
0 1457 0.10180262320812851 3
0 1458 0.0479657388468305 3
0 1459 4.424522932435001 3
0 1460 0.15468382481073925 3
0 1461 0.1701578654907853 3
0 1462 0.10733919849462231 3
0 1463 0.10164475095536667 3
0 1464 0.06248032853832766 3
0 1465 0.13940485135294853 3
0 1466 0.08799379783628677 3
0 1467 0.14283396972529375 3
0 1468 9.041301472048588 3
0 1469 0.09979178470301561 3
0 1470 0.14191175886235274 3
0 1471 0.0806455691928554 3
0 1472 0.06265248612255668 3
0 1473 0.08247155437887682 3
0 1474 0.13275784091589043 3
0 1475 11356.62272853708 3
0 1476 0.1694203408497375 3
0 1477 0.07658561326701804 3
0 1478 0.08516959526761286 3
0 1479 0.15008562299044786 3
0 1480 0.08859777364972538 3
0 1481 0.14837612630455327 3
0 1482 0.09629734304986547 3
0 1483 0.14278121547971453 3
0 1484 0.06791580495962754 3
0 1485 0.18309725481089734 3
0 1486 0.15347218649748018 3
0 1487 0.15932318291795824 3
0 1488 0.08202180861118323 3
0 1489 0.18427418053397993 3
0 1490 0.10378900061161844 3
0 1491 0.11453604947192629 3
0 1492 0.08464398861713246 3
0 1493 88.02308236649976 3
0 1494 0.09865679890509745 3
0 1495 0.11697122072036503 3
0 1496 0.13162728713791416 3
0 1497 0.10991524356654216 3
0 1498 0.11429893796435531 3
0 1499 0.0973154470178395 3
0 1500 0.05985273131412318 3
0 1501 0.20807336956769504 3
0 1502 0.13380671250080042 3
0 1503 0.10798473859248399 3
0 1504 0.07435722483352719 3
0 1505 0.08056998042871537 3
0 1506 0.13267913064085832 3
0 1507 81815073.8254587 3
0 1508 0.16900241859105586 3
0 1509 0.17619638361716056 3
0 1510 0.09107702535307263 3
0 1511 0.12553645285285578 3
0 1512 0.09116259591940597 3
0 1513 2087.312512380046 3
0 1514 0.08941947456078937 3
0 1515 1.2604892893628874 3
0 1516 0.13486015939310883 3
0 1517 9624422.169403583 3
0 1518 0.18453018587049322 3
0 1519 0.09065844155772265 3
0 1520 0.1682998469031872 3
0 1521 0.08435357606409642 3
0 1522 0.06608168416152241 3
0 1523 0.0843802282521896 3
0 1524 0.09332955354553756 3
0 1525 0.1699844308612958 3
0 1526 0.200210187759718 3
0 1527 0.048450226001512046 3
0 1528 0.1726161522806248 3
0 1529 0.2355458358004486 3
0 1530 0.09747875144814391 3
0 1531 0.26134099811173533 3
0 1532 0.20580636042913167 3
0 1533 0.0744501203957136 3
0 1534 0.046553382172143665 3
0 1535 4532826977.964221 3
0 1536 1.015612653129264 3
0 1537 0.17428187015045235 3
0 1538 10538994.520787783 3
0 1539 0.07465898576218374 3
0 1540 0.10040901228088446 3
0 1541 0.1647287566460752 3
0 1542 0.08851276366333152 3
0 1543 0.13671126019903135 3
0 1544 0.12010449754705088 3
0 1545 0.12126455880430649 3
0 1546 10709109.550807958 3
0 1547 0.07829811203616376 3
0 1548 0.1806248171112696 3
0 1549 0.08504097482821071 3
0 1550 0.21348569044731902 3
0 1551 0.16770263592748763 3
0 1552 0.18937070019770066 3
0 1553 0.3253444504627192 3
0 1554 16.59950597731048 3
0 1555 0.17664559067780058 3
0 1556 0.3956179800367133 3
0 1557 0.09540783521129217 3
0 1558 0.13654558009629053 3
0 1559 0.0665786469640935 3
0 1560 0.10625703706419767 3
0 1561 38.17051208922259 3
0 1562 0.07907493426468132 3
0 1563 0.10680096943180462 3
0 1564 0.14567146397597217 3
0 1565 0.1744122716704741 3
0 1566 0.19907719889800235 3
0 1567 0.0953248570632346 3
0 1568 0.10606707754847901 3
0 1569 0.18610445518038674 3
0 1570 0.08259985136878684 3
0 1571 0.08969134642884723 3
0 1572 0.14449146036720056 3
0 1573 0.1341683876305557 3
0 1574 0.5612169067157858 3
0 1575 0.18404596227926867 3
0 1576 0.07827025435083369 3
0 1577 856429.4920853107 3
0 1578 0.09368240926494464 3
0 1579 0.09914919336340447 3
0 1580 0.15812145355528429 3
0 1581 0.08488914669104836 3
0 1582 0.11681392482706451 3
0 1583 0.06654307479038006 3
0 1584 0.07920754092850546 3
0 1585 0.06403536979564375 3
0 1586 0.1869736042775914 3
0 1587 0.21124314431743385 3
0 1588 0.2259968879106522 3
0 1589 0.08191080614899189 3
0 1590 50.326542054465946 3
0 1591 0.07128981427854253 3
0 1592 0.2092100961067548 3
0 1593 0.08674519878467686 3
0 1594 29.1136202937452 3
0 1595 0.6582400383153221 3
0 1596 0.12095495602089001 3
0 1597 0.048622324424807684 3
0 1598 0.1133304157655269 3
0 1599 0.34358798622569336 3
0 1600 0.12271746870882479 3
0 1601 0.21730070101152896 3
0 1602 0.15901779916684558 3
0 1603 0.11308607495812813 3
0 1604 0.27705219618148585 3
0 1605 0.08093910754272518 3
0 1606 0.12709535713898015 3
0 1607 0.09835958714932551 3
0 1608 0.24061916003375858 3
0 1609 755866.2950255095 3
0 1610 38342.374012935274 3
0 1611 0.19163401888784953 3
0 1612 0.11634239594045465 3
0 1613 0.13513054138078773 3
0 1614 0.07928599584873328 3
0 1615 6.167999710997654 3
0 1616 15316243.706479644 3
0 1617 0.06629698066828098 3
0 1618 0.02733812516341433 3
0 1619 0.07899510569277857 3
0 1620 0.08879723838999758 3
0 1621 0.18696458466992186 3
0 1622 0.13008715574384788 3
0 1623 0.29947877867120476 3
0 1624 0.14216332086632588 3
0 1625 211762014.72223037 3
0 1626 0.13877909323320403 3
0 1627 0.11699445808777455 3
0 1628 0.15149562679508283 3
0 1629 0.07423647769170083 3
0 1630 0.11189690396165092 3
0 1631 0.14147033282811494 3
0 1632 0.07461545566125237 3
0 1633 0.10410674117511508 3
0 1634 0.11130947818618833 3
0 1635 0.04432016038437529 3
0 1636 0.039358128269673325 3
0 1637 0.12116920825044628 3
0 1638 0.06412598802200206 3
0 1639 0.0681921247782247 3
0 1640 0.1196953831747896 3
0 1641 0.07544450912986406 3
0 1642 0.11915122893677481 3
0 1643 0.12233457493744948 3
0 1644 0.07098514513420573 3
0 1645 0.05135420045914579 3
0 1646 0.07028832097211632 3
0 1647 0.18474973352814444 3
0 1648 0.08649226506039188 3
0 1649 0.19238170700294094 3
0 1650 0.19460099254306112 3
0 1651 0.10006325402410353 3
0 1652 377865820.05785793 3
0 1653 1.4025253025802955 3
0 1654 0.053478321932179315 3
0 1655 0.12988806244136264 3
0 1656 0.08355311397557755 3
0 1657 1.5556195839730032 3
0 1658 0.1247610590867718 3
0 1659 0.15544760822840722 3
0 1660 0.09795143553450707 3
0 1661 0.19329919747637986 3
0 1662 0.12385432847188255 3
0 1663 0.07295213460741114 3
0 1664 0.145218234973371 3
0 1665 0.1697135832227345 3
0 1666 0.07598532613512567 3
0 1667 0.07793823433756841 3
0 1668 83018.89476022476 3
0 1669 0.11171956689954038 3
0 1670 0.02866893445457525 3
0 1671 0.11069829773712059 3
0 1672 0.14580687919438134 3
0 1673 0.1224985484639833 3
0 1674 0.1408952577035506 3
0 1675 0.18510382592255709 3
0 1676 0.1283311463878213 3
0 1677 0.30204423871192115 3
0 1678 0.09459562354252034 3
0 1679 0.09286776201590395 3
0 1680 0.12667078409983032 3
0 1681 0.14695223234245575 3
0 1682 0.12735117429366666 3
0 1683 0.07271652788890468 3
0 1684 0.12952216413683648 3
0 1685 0.10927084079805031 3
0 1686 0.1210670536219219 3
0 1687 0.10572857083141382 3
0 1688 0.15690904730131502 3
0 1689 0.08107107721479653 3
0 1690 0.06406516094225508 3
0 1691 0.024123595163133393 3
0 1692 0.18339401756976012 3
0 1693 0.09665251231557306 3
0 1694 0.10284271895160056 3
0 1695 5275243.147207245 3
0 1696 0.16025074966826466 3
0 1697 0.07398950868319695 3
0 1698 0.12700093393468664 3
0 1699 0.11863116631079025 3
0 1700 0.04398899824987245 3
0 1701 0.09650085705013754 3
0 1702 0.0769455588842587 3
0 1703 0.07578621585594443 3
0 1704 0.07508802349024954 3
0 1705 0.1822601687648414 3
0 1706 196568081.19148254 3
0 1707 0.1944595779331346 3
0 1708 0.020755399988893534 3
0 1709 0.15003240888884833 3
0 1710 0.12576207544592818 3
0 1711 0.06210346736876192 3
0 1712 0.19726653373254802 3
0 1713 0.10562319321705232 3
0 1714 0.12028353641231418 3
0 1715 0.19956573443220668 3
0 1716 0.07485138173153806 3
0 1717 0.07982868923350109 3
0 1718 0.10698792684611313 3
0 1719 0.10623307121217967 3
0 1720 0.021626763497915525 3
0 1721 21.836723835140926 3
0 1722 0.11569832431262796 3
0 1723 0.1498817497311769 3
0 1724 0.07164713193819484 3
0 1725 0.1774662922043656 3
0 1726 0.10552336629307942 3
0 1727 0.06220898516275663 3
0 1728 0.2071996215300357 3
0 1729 0.13161543099733214 3
0 1730 0.0865390551739404 3
0 1731 860.9365305877649 3
0 1732 0.057295222514535435 3
0 1733 75944.76593445116 3
0 1734 0.08707370551158518 3
0 1735 0.2126318805027169 3
0 1736 0.09245051399649107 3
0 1737 0.0896982813177696 3
0 1738 0.13802892211255938 3
0 1739 0.18718563906580057 3
0 1740 35836664.66235583 3
0 1741 0.486397208104683 3
0 1742 0.15518980291937115 3
0 1743 0.25908087504615857 3
0 1744 0.33978994726030626 3
0 1745 0.11407226324690362 3
0 1746 0.13352439049448456 3
0 1747 0.19724976863876167 3
0 1748 0.12416649237809549 3
0 1749 0.19933449555736302 3
0 1750 0.309535414489389 3
0 1751 0.09176958854061665 3
0 1752 0.11611913563499209 3
0 1753 0.192714019601507 3
0 1754 0.15025962902285045 3
0 1755 0.2124237532696502 3
0 1756 0.15185452337461813 3
0 1757 0.07868449337482261 3
0 1758 0.11033548910834201 3
0 1759 0.43414641100269924 3
0 1760 0.09293355060058169 3
0 1761 0.14883711866163654 3
0 1762 0.128777790610947 3
0 1763 0.11604760580859576 3
0 1764 0.12590800699474125 3
0 1765 0.12528724135681968 3
0 1766 0.03658938138103497 3
0 1767 0.1332452773444566 3
0 1768 0.02390736623882798 3
0 1769 0.054785282694850924 3
0 1770 0.14598438495096247 3
0 1771 0.14050355383687899 3
0 1772 0.08544472827505761 3
0 1773 0.8619843359526249 3
0 1774 0.16048161619545692 3
0 1775 0.05664678829529822 3
0 1776 0.1379988604108697 3
0 1777 0.15847124510736998 3
0 1778 0.08486661429026211 3
0 1779 0.1570915384633426 3
0 1780 0.24727468890130444 3
0 1781 0.10268165184710479 3
0 1782 0.16881031999075524 3
0 1783 0.16944098579146918 3
0 1784 0.17105161578280412 3
0 1785 138773186.66083837 3
0 1786 0.05645439626357866 3
0 1787 0.11768315183695376 3
0 1788 241.8598516887116 3
0 1789 0.07535441951039043 3
0 1790 0.15110166093595767 3
0 1791 0.05196939770655842 3
0 1792 0.13759019981374293 3
0 1793 0.1419091594698434 3
0 1794 203.56849168529706 3
0 1795 0.13609938493850074 3
0 1796 0.11301065165452663 3
0 1797 0.09909899575625042 3
0 1798 0.14613822838384805 3
0 1799 0.1426545495874263 3
0 1800 397854598.6758583 3
0 1801 0.10943527973217097 3
0 1802 0.09886565612534086 3
0 1803 0.22449206149139225 3
0 1804 0.30608827666361343 3
0 1805 0.11234880999764747 3
0 1806 0.12549856418255817 3
0 1807 0.11884367892272188 3
0 1808 0.12767054087984253 3
0 1809 0.1564131916179927 3
0 1810 0.7143727192935673 3
0 1811 0.4949908513370644 3
0 1812 42.794004833087676 3
0 1813 0.11567218986343847 3
0 1814 0.09232624943036852 3
0 1815 0.1319242924826683 3
0 1816 0.10638720860228591 3
0 1817 0.12956333224898017 3
0 1818 0.19579320062543334 3
0 1819 0.15612450128780575 3
0 1820 0.12439171638941668 3
0 1821 0.21189510970035572 3
0 1822 0.0896800169355017 3
0 1823 0.08814639637712242 3
0 1824 0.07981292876088353 3
0 1825 77495468.16510807 3
0 1826 0.18444195319492201 3
0 1827 0.0962146498921014 3
0 1828 0.0811481492745305 3
0 1829 0.07243270408972875 3
0 1830 0.036815516931793954 3
0 1831 0.04092115407066826 3
0 1832 0.16158394789243177 3
0 1833 0.1883861305925073 3
0 1834 0.12616338016463108 3
0 1835 0.13368886541514297 3
0 1836 0.07917106311633558 3
0 1837 0.1262601509822074 3
0 1838 0.1760568398059516 3
0 1839 245.76979222792158 3
0 1840 0.13871083358504552 3
0 1841 1.1181489154226263 3
0 1842 0.07848434374103326 3
0 1843 353180.7564400905 3
0 1844 0.09169128991041049 3
0 1845 0.17596933520362085 3
0 1846 0.06575587624906003 3
0 1847 0.16241962532789272 3
0 1848 0.169802643654335 3
0 1849 0.07183482599763633 3
0 1850 0.1245398723820507 3
0 1851 0.04649602498647465 3
0 1852 7069815.528285184 3
0 1853 0.020282960916071544 3
0 1854 0.08794622693810736 3
0 1855 0.14024562425040232 3
0 1856 0.1667298760787179 3
0 1857 0.054552261949335434 3
0 1858 0.10567750209975153 3
0 1859 54.9999917791438 3
0 1860 713.4858410526115 3
0 1861 0.14271352089609762 3
0 1862 0.15540801728831924 3
0 1863 2799.6706380904097 3
0 1864 0.10176230403870805 3
0 1865 0.11658268221451912 3
0 1866 0.1325274929420547 3
0 1867 0.16776931803700773 3
0 1868 0.0963626509505645 3
0 1869 0.11608795559623804 3
0 1870 0.21905296800576335 3
0 1871 0.07245659662046604 3
0 1872 0.15385115629090232 3
0 1873 0.17338828084473684 3
0 1874 0.13705807264169148 3
0 1875 1.5290670415974892 3
0 1876 0.10464971073648674 3
0 1877 51772069.09531937 3
0 1878 0.09357110721451052 3
0 1879 0.14032614389714476 3
0 1880 0.08802163652682614 3
0 1881 0.11128778789792099 3
0 1882 0.1461753027320218 3
0 1883 0.12527792681229674 3
0 1884 0.09930992880990241 3
0 1885 0.09510105178216692 3
0 1886 0.14772054994075623 3
0 1887 0.0914273398675833 3
0 1888 0.20334492184421685 3
0 1889 0.03205269819540077 3
0 1890 90768.46167435833 3
0 1891 0.08548452769560794 3
0 1892 0.09762420698002414 3
0 1893 0.189954707775394 3
0 1894 5.505107076206743 3
0 1895 0.08434090045613224 3
0 1896 0.11963940074926363 3
0 1897 0.11846696571634616 3
0 1898 0.1801990862071734 3
0 1899 0.05059562741718811 3
0 1900 1.4919059951674745 3
0 1901 0.13448836774612602 3
0 1902 0.47603480408722587 3
0 1903 18809.396847181826 3
0 1904 0.045696020356280107 3
0 1905 0.15531245290814863 3
0 1906 0.032362180287718756 3
0 1907 0.03734193712079186 3
0 1908 0.16397451548887568 3
0 1909 0.03518655611211881 3
0 1910 0.07511501454546894 3
0 1911 0.14356907644083128 3
0 1912 666052.0694709615 3
0 1913 0.14888615168658043 3
0 1914 0.15164252890153637 3
0 1915 0.07946946736737547 3
0 1916 0.048912628672013035 3
0 1917 0.10948071848472148 3
0 1918 8579.843771504271 3
0 1919 0.089213012172198 3
0 1920 0.0799191373349708 3
0 1921 0.10037984334431636 3
0 1922 0.1342094658136831 3
0 1923 0.08781051946117747 3
0 1924 3831.531286332519 3
0 1925 0.1465518367707818 3
0 1926 0.04744671258225026 3
0 1927 0.10481422058084881 3
0 1928 0.18715954806114996 3
0 1929 0.02561228342919382 3
0 1930 0.21113166276026238 3
0 1931 0.11871420146352084 3
0 1932 0.1339127317445801 3
0 1933 1.3759017563696034 3
0 1934 0.05627456903869574 3
0 1935 0.11363983477193183 3
0 1936 0.13484528400872284 3
0 1937 0.08553960970439277 3
0 1938 0.05330638020370665 3
0 1939 0.11242872792165041 3
0 1940 0.08428481916743662 3
0 1941 0.13712412805304927 3
0 1942 0.1425715696440145 3
0 1943 0.07446236909425691 3
0 1944 389212.7013661281 3
0 1945 0.20350225732434152 3
0 1946 0.06426980541405888 3
0 1947 0.0778445707358045 3
0 1948 0.10741192937677901 3
0 1949 0.22288830190970266 3
0 1950 0.13224777597408646 3
0 1951 0.08635315268292586 3
0 1952 0.14825344781199126 3
0 1953 9.648672575527423 3
0 1954 0.08097795373352272 3
0 1955 0.11847273430388615 3
0 1956 0.056613315595386626 3
0 1957 825.1085739668943 3
0 1958 0.1182811961560239 3
0 1959 0.15318191197418554 3
0 1960 0.1581677340048572 3
0 1961 0.04544093225099225 3
0 1962 0.06017387951631205 3
0 1963 0.09428101739596305 3
0 1964 4.753635465789734 3
0 1965 0.08968092152694608 3
0 1966 0.0897673906891756 3
0 1967 0.14865153790964125 3
0 1968 0.1847640012048409 3
0 1969 1.7729692593735562 3
0 1970 0.08753080874552252 3
0 1971 0.16975080459413996 3
0 1972 0.05134885131678798 3
0 1973 0.20118785855057672 3
0 1974 0.1650669478782411 3
0 1975 0.11446245457344525 3
0 1976 0.21563769098192997 3
0 1977 0.11863529332212981 3
0 1978 6543746.067367845 3
0 1979 0.08255730205588363 3
0 1980 0.1655758903884962 3
0 1981 0.012099098445753813 3
0 1982 19207.81637601566 3
0 1983 0.07357110059216299 3
0 1984 0.14124434472112868 3
0 1985 0.10062471175232436 3
0 1986 0.28266060712705876 3
0 1987 0.07833459405174434 3
0 1988 0.17746017116803792 3
0 1989 0.2116049914004713 3
0 1990 19227102.632533606 3
0 1991 0.12824612625930262 3
0 1992 0.21468474399382134 3
0 1993 0.16283224272527128 3
0 1994 0.18407282413122486 3
0 1995 0.08387621921415028 3
0 1996 0.17472619745141352 3
0 1997 0.027869900513634003 3
0 1998 4348.377321287821 3
0 1999 0.08063467207171483 3
1 0 0.012099098445753813 3
1 1 0.01665229848300746 3
1 2 0.017040205435208722 3
1 3 0.018881652221904882 3
1 4 0.01929315678502365 3
1 5 0.019634772951229843 3
1 6 0.019752368584786257 3
1 7 0.019852445955878494 3
1 8 0.020282960916071544 3
1 9 0.020500249000148872 3
1 10 0.020755399988893534 3
1 11 0.021626763497915525 3
1 12 0.02250594384991163 3
1 13 0.022618075070996838 3
1 14 0.02357306699002385 3
1 15 0.023755511901542826 3
1 16 0.023855816535148084 3
1 17 0.02390736623882798 3
1 18 0.0239088378555174 3
1 19 0.024022793352046837 3
1 20 0.024123595163133393 3
1 21 0.024317834736374194 3
1 22 0.024347645611924984 3
1 23 0.024673578761018115 3
1 24 0.025522139522812456 3
1 25 0.02561228342919382 3
1 26 0.02667015587440189 3
1 27 0.027096469283681604 3
1 28 0.02733812516341433 3
1 29 0.02753370011211789 3
1 30 0.0275795601049916 3
1 31 0.027709346433415594 3
1 32 0.027752639412700845 3
1 33 0.027869900513634003 3
1 34 0.027916681318624705 3
1 35 0.028083068401321246 3
1 36 0.02817552374064215 3
1 37 0.02837249595120674 3
1 38 0.028659506510042648 3
1 39 0.02866893445457525 3
1 40 0.029306601309270677 3
1 41 0.029328381878669353 3
1 42 0.029507015446570743 3
1 43 0.029949529930968565 3
1 44 0.02998118995077837 3
1 45 0.031133166524519112 3
1 46 0.031175755001141378 3
1 47 0.03126066776977714 3
1 48 0.03157708347336065 3
1 49 0.031634722745742784 3
1 50 0.03205269819540077 3
1 51 0.032362180287718756 3
1 52 0.03244354074440668 3
1 53 0.032855222536741106 3
1 54 0.032863305112599876 3
1 55 0.033243651415881155 3
1 56 0.03365344199107672 3
1 57 0.03376966434927955 3
1 58 0.03384785654606429 3
1 59 0.033903444263126956 3
1 60 0.03403702824774053 3
1 61 0.03482084656433753 3
1 62 0.034998249146108044 3
1 63 0.035141587127592466 3
1 64 0.03517147739981696 3
1 65 0.03518655611211881 3
1 66 0.035824914933019585 3
1 67 0.036105224049293554 3
1 68 0.03642437465514208 3
1 69 0.03658938138103497 3
1 70 0.036594561836202105 3
1 71 0.036815516931793954 3
1 72 0.037123922353055776 3
1 73 0.03734193712079186 3
1 74 0.038040342135296126 3
1 75 0.03839823368152013 3
1 76 0.03867574773847459 3
1 77 0.038737056925154896 3
1 78 0.03884103479747552 3
1 79 0.03909056135702382 3
1 80 0.0391348050610654 3
1 81 0.039339531294198156 3
1 82 0.039358128269673325 3
1 83 0.03964295606227639 3
1 84 0.03982870361331293 3
1 85 0.04015267301217835 3
1 86 0.040157047005587095 3
1 87 0.04049808282845795 3
1 88 0.040651753446575026 3
1 89 0.04089732587907673 3
1 90 0.04092115407066826 3
1 91 0.04093795671132736 3
1 92 0.04124060624611005 3
1 93 0.04227360916494356 3
1 94 0.04233565635586278 3
1 95 0.042360719921621666 3
1 96 0.04242974945850349 3
1 97 0.04252513765915676 3
1 98 0.0428609142065533 3
1 99 0.04326713675730982 3
1 100 0.043401840842184014 3
1 101 0.04398899824987245 3
1 102 0.044050342219664446 3
1 103 0.04409307176677246 3
1 104 0.04432016038437529 3
1 105 0.0445233307352064 3
1 106 0.04461381945257082 3
1 107 0.044816016381071945 3
1 108 0.04495615352587159 3
1 109 0.04510721823463149 3
1 110 0.045237312432058245 3
1 111 0.04528111266567329 3
1 112 0.04544093225099225 3
1 113 0.045696020356280107 3
1 114 0.04621445659186091 3
1 115 0.0462765453554451 3
1 116 0.04649602498647465 3
1 117 0.046553382172143665 3
1 118 0.04678038563540911 3
1 119 0.046795087951553606 3
1 120 0.04692111443669585 3
1 121 0.047240411781324515 3
1 122 0.04744671258225026 3
1 123 0.04795933148445797 3
1 124 0.0479657388468305 3
1 125 0.048450226001512046 3
1 126 0.048622324424807684 3
1 127 0.048912628672013035 3
1 128 0.048963826359792545 3
1 129 0.049023279820573966 3
1 130 0.04927611440847786 3
1 131 0.049474178516142685 3
1 132 0.049883571950121205 3
1 133 0.05004794142666607 3
1 134 0.050087011215458443 3
1 135 0.05016735091871116 3
1 136 0.05059562741718811 3
1 137 0.050727962131451136 3
1 138 0.05089762466449246 3
1 139 0.050978976201994146 3
1 140 0.05134885131678798 3
1 141 0.05135420045914579 3
1 142 0.05145966628687381 3
1 143 0.05149804159867432 3
1 144 0.051651903266157075 3
1 145 0.051751192594207726 3
1 146 0.05196939770655842 3
1 147 0.052546150467025904 3
1 148 0.05260434789287937 3
1 149 0.05315461681392717 3
1 150 0.05316884471170795 3
1 151 0.053208158840014015 3
1 152 0.0532264527634689 3
1 153 0.05326972734639412 3
1 154 0.05330638020370665 3
1 155 0.05346973313153162 3
1 156 0.053478321932179315 3
1 157 0.053599327901495686 3
1 158 0.05372829759764843 3
1 159 0.053742622218658644 3
1 160 0.05437754946386752 3
1 161 0.05438583046992282 3
1 162 0.05450856886144917 3
1 163 0.054552261949335434 3
1 164 0.05464011831044432 3
1 165 0.05473792062361037 3
1 166 0.054785282694850924 3
1 167 0.05549520935031522 3
1 168 0.05552148296207623 3
1 169 0.055673613746739195 3
1 170 0.05575323163355486 3
1 171 0.05627456903869574 3
1 172 0.05629497545779133 3
1 173 0.05630720265299172 3
1 174 0.05645439626357866 3
1 175 0.05654675181915519 3
1 176 0.056613315595386626 3
1 177 0.05664678829529822 3
1 178 0.05666679164824642 3
1 179 0.057007463801825704 3
1 180 0.05710397901161216 3
1 181 0.057295222514535435 3
1 182 0.057673439106741976 3
1 183 0.05771514798327342 3
1 184 0.05813753380881641 3
1 185 0.05843004243691152 3
1 186 0.0589861779730387 3
1 187 0.0596245623496911 3
1 188 0.05985273131412318 3
1 189 0.06008933802185092 3
1 190 0.060152966717775105 3
1 191 0.06017387951631205 3
1 192 0.060211303075868444 3
1 193 0.0604301858098351 3
1 194 0.06048688636298194 3
1 195 0.06055798483568004 3
1 196 0.0606849243724324 3
1 197 0.061134855998498314 3
1 198 0.061275299075626795 3
1 199 0.06128525291047913 3
1 200 0.01964513118959874 3
1 201 7486.867768364885 3
1 202 0.029704201268139458 3
1 203 0.10294932160950077 3
1 204 0.11172096711943988 3
1 205 0.05627456903869839 3
1 206 0.028372529160957553 3
1 207 0.08950919107987465 3
1 208 0.03853700239649811 3
1 209 0.04499008414773372 3
1 210 0.15884335392199625 3
1 211 0.08393382487867819 3
1 212 921.7035495497684 3
1 213 1163.3909162866896 3
1 214 0.05387025533810352 3
1 215 159.94314619885836 3
1 216 59.664890296945174 3
1 217 0.10212812205043362 3
1 218 0.040094047293078146 3
1 219 0.04901129229687451 3
1 220 0.038668628735575285 3
1 221 0.048041571641827145 3
1 222 0.09458337615879782 3
1 223 0.038978569237979134 3
1 224 0.16387881400146762 3
1 225 0.12935590109675082 3
1 226 4193.352006781367 3
1 227 0.13595400434567873 3
1 228 0.07405237678794177 3
1 229 0.02776221706337037 3
1 230 0.0986782266361503 3
1 231 0.029692446005604646 3
1 232 4774734.818438307 3
1 233 0.03360799508353049 3
1 234 0.04166552133916995 3
1 235 0.16174183691796026 3
1 236 0.02920833297432167 3
1 237 0.09676125768078482 3
1 238 14957.250857419565 3
1 239 0.029305410625489154 3
1 240 0.04424796183087953 3
1 241 0.0879211352384158 3
1 242 0.039274281528451103 3
1 243 0.1065234973858659 3
1 244 0.03213014042173947 3
1 245 0.02667015567766798 3
1 246 0.1165058568057644 3
1 247 0.17543127707193393 3
1 248 0.0241235951631164 3
1 249 0.061074420828574956 3
1 250 0.023720874990905222 3
1 251 0.09215200982672747 3
1 252 0.02667015567766798 3
1 253 0.11172058056201327 3
1 254 0.028668940700362727 3
1 255 0.046495432077404426 3
1 256 0.046679422227526884 3
1 257 0.050087011215458443 3
1 258 0.06020888120055423 3
1 259 0.08981019091511147 3
1 260 0.08639271923501514 3
1 261 0.08973298672861955 3
1 262 0.08154866163445365 3
1 263 0.04390961335067495 3
1 264 0.031634722745742784 3
1 265 0.12788881003673302 3
1 266 17764942.427473497 3
1 267 0.046499516838380696 3
1 268 0.054552261949335434 3
1 269 0.07248288597838734 3
1 270 0.07446864265995393 3
1 271 0.06502685348791432 3
1 272 0.09926052739336153 3
1 273 0.0919281844509424 3
1 274 0.01665229848300746 3
1 275 0.05987204776012756 3
1 276 74243.20808314616 3
1 277 0.05578384156232289 3
1 278 0.019723173334866503 3
1 279 1.5194185617189495 3
1 280 0.11958067861462247 3
1 281 0.13589008690717586 3
1 282 0.04629895919808778 3
1 283 0.028253103052786846 3
1 284 0.08996347104342754 3
1 285 0.15178102695714057 3
1 286 0.028785649615591335 3
1 287 0.05149804159760351 3
1 288 0.019723172637050194 3
1 289 0.06884722478171128 3
1 290 0.08916831247217007 3
1 291 0.08906324249990305 3
1 292 0.04062969738861926 3
1 293 0.03360536635963323 3
1 294 0.03430362094922411 3
1 295 0.20002873065125346 3
1 296 0.35653483321013474 3
1 297 0.029507015431322753 3
1 298 0.13960917816053606 3
1 299 0.10507656041925438 3
1 300 0.04340184084210692 3
1 301 0.035141587127533354 3
1 302 0.1888002649307643 3
1 303 0.03370085422933454 3
1 304 0.14973792845904088 3
1 305 0.1352129530623541 3
1 306 0.04033447735537147 3
1 307 0.04121829446944516 3
1 308 0.09670974058895833 3
1 309 0.04543783078169899 3
1 310 0.03267145468079153 3
1 311 18849153.68916298 3
1 312 0.11532519016484351 3
1 313 0.028029032511197878 3
1 314 0.10759816961257729 3
1 315 0.020877142082785387 3
1 316 0.034303620948852996 3
1 317 0.08748712971307357 3
1 318 0.02338098860116788 3
1 319 0.028641766861912697 3
1 320 0.06244181046468345 3
1 321 10.31369433297318 3
1 322 0.08160496943198658 3
1 323 0.017040311267642844 3
1 324 0.12054729371905144 3
1 325 0.11757112373889095 3
1 326 0.31597789717360825 3
1 327 0.027528002852687528 3
1 328 0.07839452004554841 3
1 329 0.06374430301994219 3
1 330 0.14242730277096735 3
1 331 6726980.755576914 3
1 332 0.03348570278029878 3
1 333 0.029498978759280096 3
1 334 0.1338413664385614 3
1 335 0.0467803856356908 3
1 336 0.04061863524602468 3
1 337 0.019206061611384148 3
1 338 0.06524663150096649 3
1 339 0.11239004096562144 3
1 340 0.1347270127796019 3
1 341 0.19064786212084248 3
1 342 0.10736022811411662 3
1 343 0.06398399551391065 3
1 344 0.1509980353706168 3
1 345 0.0793304013095138 3
1 346 0.03607831089050215 3
1 347 0.027752639412700845 3
1 348 0.028151210947210625 3
1 349 0.07464256776517834 3
1 350 15419716.500363104 3
1 351 11356.622989485637 3
1 352 0.04141281614607779 3
1 353 0.03562572396524443 3
1 354 0.02261807506741237 3
1 355 0.12699692293492446 3
1 356 0.019530271255912227 3
1 357 0.049334719823286986 3
1 358 0.06439643745131202 3
1 359 0.05864421886119237 3
1 360 405.32325025593326 3
1 361 147569127.00052777 3
1 362 0.08311107123942416 3
1 363 0.03023371928913443 3
1 364 0.17807439710415657 3
1 365 0.07457589191475043 3
1 366 0.025316932392951404 3
1 367 0.07443725492775248 3
1 368 0.057871044639144824 3
1 369 55338.65535091302 3
1 370 0.1044707517000173 3
1 371 0.032931040504420056 3
1 372 0.0390297321473229 3
1 373 0.15558196835545574 3
1 374 0.027947642377128133 3
1 375 0.1596140153488076 3
1 376 0.19290089113254202 3
1 377 0.05704457706455533 3
1 378 0.03163472274254275 3
1 379 0.1303621077827176 3
1 380 405.32325025593326 3
1 381 0.031224834601972732 3
1 382 497487.90311414935 3
1 383 0.02943617445664372 3
1 384 0.019645219748283822 3
1 385 0.04931477388027176 3
1 386 0.04418172438608047 3
1 387 0.12427014042979244 3
1 388 11619678.250292828 3
1 389 0.03965639516618413 3
1 390 0.07752367294012912 3
1 391 0.046127955901143956 3
1 392 0.03663339289448337 3
1 393 0.07557614204518245 3
1 394 0.02412359516294103 3
1 395 0.09055310928345203 3
1 396 0.09014604836362207 3
1 397 0.0558768913571905 3
1 398 0.10234583357274765 3
1 399 0.0268069171443861 3
1 400 0.05029311632943297 3
1 401 1.0739164873418299 3
1 402 0.04647101695710486 3
1 403 0.016652336445063805 3
1 404 0.04137859425165587 3
1 405 0.0491006167279862 3
1 406 0.02808296183949028 3
1 407 0.03356755422934636 3
1 408 0.039578257849651334 3
1 409 0.02761198360194026 3
1 410 0.0291494816118743 3
1 411 0.029148635512469896 3
1 412 0.031175755001141378 3
1 413 0.09924101169330699 3
1 414 0.0318852062460712 3
1 415 0.10751635360513123 3
1 416 0.04409307177683301 3
1 417 0.16850781324002714 3
1 418 0.028766155763712133 3
1 419 0.037054275238713845 3
1 420 0.04638808785471087 3
1 421 0.04412105089469211 3
1 422 0.5408085897468353 3
1 423 0.07220518220351514 3
1 424 0.04013327996362678 3
1 425 0.12198681817950006 3
1 426 0.04576035944004129 3
1 427 0.0896463495074543 3
1 428 0.023855816536554827 3
1 429 0.10631886541269706 3
1 430 0.05383473769837114 3
1 431 0.11804109490768971 3
1 432 0.04218120994232297 3
1 433 0.04589570520121956 3
1 434 0.02763901003191804 3
1 435 0.019739095245223454 3
1 436 0.02019414121420362 3
1 437 0.03425899313832098 3
1 438 0.07393239443863509 3
1 439 0.1059143779585619 3
1 440 11480.49345219683 3
1 441 0.03245100826863903 3
1 442 0.0845453843552858 3
1 443 0.11491389251462188 3
1 444 0.07836165402763776 3
1 445 0.07836048856445824 3
1 446 0.04852827258574025 3
1 447 1.4788386538684126 3
1 448 0.046544945682354816 3
1 449 0.10162343887962608 3
1 450 0.16396987197189392 3
1 451 0.1754775080877249 3
1 452 0.12322031806340533 3
1 453 0.15934559014907962 3
1 454 0.1593455906803285 3
1 455 0.027848971474975618 3
1 456 0.049314656262519845 3
1 457 0.030031160686415974 3
1 458 0.044240157688609894 3
1 459 0.053181683819202505 3
1 460 0.021626763497895975 3
1 461 0.13951031711661047 3
1 462 0.06783926288988404 3
1 463 0.05981537437634061 3
1 464 0.01938260175088054 3
1 465 0.0321237138628211 3
1 466 0.06916406298185021 3
1 467 0.029704650650073328 3
1 468 0.0955757481933372 3
1 469 0.01209912500705709 3
1 470 0.0639047255999531 3
1 471 0.02943617445664372 3
1 472 0.08593660106125009 3
1 473 0.025912560374745888 3
1 474 0.06372822545059986 3
1 475 0.0627968861102725 3
1 476 0.8782264117629975 3
1 477 0.018878955565696322 3
1 478 80087294.6127563 3
1 479 0.035824914925172174 3
1 480 0.010502468810452501 3
1 481 0.030775851280236955 3
1 482 0.019852445417728074 3
1 483 0.07520329560352321 3
1 484 0.02250568200796012 3
1 485 0.13393748359220553 3
1 486 0.027255624972709048 3
1 487 0.023720877176956784 3
1 488 0.0318678823100327 3
1 489 0.08847850577151874 3
1 490 0.02747807176166159 3
1 491 1.6815614361041755 3
1 492 0.0826744294214143 3
1 493 0.033901684953782076 3
1 494 0.03163472274259919 3
1 495 0.11241266454642469 3
1 496 0.03142673842098587 3
1 497 0.09820911764495861 3
1 498 0.04013334233737091 3
1 499 0.028082962159708427 3
1 500 0.022978729184535383 3
1 501 0.022978729184535383 3
1 502 0.047671110515373184 3
1 503 23.026999700532723 3
1 504 0.12765098090655408 3
1 505 0.01973811240859534 3
1 506 0.12513247004663502 3
1 507 0.020055625082542317 3
1 508 0.04062358546855036 3
1 509 0.05016735091871116 3
1 510 0.08421557107461336 3
1 511 0.04502599696329819 3
1 512 0.12301601753356814 3
1 513 0.06456383038316608 3
1 514 0.17648863761290065 3
1 515 0.03420459142366972 3
1 516 0.16402820287742595 3
1 517 0.10834187002975917 3
1 518 0.023225603715668456 3
1 519 0.060881220347535986 3
1 520 0.1559189377273032 3
1 521 0.1329290469320894 3
1 522 0.027255631158845703 3
1 523 0.025437344192701144 3
1 524 0.024154049645540923 3
1 525 0.11314157750125575 3
1 526 0.057988079038288134 3
1 527 0.02375551672623314 3
1 528 0.1044742960615348 3
1 529 0.06790258557120973 3
1 530 0.01970254806000917 3
1 531 0.01970254806000917 3
1 532 0.01888165327096089 3
1 533 0.07946946736737547 3
1 534 0.09623576289891088 3
1 535 0.09623576289891088 3
1 536 0.06574931329010454 3
1 537 0.0657496185795922 3
1 538 0.11109210500256127 3
1 539 0.07717436458636451 3
1 540 0.019428778364392125 3
1 541 0.019428856664974896 3
1 542 0.07772887302539902 3
1 543 0.1069108710678644 3
1 544 0.14108288433982588 3
1 545 0.17028902407192964 3
1 546 0.023755516726050096 3
1 547 0.07378849521598134 3
1 548 0.10918020186945823 3
1 549 0.12913516098825706 3
1 550 0.09531585252248127 3
1 551 0.0756076303576723 3
1 552 0.028103501189449175 3
1 553 0.08595396069221244 3
1 554 0.044816016381071945 3
1 555 0.05645439626065931 3
1 556 0.03128613089226842 3
1 557 0.0705996070450794 3
1 558 0.03982870358592668 3
1 559 0.10060446673774194 3
1 560 0.008354366530051505 3
1 561 0.11743323897593833 3
1 562 0.09050340725827213 3
1 563 0.09004687035608208 3
1 564 0.13862519093375092 3
1 565 0.02261807506993906 3
1 566 0.07028088857056176 3
1 567 0.07393303066339825 3
1 568 0.14071851074280925 3
1 569 0.04612800135531384 3
1 570 0.04655336017084421 3
1 571 0.11944963356630192 3
1 572 0.020561984471224808 3
1 573 0.10754661193172224 3
1 574 0.06390472226612283 3
1 575 0.02019675399067894 3
1 576 66.7067720900179 3
1 577 0.07706003440090689 3
1 578 6331960.229423378 3
1 579 48091206.14874781 3
1 580 0.10058662852881592 3
1 581 0.07671906765951221 3
1 582 0.024022793917381893 3
1 583 0.06244482870108142 3
1 584 0.0725007024501028 3
1 585 0.17619638362152293 3
1 586 0.0814533639560726 3
1 587 206.06997471080464 3
1 588 0.07275193369520454 3
1 589 0.039401579490619856 3
1 590 0.05564865256575585 3
1 591 0.016652298476521214 3
1 592 0.03630170928757903 3
1 593 0.04967995579012999 3
1 594 0.02969236844035958 3
1 595 1.4787851682506647 3
1 596 0.05383473769389828 3
1 597 0.04724036570834219 3
1 598 0.06175091850479845 3
1 599 0.03488543948403229 3
1 600 1.519418561688081 3
1 601 1.5194185249894359 3
1 602 6.068172082172059 3
1 603 0.05008701121545874 3
1 604 0.14857810323019344 3
1 605 0.029345809235729735 3
1 606 0.03115961197225513 3
1 607 0.23241674560026004 3
1 608 31191980.452042103 3
1 609 0.07639260905973089 3
1 610 0.06887216916529497 3
1 611 0.08825715241285362 3
1 612 0.0432671367397514 3
1 613 0.03902973214166457 3
1 614 17693319.809735753 3
1 615 0.034962148529867954 3
1 616 0.005826794253666055 3
1 617 0.048888869276068114 3
1 618 0.03968651178540423 3
1 619 0.02250568201766714 3
1 620 0.1422762118996195 3
1 621 0.027611983605584204 3
1 622 0.09148293293208724 3
1 623 0.10591113455046663 3
1 624 0.023479987997405315 3
1 625 0.031080005578995592 3
1 626 0.04452583478159746 3
1 627 0.044525834738403554 3
1 628 0.03705427523894502 3
1 629 0.03663339289491392 3
1 630 0.255440484538107 3
1 631 0.027916681304390647 3
1 632 0.14982465604545572 3
1 633 0.15078357355739547 3
1 634 0.06020888120055423 3
1 635 0.041623170270194916 3
1 636 0.029611714150481205 3
1 637 0.1173142336352372 3
1 638 0.1814794599689119 3
1 639 0.04069792438056829 3
1 640 0.05636054139462521 3
1 641 0.09979178463373303 3
1 642 0.05145966628687381 3
1 643 0.053560571485168754 3
1 644 0.04589570520121956 3
1 645 0.1157039541471922 3
1 646 0.06244151487308676 3
1 647 0.03243662228649572 3
1 648 0.10237448726883526 3
1 649 0.10008511303705316 3
1 650 0.06866899485102386 3
1 651 0.04783025708220552 3
1 652 0.024442745842513706 3
1 653 0.12603565481687498 3
1 654 0.05700746379969594 3
1 655 1.9867960102876308 3
1 656 0.06261039084626252 3
1 657 0.12767054087985025 3
1 658 0.07359806338452966 3
1 659 0.22833893393017649 3
1 660 0.04630535692236762 3
1 661 0.1746867468357587 3
1 662 0.05745748051070535 3
1 663 0.0855486676762499 3
1 664 0.03711651470572953 3
1 665 0.04457897845723534 3
1 666 0.028839809199598478 3
1 667 0.02883980919755083 3
1 668 0.07680473131898126 3
1 669 0.059916387427419636 3
1 670 0.04066728828680813 3
1 671 0.02771078961461972 3
1 672 0.06789171670108461 3
1 673 0.08670223061843904 3
1 674 0.1370027773172145 3
1 675 0.14460645972253944 3
1 676 62537.50499729181 3
1 677 0.02883715491399067 3
1 678 0.028083068401321246 3
1 679 0.022474484443060418 3
1 680 0.1717056198432878 3
1 681 0.053364811114270806 3
1 682 0.1292511089789878 3
1 683 0.29176842597222696 3
1 684 1.9891037780998488 3
1 685 0.02891986802518637 3
1 686 0.030393823091476396 3
1 687 0.049011292296789806 3
1 688 0.08267442942136054 3
1 689 0.03652582960000067 3
1 690 0.03956328511800733 3
1 691 0.025531360251769237 3
1 692 0.0345447170410826 3
1 693 0.0170398914957485 3
1 694 0.140316792791173 3
1 695 0.03986425352151056 3
1 696 0.09664302206081814 3
1 697 0.03968650176746521 3
1 698 68955.06662994862 3
1 699 0.04822952536134905 3
1 700 0.05301418820305387 3
1 701 0.03517147736155126 3
1 702 0.19604223896483236 3
1 703 0.1548093676679416 3
1 704 0.04849501688148145 3
1 705 0.08925343753740589 3
1 706 0.027255624972699816 3
1 707 0.030987787359274103 3
1 708 0.033745212357515014 3
1 709 0.03848561825851161 3
1 710 165645.15479197106 3
1 711 0.06583786889615308 3
1 712 0.15042035888769234 3
1 713 0.029208237085602932 3
1 714 0.06201680133907748 3
1 715 0.25077347740382033 3
1 716 0.02950435263433341 3
1 717 0.03529254734300248 3
1 718 0.048787683994895324 3
1 719 0.15911916911494028 3
1 720 0.019779143304070754 3
1 721 0.04954204204824498 3
1 722 59881284.934787646 3
1 723 1708824285.4591472 3
1 724 8550665.331879005 3
1 725 8550665.341538884 3
1 726 0.03365357025399156 3
1 727 0.020486060510242852 3
1 728 0.02914948161141741 3
1 729 0.03717042835451914 3
1 730 0.048450226000757116 3
1 731 0.140220094317411 3
1 732 0.01963476432660602 3
1 733 0.033243651416153444 3
1 734 0.03209329869631346 3
1 735 0.026742951923907337 3
1 736 0.04159084786769366 3
1 737 1.1112128619203419 3
1 738 0.12105150169660157 3
1 739 0.05175118603773934 3
1 740 0.05322645275304281 3
1 741 0.14272558052280132 3
1 742 0.019645131176125773 3
1 743 0.03622091725285331 3
1 744 0.036426160396315285 3
1 745 0.0364261603759638 3
1 746 0.030393823093133557 3
1 747 0.012099098430151082 3
1 748 0.03630170928842953 3
1 749 0.025522139522812456 3
1 750 0.012099125014506691 3
1 751 0.17485061878643948 3
1 752 0.15635778703057682 3
1 753 0.23037523737112187 3
1 754 0.03514114216740554 3
1 755 0.03514114216740554 3
1 756 0.05779691172386176 3
1 757 0.05781108818045048 3
1 758 0.046214456591926696 3
1 759 3.041505889486837 3
1 760 0.0275626732207569 3
1 761 0.08079519571045722 3
1 762 0.029306601299817922 3
1 763 0.028838986123089213 3
1 764 0.089854348300911 3
1 765 0.0625889443979907 3
1 766 0.02098159293592555 3
1 767 0.0521701358138471 3
1 768 0.09229104910716773 3
1 769 0.09314329063694719 3
1 770 0.04187873942167626 3
1 771 0.04015263982572638 3
1 772 0.06967247603204836 3
1 773 0.0360783108891656 3
1 774 0.027752639412700845 3
1 775 0.028029032509764996 3
1 776 0.08819217164729316 3
1 777 0.09391810699020751 3
1 778 0.0901246928103839 3
1 779 0.07281504779678923 3
1 780 0.1626977047799797 3
1 781 0.1597901983677138 3
1 782 0.06825726748655302 3
1 783 0.06825726747885022 3
1 784 0.09585051029857984 3
1 785 0.08879983918449891 3
1 786 2.725306572558139 3
1 787 16716352.867821973 3
1 788 0.05412815658817712 3
1 789 0.10071743306175707 3
1 790 0.03128613089226842 3
1 791 0.0416107734593209 3
1 792 0.03115961923650457 3
1 793 0.044590449138272294 3
1 794 0.06645941376197961 3
1 795 0.03704164092006775 3
1 796 0.02543734419294566 3
1 797 0.025548865677840583 3
1 798 0.04033707281068703 3
1 799 0.03145962957472508 3
1 800 0.0625248609646547 3
1 801 0.08173653137812842 3
1 802 0.035568035847932604 3
1 803 0.03711654644377277 3
1 804 0.027096469283681604 3
1 805 0.04172510474711612 3
1 806 0.1542106076070205 3
1 807 0.053742622223767834 3
1 808 0.02747807176824054 3
1 809 0.03553601172116841 3
1 810 0.07429373934833226 3
1 811 59881284.934787646 3
1 812 17917.544781037766 3
1 813 17917.544518997707 3
1 814 0.1695375685126733 3
1 815 0.07604412064452 3
1 816 0.04832130623809091 3
1 817 0.03620776134682779 3
1 818 0.029507015448528014 3
1 819 0.12194398664467804 3
1 820 0.029148635512447646 3
1 821 0.04483896819690644 3
1 822 0.026620439713573033 3
1 823 0.021216050299201795 3
1 824 0.041701893847754204 3
1 825 0.055673613746739195 3
1 826 0.041625391996824475 3
1 827 11698071.539671995 3
1 828 0.028659506514214683 3
1 829 0.01703989149912781 3
1 830 0.04473629880389442 3
1 831 0.05493809877118596 3
1 832 0.04931476356365044 3
1 833 0.06637944024202627 3
1 834 0.15934559014907962 3
1 835 0.04424047079242448 3
1 836 0.01970106681100389 3
1 837 0.010320434895896331 3
1 838 0.03968651067136839 3
1 839 0.14158012510600024 3
1 840 0.17338562448242145 3
1 841 0.03712033743809656 3
1 842 0.13981518178652907 3
1 843 0.018881652219923554 3
1 844 0.15828807057166705 3
1 845 0.04649951491281818 3
1 846 0.02390886029533539 3
1 847 0.01841916097380204 3
1 848 0.05806120821639207 3
1 849 0.05806120821639207 3
1 850 0.03959795297574525 3
1 851 308.23162518651685 3
1 852 0.048244633696708526 3
1 853 0.038560067827578905 3
1 854 0.032004993974529015 3
1 855 0.027639129723364297 3
1 856 0.026609512098343984 3
1 857 0.03956363073438162 3
1 858 0.08939996971488574 3
1 859 0.029485638142783065 3
1 860 0.042365598404039556 3
1 861 0.20416673003361052 3
1 862 0.029148635512407935 3
1 863 0.019857079016507344 3
1 864 0.024107166116961527 3
1 865 0.024107166115721217 3
1 866 0.025612283400037454 3
1 867 0.034204591423682734 3
1 868 31191991.586867433 3
1 869 27385241.58962621 3
1 870 8550665.341538884 3
1 871 0.04545427246800595 3
1 872 0.03982856744532754 3
1 873 0.12789348174320034 3
1 874 5.999505263144798 3
1 875 0.03167209821171307 3
1 876 0.11233103031538161 3
1 877 0.07263864183704474 3
1 878 0.02249994294044901 3
1 879 0.046752700081062984 3
1 880 0.01961414347307371 3
1 881 0.11413695946301476 3
1 882 0.07338141349678078 3
1 883 0.02752800285491617 3
1 884 10694306.669355355 3
1 885 0.0550440052961645 3
1 886 0.11074304458801147 3
1 887 0.08997698343222085 3
1 888 0.020500248999843595 3
1 889 0.030987787359142607 3
1 890 0.028522579826991128 3
1 891 0.021250611085043076 3
1 892 0.031482202494735406 3
1 893 0.06637943282451542 3
1 894 0.01888165327096089 3
1 895 0.07938450442025523 3
1 896 7.296996742483363 3
1 897 0.02075534322801584 3
1 898 0.03386354914188514 3
1 899 0.032362180287718756 3
1 900 0.029148635512451542 3
1 901 0.11532220616707488 3
1 902 0.07243270408912728 3
1 903 0.07839452004554841 3
1 904 0.07823810148805439 3
1 905 0.02662043635287446 3
1 906 0.027818562363886003 3
1 907 0.17851175470339034 3
1 908 0.030233719289129813 3
1 909 0.06248026666554718 3
1 910 1163.3909162866896 3
1 911 0.052070024804689134 3
1 912 0.039134805061084306 3
1 913 0.04985154556556946 3
1 914 4710955.392367489 3
1 915 0.08655064286536537 3
1 916 0.07566609199349397 3
1 917 0.0406979243625953 3
1 918 0.061649916610549554 3
1 919 4710636.568921114 3
1 920 0.04213851659429721 3
1 921 0.05167988075586834 3
1 922 0.12722336489640848 3
1 923 0.07196550395676374 3
1 924 0.06239068036812546 3
1 925 0.03267145468079153 3
1 926 0.07122490126397502 3
1 927 0.03846565407361114 3
1 928 0.38679244274335517 3
1 929 0.38620523158860426 3
1 930 0.07781712941373643 3
1 931 0.02835107892043848 3
1 932 0.03652582942903162 3
1 933 0.08174620563855255 3
1 934 0.07281503200443622 3
1 935 0.16943824338795693 3
1 936 0.044093085508938284 3
1 937 0.03493298654376982 3
1 938 0.03348570278029878 3
1 939 0.046679422227526884 3
1 940 0.08139657165873326 3
1 941 0.13462771615921212 3
1 942 0.07177902260997901 3
1 943 0.05175119088912877 3
1 944 0.027869878830148912 3
1 945 0.02312052420418012 3
1 946 0.023784518373667737 3
1 947 0.12296383007870589 3
1 948 0.09833855038726809 3
1 949 0.05004794142601316 3
1 950 73143.51285559597 3
1 951 0.18024728956725858 3
1 952 0.01972093995296573 3
1 953 0.032490054013738404 3
1 954 0.05241266434677211 3
1 955 0.03167193018349328 3
1 956 0.19680562876222774 3
1 957 0.08511567642512775 3
1 958 0.04888616948305682 3
1 959 0.03126066776986175 3
1 960 0.0412502812408392 3
1 961 789088.3361317136 3
1 962 0.06253484028069058 3
1 963 0.0401333399785665 3
1 964 0.02753467779845398 3
1 965 0.19603497984855758 3
1 966 0.019634767766700187 3
1 967 0.029523248553608633 3
1 968 0.1123745485865025 3
1 969 0.37942427331398987 3
1 970 0.17895635886889993 3
1 971 0.03884103479732004 3
1 972 0.029385431010632797 3
1 973 0.023089392057405927 3
1 974 0.0597976548724572 3
1 975 0.05979765613641152 3
1 976 0.08595330946076248 3
1 977 0.0728434178064686 3
1 978 0.07527644037736014 3
1 979 0.38542723516996225 3
1 980 0.11072404178535182 3
1 981 0.026215107916549442 3
1 982 0.02434755793522374 3
1 983 0.12213801435837139 3
1 984 0.05145964788734799 3
1 985 0.023755511901377004 3
1 986 0.12192762878174723 3
1 987 142075391.70543283 3
1 988 0.11011409152144618 3
1 989 0.06198109916224783 3
1 990 0.040906322650601255 3
1 991 0.04090632265065305 3
1 992 0.06824884254686063 3
1 993 0.1775438896885725 3
1 994 0.06455630501626934 3
1 995 0.10727293814835977 3
1 996 0.12702389345253368 3
1 997 0.09162020499045526 3
1 998 0.11846696619515237 3
1 999 0.06903784375275854 3
1 1000 0.18007332546475974 3
1 1001 0.03964295605936738 3
1 1002 0.0365893605514147 3
1 1003 0.11714186698312788 3
1 1004 0.020215737019763022 3
1 1005 0.1123745485865025 3
1 1006 0.019634772951744248 3
1 1007 0.021294517955934688 3
1 1008 0.02667015587440605 3
1 1009 0.08627572318349144 3
1 1010 435650.9295516499 3
1 1011 0.02883291875691871 3
1 1012 1731.4862164015656 3
1 1013 0.0639676899502825 3
1 1014 355262239.87718356 3
1 1015 0.026142509968914502 3
1 1016 0.0919940581233506 3
1 1017 0.039339601894019326 3
1 1018 0.027748033196244956 3
1 1019 0.2336262275199976 3
1 1020 0.021626763756958482 3
1 1021 289186.97938639496 3
1 1022 0.019852445955878494 3
1 1023 0.09924101169330699 3
1 1024 27812455.5633958 3
1 1025 0.02994952951451261 3
1 1026 0.023381258624654403 3
1 1027 0.024038842228918434 3
1 1028 0.07443725830899234 3
1 1029 0.01872276749273584 3
1 1030 0.9155998912166021 3
1 1031 0.02944991315308829 3
1 1032 0.08535396180818006 3
1 1033 0.02357306698948236 3
1 1034 0.06359979974988351 3
1 1035 0.07135900932508607 3
1 1036 0.02747807177599746 3
1 1037 0.029230123283849933 3
1 1038 0.04476375244064171 3
1 1039 0.14773098649692587 3
1 1040 0.022941339885240882 3
1 1041 0.02294133988374144 3
1 1042 0.027805659664203754 3
1 1043 0.07471473094614173 3
1 1044 0.10815118700102702 3
1 1045 0.06979630999116909 3
1 1046 0.12664525333511123 3
1 1047 0.10517471722831609 3
1 1048 0.05700746377388842 3
1 1049 0.11445668047082719 3
1 1050 0.18908520943380827 3
1 1051 0.4796083831910881 3
1 1052 0.019634767766700187 3
1 1053 0.0742665509361314 3
1 1054 0.057715147959401 3
1 1055 0.053014188191243296 3
1 1056 0.17028917907400687 3
1 1057 0.17380162083836104 3
1 1058 0.03902974853551291 3
1 1059 0.03902973230224982 3
1 1060 0.10552702083831432 3
1 1061 0.19246658654643328 3
1 1062 0.031175754075465426 3
1 1063 0.13276049849587696 3
1 1064 12277019.680584954 3
1 1065 0.05351099086434549 3
1 1066 0.03365357025399156 3
1 1067 0.04132636943050981 3
1 1068 0.02835107892043848 3
1 1069 0.08552045476070218 3
1 1070 0.1768501312057736 3
1 1071 0.18618029784895218 3
1 1072 0.07568871375028603 3
1 1073 0.03726584459532313 3
1 1074 0.02710191731866523 3
1 1075 0.06263339971005111 3
1 1076 0.019857078880116525 3
1 1077 0.06253484028051699 3
1 1078 0.049681905750428274 3
1 1079 0.04967995579012999 3
1 1080 0.030100636723386857 3
1 1081 0.023617230526914983 3
1 1082 0.0862678227585047 3
1 1083 0.16399108627113038 3
1 1084 0.08054307681031114 3
1 1085 0.09406827606648001 3
1 1086 0.08314971454180763 3
1 1087 0.03884103479759896 3
1 1088 56560.31978637021 3
1 1089 0.019052658138762286 3
1 1090 0.1447288023145738 3
1 1091 0.14472880232088894 3
1 1092 0.1646320322913787 3
1 1093 0.022608696723845564 3
1 1094 0.02807947387794742 3
1 1095 0.02889135072981485 3
1 1096 0.028464592259730043 3
1 1097 0.03390167648881514 3
1 1098 1.3561554070435298 3
1 1099 0.03454471704215853 3
1 1100 0.04992716204550449 3
1 1101 0.17200335239613435 3
1 1102 0.023061555242667217 3
1 1103 0.1562864143237345 3
1 1104 0.05723069781526841 3
1 1105 0.060380624332998234 3
1 1106 0.0562156826067767 3
1 1107 0.0562156826067767 3
1 1108 0.036815516932428356 3
1 1109 0.03681551693476255 3
1 1110 0.053535749789798574 3
1 1111 0.08743630712955676 3
1 1112 0.13943992554641899 3
1 1113 0.04267450461356915 3
1 1114 0.14996087086688467 3
1 1115 0.04724042226615051 3
1 1116 0.04781745591114627 3
1 1117 0.04781749591475276 3
1 1118 0.03425899205216752 3
1 1119 0.033903444263126956 3
1 1120 0.031175755001141378 3
1 1121 0.018881650275377835 3
1 1122 0.0953256834671284 3
1 1123 737473.4899478412 3
1 1124 0.0851219261763941 3
1 1125 0.07875606498536429 3
1 1126 0.02730016951230063 3
1 1127 0.01872832181695428 3
1 1128 0.045053995328691095 3
1 1129 0.08710026513234925 3
1 1130 0.04514049763638267 3
1 1131 0.019293156785315 3
1 1132 0.12198681925547275 3
1 1133 0.10901227013578242 3
1 1134 0.046780402202801885 3
1 1135 1.9826852190606628 3
1 1136 0.03376966434927955 3
1 1137 0.06017387951631205 3
1 1138 0.031576992822780675 3
1 1139 0.05148733873904295 3
1 1140 0.0423149711542259 3
1 1141 0.08185825866463406 3
1 1142 0.09014604836362207 3
1 1143 0.08028377734540798 3
1 1144 0.16641963673860466 3
1 1145 0.0651845533458833 3
1 1146 0.0989635620080319 3
1 1147 0.050582064759951736 3
1 1148 0.07941895305990812 3
1 1149 0.056495646783420755 3
1 1150 0.03986425352151056 3
1 1151 18113266.881349914 3
1 1152 0.04625925012581224 3
1 1153 0.05991638742074334 3
1 1154 0.1529729131252353 3
1 1155 0.1529729131252353 3
1 1156 0.026397070142253586 3
1 1157 0.026397070142253586 3
1 1158 0.08882772328937265 3
1 1159 0.0995315891624418 3
1 1160 0.0501059714061212 3
1 1161 0.04352393265358803 3
1 1162 0.13441583367248686 3
1 1163 0.027741265771045617 3
1 1164 0.03610881002572842 3
1 1165 0.14545279670900352 3
1 1166 0.07337184011721543 3
1 1167 0.04461679599221249 3
1 1168 32.418105297547484 3
1 1169 0.038829704870113765 3
1 1170 0.024347557953098856 3
1 1171 0.16463203014722727 3
1 1172 0.0514596235225481 3
1 1173 0.12872185919312196 3
1 1174 0.04528111266454494 3
1 1175 0.17177940902991426 3
1 1176 0.05353829001758376 3
1 1177 0.053538289975816375 3
1 1178 857.0389718162239 3
1 1179 0.09993360853848589 3
1 1180 0.18147945998670142 3
1 1181 0.046120011705573866 3
1 1182 0.3541810407094249 3
1 1183 10.296012254101793 3
1 1184 0.12331763081271596 3
1 1185 0.0212506110881894 3
1 1186 0.0679342331722414 3
1 1187 0.020877166738255605 3
1 1188 65269892.45836072 3
1 1189 0.04230328987615519 3
1 1190 0.03556803601727007 3
1 1191 0.05575323163309202 3
1 1192 0.07717435490853543 3
1 1193 0.016762793129067092 3
1 1194 0.06622215796339789 3
1 1195 0.09601104778342738 3
1 1196 0.020500241894298558 3
1 1197 0.022978734217271268 3
1 1198 0.1922376261191627 3
1 1199 0.16351556865953717 3
1 1200 0.032211014606233296 3
1 1201 0.029328381878669353 3
1 1202 0.08447621184014187 3
1 1203 0.02561228349931779 3
1 1204 0.1360683650417688 3
1 1205 0.12498350572032595 3
1 1206 0.1553137192435761 3
1 1207 0.1043551894859408 3
1 1208 0.14667792865305226 3
1 1209 4851609.029080251 3
1 1210 0.04187873936005003 3
1 1211 0.08528348257067879 3
1 1212 0.6585915052294302 3
1 1213 0.10840407417732902 3
1 1214 0.0241235951631164 3
1 1215 0.04503338381222467 3
1 1216 0.07743049354978791 3
1 1217 0.07237210367900486 3
1 1218 0.134752580532355 3
1 1219 0.21386029913115784 3
1 1220 303327085.02898026 3
1 1221 0.028175523465286376 3
1 1222 0.00835435232612261 3
1 1223 0.09641781814830754 3
1 1224 0.03381025347455279 3
1 1225 0.08059632341746223 3
1 1226 384880.2315696121 3
1 1227 0.08845055010049585 3
1 1228 0.04432016763926058 3
1 1229 0.06456572146723381 3
1 1230 0.09953875634679317 3
1 1231 9.821704127230403 3
1 1232 0.15663664696459592 3
1 1233 0.03874225946798357 3
1 1234 0.0439889982523573 3
1 1235 0.05174000261093202 3
1 1236 0.01665225549007431 3
1 1237 0.02639567274367723 3
1 1238 0.08483816632281391 3
1 1239 0.11137105909482876 3
1 1240 0.04398899825002433 3
1 1241 0.04232987350395098 3
1 1242 0.023089381929228117 3
1 1243 0.023755516726050096 3
1 1244 0.05451925736866914 3
1 1245 0.025522139522568214 3
1 1246 0.039686501767831575 3
1 1247 0.058490518595468347 3
1 1248 0.0800187853197503 3
1 1249 0.19460122966794172 3
1 1250 0.04297789560187014 3
1 1251 0.07711102217718048 3
1 1252 0.05412815382040174 3
1 1253 0.028029032502636605 3
1 1254 0.07531681055141956 3
1 1255 0.07531681055141956 3
1 1256 0.03075274108741339 3
1 1257 0.019471594763290204 3
1 1258 0.049994499260968474 3
1 1259 2.0033721984605277 3
1 1260 66.70813790198666 3
1 1261 0.08740525132546671 3
1 1262 0.12606389323924463 3
1 1263 0.04461381945287155 3
1 1264 0.045472281179820606 3
1 1265 0.045472281179820606 3
1 1266 0.07884973753873067 3
1 1267 0.0788538535064303 3
1 1268 0.12755217488535586 3
1 1269 0.027748080042286866 3
1 1270 0.028837112798909856 3
1 1271 0.02883715491399067 3
1 1272 0.07494522912249542 3
1 1273 0.068257267468447 3
1 1274 0.09117367837681402 3
1 1275 0.03804034213543353 3
1 1276 0.040133339980926 3
1 1277 0.027478071763871105 3
1 1278 0.02883715491399067 3
1 1279 0.07076108365458894 3
1 1280 0.034037021704311846 3
1 1281 0.12873939151280958 3
1 1282 0.034054096036489026 3
1 1283 0.1712928094659155 3
1 1284 0.048210842894431075 3
1 1285 898.8568443799138 3
1 1286 0.040498082828394566 3
1 1287 0.05272114752750042 3
1 1288 0.038475714253419925 3
1 1289 0.036105224049293554 3
1 1290 0.08062839767251709 3
1 1291 0.044525834738403554 3
1 1292 0.09218581049028733 3
1 1293 0.00943514653199627 3
1 1294 19262441.25446147 3
1 1295 0.04523731242015219 3
1 1296 0.054841074777452294 3
1 1297 0.05389625706965544 3
1 1298 0.11310243510289515 3
1 1299 0.1648456997864852 3
1 1300 0.17611610562269198 3
1 1301 0.020071226265816245 3
1 1302 0.03925211428483856 3
1 1303 0.12925111142492612 3
1 1304 0.027792720371351783 3
1 1305 0.06217566510162356 3
1 1306 0.028839809199598478 3
1 1307 0.0745702280682056 3
1 1308 0.04205472201271774 3
1 1309 0.04362228948609519 3
1 1310 0.12397828079279614 3
1 1311 0.019293156785173377 3
1 1312 0.02553136025163613 3
1 1313 0.02553136167949888 3
1 1314 0.11059481807274661 3
1 1315 0.019530278028675664 3
1 1316 0.2091791496644635 3
1 1317 0.019527786755190898 3
1 1318 0.028882861382084124 3
1 1319 0.04863394224716538 3
1 1320 165645.15479197106 3
1 1321 0.036072485383890754 3
1 1322 0.04296811741000526 3
1 1323 0.08267442942136762 3
1 1324 0.06866899485096471 3
1 1325 0.04744653280881749 3
1 1326 0.12827572736411713 3
1 1327 0.12827572737603576 3
1 1328 0.048337701878239915 3
1 1329 0.04864891061307084 3
1 1330 0.027338125147248614 3
1 1331 0.11059471747441411 3
1 1332 0.02973526995757026 3
1 1333 0.01905265813846875 3
1 1334 0.02787030843207959 3
1 1335 0.03212377622096397 3
1 1336 0.11193531561852436 3
1 1337 0.05353574978895071 3
1 1338 0.5626380594275947 3
1 1339 0.09144889062314078 3
1 1340 0.027760479306317292 3
1 1341 0.11105295036170916 3
1 1342 0.14732218617130785 3
1 1343 0.023368105196461462 3
1 1344 0.16777868488638492 3
1 1345 0.029328381901960153 3
1 1346 0.11237440801493506 3
1 1347 0.025777752918580893 3
1 1348 0.03386354914188514 3
1 1349 0.033903444263126956 3
1 1350 0.15018945141680248 3
1 1351 22953.63662380597 3
1 1352 0.12307587095116844 3
1 1353 0.07375172446306699 3
1 1354 0.020005436563108412 3
1 1355 0.020005375127448814 3
1 1356 0.0913006280081621 3
1 1357 0.15156477548425218 3
1 1358 0.12912058333576074 3
1 1359 0.08882776539500835 3
1 1360 0.02817552374064215 3
1 1361 222.24030829577148 3
1 1362 0.08800590401942943 3
1 1363 0.08800597974955222 3
1 1364 0.06983134538071528 3
1 1365 0.06983134544589334 3
1 1366 0.023894657394151673 3
1 1367 0.027869900513634003 3
1 1368 0.08352311136582632 3
1 1369 0.13244551867771925 3
1 1370 0.16384820947035472 3
1 1371 0.03386354914188514 3
1 1372 0.18463474281436523 3
1 1373 0.1846347252244478 3
1 1374 0.12774722683290543 3
1 1375 0.15136723692958257 3
1 1376 0.06667126013390678 3
1 1377 0.09905752979654554 3
1 1378 2.003359594324726 3
1 1379 0.07177902116412203 3
1 1380 0.05260434789287937 3
1 1381 0.13393748359213828 3
1 1382 5528452.025671839 3
1 1383 2.7770064452266823 3
1 1384 0.028029032509954768 3
1 1385 0.08352314345525379 3
1 1386 0.07446864178608714 3
1 1387 0.07366964865811222 3
1 1388 0.030200099161273176 3
1 1389 0.023188108446215626 3
1 1390 0.03167193018304667 3
1 1391 0.06991588566337294 3
1 1392 0.03246594447805786 3
1 1393 0.038040342135249254 3
1 1394 0.0855396097050506 3
1 1395 0.02357305837855686 3
1 1396 0.08741203062820513 3
1 1397 0.0943837920120295 3
1 1398 11400.675263347206 3
1 1399 0.05783427388635309 3
1 1400 0.0582751154360905 3
1 1401 2946.0082571700605 3
1 1402 0.04127478762609696 3
1 1403 0.14226479095046646 3
1 1404 0.15979192980596657 3
1 1405 0.04992716204550449 3
1 1406 0.025522139522536007 3
1 1407 0.028993528283305474 3
1 1408 0.18767204413989355 3
1 1409 0.028262736207293766 3
1 1410 420.3910181623152 3
1 1411 0.056816252020635956 3
1 1412 0.030014679606672298 3
1 1413 1.8397393729246014 3
1 1414 0.04427833410262762 3
1 1415 0.019779143252652957 3
1 1416 0.04231967674570003 3
1 1417 0.04678040439501346 3
1 1418 0.0514980415917115 3
1 1419 0.029506955396379424 3
1 1420 0.08980086063581882 3
1 1421 0.05627456903869839 3
1 1422 0.02961171414880477 3
1 1423 0.061732870195988186 3
1 1424 0.07168868692320678 3
1 1425 0.10016042046334955 3
1 1426 0.04970917423241687 3
1 1427 0.05149804159270672 3
1 1428 0.08131273716889847 3
1 1429 0.0170398914957485 3
1 1430 0.044643532467864996 3
1 1431 0.03249464676160378 3
1 1432 0.027762860715533178 3
1 1433 0.05549520935031522 3
1 1434 1.9144363468626793 3
1 1435 1392583.4063703786 3
1 1436 0.08566027254446579 3
1 1437 25982448.791482214 3
1 1438 0.12749022557591672 3
1 1439 0.0348761160236921 3
1 1440 0.0320932987016968 3
1 1441 0.0851793421445033 3
1 1442 0.14894981486340195 3
1 1443 0.03469898738689746 3
1 1444 0.1230907850085432 3
1 1445 0.09164535464664698 3
1 1446 0.03236218030233988 3
1 1447 0.049315447148372424 3
1 1448 0.065020267387675 3
1 1449 0.08195267826546536 3
1 1450 0.14565777137312058 3
1 1451 0.02402279391740253 3
1 1452 0.17558118150724752 3
1 1453 0.028007962617976803 3
1 1454 157812860.40408435 3
1 1455 0.13951031711661047 3
1 1456 0.027567112176302283 3
1 1457 0.040629733746383095 3
1 1458 2.776999072409473 3
1 1459 0.014162096201315337 3
1 1460 0.04132077070237448 3
1 1461 0.022505711896627683 3
1 1462 0.03420459142367697 3
1 1463 0.02983377484239355 3
1 1464 0.043401840842184014 3
1 1465 0.07419668552471904 3
1 1466 0.08311119519979634 3
1 1467 0.07449396965013216 3
1 1468 0.061051861091206965 3
1 1469 0.058098140837835925 3
1 1470 0.023925822325706794 3
1 1471 0.09994006697447423 3
1 1472 0.06675898408791762 3
1 1473 0.06675898408791829 3
1 1474 0.02250568200796012 3
1 1475 0.021250602782720576 3
1 1476 260.98035051822984 3
1 1477 0.04462966277155031 3
1 1478 0.05089761861120443 3
1 1479 0.23080431756793954 3
1 1480 0.02710191731866523 3
1 1481 0.02889135072981485 3
1 1482 0.11714186698312788 3
1 1483 0.04358877707096737 3
1 1484 0.08259985134392174 3
1 1485 0.03126066776977714 3
1 1486 0.08330120521226775 3
1 1487 0.033243652523281396 3
1 1488 0.02115418621303999 3
1 1489 0.056306043212389245 3
1 1490 0.31086254938067087 3
1 1491 0.02808296183949028 3
1 1492 0.07540985878105723 3
1 1493 0.08826027654565813 3
1 1494 0.04787775885034222 3
1 1495 0.08269771090306881 3
1 1496 0.15250138242445044 3
1 1497 0.024442735914335306 3
1 1498 0.03390167648881514 3
1 1499 0.12635826265469294 3
1 1500 0.08045797147334675 3
1 1501 0.12344691659062398 3
1 1502 0.0462144565918609 3
1 1503 0.10443522781048743 3
1 1504 0.0432671367612722 3
1 1505 0.14643620313052483 3
1 1506 0.041270670756625286 3
1 1507 0.08033888883273592 3
1 1508 0.08535396180818006 3
1 1509 0.12322030908847582 3
1 1510 0.04352393265444137 3
1 1511 0.03626811596986704 3
1 1512 0.02662043635287446 3
1 1513 0.03028065303454327 3
1 1514 0.07920754092850694 3
1 1515 0.03348562124443209 3
1 1516 0.12322031806340533 3
1 1517 0.08535396179875292 3
1 1518 15.848581183451143 3
1 1519 0.03582491492759453 3
1 1520 0.05040464789567989 3
1 1521 0.05805665147638972 3
1 1522 0.029833774844706264 3
1 1523 0.019887849986820836 3
1 1524 0.044590403916886484 3
1 1525 0.05009311552607435 3
1 1526 0.03965620854149434 3
1 1527 0.048912628672010364 3
1 1528 0.13056117971274236 3
1 1529 0.046277062115284255 3
1 1530 0.04399873437427078 3
1 1531 0.07520563369295888 3
1 1532 0.1586958416249278 3
1 1533 0.0918020137464171 3
1 1534 0.04698398672967285 3
1 1535 0.024022793796603447 3
1 1536 0.03898603322669705 3
1 1537 0.06866899485096471 3
1 1538 0.01950803571346665 3
1 1539 789088.3361317136 3
1 1540 0.02865950651162194 3
1 1541 0.028009388252923283 3
1 1542 193.7442094265164 3
1 1543 0.13220751819723095 3
1 1544 0.06244151487820695 3
1 1545 774644.1119232334 3
1 1546 0.08786227279046945 3
1 1547 0.38077901545671405 3
1 1548 0.03389836519714979 3
1 1549 0.07231361449275335 3
1 1550 0.023368090712559526 3
1 1551 0.022196880109073343 3
1 1552 0.04572333701821831 3
1 1553 0.06331985618412514 3
1 1554 0.060792909670331276 3
1 1555 0.06079295525955568 3
1 1556 0.03136242896108133 3
1 1557 0.0888706235206348 3
1 1558 0.10891273547228354 3
1 1559 0.14119142001131843 3
1 1560 0.26344121583515434 3
1 1561 0.22939670660480782 3
1 1562 0.10960054281483793 3
1 1563 0.8360230128161685 3
1 1564 0.1820977413091438 3
1 1565 0.09324810852914359 3
1 1566 0.3367752552070631 3
1 1567 0.04974233525260422 3
1 1568 0.11052727321088009 3
1 1569 0.13349034433275886 3
1 1570 0.0340370282475712 3
1 1571 0.027611983598979113 3
1 1572 0.04828496831544891 3
1 1573 0.053038911426228345 3
1 1574 0.1162961098643276 3
1 1575 0.05702250781631043 3
1 1576 0.15073126261781047 3
1 1577 0.13540972303899143 3
1 1578 0.17904372145861389 3
1 1579 0.04821577511411749 3
1 1580 0.08374687410061192 3
1 1581 0.021980498336437823 3
1 1582 0.14982465604523618 3
1 1583 0.11490390792671305 3
1 1584 0.0638511265117873 3
1 1585 0.04384275901739176 3
1 1586 0.03514158712731034 3
1 1587 0.07273555296962193 3
1 1588 0.04994357184507488 3
1 1589 0.07679739988638608 3
1 1590 0.07950123910570847 3
1 1591 0.048877241999295884 3
1 1592 0.030968501838824027 3
1 1593 0.03903417148047132 3
1 1594 0.1065539229735218 3
1 1595 435650.9295516499 3
1 1596 0.06528184297634274 3
1 1597 0.1746867468357587 3
1 1598 0.044414296468203794 3
1 1599 0.08551939032320084 3
1 1600 0.04821582642649336 3
1 1601 0.19246658856247756 3
1 1602 55338.737544143114 3
1 1603 0.03964295605626098 3
1 1604 0.03324365252320381 3
1 1605 0.03705427523894502 3
1 1606 757.6506202334672 3
1 1607 0.04409307177683301 3
1 1608 0.047121538667103155 3
1 1609 0.09914591233465415 3
1 1610 0.13979177151102826 3
1 1611 0.03163472274259919 3
1 1612 0.0479657388468305 3
1 1613 0.09292965012945546 3
1 1614 0.1285949343089711 3
1 1615 0.04157642269251569 3
1 1616 0.14982465604528053 3
1 1617 0.08466649190049763 3
1 1618 0.23123326544619544 3
1 1619 0.031260667769984325 3
1 1620 0.17275609150430424 3
1 1621 0.17275609150430424 3
1 1622 0.06866903064632995 3
1 1623 0.0530764822307985 3
1 1624 0.022499941730157107 3
1 1625 0.040145251618219975 3
1 1626 0.021330455274236625 3
1 1627 0.01665225550188076 3
1 1628 0.057645330169020854 3
1 1629 0.11034822146593076 3
1 1630 0.03218500823766719 3
1 1631 0.12619147974206568 3
1 1632 16612733.41751203 3
1 1633 0.08963902453475119 3
1 1634 0.04015704700624173 3
1 1635 0.0765550884319058 3
1 1636 0.07609744431900575 3
1 1637 0.17890344302053263 3
1 1638 0.04796573884596891 3
1 1639 0.02667015567766798 3
1 1640 0.03141791755691616 3
1 1641 0.02883898612351305 3
1 1642 1640135.6424078725 3
1 1643 0.03561765886306234 3
1 1644 0.03144843038249391 3
1 1645 0.1334394980246616 3
1 1646 0.06244151487192653 3
1 1647 0.04457897844823381 3
1 1648 0.17460571930237695 3
1 1649 0.028009397133049674 3
1 1650 0.02237870123205357 3
1 1651 0.03285523088875125 3
1 1652 0.042524925935027755 3
1 1653 0.15214107697613036 3
1 1654 0.03244249993103926 3
1 1655 0.03892976255206904 3
1 1656 0.019429019410714957 3
1 1657 24.798112021311105 3
1 1658 0.05700746377388842 3
1 1659 0.031634722745697785 3
1 1660 0.02390886029533539 3
1 1661 0.025438026556946578 3
1 1662 0.039469775888392414 3
1 1663 0.051388997849829754 3
1 1664 0.028009388252923283 3
1 1665 0.09404978636721992 3
1 1666 0.04849337694939846 3
1 1667 906.6807797279474 3
1 1668 0.10403840466551768 3
1 1669 0.07785329383678512 3
1 1670 0.07609744431900575 3
1 1671 0.07404949706505008 3
1 1672 6001.81717988574 3
1 1673 0.17137412888747847 3
1 1674 0.062322937736335654 3
1 1675 0.07781711682992767 3
1 1676 0.019857078880116525 3
1 1677 270423.506265024 3
1 1678 0.12003602167589947 3
1 1679 0.02753370011211789 3
1 1680 0.0312861073633869 3
1 1681 0.08411835193385302 3
1 1682 0.1646320322913787 3
1 1683 0.02363507984348035 3
1 1684 0.13683941515058695 3
1 1685 0.13595400434600138 3
1 1686 0.06803315475363296 3
1 1687 0.08416599701471034 3
1 1688 0.17278271255173558 3
1 1689 0.020219632565942624 3
1 1690 66.7067720900179 3
1 1691 0.04099465763085447 3
1 1692 0.04624051206787846 3
1 1693 0.15341595023183643 3
1 1694 0.05320066746897703 3
1 1695 0.1638788134890995 3
1 1696 0.04776189027927842 3
1 1697 0.06175091851002988 3
1 1698 0.03186788233488531 3
1 1699 0.02710191731866523 3
1 1700 0.17654121938778264 3
1 1701 1.554232419884466 3
1 1702 0.062239448097243286 3
1 1703 0.13354620108680612 3
1 1704 11.56953463172786 3
1 1705 0.027947643149287455 3
1 1706 0.04509968062851102 3
1 1707 0.1251324700439376 3
1 1708 0.05196939770655842 3
1 1709 0.053433394707927934 3
1 1710 0.12434594909802876 3
1 1711 0.1622391947722233 3
1 1712 0.04417533406709851 3
1 1713 0.05495216438228277 3
1 1714 0.03487612106496513 3
1 1715 0.07071253534328804 3
1 1716 0.04692113223708318 3
1 1717 0.029023114615199744 3
1 1718 48824616.75741775 3
1 1719 0.10496374674777269 3
1 1720 0.07174012363930266 3
1 1721 1.147318025290377 3
1 1722 0.023855816536603507 3
1 1723 0.09669138429732976 3
1 1724 0.05097936766290023 3
1 1725 0.07628271896736386 3
1 1726 0.02667015587440189 3
1 1727 0.11699479776265748 3
1 1728 0.01938260175088054 3
1 1729 0.031634722761268635 3
1 1730 0.06825726748851102 3
1 1731 0.03028065303454327 3
1 1732 0.19680562876222774 3
1 1733 0.15037829562768387 3
1 1734 0.15675523727743818 3
1 1735 0.02891986802518637 3
1 1736 0.08724248977900625 3
1 1737 2116.5497915760097 3
1 1738 0.05033600131058068 3
1 1739 348.6217787588584 3
1 1740 0.10862139907586749 3
1 1741 0.028148995302939454 3
1 1742 0.14092421334952002 3
1 1743 0.07351269473904234 3
1 1744 0.019614143418928264 3
1 1745 0.027338125147248614 3
1 1746 0.02087716674344801 3
1 1747 0.020877122050138138 3
1 1748 0.046388087852879116 3
1 1749 0.012261078246464482 3
1 1750 420.39101813108147 3
1 1751 0.029208314605037415 3
1 1752 0.2818033374063355 3
1 1753 0.2818033371857999 3
1 1754 0.11564823593408266 3
1 1755 0.11861979286007175 3
1 1756 0.01969131697937112 3
1 1757 0.054552262774411456 3
1 1758 0.010656281137630105 3
1 1759 0.05154480318163659 3
1 1760 0.1274044159598441 3
1 1761 0.047242372830943416 3
1 1762 0.054824013129859205 3
1 1763 0.08984027372939984 3
1 1764 0.05254615046666968 3
1 1765 0.023755518250076175 3
1 1766 0.14212635623564115 3
1 1767 0.02621510791760461 3
1 1768 0.034692270313576815 3
1 1769 0.13540972303899393 3
1 1770 0.05478526957406378 3
1 1771 0.05478526957387652 3
1 1772 0.1268458384647286 3
1 1773 56.44996147591482 3
1 1774 0.1475187060222136 3
1 1775 10709109.626431199 3
1 1776 0.053728297597648224 3
1 1777 0.14613822838391427 3
1 1778 11625.87994014053 3
1 1779 0.04392792502507237 3
1 1780 5152381.983410709 3
1 1781 0.10479838850763289 3
1 1782 0.0334857027767156 3
1 1783 0.04863505196501522 3
1 1784 0.07700767925139851 3
1 1785 0.01662372094643377 3
1 1786 0.06261245773227293 3
1 1787 0.043401840842238026 3
1 1788 0.08759961261722671 3
1 1789 0.08981053025157339 3
1 1790 0.031436322284280394 3
1 1791 0.03956328511800733 3
1 1792 0.05493809877210441 3
1 1793 0.08158241081969976 3
1 1794 0.22516759957300686 3
1 1795 0.01962204874297353 3
1 1796 0.023573057365837362 3
1 1797 4611351.280547124 3
1 1798 0.04205472201270696 3
1 1799 0.04920857277039388 3
1 1800 0.08710026906693014 3
1 1801 0.019857079016507344 3
1 1802 0.173283849481879 3
1 1803 0.019658864424039975 3
1 1804 0.10507064508816753 3
1 1805 0.07399204208043782 3
1 1806 0.0814533639560726 3
1 1807 0.053896257061231995 3
1 1808 0.03514114121448636 3
1 1809 0.3505107746723313 3
1 1810 4630028.241628974 3
1 1811 0.04724036571131784 3
1 1812 0.041213173576055084 3
1 1813 0.995979854909151 3
1 1814 0.019634767766700187 3
1 1815 4.171020109907544 3
1 1816 0.104046349795196 3
1 1817 0.06598739029729438 3
1 1818 0.167493226587894 3
1 1819 0.019293156785315 3
1 1820 0.027869900513634003 3
1 1821 0.04065175352496179 3
1 1822 0.040146114674311145 3
1 1823 0.0406234779387607 3
1 1824 0.02948781175582541 3
1 1825 0.0754944160678492 3
1 1826 0.08173658526384656 3
1 1827 0.019712538814280638 3
1 1828 4279105.8470469825 3
1 1829 0.02261807506741237 3
1 1830 0.0979876880976923 3
1 1831 0.050908403230736136 3
1 1832 0.03535013941165365 3
1 1833 0.029507015442331724 3
1 1834 0.11718022108650288 3
1 1835 0.10803213622282876 3
1 1836 0.04369285034387343 3
1 1837 0.028785640525957907 3
1 1838 0.06675898408791514 3
1 1839 0.3316536105547866 3
1 1840 0.01665225549007431 3
1 1841 0.022741158879134478 3
1 1842 7.29699676836215 3
1 1843 0.02431783473615343 3
1 1844 0.024022793917381893 3
1 1845 0.15200028818274988 3
1 1846 0.09579374488441932 3
1 1847 0.24623411170867715 3
1 1848 0.031133166523254905 3
1 1849 0.04486413832082305 3
1 1850 0.06963676820587716 3
1 1851 0.02595275497633807 3
1 1852 0.025548865679180504 3
1 1853 0.10017307706734135 3
1 1854 0.09504259249854169 3
1 1855 0.09109722701386 3
1 1856 0.03659554204464951 3
1 1857 0.032855222536741106 3
1 1858 0.04848391844448971 3
1 1859 0.048963826359756754 3
1 1860 0.27744759290160087 3
1 1861 0.019721505650941534 3
1 1862 0.03496215747213712 3
1 1863 0.03496214432427166 3
1 1864 1163.3909162866896 3
1 1865 0.02788485342399607 3
1 1866 87736724.8905752 3
1 1867 0.12383709281201039 3
1 1868 0.17278271466334097 3
1 1869 0.06914042413687219 3
1 1870 0.06259776623364217 3
1 1871 0.04398899824987245 3
1 1872 0.01988782675058921 3
1 1873 0.05175975510112542 3
1 1874 0.03734193712079186 3
1 1875 0.03734193713205005 3
1 1876 0.1737084909104568 3
1 1877 0.019752368823231517 3
1 1878 0.381202243198355 3
1 1879 0.039675967732837374 3
1 1880 0.08595414279346346 3
1 1881 0.027916681304055762 3
1 1882 0.12282222991370835 3
1 1883 0.02781856236370252 3
1 1884 0.05154997270744921 3
1 1885 0.11511195680499253 3
1 1886 0.12786544747517353 3
1 1887 0.03664460188041951 3
1 1888 0.10621866123706447 3
1 1889 0.07326916345466568 3
1 1890 0.026620439713413768 3
1 1891 0.027741265770404068 3
1 1892 0.06338903355773406 3
1 1893 0.07726939255761564 3
1 1894 0.0944454115499464 3
1 1895 0.08174352189820927 3
1 1896 0.10077464736197586 3
1 1897 0.08016612258700687 3
1 1898 0.028009388252923283 3
1 1899 0.019887826750356944 3
1 1900 0.03873705692494131 3
1 1901 7874.4006422441735 3
1 1902 0.25890217177859587 3
1 1903 0.10255821774428796 3
1 1904 0.049715877351877345 3
1 1905 0.02456598833110326 3
1 1906 0.07523882677803768 3
1 1907 0.03376952465222306 3
1 1908 0.09633246331241027 3
1 1909 0.03126066776996273 3
1 1910 0.11034822146593076 3
1 1911 1.6226275346244745 3
1 1912 0.03982870361331293 3
1 1913 0.03982870361331293 3
1 1914 0.09076956541974045 3
1 1915 0.008354408848471093 3
1 1916 0.020055625082542317 3
1 1917 0.19596106373095173 3
1 1918 0.1089134571672329 3
1 1919 0.03140063005600897 3
1 1920 0.029491366775443704 3
1 1921 0.03797551261926946 3
1 1922 0.02914948161874495 3
1 1923 3465491.4096005047 3
1 1924 0.07399680299361391 3
1 1925 0.04340184084192187 3
1 1926 0.04190201485200701 3
1 1927 0.10735684591978095 3
1 1928 0.35418104058065275 3
1 1929 0.028253103052849164 3
1 1930 0.08001836993882432 3
1 1931 0.10566624560235302 3
1 1932 0.02250568201766714 3
1 1933 0.02614249034995939 3
1 1934 0.07917215141268646 3
1 1935 15435171.555851936 3
1 1936 0.02050024749851855 3
1 1937 0.01970254806000917 3
1 1938 0.04692111443263141 3
1 1939 0.04418172362199452 3
1 1940 0.019727123282326037 3
1 1941 0.02021947151612023 3
1 1942 0.017040311267642844 3
1 1943 312513329.4455432 3
1 1944 0.06008933802153368 3
1 1945 0.009157998178604947 3
1 1946 0.03913480506249374 3
1 1947 0.09689687724981813 3
1 1948 0.04065175338802752 3
1 1949 0.10494796506722961 3
1 1950 7724616.374348362 3
1 1951 0.06505912653257372 3
1 1952 0.02991935027548602 3
1 1953 0.14471909994544657 3
1 1954 0.0401333399785665 3
1 1955 0.06253484028048784 3
1 1956 0.06998320940158058 3
1 1957 10.109159402281236 3
1 1958 27.577310847695006 3
1 1959 1.5194185617189495 3
1 1960 0.02346434429636332 3
1 1961 0.11985858658930221 3
1 1962 0.020500247498938837 3
1 1963 0.07341209343904423 3
1 1964 0.09218581048693812 3
1 1965 0.0921858104884916 3
1 1966 0.028706756343761866 3
1 1967 0.11386735392800229 3
1 1968 0.12827571578248884 3
1 1969 0.04967995584152125 3
1 1970 0.06261042271855898 3
1 1971 0.07870394470566566 3
1 1972 0.028103511462453833 3
1 1973 0.04214730840899777 3
1 1974 0.06615380995833835 3
1 1975 1539392.602377017 3
1 1976 0.04160683071078206 3
1 1977 0.02808305441975504 3
1 1978 0.05651542387490864 3
1 1979 0.04492571365604231 3
1 1980 0.03718913750773321 3
1 1981 0.09895023047846929 3
1 1982 0.04404008423267034 3
1 1983 4279105.8470469825 3
1 1984 0.11574716945293279 3
1 1985 0.027872686041907294 3
1 1986 0.05315465973442118 3
1 1987 0.16378579787587402 3
1 1988 0.13272325478497202 3
1 1989 0.13951031711661047 3
1 1990 0.02949561865621532 3
1 1991 0.02357306699002385 3
1 1992 0.029148635512499906 3
1 1993 0.030659312178518045 3
1 1994 0.039855334663158305 3
1 1995 0.021307267809840894 3
1 1996 0.11675134195506481 3
1 1997 0.021216040297432456 3
1 1998 0.032863305112599876 3
1 1999 0.0302337192890986 3
2 0 0.005826794253666055 3
2 1 0.00835435232612261 3
2 2 0.008354366530051505 3
2 3 0.008354408848471093 3
2 4 0.009157998178604947 3
2 5 0.00943514653199627 3
2 6 0.010320434895896331 3
2 7 0.010502468810452501 3
2 8 0.010656281137630105 3
2 9 0.012099098430151082 3
2 10 0.012099098445753813 3
2 11 0.01209912500705709 3
2 12 0.012099125014506691 3
2 13 0.012261078246464482 3
2 14 0.014162096201315337 3
2 15 0.01662372094643377 3
2 16 0.01665225549007431 3
2 17 0.01665225549007431 3
2 18 0.01665225550188076 3
2 19 0.016652298476521214 3
2 20 0.01665229848300746 3
2 21 0.01665229848300746 3
2 22 0.016652336445063805 3
2 23 0.016762793129067092 3
2 24 0.0170398914957485 3
2 25 0.0170398914957485 3
2 26 0.01703989149912781 3
2 27 0.017040205435208722 3
2 28 0.017040311267642844 3
2 29 0.017040311267642844 3
2 30 0.01841916097380204 3
2 31 0.01872276749273584 3
2 32 0.01872832181695428 3
2 33 0.018878955565696322 3
2 34 0.018881650275377835 3
2 35 0.018881652219923554 3
2 36 0.018881652221904882 3
2 37 0.01888165327096089 3
2 38 0.01888165327096089 3
2 39 0.01905265813846875 3
2 40 0.019052658138762286 3
2 41 0.019206061611384148 3
2 42 0.01929315678502365 3
2 43 0.019293156785173377 3
2 44 0.019293156785315 3
2 45 0.019293156785315 3
2 46 0.01938260175088054 3
2 47 0.01938260175088054 3
2 48 0.019428778364392125 3
2 49 0.019428856664974896 3
2 50 0.019429019410714957 3
2 51 0.019471594763290204 3
2 52 0.01950803571346665 3
2 53 0.019527786755190898 3
2 54 0.019530271255912227 3
2 55 0.019530278028675664 3
2 56 0.019614143418928264 3
2 57 0.01961414347307371 3
2 58 0.01962204874297353 3
2 59 0.01963476432660602 3
2 60 0.019634767766700187 3
2 61 0.019634767766700187 3
2 62 0.019634767766700187 3
2 63 0.019634772951229843 3
2 64 0.019634772951744248 3
2 65 0.019645131176125773 3
2 66 0.01964513118959874 3
2 67 0.019645219748283822 3
2 68 0.019658864424039975 3
2 69 0.01969131697937112 3
2 70 0.01970106681100389 3
2 71 0.01970254806000917 3
2 72 0.01970254806000917 3
2 73 0.01970254806000917 3
2 74 0.019712538814280638 3
2 75 0.01972093995296573 3
2 76 0.019721505650941534 3
2 77 0.019723172637050194 3
2 78 0.019723173334866503 3
2 79 0.019727123282326037 3
2 80 0.01973811240859534 3
2 81 0.019739095245223454 3
2 82 0.019752368584786257 3
2 83 0.019752368823231517 3
2 84 0.019779143252652957 3
2 85 0.019779143304070754 3
2 86 0.019852445417728074 3
2 87 0.019852445955878494 3
2 88 0.019852445955878494 3
2 89 0.019857078880116525 3
2 90 0.019857078880116525 3
2 91 0.019857079016507344 3
2 92 0.019857079016507344 3
2 93 0.019887826750356944 3
2 94 0.01988782675058921 3
2 95 0.019887849986820836 3
2 96 0.020005375127448814 3
2 97 0.020005436563108412 3
2 98 0.020055625082542317 3
2 99 0.020055625082542317 3
2 100 0.020071226265816245 3
2 101 0.02019414121420362 3
2 102 0.02019675399067894 3
2 103 0.020215737019763022 3
2 104 0.02021947151612023 3
2 105 0.020219632565942624 3
2 106 0.020282960916071544 3
2 107 0.020486060510242852 3
2 108 0.020500241894298558 3
2 109 0.02050024749851855 3
2 110 0.020500247498938837 3
2 111 0.020500248999843595 3
2 112 0.020500249000148872 3
2 113 0.020561984471224808 3
2 114 0.02075534322801584 3
2 115 0.020755399988893534 3
2 116 0.020877122050138138 3
2 117 0.020877142082785387 3
2 118 0.020877166738255605 3
2 119 0.02087716674344801 3
2 120 0.02098159293592555 3
2 121 0.02115418621303999 3
2 122 0.021216040297432456 3
2 123 0.021216050299201795 3
2 124 0.021250602782720576 3
2 125 0.021250611085043076 3
2 126 0.0212506110881894 3
2 127 0.021294517955934688 3
2 128 0.021307267809840894 3
2 129 0.021330455274236625 3
2 130 0.021626763497895975 3
2 131 0.021626763497915525 3
2 132 0.021626763756958482 3
2 133 0.021980498336437823 3
2 134 0.022196880109073343 3
2 135 0.02237870123205357 3
2 136 0.022474484443060418 3
2 137 0.022499941730157107 3
2 138 0.02249994294044901 3
2 139 0.02250568200796012 3
2 140 0.02250568200796012 3
2 141 0.02250568201766714 3
2 142 0.02250568201766714 3
2 143 0.022505711896627683 3
2 144 0.02250594384991163 3
2 145 0.022608696723845564 3
2 146 0.02261807506741237 3
2 147 0.02261807506741237 3
2 148 0.02261807506993906 3
2 149 0.022618075070996838 3
2 150 0.022741158879134478 3
2 151 0.02294133988374144 3
2 152 0.022941339885240882 3
2 153 0.022978729184535383 3
2 154 0.022978729184535383 3
2 155 0.022978734217271268 3
2 156 0.023061555242667217 3
2 157 0.023089381929228117 3
2 158 0.023089392057405927 3
2 159 0.02312052420418012 3
2 160 0.023188108446215626 3
2 161 0.023225603715668456 3
2 162 0.023368090712559526 3
2 163 0.023368105196461462 3
2 164 0.02338098860116788 3
2 165 0.023381258624654403 3
2 166 0.02346434429636332 3
2 167 0.023479987997405315 3
2 168 0.023573057365837362 3
2 169 0.02357305837855686 3
2 170 0.02357306698948236 3
2 171 0.02357306699002385 3
2 172 0.02357306699002385 3
2 173 0.023617230526914983 3
2 174 0.02363507984348035 3
2 175 0.023720874990905222 3
2 176 0.023720877176956784 3
2 177 0.023755511901377004 3
2 178 0.023755511901542826 3
2 179 0.023755516726050096 3
2 180 0.023755516726050096 3
2 181 0.02375551672623314 3
2 182 0.023755518250076175 3
2 183 0.023784518373667737 3
2 184 0.023855816535148084 3
2 185 0.023855816536554827 3
2 186 0.023855816536603507 3
2 187 0.023894657394151673 3
2 188 0.02390736623882798 3
2 189 0.0239088378555174 3
2 190 0.02390886029533539 3
2 191 0.02390886029533539 3
2 192 0.023925822325706794 3
2 193 0.024022793352046837 3
2 194 0.024022793796603447 3
2 195 0.024022793917381893 3
2 196 0.024022793917381893 3
2 197 0.02402279391740253 3
2 198 0.024038842228918434 3
2 199 0.024107166115721217 3
2 200 0.019052663611090596 3
2 201 0.01886032518920624 3
2 202 0.07717436464366231 3
2 203 0.0223787012245482 3
2 204 0.019508034178602966 3
2 205 0.019508034428365194 3
2 206 0.0321237138628211 3
2 207 0.0058267942549708905 3
2 208 0.02121604494255205 3
2 209 0.018881652221904882 3
2 210 0.033323411705117344 3
2 211 0.012261083741841695 3
2 212 0.06925676210717094 3
2 213 0.08502714230892822 3
2 214 0.10621864790982687 3
2 215 0.03562572396674073 3
2 216 3032517.6262281546 3
2 217 0.03332341632000161 3
2 218 0.008354366522773967 3
2 219 0.02075534322801584 3
2 220 0.01972278139832376 3
2 221 0.038040342135249254 3
2 222 0.12220727688192179 3
2 223 0.023061541432030916 3
2 224 0.018860314735205917 3
2 225 0.019723172825085282 3
2 226 0.12522687352550144 3
2 227 0.022499942183548772 3
2 228 0.07717436458636451 3
2 229 0.02121604494055806 3
2 230 0.09024381112278931 3
2 231 0.021330448571352904 3
2 232 0.15890886046126484 3
2 233 0.19667090884640342 3
2 234 0.046795089190861686 3
2 235 0.022905536045232586 3
2 236 0.12980091263134177 3
2 237 0.1946312718578179 3
2 238 0.021696076739700445 3
2 239 0.03248491111088008 3
2 240 0.0907168429883704 3
2 241 0.09557641728784912 3
2 242 0.07258770741420965 3
2 243 0.02889135094305658 3
2 244 0.1427255805228012 3
2 245 0.12178817956859893 3
2 246 0.12740514772972397 3
2 247 0.17346536860242762 3
2 248 0.07919265004590759 3
2 249 0.020755399988893534 3
2 250 666052.3801067102 3
2 251 0.005826794253666055 3
2 252 0.04683106516376305 3
2 253 0.0393626317958154 3
2 254 0.010320434895896331 3
2 255 0.02098164377536703 3
2 256 0.016652336445063805 3
2 257 0.01676290213581024 3
2 258 0.016652336457389463 3
2 259 0.019382608335973966 3
2 260 3330.5003019764945 3
2 261 0.0312861073633869 3
2 262 0.0192931567852222 3
2 263 0.02422082256483547 3
2 264 0.07717419699237864 3
2 265 0.07717419699237864 3
2 266 0.019695980887565332 3
2 267 0.01969600357999054 3
2 268 0.12088910480044171 3
2 269 0.0729636271292521 3
2 270 0.12619147992160906 3
2 271 0.019720936737418558 3
2 272 0.01209912500705709 3
2 273 0.07557616532272289 3
2 274 0.0745504619185458 3
2 275 0.047925733222140374 3
2 276 0.21244725754188024 3
2 277 0.11059471747441411 3
2 278 0.018881652219923554 3
2 279 0.02338138070190699 3
2 280 0.01970132173528904 3
2 281 0.019052663611090596 3
2 282 0.031580816231348036 3
2 283 0.010502468811229527 3
2 284 0.009435146532107957 3
2 285 0.028785640525957907 3
2 286 0.06398399551391065 3
2 287 0.08741732249056144 3
2 288 0.019723172825085282 3
2 289 0.46803087808266347 3
2 290 0.019779143265322034 3
2 291 0.04967802192734749 3
2 292 0.019803707430403283 3
2 293 0.019530271255808727 3
2 294 0.023479847520577007 3
2 295 0.010320447345190841 3
2 296 0.13172047880804713 3
2 297 0.019702548060115222 3
2 298 0.10840407499630604 3
2 299 0.019702548060115222 3
2 300 0.9267377862773821 3
2 301 18256230.21220805 3
2 302 0.05167988077798734 3
2 303 0.03737313026572161 3
2 304 0.023755511901377004 3
2 305 0.15780421043483328 3
2 306 0.02889135094305658 3
2 307 0.02891651153823859 3
2 308 0.029716150797902914 3
2 309 0.028869800708583422 3
2 310 0.025316931554792855 3
2 311 0.02005563426449211 3
2 312 0.00835435232612261 3
2 313 0.0435239326509758 3
2 314 0.019702548060115222 3
2 315 0.010320434896757475 3
2 316 0.016715020524901286 3
2 317 0.02891651153823859 3
2 318 0.07717435495332099 3
2 319 0.02075534322801584 3
2 320 0.020755359333784494 3
2 321 0.02075534322801584 3
2 322 0.01974159939282876 3
2 323 0.01970254806000917 3
2 324 0.010320447340098451 3
2 325 0.010656281137630105 3
2 326 0.020755359333784494 3
2 327 0.02771414213469176 3
2 328 0.016762902144900116 3
2 329 0.02891986833604405 3
2 330 0.021250598908036773 3
2 331 0.021294517955934688 3
2 332 0.019634767766700187 3
2 333 0.027591245673281545 3
2 334 0.029345809235729735 3
2 335 0.016715033723435534 3
2 336 0.019293156785315 3
2 337 0.0671407329418549 3
2 338 0.019614143418958542 3
2 339 0.019614143471885243 3
2 340 0.019508034428365194 3
2 341 0.10711461752006321 3
2 342 0.005826831415223406 3
2 343 0.07717419698525253 3
2 344 0.06337474751529419 3
2 345 2.7538772786124044 3
2 346 0.020500248999843595 3
2 347 0.020755343231827053 3
2 348 0.09820843925465862 3
2 349 0.03212377622096397 3
2 350 0.07717419699237864 3
2 351 0.02075535934395785 3
2 352 0.020755343231827053 3
2 353 0.020005375127448814 3
2 354 0.10621863090757959 3
2 355 202878.3430540926 3
2 356 0.10840407417732902 3
2 357 0.02808305441975504 3
2 358 0.005826822878644711 3
2 359 0.03243662228637068 3
2 360 0.10215616957690077 3
2 361 0.15173112452317428 3
2 362 0.07919231350345911 3
2 363 0.07919231327641983 3
2 364 0.009157998178583203 3
2 365 0.012099125014506691 3
2 366 0.049314656262519845 3
2 367 0.049314656262519845 3
2 368 0.026620439713573033 3
2 369 0.01665229848300746 3
2 370 0.047446712578737685 3
2 371 0.10178656599895705 3
2 372 0.01970132173528904 3
2 373 0.016652336445063805 3
2 374 0.0448641383167404 3
2 375 0.09820843927141702 3
2 376 0.02808296183949028 3
2 377 0.023534802880236603 3
2 378 0.01929315678502365 3
2 379 22303462.248117466 3
2 380 0.025931269954891367 3
2 381 22304840.8548905 3
2 382 0.07760387600463958 3
2 383 0.051459623528188045 3
2 384 0.02075534322801584 3
2 385 0.0746425678091081 3
2 386 0.13951031711661047 3
2 387 0.016652336457389463 3
2 388 0.0314363217599256 3
2 389 0.005826822878644711 3
2 390 0.018881652221904882 3
2 391 0.018881653271181093 3
2 392 0.10862114410361903 3
2 393 0.025438026554894192 3
2 394 0.008354366522773967 3
2 395 0.012261086210286843 3
2 396 0.021294517948643548 3
2 397 0.016715020524901286 3
2 398 0.010320434895896331 3
2 399 0.02808305441975504 3
2 400 0.01988787368487523 3
2 401 0.0450974621376932 3
2 402 0.0501413114660955 3
2 403 0.09359336924748252 3
2 404 0.03224609693275875 3
2 405 0.010320447340098451 3
2 406 0.01665225549007431 3
2 407 0.016652336445063805 3
2 408 0.019721501306472645 3
2 409 0.08601208523640631 3
2 410 0.08312041823390899 3
2 411 0.08193264426396397 3
2 412 0.026182212548572524 3
2 413 0.09798915031454465 3
2 414 0.024673578760979534 3
2 415 0.02889135072981485 3
2 416 0.07013555402175617 3
2 417 0.13891949560735714 3
2 418 0.13307927400138275 3
2 419 0.1330792740016864 3
2 420 0.02667015567766798 3
2 421 0.09641781814830754 3
2 422 0.12519719965426224 3
2 423 0.03966514670037281 3
2 424 0.020148426897268645 3
2 425 0.019382608335973966 3
2 426 0.18222924984687655 3
2 427 0.020013979036775185 3
2 428 0.019634767766700187 3
2 429 0.039675967732837374 3
2 430 0.10711461614800265 3
2 431 0.016623720946171962 3
2 432 0.02891986833604405 3
2 433 0.19484472239373543 3
2 434 0.021250602782720576 3
2 435 0.03898548271261447 3
2 436 0.043035836191363766 3
2 437 0.025794832482795526 3
2 438 0.020055625081012322 3
2 439 0.02446024858193674 3
2 440 0.0445258347815163 3
2 441 0.019570702955564772 3
2 442 0.07708670282431518 3
2 443 0.01209912500705709 3
2 444 0.06554003334093332 3
2 445 0.033903444263126956 3
2 446 0.13892335757788266 3
2 447 0.019382596608065746 3
2 448 0.20347291961759228 3
2 449 0.1773745323505601 3
2 450 0.07231348723213205 3
2 451 0.018722767491721005 3
2 452 0.028105868137671075 3
2 453 0.0981372809121365 3
2 454 0.0233153053187532 3
2 455 0.027572033784299958 3
2 456 0.020755343231827053 3
2 457 0.019723172825085282 3
2 458 0.020055623308994748 3
2 459 0.020500248999843595 3
2 460 0.020005436563108412 3
2 461 0.02075534322801584 3
2 462 0.03711085268301578 3
2 463 0.08422561472139908 3
2 464 0.009157997931395892 3
2 465 0.008354366522773967 3
2 466 0.07180704066768422 3
2 467 0.07644379211415585 3
2 468 0.02198048664280042 3
2 469 0.020500241894298558 3
2 470 0.08916751390683514 3
2 471 0.08914731855799102 3
2 472 0.008354366522773967 3
2 473 0.07717436464366231 3
2 474 0.08311119518480475 3
2 475 0.08079518161895806 3
2 476 0.023617306451112215 3
2 477 0.13523476497896197 3
2 478 0.019634767766700187 3
2 479 0.019634767766179843 3
2 480 0.019887826750356944 3
2 481 0.07717435495332099 3
2 482 0.023381380731169594 3
2 483 0.029148635512499906 3
2 484 0.01972317263695147 3
2 485 0.021343059021400847 3
2 486 0.05383473769792869 3
2 487 0.012261086210286843 3
2 488 0.03797545393876454 3
2 489 0.058490475401285554 3
2 490 0.13950908394622852 3
2 491 0.12421387466302494 3
2 492 0.0192931567852222 3
2 493 0.019293156784919326 3
2 494 0.010502477213881704 3
2 495 0.018881650279844776 3
2 496 0.7314105755039735 3
2 497 0.02415404624083025 3
2 498 0.033903444263126956 3
2 499 0.01970254806000917 3
2 500 0.012099098430151082 3
2 501 0.02075539999269082 3
2 502 0.027878250832499802 3
2 503 0.019614143471885243 3
2 504 0.11889063830880146 3
2 505 0.05297481793347676 3
2 506 0.02005563426449211 3
2 507 0.10071743275627339 3
2 508 0.1281335665240215 3
2 509 0.03809910928027796 3
2 510 0.01962204875453745 3
2 511 0.07576467638227241 3
2 512 0.01970131835977658 3
2 513 0.01970131835977658 3
2 514 0.07938450441639837 3
2 515 0.018881650279844776 3
2 516 0.010320447340098451 3
2 517 0.012099098430151082 3
2 518 0.03144852744791991 3
2 519 0.0639676899640984 3
2 520 0.02870675634211802 3
2 521 0.019701065795703503 3
2 522 0.027848978938477646 3
2 523 0.019634772951229843 3
2 524 0.019691316980029933 3
2 525 0.06984681697301551 3
2 526 0.01665225550188076 3
2 527 0.04582259849659531 3
2 528 0.12527408557857125 3
2 529 0.02056198480319671 3
2 530 0.033903444263126956 3
2 531 0.15173155353250825 3
2 532 0.0321237138628211 3
2 533 0.021330448571393545 3
2 534 0.028674033486052897 3
2 535 0.10841310992461564 3
2 536 0.020219471511301854 3
2 537 0.054993135440213725 3
2 538 0.09896352599717004 3
2 539 0.008354366522773967 3
2 540 0.03561167166355321 3
2 541 0.019704038231284245 3
2 542 0.008354352327464476 3
2 543 0.0058267942549708905 3
2 544 0.033863549161426705 3
2 545 0.10880470394658327 3
2 546 0.01970132173528904 3
2 547 0.019428778358322768 3
2 548 0.029502267680283297 3
2 549 0.06916406215448921 3
2 550 0.0170398914957485 3
2 551 0.008354352327464476 3
2 552 0.016623720946825224 3
2 553 0.07398950868122041 3
2 554 0.01676290213581024 3
2 555 0.09024766806306311 3
2 556 0.020219471511301854 3
2 557 0.01970254806000917 3
2 558 0.019508034428338778 3
2 559 0.05654671659038774 3
2 560 0.01952774093692503 3
2 561 0.02883711279849926 3
2 562 0.005826822878644711 3
2 563 0.012261086210707239 3
2 564 0.01676290213581024 3
2 565 0.01665229848300746 3
2 566 0.4865758894690505 3
2 567 0.027222945112291033 3
2 568 0.017040205426637024 3
2 569 0.08131270173827491 3
2 570 0.020215756841636165 3
2 571 0.06755363859721418 3
2 572 0.01665229848300746 3
2 573 0.02662043635287446 3
2 574 0.1232203279006397 3
2 575 0.019634772951229843 3
2 576 0.0277145450802915 3
2 577 0.02130726290304859 3
2 578 0.07650301508425185 3
2 579 0.027572014177537615 3
2 580 0.019527729094946173 3
2 581 0.019614143418958542 3
2 582 0.005826822878644711 3
2 583 0.07717436458636451 3
2 584 0.019712287232475638 3
2 585 0.01209912500705709 3
2 586 0.010320434895896331 3
2 587 0.018881652221904882 3
2 588 0.14112192936628568 3
2 589 0.11967385626411765 3
2 590 0.025262616843758127 3
2 591 0.019887849988478302 3
2 592 0.14129324048869607 3
2 593 0.025548865679180504 3
2 594 0.0058268228798436655 3
2 595 0.019726252074415182 3
2 596 0.021696127767203244 3
2 597 0.034664769240094734 3
2 598 0.08079519571045722 3
2 599 0.08079518169877538 3
2 600 0.019634772951744248 3
2 601 0.03966514670037281 3
2 602 0.005826794253666055 3
2 603 0.01665225550188076 3
2 604 0.027591245673219106 3
2 605 0.005826794253666055 3
2 606 0.010656281137630105 3
2 607 0.018722769603445575 3
2 608 0.02018311771684548 3
2 609 1.7234668196394063 3
2 610 0.019508034428365194 3
2 611 0.005826831415223406 3
2 612 0.01972093673824029 3
2 613 0.03610522404926874 3
2 614 0.04503338381222467 3
2 615 0.01950803571346665 3
2 616 0.03143522550296988 3
2 617 0.17677648685815137 3
2 618 0.058236105412999783 3
2 619 0.029495618907253465 3
2 620 0.10881141935969894 3
2 621 0.019614151443018864 3
2 622 0.12029606370185779 3
2 623 0.03213573032531573 3
2 624 0.0212506110881894 3
2 625 0.023089381929228117 3
2 626 0.07426655080553492 3
2 627 0.02357306698948236 3
2 628 0.01970937383477089 3
2 629 0.061901097252276806 3
2 630 0.08882776733042222 3
2 631 0.10857464971268688 3
2 632 0.023417284928747728 3
2 633 0.019852445955878494 3
2 634 0.08296519617726332 3
2 635 0.010320453872941714 3
2 636 0.08151909017103041 3
2 637 0.0188603147352061 3
2 638 0.018860325931010672 3
2 639 0.019634772951744248 3
2 640 0.032135730212605816 3
2 641 0.030199085267218644 3
2 642 0.0058267942549708905 3
2 643 0.030280653033571553 3
2 644 0.035490622277409796 3
2 645 0.07994605740996856 3
2 646 0.03143522550296988 3
2 647 0.03856287588413631 3
2 648 0.019429019378161484 3
2 649 0.03468163236358464 3
2 650 0.11521815977936939 3
2 651 0.04863394224716538 3
2 652 0.08314892909138419 3
2 653 0.027125705947296106 3
2 654 0.020194156413296502 3
2 655 0.019704038231284245 3
2 656 0.01965886439291357 3
2 657 0.02121604494055806 3
2 658 0.04062347793866866 3
2 659 0.032922715185970654 3
2 660 0.10621864790984956 3
2 661 0.10621864790982687 3
2 662 0.019852445955841964 3
2 663 0.10621866123706447 3
2 664 0.33531007298932614 3
2 665 0.03061218645802333 3
2 666 0.019527729095541603 3
2 667 0.027878240559723884 3
2 668 0.018722769603445575 3
2 669 0.031671939485661035 3
2 670 0.019634772951229843 3
2 671 0.0853534162556662 3
2 672 5662.126283932181 3
2 673 0.07717436464366231 3
2 674 0.019702548060115222 3
2 675 0.051679904481702676 3
2 676 0.01704031127485634 3
2 677 0.0839338248786752 3
2 678 0.01950803571347117 3
2 679 0.07717435490853543 3
2 680 0.12527408557857125 3
2 681 0.01966496847827741 3
2 682 0.024627220932759344 3
2 683 0.020877122050138138 3
2 684 0.023417283052042916 3
2 685 0.11823032446913495 3
2 686 0.08097354737508314 3
2 687 0.005826822878644711 3
2 688 0.033863549161426705 3
2 689 0.027572014177537615 3
2 690 0.02098168535728126 3
2 691 0.07557614183784259 3
2 692 0.04679508795230455 3
2 693 0.0698056736645919 3
2 694 0.019722781398261027 3
2 695 0.40200937489056726 3
2 696 0.019702548060115222 3
2 697 0.10840407499630604 3
2 698 0.019634767766179843 3
2 699 0.01970106681100389 3
2 700 0.03348562416295584 3
2 701 0.04582272325108164 3
2 702 0.07068436022389615 3
2 703 0.02787825083243098 3
2 704 0.009157999472349899 3
2 705 0.009157998178604947 3
2 706 0.07155978562406062 3
2 707 0.019634767766179843 3
2 708 0.17137402102516505 3
2 709 0.01988782675058921 3
2 710 0.06460963574366374 3
2 711 0.01970254806000917 3
2 712 0.0791926497130014 3
2 713 0.04459044914239147 3
2 714 0.03718739943886675 3
2 715 0.025449487886709938 3
2 716 0.03010062493004935 3
2 717 0.030100636723386857 3
2 718 0.018860325931010672 3
2 719 0.01970254806000917 3
2 720 0.020020584090612744 3
2 721 0.01676290213581024 3
2 722 0.019293156784919326 3
2 723 0.06554003334112404 3
2 724 0.04554551885592832 3
2 725 0.02667015587440189 3
2 726 0.1024191556394317 3
2 727 1.0268157419136663 3
2 728 0.02964486080659315 3
2 729 0.019634767766700187 3
2 730 0.008354366530051505 3
2 731 0.01962202760704264 3
2 732 0.027684890040865467 3
2 733 0.030987787359274103 3
2 734 0.021216040297432456 3
2 735 0.09307757937266846 3
2 736 0.01972093668940229 3
2 737 0.03610522404926874 3
2 738 0.02115420709500595 3
2 739 1327740.755738049 3
2 740 0.019701065795703503 3
2 741 0.04110961721279508 3
2 742 0.01662372094682183 3
2 743 29144370.437728215 3
2 744 0.026620439713413768 3
2 745 0.010320447345190841 3
2 746 0.028837114137130276 3
2 747 0.02905940602317357 3
2 748 0.0742665509361314 3
2 749 0.07455046192107727 3
2 750 0.19274064773045227 3
2 751 0.05747560116732181 3
2 752 0.02891651153823859 3
2 753 0.02281471441175927 3
2 754 0.11428501611580165 3
2 755 0.17114892228040632 3
2 756 0.01704031127485634 3
2 757 0.027125710432698086 3
2 758 0.021216040297432456 3
2 759 1.192238671082933 3
2 760 0.10072349542774409 3
2 761 0.020590731860367993 3
2 762 0.025437344192762435 3
2 763 0.06493161013386459 3
2 764 0.09242976265299951 3
2 765 0.019721504424531675 3
2 766 0.09627172530275661 3
2 767 0.022814711085784183 3
2 768 6.3814037158617625 3
2 769 0.02835112481031912 3
2 770 0.019634767766179843 3
2 771 0.0314363217599256 3
2 772 0.018881652221904882 3
2 773 0.07644391556912544 3
2 774 0.10072349515235852 3
2 775 0.10072405527434446 3
2 776 0.019887849986820836 3
2 777 0.02019675399067894 3
2 778 0.028007962617976803 3
2 779 0.1959610637271123 3
2 780 0.09076956533347633 3
2 781 0.03285518288193303 3
2 782 0.1422813964298543 3
2 783 0.07585060831892758 3
2 784 0.03018626436505365 3
2 785 0.03136242896108133 3
2 786 0.09076618200767034 3
2 787 0.08296498838263609 3
2 788 0.08860862585957731 3
2 789 0.04013327996362678 3
2 790 0.019779143253132504 3
2 791 0.05407557604902382 3
2 792 0.01980370742351425 3
2 793 0.1232203279006397 3
2 794 0.01665225549007431 3
2 795 0.017040205426637024 3
2 796 0.232598147181283 3
2 797 0.23259323339495108 3
2 798 0.029495618656200616 3
2 799 0.019634767766179843 3
2 800 0.008354408828833327 3
2 801 0.0058267942549708905 3
2 802 0.029495618656200616 3
2 803 0.08256421091479992 3
2 804 0.019739095244771094 3
2 805 0.0787821366114626 3
2 806 0.0530141696539267 3
2 807 0.05301418820305387 3
2 808 0.37511452367825915 3
2 809 0.020755343231827053 3
2 810 0.08079519572072454 3
2 811 0.01962204875453745 3
2 812 0.012261086210286843 3
2 813 0.0630375783507925 3
2 814 0.01671503206572714 3
2 815 0.01962204875453745 3
2 816 0.1274051477439577 3
2 817 0.02408970102242074 3
2 818 0.01665229848300746 3
2 819 0.016652336445063805 3
2 820 0.03965639518345699 3
2 821 0.020877142082785387 3
2 822 0.022899135670914485 3
2 823 0.02934590707273451 3
2 824 0.03848501945208754 3
2 825 0.019738112409620347 3
2 826 0.12322032790086968 3
2 827 0.023479987997405315 3
2 828 0.029385431011068358 3
2 829 0.020219632570005055 3
2 830 0.012099098445753813 3
2 831 0.058490475401285554 3
2 832 0.1617491605935542 3
2 833 0.16175003260132262 3
2 834 0.020401873310507274 3
2 835 0.012099003975393215 3
2 836 0.01970132173528904 3
2 837 0.01065630579050087 3
2 838 0.016762793129067092 3
2 839 0.1959610637271123 3
2 840 0.019206061611384148 3
2 841 0.03212377622096397 3
2 842 0.019887873683425296 3
2 843 0.020500248999843595 3
2 844 0.016762807543980927 3
2 845 0.06763629207556895 3
2 846 0.01929315678502365 3
2 847 0.019691316980029933 3
2 848 0.0192060461377954 3
2 849 0.0841498801362595 3
2 850 0.016623720946171684 3
2 851 0.01662372094623931 3
2 852 0.018881653271181093 3
2 853 0.018881650275377835 3
2 854 0.030659363710155037 3
2 855 0.01872276960365549 3
2 856 0.08882776732811201 3
2 857 0.06667178449977579 3
2 858 0.02075539999269082 3
2 859 0.008354408828833327 3
2 860 1327740.8009201868 3
2 861 0.07557621466674228 3
2 862 0.03167193948521011 3
2 863 0.01962201695485866 3
2 864 0.05987204776012578 3
2 865 0.033901684953782076 3
2 866 0.01872276962589022 3
2 867 0.01872276960365549 3
2 868 0.01942885665293641 3
2 869 0.008354408848471093 3
2 870 0.009310593083167396 3
2 871 0.019645131176125773 3
2 872 0.02184440456427108 3
2 873 0.010320434895896331 3
2 874 0.07464248493469128 3
2 875 0.016762807543980927 3
2 876 0.06528184297634139 3
2 877 0.02075539999269082 3
2 878 0.06252486096474842 3
2 879 0.019570702139815162 3
2 880 0.01972317333484051 3
2 881 0.0979891632430581 3
2 882 0.021122695945630234 3
2 883 0.01721562703344452 3
2 884 0.13381757380647788 3
2 885 0.019177281851155432 3
2 886 0.014162096201315302 3
2 887 0.010502477213881704 3
2 888 0.02357306699002385 3
2 889 0.01970132173528904 3
2 890 0.07013604959147947 3
2 891 0.021330446802224796 3
2 892 0.01950803571346665 3
2 893 0.01209912500705709 3
2 894 0.016652336445063805 3
2 895 0.11059471747441411 3
2 896 0.028869788373540588 3
2 897 0.047654944959471666 3
2 898 0.009157999472349899 3
2 899 0.01209900397485124 3
2 900 2735.6993464773273 3
2 901 0.0198524464826572 3
2 902 0.14297648205049882 3
2 903 0.14297648202633456 3
2 904 0.01665225549007431 3
2 905 0.07068430923380502 3
2 906 0.019634767766179843 3
2 907 0.019614151443018864 3
2 908 0.023120524206974136 3
2 909 0.132430634038873 3
2 910 0.036212982307817145 3
2 911 0.012099003975393215 3
2 912 0.08821831467532038 3
2 913 0.107160107995318 3
2 914 0.032421840600509226 3
2 915 0.03356755422731701 3
2 916 0.026620436353090242 3
2 917 0.032135730212605816 3
2 918 0.019634767766700187 3
2 919 0.018878956358947558 3
2 920 0.04624051206787846 3
2 921 0.04624051206787846 3
2 922 0.018878956358947558 3
2 923 0.005826822878644711 3
2 924 0.031436322284280394 3
2 925 0.03143522550296988 3
2 926 82339.02137695653 3
2 927 0.03010064596933417 3
2 928 0.08079519572072454 3
2 929 0.08079519571045722 3
2 930 0.12816148564143764 3
2 931 0.1273157545772143 3
2 932 0.06084553337181737 3
2 933 0.016652336445063805 3
2 934 0.020055623310451447 3
2 935 0.07068430923380502 3
2 936 0.07455046219836345 3
2 937 29144370.437737014 3
2 938 0.05847342696632245 3
2 939 0.08079519571045722 3
2 940 0.03143522566449361 3
2 941 0.019634772951229843 3
2 942 0.01962202760704264 3
2 943 0.01704031127485634 3
2 944 0.1324619931683083 3
2 945 0.019052661208590657 3
2 946 0.0987105829380304 3
2 947 0.04141281614607779 3
2 948 0.029716150797902914 3
2 949 0.033903444263126956 3
2 950 0.01957070295561311 3
2 951 31994812.305737503 3
2 952 0.03143522566449361 3
2 953 0.0632364224652331 3
2 954 0.005826831415223406 3
2 955 0.03542912363168129 3
2 956 0.01972317263695147 3
2 957 0.01972278136779932 3
2 958 0.009435146532551604 3
2 959 0.00929210564673174 3
2 960 0.08542371812039026 3
2 961 0.08542236130676084 3
2 962 371567.68262167723 3
2 963 0.019852445955878494 3
2 964 0.06337474751603255 3
2 965 0.05987204776012756 3
2 966 0.01671503206572714 3
2 967 2695568.315123493 3
2 968 0.2251739246073061 3
2 969 0.023824199206247787 3
2 970 0.019634772951229843 3
2 971 0.02577775291841155 3
2 972 0.09307757937198265 3
2 973 0.0398642535601392 3
2 974 0.01985707894729471 3
2 975 0.03213573032531573 3
2 976 0.0634759330508497 3
2 977 0.012099003975393215 3
2 978 0.01209900397485124 3
2 979 0.012099098445753813 3
2 980 0.008354408848471093 3
2 981 0.028007944698668644 3
2 982 0.07800138470490928 3
2 983 0.018860314735205917 3
2 984 0.019720936737418558 3
2 985 0.143278408647932 3
2 986 0.028007944698668644 3
2 987 0.01950803571347117 3
2 988 0.027591245673281545 3
2 989 0.019634767766179843 3
2 990 0.05745748051056497 3
2 991 0.04242974945978331 3
2 992 0.016762902144900116 3
2 993 0.01964507479419914 3
2 994 0.019702548060115222 3
2 995 0.01970254806000917 3
2 996 0.019723172637050194 3
2 997 0.019622027608196257 3
2 998 0.05382186159779165 3
2 999 0.053821861609007635 3
2 1000 0.06001508992867949 3
2 1001 0.029345870264308186 3
2 1002 0.019508034428365194 3
2 1003 0.019508034178673302 3
2 1004 0.028007962617976803 3
2 1005 0.02075535934395785 3
2 1006 0.005826831414126716 3
2 1007 0.016715032066665293 3
2 1008 0.020055634263407805 3
2 1009 0.020055623308994748 3
2 1010 0.08318771798146199 3
2 1011 0.12954021482278158 3
2 1012 0.076443548284994 3
2 1013 0.01872276749273584 3
2 1014 0.017040205435208722 3
2 1015 0.02889135072981485 3
2 1016 0.020590793926732166 3
2 1017 0.07018038666335696 3
2 1018 0.01962201695448275 3
2 1019 0.01962201695448275 3
2 1020 0.018722769625885163 3
2 1021 0.08311125071748142 3
2 1022 0.06714073295390667 3
2 1023 0.06337474751603255 3
2 1024 0.1202388750988867 3
2 1025 0.030393823093133557 3
2 1026 0.01952774093692503 3
2 1027 0.025794832533423295 3
2 1028 0.019978592449812222 3
2 1029 0.019852445955878494 3
2 1030 0.040447883816050634 3
2 1031 0.05270824933257744 3
2 1032 0.13047263553355581 3
2 1033 0.17851175873687128 3
2 1034 0.019752368823222188 3
2 1035 0.09024766682043162 3
2 1036 1.1669483838790227 3
2 1037 0.02098164377536703 3
2 1038 0.09820911764277124 3
2 1039 0.019752368584786257 3
2 1040 0.028009388252923283 3
2 1041 0.027752678322165884 3
2 1042 16.005331542925227 3
2 1043 0.027878240559723884 3
2 1044 0.018878955826726416 3
2 1045 0.07068436022389615 3
2 1046 0.01704031127485634 3
2 1047 0.13523476497932704 3
2 1048 0.07464213344344703 3
2 1049 0.016652298476521214 3
2 1050 0.07013604954133631 3
2 1051 0.019752368584786257 3
2 1052 0.008354366522773967 3
2 1053 0.01964513118959874 3
2 1054 0.09314329064680604 3
2 1055 0.02889135072981485 3
2 1056 0.01929315678502365 3
2 1057 0.06714073294913939 3
2 1058 0.017040205435208722 3
2 1059 0.0637900431477365 3
2 1060 0.01950803571346665 3
2 1061 0.01972093995296573 3
2 1062 0.019206061610450527 3
2 1063 0.019177281851760188 3
2 1064 0.07708670282431518 3
2 1065 0.02129452555021148 3
2 1066 0.019701065795703503 3
2 1067 0.01970254806000917 3
2 1068 0.028007944698668644 3
2 1069 0.020755343231827053 3
2 1070 0.1394399594987406 3
2 1071 0.01972093673824029 3
2 1072 0.032421840257606 3
2 1073 0.05383473769792869 3
2 1074 0.023061555241924304 3
2 1075 0.12220719656950443 3
2 1076 0.1389233575177961 3
2 1077 0.01905265813846875 3
2 1078 0.029632987923919354 3
2 1079 0.12524146833695318 3
2 1080 0.019702548060115222 3
2 1081 0.020219632564822683 3
2 1082 0.01665229848300746 3
2 1083 0.07717419698525253 3
2 1084 0.01209912500705709 3
2 1085 0.033903444263126956 3
2 1086 0.11485164133533528 3
2 1087 0.02249994294044901 3
2 1088 0.0645668181171069 3
2 1089 0.028894310696398976 3
2 1090 0.01988782675058921 3
2 1091 0.016762793129067092 3
2 1092 0.046679422227526884 3
2 1093 0.039686510671388724 3
2 1094 0.019634767766179843 3
2 1095 0.019978592194581646 3
2 1096 0.023000844552245242 3
2 1097 0.019428856664974896 3
2 1098 0.12847173560625724 3
2 1099 0.1488471118397446 3
2 1100 0.12403031405623068 3
2 1101 0.008354366522773967 3
2 1102 0.021626763497915525 3
2 1103 0.021626763756958482 3
2 1104 0.02662043949247207 3
2 1105 0.12740514772972397 3
2 1106 0.01050247668645024 3
2 1107 0.03966508220396536 3
2 1108 0.012099003975393215 3
2 1109 0.012099003975393215 3
2 1110 0.08001836988359241 3
2 1111 0.03136242896108133 3
2 1112 0.05073705885490151 3
2 1113 0.08079518161895806 3
2 1114 0.01665225550188076 3
2 1115 0.020005412640287146 3
2 1116 0.033863549161426705 3
2 1117 0.01872276960365549 3
2 1118 0.04624051206787846 3
2 1119 0.17031061024863642 3
2 1120 0.11686519130125511 3
2 1121 0.09307757820382123 3
2 1122 0.017040205435208722 3
2 1123 0.017040311267642844 3
2 1124 0.12740441601174582 3
2 1125 0.01970254806000917 3
2 1126 0.027572022585404407 3
2 1127 1.036629720185989 3
2 1128 0.08079579156354608 3
2 1129 0.017040205426637024 3
2 1130 0.02300084571524927 3
2 1131 0.022338775354685925 3
2 1132 0.20917914926124023 3
2 1133 0.16536757628969717 3
2 1134 0.022978732056516758 3
2 1135 0.04486413832082305 3
2 1136 0.01671503206572714 3
2 1137 0.07447141776141378 3
2 1138 0.019738499679152276 3
2 1139 0.02075534322801584 3
2 1140 0.022899135670914485 3
2 1141 0.13595400434690283 3
2 1142 0.014162096201315272 3
2 1143 0.009157998178604947 3
2 1144 0.02338138070190699 3
2 1145 0.10392505701627894 3
2 1146 0.03430364436862895 3
2 1147 0.034303620948852996 3
2 1148 0.01942885665293641 3
2 1149 0.03468163236304345 3
2 1150 0.008354408828833327 3
2 1151 0.01970132173528904 3
2 1152 0.01209900397485124 3
2 1153 0.01970106681100389 3
2 1154 0.0106562811396388 3
2 1155 19.580903742522267 3
2 1156 0.07557614204518245 3
2 1157 0.07557616532272289 3
2 1158 0.01665229848300746 3
2 1159 0.01665225549007431 3
2 1160 0.014162096201315267 3
2 1161 0.012261086210707239 3
2 1162 0.02075534322801584 3
2 1163 0.019703494433999255 3
2 1164 0.12475063209238987 3
2 1165 0.01703989149912781 3
2 1166 0.09080562160656531 3
2 1167 0.018881652219923554 3
2 1168 0.019779143253132504 3
2 1169 0.03416161476971259 3
2 1170 0.04863394224716538 3
2 1171 0.019645219740223763 3
2 1172 0.11249538480406247 3
2 1173 0.02075535934395785 3
2 1174 371567.68143407226 3
2 1175 0.029148635512407935 3
2 1176 0.12740441593947788 3
2 1177 0.12740441593947788 3
2 1178 0.018881652219923554 3
2 1179 0.076443548284994 3
2 1180 0.031459629574753324 3
2 1181 0.01961414347307371 3
2 1182 0.020055623308994748 3
2 1183 0.02018311771684548 3
2 1184 0.018860325931010672 3
2 1185 0.024442735914415266 3
2 1186 0.021658067843993326 3
2 1187 0.02048606047931425 3
2 1188 0.065232959201298 3
2 1189 0.01962204875453745 3
2 1190 0.02005563426449211 3
2 1191 0.07464256776517834 3
2 1192 0.01962202760704264 3
2 1193 0.019712538814327725 3
2 1194 0.023925822325706794 3
2 1195 0.02098168535368241 3
2 1196 0.01872824467504902 3
2 1197 0.06884722478171128 3
2 1198 0.02014841013023477 3
2 1199 0.019508034178673302 3
2 1200 0.04009410481355136 3
2 1201 0.019738145660488503 3
2 1202 0.01209912500705709 3
2 1203 0.020877142082785387 3
2 1204 0.019206019064401034 3
2 1205 0.0192060461377954 3
2 1206 0.02087716674344801 3
2 1207 0.039381041793021626 3
2 1208 0.01970106681100389 3
2 1209 0.005826831415223406 3
2 1210 0.008354408848471093 3
2 1211 0.028082962159708427 3
2 1212 0.01970254806000917 3
2 1213 0.01950803571347117 3
2 1214 0.025939100644721394 3
2 1215 0.019702548060115222 3
2 1216 0.08332924163475289 3
2 1217 0.018722769625885163 3
2 1218 0.01970254806000917 3
2 1219 0.018722769625885163 3
2 1220 1327770.4143033065 3
2 1221 3032517.6262281546 3
2 1222 0.08305509462542487 3
2 1223 0.0841500807617107 3
2 1224 0.12213187223583319 3
2 1225 0.13987967490736608 3
2 1226 0.08914731855799102 3
2 1227 0.08906324249990305 3
2 1228 0.17220777013035626 3
2 1229 0.03384785654606959 3
2 1230 0.01872276962589022 3
2 1231 0.07938450439540082 3
2 1232 0.01872276960365549 3
2 1233 0.02949562001432335 3
2 1234 0.0192060461377954 3
2 1235 0.008354408828833327 3
2 1236 0.02891986833604405 3
2 1237 0.08743402047147568 3
2 1238 0.019634772951744248 3
2 1239 0.0604167272200725 3
2 1240 0.019614151442928007 3
2 1241 0.07426452489561762 3
2 1242 0.020500248999843595 3
2 1243 0.018881650279844776 3
2 1244 0.016762902144900116 3
2 1245 0.07125638688517737 3
2 1246 29144370.437728215 3
2 1247 0.08868825079653297 3
2 1248 0.027899582308679286 3
2 1249 40675331.24808969 3
2 1250 0.019702548060115222 3
2 1251 0.008354366522773967 3
2 1252 0.01704031127485634 3
2 1253 0.02883715491399067 3
2 1254 0.019614143418958542 3
2 1255 4.323698622367511 3
2 1256 0.019622027608196257 3
2 1257 0.08079579167348082 3
2 1258 0.05362374307280968 3
2 1259 0.028103511463960677 3
2 1260 0.08950919107987465 3
2 1261 0.019852445417728074 3
2 1262 0.031285793097625636 3
2 1263 0.019382608334724806 3
2 1264 0.13172047851498628 3
2 1265 0.10841323490180661 3
2 1266 0.010656305805061751 3
2 1267 0.038929760732553186 3
2 1268 0.019739095245223454 3
2 1269 0.019739095244771094 3
2 1270 0.02949561865621532 3
2 1271 0.07938450440413068 3
2 1272 0.01962201695448275 3
2 1273 10.296012254101793 3
2 1274 0.02318810687510801 3
2 1275 0.019634767766700187 3
2 1276 0.012099003975393215 3
2 1277 0.08296550585003223 3
2 1278 0.10441819260954659 3
2 1279 0.11104731087360972 3
2 1280 0.028838985004414307 3
2 1281 0.019614151442928007 3
2 1282 0.023417280931335653 3
2 1283 0.026806917144335255 3
2 1284 0.03143522550296988 3
2 1285 0.019712538814280638 3
2 1286 0.019723172825085282 3
2 1287 0.07802892052967361 3
2 1288 0.08296519617726332 3
2 1289 0.02019675399067894 3
2 1290 0.10841310992461564 3
2 1291 0.019752368584786257 3
2 1292 0.06128277148167965 3
2 1293 0.033903444263126956 3
2 1294 0.01671503206572714 3
2 1295 0.04679508795230455 3
2 1296 0.09024766806306311 3
2 1297 0.09024766782453217 3
2 1298 0.019052663611279927 3
2 1299 0.018860314735205917 3
2 1300 0.019508034428365194 3
2 1301 0.11735365070032758 3
2 1302 0.07296362717997634 3
2 1303 0.012261078246464482 3
2 1304 0.020148428389485475 3
2 1305 0.11776235292022337 3
2 1306 0.019752368903368362 3
2 1307 0.03213014042173947 3
2 1308 0.012831674823898222 3
2 1309 0.17278270200722687 3
2 1310 0.00835435232612261 3
2 1311 0.03289722507084444 3
2 1312 0.0615539014873236 3
2 1313 0.0716558157795029 3
2 1314 0.012099003975393215 3
2 1315 0.02098168535728126 3
2 1316 0.010502476686511743 3
2 1317 0.00931066769462611 3
2 1318 0.02385989855120454 3
2 1319 0.030682072342682568 3
2 1320 0.01972317263695147 3
2 1321 0.00835435232612261 3
2 1322 0.08296519619972867 3
2 1323 0.028009388252923283 3
2 1324 0.0170398914957485 3
2 1325 0.01988787368487523 3
2 1326 0.023573058378315616 3
2 1327 0.02357306699002385 3
2 1328 0.01872276749273584 3
2 1329 23098.53768217746 3
2 1330 0.04849338061402075 3
2 1331 0.032135730212605816 3
2 1332 0.005826822878644711 3
2 1333 0.10072405533457815 3
2 1334 0.020500248999843595 3
2 1335 0.020500248999843595 3
2 1336 0.012831674823898222 3
2 1337 0.019701065795703503 3
2 1338 0.15629964817924236 3
2 1339 0.1959610637232478 3
2 1340 0.0831489291011072 3
2 1341 0.028105861348981676 3
2 1342 0.13396385864754345 3
2 1343 0.08079518161895806 3
2 1344 0.019857079016511334 3
2 1345 0.01985707894728418 3
2 1346 0.06460963574330993 3
2 1347 0.040072984922213756 3
2 1348 0.10924033166423616 3
2 1349 0.023417283053421546 3
2 1350 0.051679904481702676 3
2 1351 0.10711461662187655 3
2 1352 0.01970675250040069 3
2 1353 0.01950803571346665 3
2 1354 0.019723172825085282 3
2 1355 0.01935816499293741 3
2 1356 0.028009388252923283 3
2 1357 26.397865972476506 3
2 1358 0.07068436022389615 3
2 1359 0.020755359333784494 3
2 1360 0.019722781332983906 3
2 1361 0.018722769625885163 3
2 1362 0.010320453872941714 3
2 1363 0.01209912500705709 3
2 1364 0.020755399988893534 3
2 1365 0.02075534322801584 3
2 1366 0.012099003975393215 3
2 1367 0.010320434896757475 3
2 1368 0.06253484026759801 3
2 1369 0.02087712205349397 3
2 1370 0.019779143253132504 3
2 1371 0.032941618064848 3
2 1372 0.00942705632312022 3
2 1373 0.10840407417732902 3
2 1374 0.02107759370584439 3
2 1375 0.02087712205349397 3
2 1376 0.00835435232612261 3
2 1377 0.019622027608196257 3
2 1378 0.09297737511112524 3
2 1379 0.05154527115430265 3
2 1380 0.08023309584798706 3
2 1381 0.012099098445753813 3
2 1382 0.08496004612066534 3
2 1383 0.046534779159083675 3
2 1384 0.009157998178583203 3
2 1385 0.009157998178604947 3
2 1386 0.07938450439515043 3
2 1387 0.018881652219923554 3
2 1388 0.019614151443018864 3
2 1389 0.02249994294044901 3
2 1390 0.017040205435208722 3
2 1391 0.02891651153851789 3
2 1392 0.02837249595120674 3
2 1393 0.028372529158885457 3
2 1394 0.17220777013035626 3
2 1395 0.1722078370230076 3
2 1396 0.019634772951229843 3
2 1397 0.01970132173528904 3
2 1398 0.04849337694939846 3
2 1399 0.019723172825076556 3
2 1400 0.05337999328127383 3
2 1401 1.1281977912467605 3
2 1402 0.027752639412700845 3
2 1403 0.028009388252923283 3
2 1404 0.019508034178602966 3
2 1405 0.005826794253666055 3
2 1406 0.020755343231827053 3
2 1407 0.016652336445063805 3
2 1408 0.16904633498614333 3
2 1409 0.01942885665293641 3
2 1410 0.01970106681100389 3
2 1411 0.04069529197416728 3
2 1412 0.07717435495332099 3
2 1413 0.03250508312162019 3
2 1414 0.03285522253602089 3
2 1415 0.07717435495332099 3
2 1416 0.038929760732553186 3
2 1417 0.03386354914188514 3
2 1418 0.01942885665293641 3
2 1419 0.08535377351055695 3
2 1420 0.02249994294044901 3
2 1421 0.033710843167997856 3
2 1422 0.028007962617976803 3
2 1423 0.01950803571347117 3
2 1424 0.01665225550188076 3
2 1425 0.07717436458636451 3
2 1426 0.01972860438305826 3
2 1427 0.019634772951229843 3
2 1428 0.019857078880116525 3
2 1429 0.018860325930711713 3
2 1430 0.07076108365458894 3
2 1431 0.008354408848471093 3
2 1432 0.04653600719532286 3
2 1433 0.019645131176125773 3
2 1434 0.010656195953155386 3
2 1435 0.1773999302412676 3
2 1436 0.0853537735344337 3
2 1437 0.023573057365782437 3
2 1438 0.021250598909412513 3
2 1439 0.009157997931306167 3
2 1440 0.005826794253666055 3
2 1441 0.05167988075586834 3
2 1442 0.07717419699237864 3
2 1443 0.01988787368487523 3
2 1444 0.019857079016511334 3
2 1445 0.018860325930711713 3
2 1446 0.08311119519979634 3
2 1447 0.018881650279844776 3
2 1448 0.021330448571393545 3
2 1449 0.08393382487867636 3
2 1450 0.027567112176302283 3
2 1451 0.019429019410714957 3
2 1452 0.02889135094305658 3
2 1453 0.1422813964298543 3
2 1454 0.02454985677713836 3
2 1455 0.0952184012799482 3
2 1456 0.13787766450156125 3
2 1457 0.037170428338032226 3
2 1458 0.008354352327464476 3
2 1459 0.019614151443018864 3
2 1460 0.019852445417728074 3
2 1461 0.02891651153851789 3
2 1462 0.04441764012969663 3
2 1463 0.022899135670513496 3
2 1464 0.023894657394151673 3
2 1465 0.030659363710155037 3
2 1466 0.07557621496807079 3
2 1467 0.020500247498938837 3
2 1468 0.021330446802299063 3
2 1469 0.05456393028352627 3
2 1470 0.06783926288812939 3
2 1471 0.02934580923262786 3
2 1472 0.01985244541770608 3
2 1473 0.03390167648881514 3
2 1474 0.020877142082785387 3
2 1475 0.07240757277109477 3
2 1476 0.01970254806000917 3
2 1477 0.009157999472397751 3
2 1478 0.019857079016511334 3
2 1479 0.0745504619185458 3
2 1480 0.029633101198364476 3
2 1481 0.15225127512644906 3
2 1482 0.08638619672449487 3
2 1483 0.07708522713834855 3
2 1484 0.029485638142738302 3
2 1485 0.1251446347064206 3
2 1486 0.02050024189341297 3
2 1487 0.06357964743515965 3
2 1488 0.03250593328283438 3
2 1489 0.0058268228798436655 3
2 1490 0.07658579941625683 3
2 1491 0.07938450442025523 3
2 1492 0.00835435232612261 3
2 1493 0.019527740937354734 3
2 1494 0.14568096031771885 3
2 1495 0.014162096201315337 3
2 1496 0.08143530647370405 3
2 1497 0.020020833912651016 3
2 1498 270344.82707625395 3
2 1499 0.024442735914335306 3
2 1500 0.02021573811908779 3
2 1501 0.06614706170425723 3
2 1502 0.13523476772873058 3
2 1503 0.08079518169877538 3
2 1504 0.04653600719532286 3
2 1505 0.04654493389361407 3
2 1506 0.0742645252795679 3
2 1507 0.01963476432660602 3
2 1508 0.022499942940441102 3
2 1509 0.022499942183548772 3
2 1510 0.1103115099644226 3
2 1511 0.022978729184535383 3
2 1512 0.008354366522773967 3
2 1513 0.019701065795703503 3
2 1514 0.02787825083243098 3
2 1515 0.023000844552245242 3
2 1516 0.08267442942136762 3
2 1517 0.019702548060115222 3
2 1518 0.08163286599525447 3
2 1519 0.01947292041133944 3
2 1520 0.027901859668193765 3
2 1521 0.0172156270332897 3
2 1522 0.06303735793998537 3
2 1523 0.019710861246848014 3
2 1524 0.02776221706337037 3
2 1525 0.017040205426637024 3
2 1526 0.02944996122747734 3
2 1527 0.02944991315308829 3
2 1528 0.01963476432660602 3
2 1529 0.058490518595468347 3
2 1530 0.02949893245758735 3
2 1531 0.019428778358322768 3
2 1532 0.13226720300659137 3
2 1533 0.018881652221904882 3
2 1534 0.02934580923262786 3
2 1535 0.02087716674344801 3
2 1536 0.10568358366467698 3
2 1537 0.48559230645952206 3
2 1538 0.08552350112784539 3
2 1539 0.01872276749273584 3
2 1540 0.024460248582236867 3
2 1541 0.021352930046650422 3
2 1542 0.02130726290231817 3
2 1543 0.0450974621376932 3
2 1544 0.019887873683425296 3
2 1545 0.020755343231827053 3
2 1546 0.09592902273062207 3
2 1547 0.018722769603445575 3
2 1548 0.06667178449923354 3
2 1549 0.021216050298125698 3
2 1550 0.025437344192302817 3
2 1551 0.03848501044092356 3
2 1552 0.028083079923469513 3
2 1553 0.02891651153823859 3
2 1554 0.08943000186473153 3
2 1555 0.050908403225462785 3
2 1556 0.019614151442928007 3
2 1557 0.01970131835977658 3
2 1558 0.019712538814247157 3
2 1559 0.04161073694056574 3
2 1560 0.030393823091476396 3
2 1561 0.033903444263126956 3
2 1562 0.01665229848300746 3
2 1563 0.01665225549007431 3
2 1564 0.019702548060115222 3
2 1565 0.019429019410714957 3
2 1566 0.02007122444868821 3
2 1567 0.07634138542602419 3
2 1568 0.08346492844838548 3
2 1569 0.07875581628723984 3
2 1570 0.02129453217020349 3
2 1571 0.01963476432660602 3
2 1572 0.021658092232074592 3
2 1573 0.04077629968315666 3
2 1574 0.009207554653768962 3
2 1575 0.010502468810452501 3
2 1576 0.09820911764277124 3
2 1577 0.021330446802299063 3
2 1578 0.01970254806000917 3
2 1579 0.0619184951626298 3
2 1580 0.03967596774547382 3
2 1581 0.005826831415223406 3
2 1582 0.019720936737418558 3
2 1583 0.1252414924124832 3
2 1584 0.0416107734593209 3
2 1585 0.029966935083396134 3
2 1586 0.0195302780278812 3
2 1587 0.019702548060115222 3
2 1588 0.02357233638433152 3
2 1589 0.023908860295151123 3
2 1590 0.023089390567704773 3
2 1591 0.02891986802518637 3
2 1592 0.021250598909412513 3
2 1593 0.11376555467640011 3
2 1594 0.02808307767013804 3
2 1595 0.016715032066665293 3
2 1596 0.019702548060115222 3
2 1597 0.029345870264960532 3
2 1598 0.15173112453061127 3
2 1599 0.034681674333852934 3
2 1600 0.14114896427297627 3
2 1601 0.09988507479216939 3
2 1602 0.016652336445063805 3
2 1603 0.00835435232612261 3
2 1604 371567.68122595834 3
2 1605 0.08256421091479992 3
2 1606 0.022455341679871923 3
2 1607 0.01671503372354671 3
2 1608 0.017040205426637024 3
2 1609 0.08023298601571628 3
2 1610 0.12296373190248645 3
2 1611 0.027848971218032165 3
2 1612 0.018881653271181093 3
2 1613 0.018881650279844776 3
2 1614 0.02121604494055806 3
2 1615 0.02338125859929202 3
2 1616 0.028105868137671075 3
2 1617 0.023906126762462204 3
2 1618 0.019722781333014357 3
2 1619 0.012099003975393215 3
2 1620 0.0275720337850839 3
2 1621 0.02075534322801584 3
2 1622 0.01970254806000917 3
2 1623 0.010320453866858913 3
2 1624 0.03956328511800733 3
2 1625 0.019429019378161484 3
2 1626 0.01985707894728418 3
2 1627 0.0188603147352061 3
2 1628 0.02331835381152131 3
2 1629 0.02559671361523037 3
2 1630 0.12282194732234362 3
2 1631 0.02233877535521927 3
2 1632 0.10072349542774409 3
2 1633 0.07068431773355822 3
2 1634 0.12421387523064319 3
2 1635 0.012099098430151082 3
2 1636 0.13419969078997862 3
2 1637 0.1300101512987253 3
2 1638 0.024154049645540923 3
2 1639 0.024154049645540923 3
2 1640 0.005826831415223406 3
2 1641 0.19596106373732058 3
2 1642 0.010320447345190841 3
2 1643 0.03967596774547382 3
2 1644 0.01942885665293641 3
2 1645 0.018881653271181093 3
2 1646 0.019701065795703503 3
2 1647 0.012831674823898222 3
2 1648 0.019978592194581646 3
2 1649 0.01997859232020456 3
2 1650 0.17062292201130022 3
2 1651 0.08542373135109181 3
2 1652 0.08678288387323627 3
2 1653 0.02864176686010661 3
2 1654 0.02075535934395785 3
2 1655 0.010320434896757475 3
2 1656 0.019206019063374047 3
2 1657 0.020055623310451447 3
2 1658 0.0598720477601272 3
2 1659 0.03250508312162019 3
2 1660 2.753877139748493 3
2 1661 0.019752368584778624 3
2 1662 0.018728323019571815 3
2 1663 0.0058268228798436655 3
2 1664 0.02347984751355735 3
2 1665 0.08535377351055695 3
2 1666 0.016762807543980927 3
2 1667 0.019206019064401034 3
2 1668 0.022474484443060418 3
2 1669 0.02297873421728326 3
2 1670 0.021844404566790328 3
2 1671 0.01972278136779932 3
2 1672 0.016762793129067092 3
2 1673 0.11613644749497432 3
2 1674 0.019702548060115222 3
2 1675 0.012831637477914529 3
2 1676 0.044864145978769726 3
2 1677 0.022978732056627423 3
2 1678 0.07919231327641983 3
2 1679 0.012831637477914529 3
2 1680 0.019722621606085098 3
2 1681 0.019704038231284245 3
2 1682 0.09814170629579705 3
2 1683 0.018722767491721005 3
2 1684 0.026142509968914502 3
2 1685 0.020755343231827053 3
2 1686 0.10840407417732902 3
2 1687 0.01970106681100389 3
2 1688 0.05184930244778847 3
2 1689 0.012261086210286843 3
2 1690 0.029148635512499906 3
2 1691 0.36642392329737555 3
2 1692 29144370.437737014 3
2 1693 0.08324782892191121 3
2 1694 0.03717042836750794 3
2 1695 0.01985707894728418 3
2 1696 0.06887216916538748 3
2 1697 0.08743503427442008 3
2 1698 0.08550633797146188 3
2 1699 0.029385431010632797 3
2 1700 0.04931514061152059 3
2 1701 1.9084831930252562 3
2 1702 0.012099003975393215 3
2 1703 0.08359835525466965 3
2 1704 0.056983190676085885 3
2 1705 0.023368095903955388 3
2 1706 0.00835435232612261 3
2 1707 0.008354366522773967 3
2 1708 0.005826831415223406 3
2 1709 0.008354408848471093 3
2 1710 0.14982465604523618 3
2 1711 0.019293156784919326 3
2 1712 0.019702548060115222 3
2 1713 0.010502477213881704 3
2 1714 0.16850781324002714 3
2 1715 0.07049852183839479 3
2 1716 0.019722798258204163 3
2 1717 0.01872276960365549 3
2 1718 0.5714535124218545 3
2 1719 0.042147472896388385 3
2 1720 0.028007962617976803 3
2 1721 0.01950803571347117 3
2 1722 0.027762860720188097 3
2 1723 0.05073705885490151 3
2 1724 0.08296519619972867 3
2 1725 0.05167988075586834 3
2 1726 0.02949561865621532 3
2 1727 0.01970254806000917 3
2 1728 0.1854284872444307 3
2 1729 0.022474484443060418 3
2 1730 0.019721501306797846 3
2 1731 0.24002139238340228 3
2 1732 0.016652336457389463 3
2 1733 0.023368095903855145 3
2 1734 0.06190109884939788 3
2 1735 0.018722769603445575 3
2 1736 0.021626763497895975 3
2 1737 0.02300084571537781 3
2 1738 0.10402910866432646 3
2 1739 0.027591245673281545 3
2 1740 0.019473418641537316 3
2 1741 0.01947292041133944 3
2 1742 0.01963476432660602 3
2 1743 0.019614151442928007 3
2 1744 0.019722781333014357 3
2 1745 4.869433135728298 3
2 1746 0.1324304147862782 3
2 1747 0.18937070019770066 3
2 1748 0.01964507478388033 3
2 1749 0.10621864790982687 3
2 1750 0.027066406166899124 3
2 1751 0.0671407329418549 3
2 1752 0.026620439713413768 3
2 1753 0.01665225549007431 3
2 1754 0.07250738331928173 3
2 1755 0.09307757820382123 3
2 1756 0.009157998178583203 3
2 1757 0.0531816838183127 3
2 1758 0.01972317333484051 3
2 1759 0.019723172825085282 3
2 1760 0.018881652221904882 3
2 1761 0.018881652221904882 3
2 1762 0.01952774093692503 3
2 1763 0.027752678322165884 3
2 1764 0.019634772951744248 3
2 1765 0.6383244145499883 3
2 1766 0.08296498838263609 3
2 1767 0.08023298601571628 3
2 1768 0.01972278139832376 3
2 1769 0.019852445417728074 3
2 1770 0.010320453866858913 3
2 1771 0.027747670305018773 3
2 1772 0.0221524655081642 3
2 1773 0.01970106681100389 3
2 1774 0.020139556794633473 3
2 1775 0.02013955669001992 3
2 1776 0.11533953682259046 3
2 1777 0.08314892909138419 3
2 1778 0.06622921726392464 3
2 1779 0.05645439626065931 3
2 1780 0.04901129229687451 3
2 1781 0.04992352867244446 3
2 1782 0.030074643000733835 3
2 1783 0.008354366530051505 3
2 1784 0.029966934499866246 3
2 1785 0.04009752453413894 3
2 1786 0.1224875486040468 3
2 1787 0.06667179027594494 3
2 1788 0.0874350351858612 3
2 1789 0.01962201695485866 3
2 1790 0.010502468810452501 3
2 1791 0.13824166649733843 3
2 1792 0.145003553700571 3
2 1793 0.1450035537005192 3
2 1794 0.03856287588413631 3
2 1795 0.019508034428365194 3
2 1796 0.08097352720007245 3
2 1797 0.019527729094946173 3
2 1798 0.009310667698484694 3
2 1799 0.009310592346655818 3
2 1800 0.025432936338942863 3
2 1801 0.02543293703377496 3
2 1802 0.014162096201315272 3
2 1803 0.025316932392951404 3
2 1804 0.04901129229687451 3
2 1805 0.0615539014873236 3
2 1806 0.0757646763785446 3
2 1807 0.11802067817893815 3
2 1808 0.020755399988893534 3
2 1809 0.1260485286847228 3
2 1810 0.01950803571346665 3
2 1811 0.019508034178673302 3
2 1812 0.06084553337181737 3
2 1813 0.03128610733048026 3
2 1814 0.09670974058901392 3
2 1815 0.03136242896108133 3
2 1816 0.024460248592218573 3
2 1817 0.07557614183784259 3
2 1818 0.019738113244585267 3
2 1819 0.01973811324711021 3
2 1820 0.0192931567852222 3
2 1821 0.01929315678502365 3
2 1822 0.029148635512456857 3
2 1823 390191.921973372 3
2 1824 0.01962204874297353 3
2 1825 0.012831799570114832 3
2 1826 0.03250508330162428 3
2 1827 0.018881650275377835 3
2 1828 0.13479237909465955 3
2 1829 0.01962202760704264 3
2 1830 3032927.054354962 3
2 1831 0.039469775888392414 3
2 1832 0.018881650275377835 3
2 1833 0.01209912500705709 3
2 1834 0.076443548284994 3
2 1835 0.025777752918580893 3
2 1836 0.010320434896757475 3
2 1837 0.012099098445753813 3
2 1838 0.35674773094804646 3
2 1839 0.10840407499630604 3
2 1840 0.02621510791760461 3
2 1841 0.11072404223037738 3
2 1842 0.023755511901377004 3
2 1843 0.023755511901542826 3
2 1844 0.019887873683425296 3
2 1845 0.019887826750356944 3
2 1846 0.028009388252923283 3
2 1847 0.028009388252923283 3
2 1848 0.04418146570279819 3
2 1849 0.02872760084127153 3
2 1850 0.02237870122796421 3
2 1851 0.1702287216458507 3
2 1852 0.08032745605039254 3
2 1853 0.032011184873413194 3
2 1854 0.019634764325296525 3
2 1855 0.019634772951229843 3
2 1856 0.01704031127485634 3
2 1857 0.017040311267642844 3
2 1858 0.08296519619972867 3
2 1859 0.019887873683425296 3
2 1860 0.03250579212875927 3
2 1861 0.03250579214950413 3
2 1862 0.00943514653199627 3
2 1863 0.008354408848471093 3
2 1864 0.019852445955841964 3
2 1865 0.018722767491721005 3
2 1866 0.01963476432660602 3
2 1867 0.12322031806044476 3
2 1868 0.03478535303099118 3
2 1869 0.01964507478388033 3
2 1870 0.019721504424531675 3
2 1871 0.01972093995175238 3
2 1872 0.021216040297432456 3
2 1873 0.021216040297432456 3
2 1874 0.019634767766179843 3
2 1875 0.027848971218032165 3
2 1876 0.13891856575750117 3
2 1877 0.13001381547544708 3
2 1878 0.022814714412228265 3
2 1879 0.07771975723523449 3
2 1880 0.005826822878644711 3
2 1881 0.07426452489561762 3
2 1882 0.048493380612694474 3
2 1883 0.020013979077935378 3
2 1884 0.08434713100667621 3
2 1885 0.02098164377536703 3
2 1886 0.0835983552499219 3
2 1887 0.021154207096619155 3
2 1888 0.08267442942136762 3
2 1889 0.08267442942138914 3
2 1890 0.2190398648123077 3
2 1891 0.10241915563128669 3
2 1892 0.02075535934395785 3
2 1893 0.02050024749851855 3
2 1894 4.3146043543597505 3
2 1895 0.030031160688527788 3
2 1896 0.021352930057236416 3
2 1897 0.07644379210383875 3
2 1898 0.20917915029875886 3
2 1899 0.02566834749535016 3
2 1900 0.03956328511800733 3
2 1901 0.019206019064401034 3
2 1902 0.02837249595120674 3
2 1903 0.019634772951229843 3
2 1904 0.008354352327464476 3
2 1905 0.008354352327464476 3
2 1906 0.06513360165219548 3
2 1907 0.0530141696539267 3
2 1908 0.01972093995296573 3
2 1909 0.01972093995296573 3
2 1910 0.02891651153851789 3
2 1911 0.01676280753423415 3
2 1912 0.1276714349259978 3
2 1913 0.06323642246412538 3
2 1914 0.0188603147352061 3
2 1915 2.753877007418197 3
2 1916 0.40200937489056726 3
2 1917 0.13381466941533693 3
2 1918 0.012099003975393215 3
2 1919 0.012099003975393215 3
2 1920 0.019052663611279927 3
2 1921 0.019722781398261027 3
2 1922 0.019530271255912227 3
2 1923 0.03797562405990451 3
2 1924 0.019382608334724806 3
2 1925 0.10840407417806343 3
2 1926 0.021154186216073276 3
2 1927 29144370.437737793 3
2 1928 0.07913369960879209 3
2 1929 0.009157998178583203 3
2 1930 0.019738145660488503 3
2 1931 165645.154552216 3
2 1932 0.07717436464366231 3
2 1933 0.01662372094643377 3
2 1934 0.049315447148372424 3
2 1935 0.020219632565942624 3
2 1936 0.13950908394622852 3
2 1937 0.03390167648881514 3
2 1938 0.028674033486041233 3
2 1939 0.01988366527930253 3
2 1940 0.01947341867138011 3
2 1941 0.030752741087426774 3
2 1942 10588.159239931803 3
2 1943 0.033901684953782076 3
2 1944 0.03903418123717093 3
2 1945 0.0335886947113166 3
2 1946 0.020500248999843595 3
2 1947 0.016652336445063805 3
2 1948 0.0695228938451594 3
2 1949 3573641.7229318665 3
2 1950 0.13813907258544067 3
2 1951 0.01985244541770608 3
2 1952 0.13377197201758834 3
2 1953 0.07848852782329162 3
2 1954 0.01972093673824029 3
2 1955 0.008354408848471093 3
2 1956 0.03141791755691616 3
2 1957 0.023573058378315616 3
2 1958 0.08079519572072454 3
2 1959 0.03454476461602189 3
2 1960 0.012099098430151082 3
2 1961 0.07708571153380481 3
2 1962 0.08489099752884406 3
2 1963 0.1959610637271123 3
2 1964 0.020349667704892483 3
2 1965 0.030682435207323343 3
2 1966 0.04545426986978123 3
2 1967 0.03911566622398378 3
2 1968 0.008354408848471093 3
2 1969 0.12088910480044171 3
2 1970 0.027338125158580116 3
2 1971 0.09926131829349195 3
2 1972 0.09082099068558629 3
2 1973 0.09082100279626852 3
2 1974 0.01970106681100389 3
2 1975 0.01970131835977658 3
2 1976 0.12740441593947788 3
2 1977 0.10880470394862447 3
2 1978 0.15173112453061127 3
2 1979 0.0343036443717404 3
2 1980 0.019614151442928007 3
2 1981 0.08131270173827491 3
2 1982 0.01886032518920624 3
2 1983 0.019857078880116525 3
2 1984 0.02021963257060842 3
2 1985 0.020219632570005055 3
2 1986 0.04066725252470212 3
2 1987 0.10728234439118967 3
2 1988 0.01888165327096089 3
2 1989 0.019293156785315 3
2 1990 0.027125705947296106 3
2 1991 0.024442735914415266 3
2 1992 3.284181040803487 3
2 1993 0.019052663611279927 3
2 1994 0.06083241850514166 3
2 1995 0.01970106681100389 3
2 1996 0.11312054615624635 3
2 1997 0.0221524655081642 3
2 1998 0.008354408828833327 3
2 1999 0.005826794253666055 3
3 0 0.005826794253666055 3
3 1 0.005826794253666055 3
3 2 0.005826794253666055 3
3 3 0.005826794253666055 3
3 4 0.005826794253666055 3
3 5 0.005826794253666055 3
3 6 0.005826794253666055 3
3 7 0.0058267942549708905 3
3 8 0.0058267942549708905 3
3 9 0.0058267942549708905 3
3 10 0.0058267942549708905 3
3 11 0.005826822878644711 3
3 12 0.005826822878644711 3
3 13 0.005826822878644711 3
3 14 0.005826822878644711 3
3 15 0.005826822878644711 3
3 16 0.005826822878644711 3
3 17 0.005826822878644711 3
3 18 0.005826822878644711 3
3 19 0.0058268228798436655 3
3 20 0.0058268228798436655 3
3 21 0.0058268228798436655 3
3 22 0.005826831414126716 3
3 23 0.005826831415223406 3
3 24 0.005826831415223406 3
3 25 0.005826831415223406 3
3 26 0.005826831415223406 3
3 27 0.005826831415223406 3
3 28 0.005826831415223406 3
3 29 0.005826831415223406 3
3 30 0.00835435232612261 3
3 31 0.00835435232612261 3
3 32 0.00835435232612261 3
3 33 0.00835435232612261 3
3 34 0.00835435232612261 3
3 35 0.00835435232612261 3
3 36 0.00835435232612261 3
3 37 0.00835435232612261 3
3 38 0.008354352327464476 3
3 39 0.008354352327464476 3
3 40 0.008354352327464476 3
3 41 0.008354352327464476 3
3 42 0.008354352327464476 3
3 43 0.008354366522773967 3
3 44 0.008354366522773967 3
3 45 0.008354366522773967 3
3 46 0.008354366522773967 3
3 47 0.008354366522773967 3
3 48 0.008354366522773967 3
3 49 0.008354366522773967 3
3 50 0.008354366522773967 3
3 51 0.008354366522773967 3
3 52 0.008354366522773967 3
3 53 0.008354366530051505 3
3 54 0.008354366530051505 3
3 55 0.008354366530051505 3
3 56 0.008354408828833327 3
3 57 0.008354408828833327 3
3 58 0.008354408828833327 3
3 59 0.008354408828833327 3
3 60 0.008354408828833327 3
3 61 0.008354408848471093 3
3 62 0.008354408848471093 3
3 63 0.008354408848471093 3
3 64 0.008354408848471093 3
3 65 0.008354408848471093 3
3 66 0.008354408848471093 3
3 67 0.008354408848471093 3
3 68 0.008354408848471093 3
3 69 0.008354408848471093 3
3 70 0.009157997931306167 3
3 71 0.009157997931395892 3
3 72 0.009157998178583203 3
3 73 0.009157998178583203 3
3 74 0.009157998178583203 3
3 75 0.009157998178583203 3
3 76 0.009157998178604947 3
3 77 0.009157998178604947 3
3 78 0.009157998178604947 3
3 79 0.009157998178604947 3
3 80 0.009157999472349899 3
3 81 0.009157999472349899 3
3 82 0.009157999472397751 3
3 83 0.009207554653768962 3
3 84 0.00929210564673174 3
3 85 0.009310592346655818 3
3 86 0.009310593083167396 3
3 87 0.00931066769462611 3
3 88 0.009310667698484694 3
3 89 0.00942705632312022 3
3 90 0.00943514653199627 3
3 91 0.00943514653199627 3
3 92 0.009435146532107957 3
3 93 0.009435146532551604 3
3 94 0.010320434895896331 3
3 95 0.010320434895896331 3
3 96 0.010320434895896331 3
3 97 0.010320434895896331 3
3 98 0.010320434895896331 3
3 99 0.010320434896757475 3
3 100 0.010320434896757475 3
3 101 0.010320434896757475 3
3 102 0.010320434896757475 3
3 103 0.010320447340098451 3
3 104 0.010320447340098451 3
3 105 0.010320447340098451 3
3 106 0.010320447345190841 3
3 107 0.010320447345190841 3
3 108 0.010320447345190841 3
3 109 0.010320453866858913 3
3 110 0.010320453866858913 3
3 111 0.010320453872941714 3
3 112 0.010320453872941714 3
3 113 0.010502468810452501 3
3 114 0.010502468810452501 3
3 115 0.010502468810452501 3
3 116 0.010502468811229527 3
3 117 0.01050247668645024 3
3 118 0.010502476686511743 3
3 119 0.010502477213881704 3
3 120 0.010502477213881704 3
3 121 0.010502477213881704 3
3 122 0.010656195953155386 3
3 123 0.010656281137630105 3
3 124 0.010656281137630105 3
3 125 0.010656281137630105 3
3 126 0.0106562811396388 3
3 127 0.01065630579050087 3
3 128 0.010656305805061751 3
3 129 0.01209900397485124 3
3 130 0.01209900397485124 3
3 131 0.01209900397485124 3
3 132 0.012099003975393215 3
3 133 0.012099003975393215 3
3 134 0.012099003975393215 3
3 135 0.012099003975393215 3
3 136 0.012099003975393215 3
3 137 0.012099003975393215 3
3 138 0.012099003975393215 3
3 139 0.012099003975393215 3
3 140 0.012099003975393215 3
3 141 0.012099003975393215 3
3 142 0.012099003975393215 3
3 143 0.012099003975393215 3
3 144 0.012099098430151082 3
3 145 0.012099098430151082 3
3 146 0.012099098430151082 3
3 147 0.012099098430151082 3
3 148 0.012099098430151082 3
3 149 0.012099098445753813 3
3 150 0.012099098445753813 3
3 151 0.012099098445753813 3
3 152 0.012099098445753813 3
3 153 0.012099098445753813 3
3 154 0.01209912500705709 3
3 155 0.01209912500705709 3
3 156 0.01209912500705709 3
3 157 0.01209912500705709 3
3 158 0.01209912500705709 3
3 159 0.01209912500705709 3
3 160 0.01209912500705709 3
3 161 0.01209912500705709 3
3 162 0.01209912500705709 3
3 163 0.012099125014506691 3
3 164 0.012099125014506691 3
3 165 0.012261078246464482 3
3 166 0.012261078246464482 3
3 167 0.012261083741841695 3
3 168 0.012261086210286843 3
3 169 0.012261086210286843 3
3 170 0.012261086210286843 3
3 171 0.012261086210286843 3
3 172 0.012261086210707239 3
3 173 0.012261086210707239 3
3 174 0.012831637477914529 3
3 175 0.012831637477914529 3
3 176 0.012831674823898222 3
3 177 0.012831674823898222 3
3 178 0.012831674823898222 3
3 179 0.012831799570114832 3
3 180 0.014162096201315267 3
3 181 0.014162096201315272 3
3 182 0.014162096201315272 3
3 183 0.014162096201315302 3
3 184 0.014162096201315337 3
3 185 0.014162096201315337 3
3 186 0.016623720946171684 3
3 187 0.016623720946171962 3
3 188 0.01662372094623931 3
3 189 0.01662372094643377 3
3 190 0.01662372094643377 3
3 191 0.01662372094682183 3
3 192 0.016623720946825224 3
3 193 0.01665225549007431 3
3 194 0.01665225549007431 3
3 195 0.01665225549007431 3
3 196 0.01665225549007431 3
3 197 0.01665225549007431 3
3 198 0.01665225549007431 3
3 199 0.01665225549007431 3
3 200 0.008354352327464476 3
3 201 0.008354366530051505 3
3 202 0.008354352327464476 3
3 203 0.005826831415223406 3
3 204 0.005826822878644711 3
3 205 0.0058268228798436655 3
3 206 0.005826822878644711 3
3 207 0.010656305805061751 3
3 208 0.012261086210286843 3
3 209 0.014162096201315302 3
3 210 0.008354352327464476 3
3 211 0.02318935307429842 3
3 212 0.01209900397485124 3
3 213 1327740.755738049 3
3 214 0.010320434895896331 3
3 215 0.005826831415223406 3
3 216 0.012099098430151082 3
3 217 0.010320447340098451 3
3 218 0.0058268228798436655 3
3 219 0.01970106681100389 3
3 220 0.005826831415223406 3
3 221 1327770.4143033065 3
3 222 1327770.395953254 3
3 223 0.010320453872941714 3
3 224 0.009157998178583203 3
3 225 0.1253937706862441 3
3 226 0.0692903437902977 3
3 227 0.008354366522773967 3
3 228 0.014162096201315312 3
3 229 0.014162096201315272 3
3 230 0.005826822878644711 3
3 231 0.008354408828833327 3
3 232 0.00835435232612261 3
3 233 0.005826794253666055 3
3 234 1327770.4421486766 3
3 235 0.005826831415223406 3
3 236 29144370.437737014 3
3 237 29144370.437728215 3
3 238 0.00931066769462611 3
3 239 0.009157999472397751 3
3 240 0.0058267942549708905 3
3 241 0.0058267942549708905 3
3 242 0.00931066769462611 3
3 243 0.010502477213881704 3
3 244 0.01970254806000917 3
3 245 0.0058268228798436655 3
3 246 0.019721505650941534 3
3 247 0.005826822878644711 3
3 248 0.014162096201315266 3
3 249 0.014162096201315302 3
3 250 0.005826794253666055 3
3 251 0.005826822878644711 3
3 252 0.008354408848471093 3
3 253 0.008354366530051505 3
3 254 0.01050247668645024 3
3 255 0.005826831414126716 3
3 256 0.008354408848471093 3
3 257 0.0058268228798436655 3
3 258 0.010656195956014743 3
3 259 0.0058267942549708905 3
3 260 0.00835435232612261 3
3 261 0.008354366522773967 3
3 262 0.009157998178583203 3
3 263 0.009157998178583203 3
3 264 0.009157999472349899 3
3 265 0.019702548060115222 3
3 266 0.01050247668645024 3
3 267 0.010502477213881704 3
3 268 0.009157999472349899 3
3 269 0.005826822878644711 3
3 270 0.008354366530051505 3
3 271 0.00835435232612261 3
3 272 0.010320453866858913 3
3 273 0.010320447345190841 3
3 274 0.012099098445753813 3
3 275 0.005826822878644711 3
3 276 0.0058268228798436655 3
3 277 0.010502468810452501 3
3 278 0.012831799570114832 3
3 279 0.010656281137630105 3
3 280 0.009157999472349899 3
3 281 0.009435146531887375 3
3 282 0.0058268228798436655 3
3 283 0.005826822878644711 3
3 284 0.009435146531887375 3
3 285 0.14952588679836573 3
3 286 0.010656305805061751 3
3 287 0.010320447340098451 3
3 288 0.012099098445753813 3
3 289 57.48006048305001 3
3 290 0.005826831414126716 3
3 291 0.0058267942549708905 3
3 292 0.06303736480701626 3
3 293 0.00835435232612261 3
3 294 0.12959520023076762 3
3 295 0.08296519617726332 3
3 296 0.06303736480701626 3
3 297 0.0630375783507925 3
3 298 0.005826822878644711 3
3 299 0.005826794253666055 3
3 300 0.0058267942549708905 3
3 301 0.0058267942549708905 3
3 302 0.008354366522773967 3
3 303 0.008354408848471093 3
3 304 0.008354408848471093 3
3 305 0.005826831415223406 3
3 306 0.008354366530051505 3
3 307 0.012261078248098993 3
3 308 0.01970254806000917 3
3 309 0.01970132173528904 3
3 310 0.0058268228798436655 3
3 311 0.005826822878644711 3
3 312 0.0188603147352061 3
3 313 0.019702548060115222 3
3 314 0.008354352327464476 3
3 315 0.008354366522773967 3
3 316 0.00942705632312022 3
3 317 0.009157999472349899 3
3 318 0.010502468810452501 3
3 319 0.005826794253666055 3
3 320 0.010502477213771873 3
3 321 0.010320434896757475 3
3 322 0.01970254806000917 3
3 323 0.01970106681100389 3
3 324 0.010320434895896331 3
3 325 0.010320453866858913 3
3 326 0.009157998178583203 3
3 327 0.005826831415223406 3
3 328 0.005826794253666055 3
3 329 0.0058267942549708905 3
3 330 1327740.8009201868 3
3 331 0.010320447340098451 3
3 332 0.019701065795703503 3
3 333 0.019701065795703503 3
3 334 0.06260318250209365 3
3 335 0.009435146531887375 3
3 336 0.010320453872941714 3
3 337 0.008354366522773967 3
3 338 0.01970131835977658 3
3 339 0.005826822878644711 3
3 340 0.06303736470723002 3
3 341 0.0058267942549708905 3
3 342 0.019702548060115222 3
3 343 0.010502477213771873 3
3 344 0.06303735869285289 3
3 345 0.0630375783507925 3
3 346 0.012099125014506691 3
3 347 0.010320453866858913 3
3 348 0.012831637477914529 3
3 349 0.012831674823898222 3
3 350 0.005826831414126716 3
3 351 0.010502476686511743 3
3 352 0.009157997931395892 3
3 353 0.009157999472397751 3
3 354 1327740.8009201868 3
3 355 0.019701065795703503 3
3 356 0.00835435232612261 3
3 357 0.008354366522773967 3
3 358 0.08151909017103041 3
3 359 0.008354408848471093 3
3 360 0.009157998178604947 3
3 361 0.00931066769462611 3
3 362 0.008354352327464476 3
3 363 0.012831674823898222 3
3 364 0.04585950621205822 3
3 365 0.010656195953155386 3
3 366 0.008354352327464476 3
3 367 0.0058268228798436655 3
3 368 0.019702548060115222 3
3 369 0.06303757930972004 3
3 370 0.005826831414126716 3
3 371 0.0058267942549708905 3
3 372 0.009157998178583203 3
3 373 0.008354366530051505 3
3 374 0.012261078246464482 3
3 375 0.08331826255859216 3
3 376 0.08351079809638896 3
3 377 0.012831637466534545 3
3 378 1327770.2181003722 3
3 379 0.010320453866858913 3
3 380 0.005826831414126716 3
3 381 0.008354352327464476 3
3 382 0.008354366530051505 3
3 383 1327770.2181003722 3
3 384 0.01944038356835656 3
3 385 0.008354366522773967 3
3 386 0.06303735793998537 3
3 387 0.010502476686511743 3
3 388 0.008354352327464476 3
3 389 0.00835435232612261 3
3 390 0.008354366530051505 3
3 391 0.010320453866858913 3
3 392 0.0058268228798436655 3
3 393 0.0058268228798436655 3
3 394 82339.14090403284 3
3 395 0.005826831414126716 3
3 396 0.008354366522773967 3
3 397 0.005826831415223406 3
3 398 0.01970106681100389 3
3 399 0.010320453872941714 3
3 400 0.01209912500705709 3
3 401 1327770.4421486766 3
3 402 0.01970132173528904 3
3 403 0.009427056326471794 3
3 404 0.010320447340098451 3
3 405 0.010320434896757475 3
3 406 0.01970131835977658 3
3 407 0.009157997931395892 3
3 408 0.021696076739700445 3
3 409 0.01970106681100389 3
3 410 0.008354352327464476 3
3 411 0.008354366522773967 3
3 412 0.005826831415223406 3
3 413 0.008354408828833327 3
3 414 0.08193264426396397 3
3 415 0.0834176478857265 3
3 416 0.008354408828833327 3
3 417 0.005826822878644711 3
3 418 0.0058267942549708905 3
3 419 0.01970106681100389 3
3 420 0.010502476686511743 3
3 421 0.06303736470723002 3
3 422 0.01950803571346665 3
3 423 0.010502468811229527 3
3 424 0.01970254806000917 3
3 425 0.06912777712233308 3
3 426 0.010320434895896331 3
3 427 0.010656195953155386 3
3 428 0.008354352327464476 3
3 429 0.005826794253666055 3
3 430 0.009292105646731115 3
3 431 0.07717419699237864 3
3 432 0.08312041823390899 3
3 433 0.08331826255859216 3
3 434 0.012099125014506691 3
3 435 0.01970106681100389 3
3 436 0.009157998178583203 3
3 437 0.0058268228798436655 3
3 438 0.010320447345190841 3
3 439 0.010320453866858913 3
3 440 0.00835435232612261 3
3 441 0.00835435232612261 3
3 442 0.08324793351862003 3
3 443 0.008354408828833327 3
3 444 0.01970131835977658 3
3 445 0.01970131835977658 3
3 446 0.019541382092637793 3
3 447 0.005826831414126716 3
3 448 0.008354366530051505 3
3 449 0.01970132173528904 3
3 450 666052.0694709615 3
3 451 0.010656195956014743 3
3 452 1327740.8009201868 3
3 453 0.0058268228798436655 3
3 454 0.01970132173528904 3
3 455 0.005826794253666055 3
3 456 0.012099003975393215 3
3 457 0.010320434896757475 3
3 458 0.06303735869285289 3
3 459 0.008354366522773967 3
3 460 0.005826831414126716 3
3 461 0.005826831414126716 3
3 462 0.005826822878644711 3
3 463 0.005826822878644711 3
3 464 0.08312041823390899 3
3 465 0.08193264426396397 3
3 466 0.0630375783507925 3
3 467 0.005826831415223406 3
3 468 0.009157997931395892 3
3 469 0.005826831415223406 3
3 470 0.005826831414126716 3
3 471 0.008354352327464476 3
3 472 0.01209900397485124 3
3 473 0.04618004569763328 3
3 474 1327770.4143033065 3
3 475 0.01209900397485124 3
3 476 0.0058268228798436655 3
3 477 0.0058267942549708905 3
3 478 0.008354366530051505 3
3 479 0.008354366522773967 3
3 480 0.008354352327464476 3
3 481 0.008354352327464476 3
3 482 0.00835435232612261 3
3 483 0.008354366530051505 3
3 484 0.06303736470723002 3
3 485 0.009157997931395892 3
3 486 1327740.8009201868 3
3 487 1327770.4143033065 3
3 488 0.00835435232612261 3
3 489 0.008354366530051505 3
3 490 0.0058268228798436655 3
3 491 0.010502468810452501 3
3 492 0.008354352327464476 3
3 493 0.08331826255859216 3
3 494 0.010320434896757475 3
3 495 0.010320453866858913 3
3 496 0.008354408848471093 3
3 497 0.008354408828833327 3
3 498 0.008354366522773967 3
3 499 0.02578464709410738 3
3 500 0.0058267942549708905 3
3 501 0.009157997931306167 3
3 502 0.01970254806000917 3
3 503 0.00835435232612261 3
3 504 0.1553127545111894 3
3 505 0.06303735869285289 3
3 506 0.008354366522773967 3
3 507 0.012099125014506691 3
3 508 0.010502468811229527 3
3 509 0.010502477213771873 3
3 510 0.14952588680070367 3
3 511 0.009157997931395892 3
3 512 0.020486379883717227 3
3 513 0.012261083741841695 3
3 514 0.008354352327464476 3
3 515 0.0834176478857265 3
3 516 0.010320453872941714 3
3 517 0.010320434896757475 3
3 518 0.01970131835977658 3
3 519 0.01970132173528904 3
3 520 0.005826831414126716 3
3 521 0.005826794253666055 3
3 522 0.008354408848471093 3
3 523 0.01970131835977658 3
3 524 0.01209900397485124 3
3 525 0.012099003975393215 3
3 526 0.03292271518583871 3
3 527 0.010502477213771873 3
3 528 0.012261078246464482 3
3 529 0.008354352327464476 3
3 530 0.010320434895896331 3
3 531 0.010320447340098451 3
3 532 0.08143530647370405 3
3 533 0.08346496661151324 3
3 534 0.008354366530051505 3
3 535 0.009427056323365936 3
3 536 0.012831674823898222 3
3 537 0.012831637477914529 3
3 538 0.005826822878644711 3
3 539 1327770.4143033065 3
3 540 0.005826822878644711 3
3 541 1327770.395953254 3
3 542 0.005826822878644711 3
3 543 0.019702548060115222 3
3 544 0.005826822878644711 3
3 545 0.00835435232612261 3
3 546 0.008354352327464476 3
3 547 0.008354408848471093 3
3 548 0.009427056322841772 3
3 549 0.01970254806000917 3
3 550 0.012099003975393215 3
3 551 0.012099098445753813 3
3 552 0.0058267942549708905 3
3 553 0.07049852183839479 3
3 554 0.01209900397485124 3
3 555 0.008354408828833327 3
3 556 0.008354408828833327 3
3 557 1327770.2181003722 3
3 558 1327770.4143033065 3
3 559 0.01209912500705709 3
3 560 0.012099003975393215 3
3 561 0.012099098430151082 3
3 562 0.01209900397485124 3
3 563 1327770.2181003722 3
3 564 1327770.4421486766 3
3 565 0.010320434896757475 3
3 566 0.014162096201315272 3
3 567 82339.14090403284 3
3 568 1327770.395953254 3
3 569 1327770.395953254 3
3 570 0.008354352327464476 3
3 571 0.19347646358525034 3
3 572 0.005826831414126716 3
3 573 0.01970106681100389 3
3 574 1327770.4143033065 3
3 575 0.0058268228798436655 3
3 576 0.00835435232612261 3
3 577 0.008354366530051505 3
3 578 0.01970131835977658 3
3 579 0.008354408848471093 3
3 580 0.17467227425105292 3
3 581 0.005826831415223406 3
3 582 0.009435146531887375 3
3 583 0.008354408848471093 3
3 584 1327770.4421486766 3
3 585 1327770.4143033065 3
3 586 0.08193264426396397 3
3 587 0.008354366530051505 3
3 588 0.005826822878644711 3
3 589 0.0058268228798436655 3
3 590 0.010320447345190841 3
3 591 0.01065630579050087 3
3 592 0.005826822878644711 3
3 593 0.0058267942549708905 3
3 594 0.06303735793998537 3
3 595 0.008354366530051505 3
3 596 0.0058267942549708905 3
3 597 0.005826831415223406 3
3 598 0.005826831414126716 3
3 599 0.005826831415223406 3
3 600 0.01226108374131719 3
3 601 0.014162096201315266 3
3 602 0.008354408828833327 3
3 603 0.008354408848471093 3
3 604 1327740.8009201868 3
3 605 0.01970131835977658 3
3 606 0.00835435232612261 3
3 607 0.019702548060115222 3
3 608 0.01209900397485124 3
3 609 0.008354408848471093 3
3 610 0.010502477213881704 3
3 611 0.06303757930972004 3
3 612 0.012099125014506691 3
3 613 0.019702548060115222 3
3 614 0.01972625207359074 3
3 615 0.01970254806000917 3
3 616 0.01970106681100389 3
3 617 0.008354408828833327 3
3 618 666052.5440517885 3
3 619 666052.5440517885 3
3 620 0.005826822878644711 3
3 621 0.005826822878644711 3
3 622 0.18672665835636942 3
3 623 0.0058268228798436655 3
3 624 0.005826831415223406 3
3 625 0.005826794253666055 3
3 626 0.010656305805061751 3
3 627 0.07977910802477806 3
3 628 0.009435146532107957 3
3 629 0.08331826255859216 3
3 630 0.0058267942549708905 3
3 631 0.01065630579050087 3
3 632 0.01283179954722198 3
3 633 0.07450663737464665 3
3 634 0.06303735793998537 3
3 635 0.008354408848471093 3
3 636 0.06303736480701626 3
3 637 0.010502476686511743 3
3 638 0.010320434896757475 3
3 639 1327770.4143033065 3
3 640 0.005826794253666055 3
3 641 0.008354352327464476 3
3 642 0.019702548060115222 3
3 643 0.008354408828833327 3
3 644 0.019788598386678714 3
3 645 0.005826831415223406 3
3 646 0.019788496322118793 3
3 647 0.0058267942549708905 3
3 648 0.036268115987664204 3
3 649 0.00835435232612261 3
3 650 0.0058267942549708905 3
3 651 0.008354408828833327 3
3 652 0.03457395255302106 3
3 653 0.008354366530051505 3
3 654 0.005826831414126716 3
3 655 0.008354366522773967 3
3 656 0.008354366522773967 3
3 657 0.00835435232612261 3
3 658 0.009435146531887375 3
3 659 0.10363405760474624 3
3 660 0.019701065795703503 3
3 661 0.00835435232612261 3
3 662 0.005826822878644711 3
3 663 0.01970106681100389 3
3 664 0.0058268228798436655 3
3 665 666052.2448885294 3
3 666 0.005826822878644711 3
3 667 0.01970131835977658 3
3 668 0.019702548060115222 3
3 669 0.0058267942549708905 3
3 670 0.008354408848471093 3
3 671 0.008354408848471093 3
3 672 0.008354352327464476 3
3 673 0.008354352327464476 3
3 674 0.008354408848471093 3
3 675 0.019702548060115222 3
3 676 0.005826822878644711 3
3 677 1327770.4421486766 3
3 678 0.00943514653199627 3
3 679 0.01209900397485124 3
3 680 0.00835435232612261 3
3 681 0.008354408828833327 3
3 682 0.010502477213881704 3
3 683 0.0058268228798436655 3
3 684 0.012099098430151082 3
3 685 0.009310592359546096 3
3 686 0.009157997931306167 3
3 687 0.00943514653199627 3
3 688 0.00835435232612261 3
3 689 0.008354408848471093 3
3 690 0.06303736480701626 3
3 691 0.005826831414126716 3
3 692 0.0733814134937165 3
3 693 0.012831674823898222 3
3 694 0.008354366522773967 3
3 695 0.008354366530051505 3
3 696 0.010320453866858913 3
3 697 0.01970131835977658 3
3 698 0.0058267942549708905 3
3 699 0.0058268228798436655 3
3 700 0.008354366530051505 3
3 701 0.008354352327464476 3
3 702 0.01970254806000917 3
3 703 1.1181489154050406 3
3 704 0.010502477213881704 3
3 705 0.009157997931395892 3
3 706 0.005826794253666055 3
3 707 0.005826831414126716 3
3 708 0.00835435232612261 3
3 709 0.008354408828833327 3
3 710 0.09774970906410214 3
3 711 0.010320453872941714 3
3 712 0.009157999472349899 3
3 713 0.01970132173528904 3
3 714 0.008354366522773967 3
3 715 0.008354366530051505 3
3 716 0.00931066769462611 3
3 717 0.009157999472397751 3
3 718 0.010320453866858913 3
3 719 0.020500248999843595 3
3 720 0.009157998178604947 3
3 721 0.008354352327464476 3
3 722 0.0058268228798436655 3
3 723 0.008354366522773967 3
3 724 1327770.395953254 3
3 725 0.008354408828833327 3
3 726 0.0058268228798436655 3
3 727 0.005826794253666055 3
3 728 1327770.4143033065 3
3 729 0.08193388401547613 3
3 730 0.008354352327464476 3
3 731 0.0058268228798436655 3
3 732 0.06303736470723002 3
3 733 0.009157998178583203 3
3 734 0.1278654474751503 3
3 735 0.009157997931306167 3
3 736 1327770.2181003722 3
3 737 1327770.395953254 3
3 738 0.0058268228798436655 3
3 739 0.005826822878644711 3
3 740 0.008354366522773967 3
3 741 0.005826831415223406 3
3 742 0.010502468810452501 3
3 743 0.009157997931395892 3
3 744 0.01970132173528904 3
3 745 0.010656281137630105 3
3 746 0.009310593092786621 3
3 747 0.01209912500705709 3
3 748 0.008354352327464476 3
3 749 0.01970106681100389 3
3 750 0.1152181597793629 3
3 751 0.012261083741841695 3
3 752 0.0058267942549708905 3
3 753 0.01970131835977658 3
3 754 0.010320453866858913 3
3 755 0.08587080039734914 3
3 756 0.021307267807108454 3
3 757 0.032855222536741106 3
3 758 0.06303735869285289 3
3 759 0.06303735869285289 3
3 760 0.06303757930972004 3
3 761 0.01209912500705709 3
3 762 0.005826831414126716 3
3 763 0.005826794253666055 3
3 764 0.009157997931395892 3
3 765 1327770.2181003722 3
3 766 0.01209900397485124 3
3 767 0.12324095627126162 3
3 768 0.014162096201315337 3
3 769 0.010502477213881704 3
3 770 0.005826831415223406 3
3 771 0.0058268228798436655 3
3 772 0.008354366530051505 3
3 773 0.008354408828833327 3
3 774 0.008354352327464476 3
3 775 0.008354366522773967 3
3 776 0.042624443713666284 3
3 777 0.009435146532551604 3
3 778 0.010320447345190841 3
3 779 0.010320453872941714 3
3 780 0.019701065795703503 3
3 781 0.01970254806000917 3
3 782 0.01209900397485124 3
3 783 0.01970132173528904 3
3 784 0.008354408848471093 3
3 785 0.02768157941832359 3
3 786 0.0058267942549708905 3
3 787 1327740.8009201868 3
3 788 0.13723959800884694 3
3 789 0.0058267942549708905 3
3 790 29144370.437728215 3
3 791 29144370.437737014 3
3 792 0.0058267942549708905 3
3 793 0.0058267942549708905 3
3 794 0.010656281137630105 3
3 795 0.0058268228798436655 3
3 796 0.012831799570114832 3
3 797 0.008354366530051505 3
3 798 1327770.4421486766 3
3 799 1327770.4143033065 3
3 800 0.010656281137630105 3
3 801 666052.4362904486 3
3 802 0.009157999472349899 3
3 803 0.009157997931395892 3
3 804 0.02762484513397055 3
3 805 0.009157999472349899 3
3 806 0.06303736480701626 3
3 807 0.005826831415223406 3
3 808 0.008354352327464476 3
3 809 0.00835435232612261 3
3 810 0.06303736480701626 3
3 811 0.010502477213771873 3
3 812 0.012099098430151082 3
3 813 1327770.4421486766 3
3 814 0.01050247668645024 3
3 815 0.01050247668645024 3
3 816 1327740.8009201868 3
3 817 0.06622225014072075 3
3 818 0.005826831415223406 3
3 819 0.005826831415223406 3
3 820 0.008354408828833327 3
3 821 0.008354366522773967 3
3 822 0.01970254806000917 3
3 823 0.008354366530051505 3
3 824 0.010320453872941714 3
3 825 0.010320453866858913 3
3 826 0.04612785452414075 3
3 827 0.008354408828833327 3
3 828 0.08193264426396397 3
3 829 0.008354408848471093 3
3 830 0.009427056322841772 3
3 831 0.009427056326290303 3
3 832 0.010320434896757475 3
3 833 0.019701065795703503 3
3 834 0.009157999472349899 3
3 835 0.009157999472349899 3
3 836 0.005826794253666055 3
3 837 0.005826831415223406 3
3 838 0.005826831415223406 3
3 839 0.005826794253666055 3
3 840 0.17460571930237695 3
3 841 0.01970106681100389 3
3 842 0.009435146532475439 3
3 843 0.009435146532551604 3
3 844 0.005826831414126716 3
3 845 0.0058268228798436655 3
3 846 0.008354408828833327 3
3 847 0.012099098445753813 3
3 848 0.01970106681100389 3
3 849 0.0058268228798436655 3
3 850 0.005826822878644711 3
3 851 0.005826831415223406 3
3 852 0.012099003975393215 3
3 853 0.010320434895896331 3
3 854 17950609.37205782 3
3 855 0.008354366522773967 3
3 856 0.005826794253666055 3
3 857 0.0058267942549708905 3
3 858 0.08331826255859216 3
3 859 0.012261086210707239 3
3 860 0.06303735793998537 3
3 861 0.008354352327464476 3
3 862 0.008354366530051505 3
3 863 1.1086613415300208 3
3 864 0.008354408848471093 3
3 865 0.008354366522773967 3
3 866 1327770.4143033065 3
3 867 1327770.4421486766 3
3 868 0.0630375783507925 3
3 869 0.06303736480701626 3
3 870 0.00835435232612261 3
3 871 0.01209912500705709 3
3 872 0.008354366530051505 3
3 873 0.008354408828833327 3
3 874 0.010320434896757475 3
3 875 0.019701065795703503 3
3 876 0.010320434895896331 3
3 877 1327770.4421486766 3
3 878 0.005826794253666055 3
3 879 0.0058267942549708905 3
3 880 0.009157997931306167 3
3 881 0.009157999472397751 3
3 882 0.012099003975393215 3
3 883 0.012099003975393215 3
3 884 0.010320453866858913 3
3 885 0.01970254806000917 3
3 886 0.018860314735205917 3
3 887 0.008354366530051505 3
3 888 0.005826831414126716 3
3 889 0.0058268228798436655 3
3 890 0.005826831415223406 3
3 891 0.0058268228798436655 3
3 892 0.012099125014506691 3
3 893 0.009310592359546096 3
3 894 0.005826794253666055 3
3 895 0.0058268228798436655 3
3 896 0.01970106681100389 3
3 897 0.019701065795703503 3
3 898 0.06303735793998537 3
3 899 0.010502477213771873 3
3 900 0.0333225145940069 3
3 901 0.0058268228798436655 3
3 902 0.06303736470723002 3
3 903 0.008354408828833327 3
3 904 0.00835435232612261 3
3 905 0.005826831415223406 3
3 906 0.06303735869285289 3
3 907 0.009157998178604947 3
3 908 0.06303735869285289 3
3 909 0.005826831414126716 3
3 910 0.0058268228798436655 3
3 911 0.005826831415223406 3
3 912 1327740.755738049 3
3 913 0.019702548060115222 3
3 914 0.00835435232612261 3
3 915 0.008354366522773967 3
3 916 0.019645219748283822 3
3 917 0.008354408828833327 3
3 918 0.1184669657162669 3
3 919 0.010320447345190841 3
3 920 0.005826831414126716 3
3 921 0.01970132173528904 3
3 922 0.145003569740532 3
3 923 0.008354408848471093 3
3 924 0.0345737687632436 3
3 925 0.008354408848471093 3
3 926 0.008354408828833327 3
3 927 0.008354366530051505 3
3 928 0.005826794253666055 3
3 929 0.0058267942549708905 3
3 930 0.00835435232612261 3
3 931 0.008354408848471093 3
3 932 0.008354366530051505 3
3 933 0.008354366530051505 3
3 934 0.008354366522773967 3
3 935 0.01970254806000917 3
3 936 0.008354366530051505 3
3 937 0.008354366522773967 3
3 938 0.01970254806000917 3
3 939 0.01970106681100389 3
3 940 0.012831799570114832 3
3 941 0.008354366522773967 3
3 942 0.012831799570114832 3
3 943 0.010656281137630105 3
3 944 0.005826794253666055 3
3 945 0.019701065795703503 3
3 946 0.008354408828833327 3
3 947 0.008354366530051505 3
3 948 0.005826794253666055 3
3 949 0.019702548060115222 3
3 950 0.005826822878644711 3
3 951 0.019701065795703503 3
3 952 0.005826822878644711 3
3 953 0.0058268228798436655 3
3 954 0.008354366530051505 3
3 955 0.008354352327464476 3
3 956 0.01226108374131719 3
3 957 3663770.6233942453 3
3 958 0.012099098445753813 3
3 959 0.012099098445753813 3
3 960 0.008354408828833327 3
3 961 0.008354408848471093 3
3 962 0.005826822878644711 3
3 963 0.0058268228798436655 3
3 964 0.005826794253666055 3
3 965 0.008354408848471093 3
3 966 0.09803252823770209 3
3 967 3032517.6262281546 3
3 968 0.005826822878644711 3
3 969 0.008354366522773967 3
3 970 0.009157997931395892 3
3 971 0.009157997931306167 3
3 972 0.06303735793998537 3
3 973 0.010502477213881704 3
3 974 0.009157997931395892 3
3 975 0.009435146532475439 3
3 976 0.010502468811229527 3
3 977 0.0630375783507925 3
3 978 0.010502477213881704 3
3 979 0.005826831415223406 3
3 980 0.012099125014506691 3
3 981 0.012099098430151082 3
3 982 0.012261078246464482 3
3 983 3663770.6233942453 3
3 984 0.040152681750864436 3
3 985 0.010502477213881704 3
3 986 0.009427056322841772 3
3 987 0.009427056322926175 3
3 988 0.005826831415223406 3
3 989 0.0058267942549708905 3
3 990 0.009435146532107957 3
3 991 0.00943514653199627 3
3 992 0.008354408848471093 3
3 993 0.00835435232612261 3
3 994 0.009157997931306167 3
3 995 0.009157998178604947 3
3 996 0.010320434895896331 3
3 997 0.01970106681100389 3
3 998 1327740.755738049 3
3 999 0.010320447340098451 3
3 1000 0.009310593083167396 3
3 1001 0.012099098445753813 3
3 1002 0.005826794253666055 3
3 1003 0.0058267942549708905 3
3 1004 0.005826822878644711 3
3 1005 0.005826822878644711 3
3 1006 0.01226108374131719 3
3 1007 0.009157998178604947 3
3 1008 0.005826822878644711 3
3 1009 0.008354408828833327 3
3 1010 0.010320453872941714 3
3 1011 1327770.395953254 3
3 1012 0.010320447345190841 3
3 1013 0.010320447340098451 3
3 1014 0.14385707786374796 3
3 1015 0.0058267942549708905 3
3 1016 0.005826822878644711 3
3 1017 0.008354366530051505 3
3 1018 0.019702548060115222 3
3 1019 0.009310592346655818 3
3 1020 0.01970106681100389 3
3 1021 0.008354352327464476 3
3 1022 0.005826831414126716 3
3 1023 0.010502477213881704 3
3 1024 29144370.437728215 3
3 1025 29144370.437728215 3
3 1026 0.008354408828833327 3
3 1027 1327740.755738049 3
3 1028 1327740.8009201868 3
3 1029 0.010320434895896331 3
3 1030 1327740.755738049 3
3 1031 1327770.4143033065 3
3 1032 0.009310593092786621 3
3 1033 0.009157999472397751 3
3 1034 0.005826831415223406 3
3 1035 0.008354408848471093 3
3 1036 0.010502468810452501 3
3 1037 0.010502477213881704 3
3 1038 0.08193264426396397 3
3 1039 0.009435146532184373 3
3 1040 0.00931066769462611 3
3 1041 0.01209900397485124 3
3 1042 0.009310667698484694 3
3 1043 0.010320434896757475 3
3 1044 0.005826831415223406 3
3 1045 0.008354366522773967 3
3 1046 0.008354366522773967 3
3 1047 0.012099098430151082 3
3 1048 0.008354366522773967 3
3 1049 0.008354352327464476 3
3 1050 0.019702548060115222 3
3 1051 0.005826831415223406 3
3 1052 0.08312041823390899 3
3 1053 0.009435146532551604 3
3 1054 0.005826831415223406 3
3 1055 0.005826831415223406 3
3 1056 0.01970131835977658 3
3 1057 0.008354352327464476 3
3 1058 0.008354408848471093 3
3 1059 0.019701065795703503 3
3 1060 0.008354366522773967 3
3 1061 0.00835435232612261 3
3 1062 29144370.437737793 3
3 1063 0.008354408828833327 3
3 1064 0.005826831415223406 3
3 1065 0.005826831415223406 3
3 1066 0.008354366522773967 3
3 1067 0.13729924645195232 3
3 1068 0.0630375783507925 3
3 1069 0.0058268228798436655 3
3 1070 0.009310592346655818 3
3 1071 0.009310592346655818 3
3 1072 0.010502477213771873 3
3 1073 0.10728246349519084 3
3 1074 0.008354408828833327 3
3 1075 0.008354352327464476 3
3 1076 0.014162096201315266 3
3 1077 0.014162096201315267 3
3 1078 1327770.395953254 3
3 1079 0.005826831415223406 3
3 1080 0.008354366530051505 3
3 1081 0.008354352327464476 3
3 1082 1327740.755738049 3
3 1083 0.005826822878644711 3
3 1084 0.008354366522773967 3
3 1085 0.008354408848471093 3
3 1086 0.12620116437470433 3
3 1087 0.010320453872941714 3
3 1088 1327770.395953254 3
3 1089 0.008354408828833327 3
3 1090 0.009310667698484694 3
3 1091 0.01209900397485124 3
3 1092 0.008354352327464476 3
3 1093 0.00835435232612261 3
3 1094 0.08312041823390899 3
3 1095 0.08472303672111427 3
3 1096 0.008354366522773967 3
3 1097 0.06303736480701626 3
3 1098 0.01065630579050087 3
3 1099 0.0058267942549708905 3
3 1100 0.005826794253666055 3
3 1101 0.005826822878644711 3
3 1102 0.012099098430151082 3
3 1103 0.012099125014506691 3
3 1104 0.009157997931306167 3
3 1105 0.06303736480701626 3
3 1106 0.019702548060115222 3
3 1107 0.005826831414126716 3
3 1108 0.08143530647370405 3
3 1109 0.08346496661151324 3
3 1110 0.009157998178583203 3
3 1111 0.012831799570114832 3
3 1112 0.06303735869285289 3
3 1113 0.008354366530051505 3
3 1114 0.0058267942549708905 3
3 1115 0.008354408828833327 3
3 1116 0.009157997931395892 3
3 1117 0.009157998178604947 3
3 1118 666052.2448885294 3
3 1119 0.005826794253666055 3
3 1120 0.012099098445753813 3
3 1121 0.009157997931306167 3
3 1122 0.008354366522773967 3
3 1123 0.012099098445753813 3
3 1124 0.0106562811396388 3
3 1125 0.08143530647370405 3
3 1126 0.010320434896757475 3
3 1127 0.0058267942549708905 3
3 1128 0.01970132173528904 3
3 1129 0.03128613096169553 3
3 1130 0.008354408848471093 3
3 1131 0.008354352327464476 3
3 1132 0.0058267942549708905 3
3 1133 0.012099003975393215 3
3 1134 0.008354366530051505 3
3 1135 0.005826831415223406 3
3 1136 0.010656305805061751 3
3 1137 666052.5440517885 3
3 1138 0.050908403225462785 3
3 1139 0.00943514653199627 3
3 1140 0.008354408828833327 3
3 1141 0.0058268228798436655 3
3 1142 0.0719911341240204 3
3 1143 0.010320447345190841 3
3 1144 0.008354366530051505 3
3 1145 0.008354366530051505 3
3 1146 0.005826831415223406 3
3 1147 0.012261086210707239 3
3 1148 0.009435146532107957 3
3 1149 0.009427056322926175 3
3 1150 0.012831674827023866 3
3 1151 666052.5440517885 3
3 1152 0.008354408828833327 3
3 1153 29144370.437737793 3
3 1154 0.008354408828833327 3
3 1155 0.008354408828833327 3
3 1156 0.008354408848471093 3
3 1157 0.008354366530051505 3
3 1158 0.01970106681100389 3
3 1159 0.008354366522773967 3
3 1160 0.0058267942549708905 3
3 1161 56560.31978637021 3
3 1162 0.012099098430151082 3
3 1163 0.012099098430151082 3
3 1164 0.005826831415223406 3
3 1165 0.005826831415223406 3
3 1166 0.00835435232612261 3
3 1167 31.205136085325236 3
3 1168 1327770.2181003722 3
3 1169 1327770.2181003722 3
3 1170 0.12198681817950006 3
3 1171 0.01970106681100389 3
3 1172 0.019701065795703503 3
3 1173 0.01065630579050087 3
3 1174 0.01209912500705709 3
3 1175 0.008354408848471093 3
3 1176 0.0630375783507925 3
3 1177 0.010502476686511743 3
3 1178 0.010502468811229527 3
3 1179 0.06303736480701626 3
3 1180 0.008354408848471093 3
3 1181 0.005826831415223406 3
3 1182 0.019530271255912227 3
3 1183 0.01283179954722198 3
3 1184 0.0058267942549708905 3
3 1185 0.0058268228798436655 3
3 1186 0.06371949349947746 3
3 1187 0.01209900397485124 3
3 1188 0.06303736480701626 3
3 1189 0.01970106681100389 3
3 1190 0.01980370742351425 3
3 1191 0.010320453872941714 3
3 1192 0.00835435232612261 3
3 1193 0.008354408828833327 3
3 1194 0.005826794253666055 3
3 1195 0.005826831415223406 3
3 1196 0.008354408828833327 3
3 1197 0.08312041823390899 3
3 1198 0.00835435232612261 3
3 1199 1327770.4143033065 3
3 1200 0.008354352327464476 3
3 1201 0.008354366530051505 3
3 1202 0.009310593083167396 3
3 1203 0.009310592359546096 3
3 1204 0.005826831414126716 3
3 1205 0.06303736480701626 3
3 1206 1327770.4143033065 3
3 1207 0.008354366530051505 3
3 1208 0.008354366522773967 3
3 1209 0.00835435232612261 3
3 1210 0.008354408848471093 3
3 1211 0.18314304481516336 3
3 1212 0.010320434895896331 3
3 1213 10.798533121397131 3
3 1214 0.012261078248098993 3
3 1215 7.296996749201716 3
3 1216 0.019702548060115222 3
3 1217 0.009310593092786621 3
3 1218 0.05253892546395742 3
3 1219 0.010320453866858913 3
3 1220 0.012099098430151082 3
3 1221 0.009157997931395892 3
3 1222 0.00835435232612261 3
3 1223 0.06303736480701626 3
3 1224 0.01970132173528904 3
3 1225 0.008354352327464476 3
3 1226 0.008354408828833327 3
3 1227 0.01209900397485124 3
3 1228 666052.4362904486 3
3 1229 0.01283179954722198 3
3 1230 3032927.054354962 3
3 1231 0.0058268228798436655 3
3 1232 0.014162096201315266 3
3 1233 0.012099003975393215 3
3 1234 0.01970132173528904 3
3 1235 0.01970131835977658 3
3 1236 0.009157998178583203 3
3 1237 0.019702548060115222 3
3 1238 0.010320447340098451 3
3 1239 0.010320434896757475 3
3 1240 0.01970132173528904 3
3 1241 0.005826831415223406 3
3 1242 0.07342432172390594 3
3 1243 0.019702548060115222 3
3 1244 0.009157997931306167 3
3 1245 0.009157999472397751 3
3 1246 0.012099098445753813 3
3 1247 0.012099003975393215 3
3 1248 0.008354366530051505 3
3 1249 0.06303735793998537 3
3 1250 0.005826822878644711 3
3 1251 1327770.4421486766 3
3 1252 1327770.4421486766 3
3 1253 0.005826831414126716 3
3 1254 0.008354408848471093 3
3 1255 0.008354408848471093 3
3 1256 0.0820933919628012 3
3 1257 0.10711461872251854 3
3 1258 0.008354366530051505 3
3 1259 0.00943514653199627 3
3 1260 0.019702548060115222 3
3 1261 1327770.4143033065 3
3 1262 0.005826831415223406 3
3 1263 0.010320434896757475 3
3 1264 0.008354366530051505 3
3 1265 121.0555205020069 3
3 1266 1327770.2181003722 3
3 1267 1327740.8009201868 3
3 1268 0.005826794253666055 3
3 1269 0.005826831414126716 3
3 1270 0.08193264426396397 3
3 1271 0.005826794253666055 3
3 1272 0.010320434895896331 3
3 1273 0.005826822878644711 3
3 1274 0.009157998178604947 3
3 1275 0.13195365029617012 3
3 1276 0.005826794253666055 3
3 1277 0.010320453872941714 3
3 1278 0.009207554653768962 3
3 1279 0.008354352327464476 3
3 1280 0.010320453866858913 3
3 1281 0.010320453872941714 3
3 1282 0.008354366530051505 3
3 1283 0.008354352327464476 3
3 1284 1327770.395953254 3
3 1285 0.010320447345190841 3
3 1286 0.022785017252525616 3
3 1287 0.01970106681100389 3
3 1288 0.00835435232612261 3
3 1289 0.009157998178604947 3
3 1290 0.0835107982550927 3
3 1291 0.012099098430151082 3
3 1292 0.01209912500705709 3
3 1293 0.008354366530051505 3
3 1294 0.008354408848471093 3
3 1295 0.005826831414126716 3
3 1296 0.008354366530051505 3
3 1297 0.008354408828833327 3
3 1298 0.005826794253666055 3
3 1299 0.005826831415223406 3
3 1300 0.014162096201315272 3
3 1301 0.05102509902682359 3
3 1302 0.010320453866858913 3
3 1303 0.009157999472397751 3
3 1304 0.005826831415223406 3
3 1305 3032927.054354962 3
3 1306 0.008354408828833327 3
3 1307 0.01970106681100389 3
3 1308 0.008354408848471093 3
3 1309 0.008354352327464476 3
3 1310 0.008354366522773967 3
3 1311 0.008354352327464476 3
3 1312 0.009157999472397751 3
3 1313 0.06303736470723002 3
3 1314 0.0058268228798436655 3
3 1315 0.01970132173528904 3
3 1316 0.01283179954722198 3
3 1317 666052.3801067102 3
3 1318 0.12198682067994275 3
3 1319 0.008354408828833327 3
3 1320 0.008354366530051505 3
3 1321 0.019712286609169592 3
3 1322 0.12105143161529575 3
3 1323 0.005826831415223406 3
3 1324 0.08346496661151324 3
3 1325 0.08351079809638896 3
3 1326 0.01970132173528904 3
3 1327 0.00835435232612261 3
3 1328 0.014162096201315337 3
3 1329 0.009157999472349899 3
3 1330 0.01065630579050087 3
3 1331 666052.0694709615 3
3 1332 0.008354366522773967 3
3 1333 0.008354352327464476 3
3 1334 0.005826831415223406 3
3 1335 0.005826831415223406 3
3 1336 0.07199113412358332 3
3 1337 1327770.2181003722 3
3 1338 29144370.437737014 3
3 1339 0.012261086210707239 3
3 1340 0.05692054493142104 3
3 1341 0.008354352327464476 3
3 1342 0.01970131835977658 3
3 1343 0.018728244224136853 3
3 1344 0.01970254806000917 3
3 1345 0.16956047506933694 3
3 1346 0.009310592359546096 3
3 1347 0.009157998178583203 3
3 1348 0.009435146532551604 3
3 1349 0.019722621606204572 3
3 1350 0.06303735793998537 3
3 1351 0.009157997931306167 3
3 1352 0.008354352327464476 3
3 1353 0.008354408828833327 3
3 1354 1327770.395953254 3
3 1355 1327770.395953254 3
3 1356 0.019752368903368362 3
3 1357 0.009435146532475439 3
3 1358 666052.2448885294 3
3 1359 0.005826794253666055 3
3 1360 0.009157999472397751 3
3 1361 0.06303757930972004 3
3 1362 0.010320447345190841 3
3 1363 0.0058268228798436655 3
3 1364 0.06303736480701626 3
3 1365 0.009157997931395892 3
3 1366 0.0630375783507925 3
3 1367 0.06303736480701626 3
3 1368 0.04679509625196452 3
3 1369 0.0630375783507925 3
3 1370 0.012099098430151082 3
3 1371 0.012099003975393215 3
3 1372 0.019701065795703503 3
3 1373 0.005826831415223406 3
3 1374 0.0058268228798436655 3
3 1375 0.0058267942549708905 3
3 1376 0.07706003438998985 3
3 1377 0.009427056326471794 3
3 1378 0.06303736470723002 3
3 1379 0.01050247668645024 3
3 1380 0.005826831415223406 3
3 1381 0.008354408828833327 3
3 1382 0.009292105646732053 3
3 1383 0.0987105829380304 3
3 1384 1327740.8009201868 3
3 1385 0.012099098445753813 3
3 1386 0.008354366530051505 3
3 1387 0.00835435232612261 3
3 1388 0.005826831414126716 3
3 1389 0.005826831415223406 3
3 1390 0.008354366522773967 3
3 1391 0.008354408848471093 3
3 1392 0.01970131835977658 3
3 1393 0.008354352327464476 3
3 1394 1327740.8009201868 3
3 1395 0.0742053451601027 3
3 1396 0.01970254806000917 3
3 1397 0.012099098430151082 3
3 1398 0.019701065795703503 3
3 1399 0.008354408828833327 3
3 1400 0.1422487386818622 3
3 1401 0.012261086210286843 3
3 1402 0.019701065795703503 3
3 1403 0.010320447340098451 3
3 1404 0.012261086210286843 3
3 1405 0.012261083741841695 3
3 1406 0.019727180455887172 3
3 1407 0.0058268228798436655 3
3 1408 0.010320453872941714 3
3 1409 1327740.755738049 3
3 1410 0.0058267942549708905 3
3 1411 0.005826822878644711 3
3 1412 0.009157999472349899 3
3 1413 0.009310592359546096 3
3 1414 0.009435146532107957 3
3 1415 0.008354408828833327 3
3 1416 0.00920753840305174 3
3 1417 0.009157998178604947 3
3 1418 0.0058267942549708905 3
3 1419 0.005826831415223406 3
3 1420 0.021154207096619155 3
3 1421 0.00835435232612261 3
3 1422 1327740.755738049 3
3 1423 0.12421387626963527 3
3 1424 0.0058268228798436655 3
3 1425 0.023461870665557206 3
3 1426 0.00835435232612261 3
3 1427 0.00835435232612261 3
3 1428 0.06303735793998537 3
3 1429 0.06303757930972004 3
3 1430 0.008354352327464476 3
3 1431 0.008354352327464476 3
3 1432 0.00835435232612261 3
3 1433 0.008354366522773967 3
3 1434 29144370.437737014 3
3 1435 0.06303757930972004 3
3 1436 0.06303736480701626 3
3 1437 0.005826831414126716 3
3 1438 0.012831637477914529 3
3 1439 0.00835435232612261 3
3 1440 0.019702548060115222 3
3 1441 0.01970106681100389 3
3 1442 0.00920753840305174 3
3 1443 0.010656305805061751 3
3 1444 0.008354408848471093 3
3 1445 0.008354408828833327 3
3 1446 0.00835435232612261 3
3 1447 0.0204599824317124 3
3 1448 0.01209912500705709 3
3 1449 0.01209912500705709 3
3 1450 0.008354352327464476 3
3 1451 0.008354366530051505 3
3 1452 0.00835435232612261 3
3 1453 0.00835435232612261 3
3 1454 0.00835435232612261 3
3 1455 0.008354408828833327 3
3 1456 0.008354352327464476 3
3 1457 0.00835435232612261 3
3 1458 0.01209900397485124 3
3 1459 0.005826831415223406 3
3 1460 666052.3982169701 3
3 1461 0.0630375783507925 3
3 1462 0.005826831414126716 3
3 1463 0.0058268228798436655 3
3 1464 0.06303735793998537 3
3 1465 1327770.2181003722 3
3 1466 0.005826794253666055 3
3 1467 0.008354366530051505 3
3 1468 0.020755359333784494 3
3 1469 0.07717436464366231 3
3 1470 0.019788598386678714 3
3 1471 0.019701065795703503 3
3 1472 0.005826794253666055 3
3 1473 0.008354366522773967 3
3 1474 0.009427056326290303 3
3 1475 0.08331826255859216 3
3 1476 1327740.8009201868 3
3 1477 1327740.8009201868 3
3 1478 0.008354352327464476 3
3 1479 0.005826831415223406 3
3 1480 0.009157999472397751 3
3 1481 0.01283179954722198 3
3 1482 0.12456337899994405 3
3 1483 0.009427056326290303 3
3 1484 0.019803707417459557 3
3 1485 0.005826831415223406 3
3 1486 0.08601262667172857 3
3 1487 0.008354408828833327 3
3 1488 0.009310593092786621 3
3 1489 0.01970132173528904 3
3 1490 0.02771414213469176 3
3 1491 0.04624051206787846 3
3 1492 0.01970106681100389 3
3 1493 0.009310592359546096 3
3 1494 0.0058268228798436655 3
3 1495 0.008354408848471093 3
3 1496 0.010502477213771873 3
3 1497 0.005826831415223406 3
3 1498 0.0058267942549708905 3
3 1499 0.005826822878644711 3
3 1500 0.01970132173528904 3
3 1501 0.008354408848471093 3
3 1502 29144370.437737793 3
3 1503 0.009157998178583203 3
3 1504 0.010320434896757475 3
3 1505 0.05630604323913464 3
3 1506 0.009157997931306167 3
3 1507 0.06303735869285289 3
3 1508 0.005826822878644711 3
3 1509 0.005826794253666055 3
3 1510 0.0058267942549708905 3
3 1511 0.0058267942549708905 3
3 1512 0.008354408848471093 3
3 1513 0.009157997931395892 3
3 1514 0.012099098445753813 3
3 1515 29144370.437737014 3
3 1516 0.012099125014506691 3
3 1517 0.019722621606204572 3
3 1518 1327770.395953254 3
3 1519 0.01970132173528904 3
3 1520 0.010320434896757475 3
3 1521 0.010320447345190841 3
3 1522 0.11319246199617336 3
3 1523 0.010320447340098451 3
3 1524 0.009310593083167396 3
3 1525 0.010320447340098451 3
3 1526 0.050504761001487146 3
3 1527 0.07447141776141378 3
3 1528 0.01283179954722198 3
3 1529 0.01970132173528904 3
3 1530 0.005826831415223406 3
3 1531 0.010656281137630105 3
3 1532 0.01970131835977658 3
3 1533 0.01970132173528904 3
3 1534 0.09207258922688603 3
3 1535 666052.4362904486 3
3 1536 0.0058268228798436655 3
3 1537 0.0729636271292521 3
3 1538 0.005826831414126716 3
3 1539 0.0058268228798436655 3
3 1540 0.06303736480701626 3
3 1541 0.010502468810452501 3
3 1542 0.01050247668645024 3
3 1543 0.019725162011778458 3
3 1544 0.010502468810452501 3
3 1545 0.009157999472397751 3
3 1546 1327740.8009201868 3
3 1547 0.005826794253666055 3
3 1548 0.008354366522773967 3
3 1549 0.005826831414126716 3
3 1550 0.00835435232612261 3
3 1551 0.008354366522773967 3
3 1552 0.04967800795723783 3
3 1553 0.009157998178604947 3
3 1554 0.019701065795703503 3
3 1555 0.005826831414126716 3
3 1556 1327740.755738049 3
3 1557 0.010320447340098451 3
3 1558 0.08331826255859216 3
3 1559 0.009435146532475439 3
3 1560 0.005826822878644711 3
3 1561 0.005826822878644711 3
3 1562 0.009157997931395892 3
3 1563 0.06303736470723002 3
3 1564 0.009157999472349899 3
3 1565 0.019702548060115222 3
3 1566 0.008354366530051505 3
3 1567 0.0058267942549708905 3
3 1568 0.01962204875453745 3
3 1569 0.0058268228798436655 3
3 1570 0.005826822878644711 3
3 1571 0.0058268228798436655 3
3 1572 0.008354366530051505 3
3 1573 0.06303735793998537 3
3 1574 0.008354366522773967 3
3 1575 0.06303757930972004 3
3 1576 0.01209912500705709 3
3 1577 0.012099098445753813 3
3 1578 0.010320434895896331 3
3 1579 0.010320447340098451 3
3 1580 0.14712843120996044 3
3 1581 0.008354408828833327 3
3 1582 1327770.4143033065 3
3 1583 0.010320453866858913 3
3 1584 0.009157999472397751 3
3 1585 0.009157999472349899 3
3 1586 0.008354352327464476 3
3 1587 0.00835435232612261 3
3 1588 0.005826831415223406 3
3 1589 0.005826831414126716 3
3 1590 0.005826831415223406 3
3 1591 0.005826794253666055 3
3 1592 0.008354366522773967 3
3 1593 0.06337474751502144 3
3 1594 0.009427056322926175 3
3 1595 0.00835435232612261 3
3 1596 0.01065630579050087 3
3 1597 0.010502477213771873 3
3 1598 0.008354366530051505 3
3 1599 0.008354366522773967 3
3 1600 0.005826822878644711 3
3 1601 29144370.437728215 3
3 1602 0.019658864423888492 3
3 1603 0.08331826255859216 3
3 1604 1327770.2181003722 3
3 1605 1327770.395953254 3
3 1606 0.008354352327464476 3
3 1607 0.12088910479991599 3
3 1608 0.005826831414126716 3
3 1609 0.005826794253666055 3
3 1610 0.012831637477914529 3
3 1611 0.010320447340098451 3
3 1612 0.010320453872941714 3
3 1613 0.0058267942549708905 3
3 1614 0.06303735869285289 3
3 1615 0.0630375783507925 3
3 1616 0.008354366522773967 3
3 1617 0.005826822878644711 3
3 1618 0.01050247668645024 3
3 1619 0.010502477213771873 3
3 1620 0.0058268228798436655 3
3 1621 0.005826831415223406 3
3 1622 0.009157999472397751 3
3 1623 0.009157998178604947 3
3 1624 0.019473418641537316 3
3 1625 0.01970131835977658 3
3 1626 0.005826822878644711 3
3 1627 1327770.4421486766 3
3 1628 0.008354366530051505 3
3 1629 0.01050247668645024 3
3 1630 0.0058268228798436655 3
3 1631 0.01970106681100389 3
3 1632 0.010320447345190841 3
3 1633 0.032421840257606 3
3 1634 0.01970132173528904 3
3 1635 0.012099125014506691 3
3 1636 0.0058267942549708905 3
3 1637 0.01972057781975663 3
3 1638 0.005826831415223406 3
3 1639 0.005826822878644711 3
3 1640 0.0058267942549708905 3
3 1641 0.1392678830257941 3
3 1642 0.06482191324134325 3
3 1643 0.008354366530051505 3
3 1644 0.06303757930972004 3
3 1645 0.06303736470723002 3
3 1646 666052.0694709615 3
3 1647 0.0106562811396388 3
3 1648 0.012099098430151082 3
3 1649 0.01970254806000917 3
3 1650 0.019702548060115222 3
3 1651 0.021658065795308958 3
3 1652 0.005826822878644711 3
3 1653 0.0058268228798436655 3
3 1654 0.008354408828833327 3
3 1655 0.008354408828833327 3
3 1656 0.0058268228798436655 3
3 1657 0.008354352327464476 3
3 1658 0.008354352327464476 3
3 1659 0.008354408848471093 3
3 1660 0.008354366522773967 3
3 1661 0.008354352327464476 3
3 1662 0.01209912500705709 3
3 1663 0.010320447340098451 3
3 1664 0.01209912500705709 3
3 1665 0.010502468811229527 3
3 1666 1327770.4143033065 3
3 1667 1327740.8009201868 3
3 1668 0.005826831414126716 3
3 1669 0.0058267942549708905 3
3 1670 3663770.6233942453 3
3 1671 0.00931066769462611 3
3 1672 0.01970132173528904 3
3 1673 0.005826831414126716 3
3 1674 0.01970132173528904 3
3 1675 0.0058268228798436655 3
3 1676 0.010502476686511743 3
3 1677 0.1495258867964516 3
3 1678 0.041618249302366225 3
3 1679 0.06303736480701626 3
3 1680 0.010320447345190841 3
3 1681 0.01209912500705709 3
3 1682 0.009157998178604947 3
3 1683 0.06303735869285289 3
3 1684 0.06303735793998537 3
3 1685 0.009157997931306167 3
3 1686 0.005826794253666055 3
3 1687 0.005826794253666055 3
3 1688 0.005826794253666055 3
3 1689 0.005826831414126716 3
3 1690 0.005826831414126716 3
3 1691 0.008354408828833327 3
3 1692 0.008354408828833327 3
3 1693 0.00835435232612261 3
3 1694 0.00835435232612261 3
3 1695 0.008354352327464476 3
3 1696 0.00943514653199627 3
3 1697 0.009435146532475439 3
3 1698 0.0092075537778569 3
3 1699 0.010502468810452501 3
3 1700 0.01970106681100389 3
3 1701 0.005826831415223406 3
3 1702 0.010502468811229527 3
3 1703 0.051679876718241965 3
3 1704 0.01050247668645024 3
3 1705 0.010502477213881704 3
3 1706 0.010320434895896331 3
3 1707 0.005826831414126716 3
3 1708 0.01970254806000917 3
3 1709 0.00835435232612261 3
3 1710 1327770.395953254 3
3 1711 0.008354408848471093 3
3 1712 0.012099098430151082 3
3 1713 0.012099098445753813 3
3 1714 0.005826831415223406 3
3 1715 0.005826831414126716 3
3 1716 0.005826831415223406 3
3 1717 0.005826831414126716 3
3 1718 0.01209912500705709 3
3 1719 0.012099003975393215 3
3 1720 0.00942705632312022 3
3 1721 0.012261086210707239 3
3 1722 0.06303736470723002 3
3 1723 0.06303735869285289 3
3 1724 0.01226108374131719 3
3 1725 0.012261078248098993 3
3 1726 0.010320447345190841 3
3 1727 0.008354408828833327 3
3 1728 0.019702548060115222 3
3 1729 0.01970132173528904 3
3 1730 0.00835435232612261 3
3 1731 0.00835435232612261 3
3 1732 0.01970254806000917 3
3 1733 0.005826831415223406 3
3 1734 0.010502468810452501 3
3 1735 0.06303757930972004 3
3 1736 0.00835435232612261 3
3 1737 0.008354408828833327 3
3 1738 0.008354408848471093 3
3 1739 0.009435146532551604 3
3 1740 0.009157997931395892 3
3 1741 0.009157998178604947 3
3 1742 0.009157997931395892 3
3 1743 0.02021947151612023 3
3 1744 0.010320447340098451 3
3 1745 1327770.4143033065 3
3 1746 0.010320453872941714 3
3 1747 0.08950919107970928 3
3 1748 0.008354366530051505 3
3 1749 0.009157998178604947 3
3 1750 0.005826794253666055 3
3 1751 0.0058268228798436655 3
3 1752 0.008354408848471093 3
3 1753 0.008354408828833327 3
3 1754 0.0058268228798436655 3
3 1755 0.005826822878644711 3
3 1756 0.0058268228798436655 3
3 1757 0.06303736480701626 3
3 1758 1327740.755738049 3
3 1759 1327770.4143033065 3
3 1760 1327740.755738049 3
3 1761 0.008354366530051505 3
3 1762 0.01209912500705709 3
3 1763 0.012099003975393215 3
3 1764 0.005826822878644711 3
3 1765 0.008354352327464476 3
3 1766 0.008354352327464476 3
3 1767 0.0678255074455301 3
3 1768 0.06303735793998537 3
3 1769 0.04352393265157518 3
3 1770 0.0058267942549708905 3
3 1771 0.009157999472349899 3
3 1772 0.005826794253666055 3
3 1773 0.012261078246464482 3
3 1774 0.009435146532184373 3
3 1775 0.009435146531887375 3
3 1776 0.00943514653199627 3
3 1777 0.14952588680146045 3
3 1778 0.008354366522773967 3
3 1779 0.008354366522773967 3
3 1780 0.019710856552153645 3
3 1781 0.005826831415223406 3
3 1782 0.008354366530051505 3
3 1783 0.008354366530051505 3
3 1784 0.009435146532107957 3
3 1785 14474.043513967566 3
3 1786 0.010320453866858913 3
3 1787 0.010320447340098451 3
3 1788 0.0619184951626298 3
3 1789 0.0058268228798436655 3
3 1790 0.012099125014506691 3
3 1791 0.01209912500705709 3
3 1792 0.008354408828833327 3
3 1793 0.005826822878644711 3
3 1794 0.005826794253666055 3
3 1795 0.019701065795703503 3
3 1796 0.0106562811396388 3
3 1797 0.08151908999944829 3
3 1798 0.019702548060115222 3
3 1799 0.7640517770127938 3
3 1800 0.06303735869285289 3
3 1801 0.0630375783507925 3
3 1802 0.08331826255859216 3
3 1803 0.009435146532107957 3
3 1804 0.008354408828833327 3
3 1805 0.005826822878644711 3
3 1806 0.005826794253666055 3
3 1807 0.009435146532551604 3
3 1808 0.0058268228798436655 3
3 1809 0.06984681698621326 3
3 1810 0.012099125014506691 3
3 1811 0.012099125014506691 3
3 1812 0.008354408848471093 3
3 1813 0.17079586573347383 3
3 1814 0.005826822878644711 3
3 1815 0.005826831415223406 3
3 1816 1327770.2181003722 3
3 1817 0.008354366522773967 3
3 1818 0.009435146532475439 3
3 1819 0.010502477213771873 3
3 1820 0.012831637466534545 3
3 1821 0.009157997931395892 3
3 1822 0.008354408828833327 3
3 1823 0.008354408848471093 3
3 1824 0.01970254806000917 3
3 1825 0.06303736470723002 3
3 1826 0.06303735869285289 3
3 1827 0.06303735793998537 3
3 1828 0.008354366522773967 3
3 1829 0.00835435232612261 3
3 1830 0.010502477213881704 3
3 1831 0.009157997931395892 3
3 1832 0.05849051860113746 3
3 1833 0.012099003975393215 3
3 1834 0.010502468810452501 3
3 1835 0.010502477213881704 3
3 1836 0.019709365946174603 3
3 1837 0.008354352327464476 3
3 1838 0.008354352327464476 3
3 1839 0.008354408848471093 3
3 1840 0.01970132173528904 3
3 1841 0.010320453872941714 3
3 1842 0.019702548060115222 3
3 1843 0.0058268228798436655 3
3 1844 0.009310592346655818 3
3 1845 0.06303735793998537 3
3 1846 0.019701065795703503 3
3 1847 0.01050247668645024 3
3 1848 0.005826831414126716 3
3 1849 0.008354366530051505 3
3 1850 0.009157997931306167 3
3 1851 0.0630375783507925 3
3 1852 0.008354366530051505 3
3 1853 0.008354352327464476 3
3 1854 0.0092075384022131 3
3 1855 0.012831674823898222 3
3 1856 0.005826831415223406 3
3 1857 1327740.755738049 3
3 1858 14474.043429286394 3
3 1859 0.9575575421635217 3
3 1860 0.008354408828833327 3
3 1861 0.008354366522773967 3
3 1862 0.005826794253666055 3
3 1863 0.005826794253666055 3
3 1864 0.012099003975393215 3
3 1865 0.019701065795703503 3
3 1866 0.010320447345190841 3
3 1867 0.005826794253666055 3
3 1868 0.012099003975393215 3
3 1869 0.012099098430151082 3
3 1870 0.01970254806000917 3
3 1871 0.010502476686511743 3
3 1872 0.008354366530051505 3
3 1873 0.06303735793998537 3
3 1874 0.01972918597299212 3
3 1875 0.021068157337923336 3
3 1876 0.012099003975393215 3
3 1877 0.01209912500705709 3
3 1878 0.01970254806000917 3
3 1879 0.009157998178583203 3
3 1880 0.01970131835977658 3
3 1881 0.012099125014506691 3
3 1882 0.009310667698484694 3
3 1883 0.009310667698484694 3
3 1884 0.009207554647784007 3
3 1885 0.009157998178583203 3
3 1886 0.008354408848471093 3
3 1887 0.019702548060115222 3
3 1888 0.009157999472349899 3
3 1889 0.009310592346655818 3
3 1890 0.019701065795703503 3
3 1891 0.01970254806000917 3
3 1892 0.008354366522773967 3
3 1893 0.008354352327464476 3
3 1894 0.005826794253666055 3
3 1895 0.008354366530051505 3
3 1896 0.008354408828833327 3
3 1897 0.008354366530051505 3
3 1898 0.08331826255859216 3
3 1899 0.009427056326471794 3
3 1900 0.010656281137630105 3
3 1901 0.010656281137630105 3
3 1902 0.012099098445753813 3
3 1903 0.012099098430151082 3
3 1904 0.010320447345190841 3
3 1905 0.019570702955584652 3
3 1906 0.00835435232612261 3
3 1907 1327740.755738049 3
3 1908 0.005826794253666055 3
3 1909 0.0058267942549708905 3
3 1910 666052.4362904486 3
3 1911 0.019570702955625862 3
3 1912 0.01970106681100389 3
3 1913 0.01970131835977658 3
3 1914 1327740.755738049 3
3 1915 0.012099098430151082 3
3 1916 29144370.437728215 3
3 1917 29144370.437728215 3
3 1918 0.008354408848471093 3
3 1919 0.0058267942549708905 3
3 1920 0.12726001110345106 3
3 1921 0.01050247668645024 3
3 1922 0.0058267942549708905 3
3 1923 0.005826822878644711 3
3 1924 0.005826794253666055 3
3 1925 0.01970254806000917 3
3 1926 0.01970131835977658 3
3 1927 0.009310593092786621 3
3 1928 0.01970106681100389 3
3 1929 0.01970131835977658 3
3 1930 0.005826831415223406 3
3 1931 56560.31978637021 3
3 1932 0.0058267942549708905 3
3 1933 0.01970131835977658 3
3 1934 0.005826794253666055 3
3 1935 0.008354352327464476 3
3 1936 0.01970131835977658 3
3 1937 0.4444100288690651 3
3 1938 1327770.395953254 3
3 1939 1327770.395953254 3
3 1940 0.01970132173528904 3
3 1941 0.01970131835977658 3
3 1942 0.005826831414126716 3
3 1943 0.021428967557899407 3
3 1944 0.019738499679152276 3
3 1945 0.00835435232612261 3
3 1946 0.01970106681100389 3
3 1947 0.005826831414126716 3
3 1948 0.01283179954722198 3
3 1949 0.01972093995296573 3
3 1950 1327770.2181003722 3
3 1951 0.019702548060115222 3
3 1952 0.009435146532551604 3
3 1953 0.00835435232612261 3
3 1954 0.0058267942549708905 3
3 1955 0.019701065795703503 3
3 1956 0.03348562124443209 3
3 1957 0.008354408848471093 3
3 1958 0.010502476686511743 3
3 1959 0.010502468810452501 3
3 1960 3663770.6233942453 3
3 1961 0.012261083741841695 3
3 1962 0.005826831414126716 3
3 1963 0.05987204776012578 3
3 1964 0.010502477213771873 3
3 1965 0.005826831415223406 3
3 1966 0.005826831415223406 3
3 1967 0.0058267942549708905 3
3 1968 0.012831674823898222 3
3 1969 0.012831674823898222 3
3 1970 0.008354366530051505 3
3 1971 0.008354366522773967 3
3 1972 0.008354352327464476 3
3 1973 0.020349668925196504 3
3 1974 0.016652298476521214 3
3 1975 0.07717435495332099 3
3 1976 0.0058268228798436655 3
3 1977 0.0058267942549708905 3
3 1978 0.009310592346655818 3
3 1979 0.01209912500705709 3
3 1980 0.009310592359546096 3
3 1981 0.009157998178583203 3
3 1982 0.00835435232612261 3
3 1983 0.012261078248098993 3
3 1984 0.008354408848471093 3
3 1985 0.008354352327464476 3
3 1986 0.009157997931306167 3
3 1987 0.06303757930972004 3
3 1988 0.0058267942549708905 3
3 1989 0.0058268228798436655 3
3 1990 0.009310592346655818 3
3 1991 0.009310592346655818 3
3 1992 0.0058267942549708905 3
3 1993 0.0058267942549708905 3
3 1994 14.19171927941121 3
3 1995 0.008354408848471093 3
3 1996 0.008354366530051505 3
3 1997 0.05987204776012578 3
3 1998 0.0058268228798436655 3
3 1999 0.01970254806000917 3
4 0 0.005826794253666055 3
4 1 0.005826794253666055 3
4 2 0.005826794253666055 3
4 3 0.005826794253666055 3
4 4 0.005826794253666055 3
4 5 0.005826794253666055 3
4 6 0.005826794253666055 3
4 7 0.005826794253666055 3
4 8 0.005826794253666055 3
4 9 0.005826794253666055 3
4 10 0.005826794253666055 3
4 11 0.005826794253666055 3
4 12 0.005826794253666055 3
4 13 0.005826794253666055 3
4 14 0.005826794253666055 3
4 15 0.005826794253666055 3
4 16 0.005826794253666055 3
4 17 0.005826794253666055 3
4 18 0.005826794253666055 3
4 19 0.005826794253666055 3
4 20 0.005826794253666055 3
4 21 0.005826794253666055 3
4 22 0.005826794253666055 3
4 23 0.005826794253666055 3
4 24 0.005826794253666055 3
4 25 0.005826794253666055 3
4 26 0.005826794253666055 3
4 27 0.005826794253666055 3
4 28 0.005826794253666055 3
4 29 0.005826794253666055 3
4 30 0.005826794253666055 3
4 31 0.005826794253666055 3
4 32 0.005826794253666055 3
4 33 0.005826794253666055 3
4 34 0.005826794253666055 3
4 35 0.005826794253666055 3
4 36 0.005826794253666055 3
4 37 0.005826794253666055 3
4 38 0.005826794253666055 3
4 39 0.005826794253666055 3
4 40 0.005826794253666055 3
4 41 0.005826794253666055 3
4 42 0.005826794253666055 3
4 43 0.005826794253666055 3
4 44 0.005826794253666055 3
4 45 0.005826794253666055 3
4 46 0.005826794253666055 3
4 47 0.005826794253666055 3
4 48 0.005826794253666055 3
4 49 0.005826794253666055 3
4 50 0.005826794253666055 3
4 51 0.005826794253666055 3
4 52 0.005826794253666055 3
4 53 0.005826794253666055 3
4 54 0.005826794253666055 3
4 55 0.005826794253666055 3
4 56 0.005826794253666055 3
4 57 0.005826794253666055 3
4 58 0.0058267942549708905 3
4 59 0.0058267942549708905 3
4 60 0.0058267942549708905 3
4 61 0.0058267942549708905 3
4 62 0.0058267942549708905 3
4 63 0.0058267942549708905 3
4 64 0.0058267942549708905 3
4 65 0.0058267942549708905 3
4 66 0.0058267942549708905 3
4 67 0.0058267942549708905 3
4 68 0.0058267942549708905 3
4 69 0.0058267942549708905 3
4 70 0.0058267942549708905 3
4 71 0.0058267942549708905 3
4 72 0.0058267942549708905 3
4 73 0.0058267942549708905 3
4 74 0.0058267942549708905 3
4 75 0.0058267942549708905 3
4 76 0.0058267942549708905 3
4 77 0.0058267942549708905 3
4 78 0.0058267942549708905 3
4 79 0.0058267942549708905 3
4 80 0.0058267942549708905 3
4 81 0.0058267942549708905 3
4 82 0.0058267942549708905 3
4 83 0.0058267942549708905 3
4 84 0.0058267942549708905 3
4 85 0.0058267942549708905 3
4 86 0.0058267942549708905 3
4 87 0.0058267942549708905 3
4 88 0.0058267942549708905 3
4 89 0.0058267942549708905 3
4 90 0.0058267942549708905 3
4 91 0.0058267942549708905 3
4 92 0.0058267942549708905 3
4 93 0.0058267942549708905 3
4 94 0.0058267942549708905 3
4 95 0.0058267942549708905 3
4 96 0.0058267942549708905 3
4 97 0.0058267942549708905 3
4 98 0.0058267942549708905 3
4 99 0.0058267942549708905 3
4 100 0.0058267942549708905 3
4 101 0.0058267942549708905 3
4 102 0.0058267942549708905 3
4 103 0.0058267942549708905 3
4 104 0.0058267942549708905 3
4 105 0.0058267942549708905 3
4 106 0.0058267942549708905 3
4 107 0.0058267942549708905 3
4 108 0.0058267942549708905 3
4 109 0.0058267942549708905 3
4 110 0.0058267942549708905 3
4 111 0.0058267942549708905 3
4 112 0.0058267942549708905 3
4 113 0.0058267942549708905 3
4 114 0.0058267942549708905 3
4 115 0.0058267942549708905 3
4 116 0.0058267942549708905 3
4 117 0.0058267942549708905 3
4 118 0.0058267942549708905 3
4 119 0.0058267942549708905 3
4 120 0.0058267942549708905 3
4 121 0.005826822878644711 3
4 122 0.005826822878644711 3
4 123 0.005826822878644711 3
4 124 0.005826822878644711 3
4 125 0.005826822878644711 3
4 126 0.005826822878644711 3
4 127 0.005826822878644711 3
4 128 0.005826822878644711 3
4 129 0.005826822878644711 3
4 130 0.005826822878644711 3
4 131 0.005826822878644711 3
4 132 0.005826822878644711 3
4 133 0.005826822878644711 3
4 134 0.005826822878644711 3
4 135 0.005826822878644711 3
4 136 0.005826822878644711 3
4 137 0.005826822878644711 3
4 138 0.005826822878644711 3
4 139 0.005826822878644711 3
4 140 0.005826822878644711 3
4 141 0.005826822878644711 3
4 142 0.005826822878644711 3
4 143 0.005826822878644711 3
4 144 0.005826822878644711 3
4 145 0.005826822878644711 3
4 146 0.005826822878644711 3
4 147 0.005826822878644711 3
4 148 0.005826822878644711 3
4 149 0.005826822878644711 3
4 150 0.005826822878644711 3
4 151 0.005826822878644711 3
4 152 0.005826822878644711 3
4 153 0.005826822878644711 3
4 154 0.005826822878644711 3
4 155 0.005826822878644711 3
4 156 0.005826822878644711 3
4 157 0.005826822878644711 3
4 158 0.005826822878644711 3
4 159 0.005826822878644711 3
4 160 0.005826822878644711 3
4 161 0.005826822878644711 3
4 162 0.005826822878644711 3
4 163 0.005826822878644711 3
4 164 0.005826822878644711 3
4 165 0.005826822878644711 3
4 166 0.005826822878644711 3
4 167 0.005826822878644711 3
4 168 0.005826822878644711 3
4 169 0.005826822878644711 3
4 170 0.005826822878644711 3
4 171 0.005826822878644711 3
4 172 0.005826822878644711 3
4 173 0.005826822878644711 3
4 174 0.005826822878644711 3
4 175 0.005826822878644711 3
4 176 0.005826822878644711 3
4 177 0.005826822878644711 3
4 178 0.005826822878644711 3
4 179 0.005826822878644711 3
4 180 0.005826822878644711 3
4 181 0.005826822878644711 3
4 182 0.005826822878644711 3
4 183 0.005826822878644711 3
4 184 0.005826822878644711 3
4 185 0.0058268228798436655 3
4 186 0.0058268228798436655 3
4 187 0.0058268228798436655 3
4 188 0.0058268228798436655 3
4 189 0.0058268228798436655 3
4 190 0.0058268228798436655 3
4 191 0.0058268228798436655 3
4 192 0.0058268228798436655 3
4 193 0.0058268228798436655 3
4 194 0.0058268228798436655 3
4 195 0.0058268228798436655 3
4 196 0.0058268228798436655 3
4 197 0.0058268228798436655 3
4 198 0.0058268228798436655 3
4 199 0.0058268228798436655 3
4 200 0.005826794253666055 3
4 201 0.0058268228798436655 3
4 202 0.005826822878644711 3
4 203 0.005826794253666055 3
4 204 0.0058267942549708905 3
4 205 0.005826831414126716 3
4 206 0.005826831414126716 3
4 207 0.005826794253666055 3
4 208 0.0058268228798436655 3
4 209 0.01970675250040069 3
4 210 0.005826831415223406 3
4 211 0.005826822878644711 3
4 212 0.0058268228798436655 3
4 213 0.0058268228798436655 3
4 214 0.005826831415223406 3
4 215 0.005826831415223406 3
4 216 0.005826794253666055 3
4 217 0.005826822878644711 3
4 218 0.005826831415223406 3
4 219 0.005826794253666055 3
4 220 0.005826794253666055 3
4 221 0.0058268228798436655 3
4 222 0.005826831415223406 3
4 223 0.07059961293931116 3
4 224 0.0058267942549708905 3
4 225 0.005826822878644711 3
4 226 0.005826831414126716 3
4 227 0.005826794253666055 3
4 228 0.005826831415223406 3
4 229 0.0058267942549708905 3
4 230 0.005826822878644711 3
4 231 0.005826831414126716 3
4 232 0.005826831415223406 3
4 233 0.0058267942549708905 3
4 234 0.0058268228798436655 3
4 235 0.0058267942549708905 3
4 236 0.005826794253666055 3
4 237 0.005826831415223406 3
4 238 0.005826822878644711 3
4 239 0.0058268228798436655 3
4 240 0.005826831414126716 3
4 241 0.005826822878644711 3
4 242 0.005826831415223406 3
4 243 0.005826831414126716 3
4 244 0.005826831414126716 3
4 245 0.005826831414126716 3
4 246 0.005826831415223406 3
4 247 0.0058268228798436655 3
4 248 0.005826822878644711 3
4 249 0.005826822878644711 3
4 250 0.0058267942549708905 3
4 251 0.005826794253666055 3
4 252 0.005826831414126716 3
4 253 0.0058268228798436655 3
4 254 0.0058268228798436655 3
4 255 0.005826831415223406 3
4 256 0.005826822878644711 3
4 257 0.0058267942549708905 3
4 258 0.005826822878644711 3
4 259 0.005826822878644711 3
4 260 0.0058267942549708905 3
4 261 0.0058267942549708905 3
4 262 0.019724021267449123 3
4 263 0.0058268228798436655 3
4 264 0.0058267942549708905 3
4 265 0.005826831414126716 3
4 266 0.0058267942549708905 3
4 267 0.005826831415223406 3
4 268 0.005826831414126716 3
4 269 0.0058268228798436655 3
4 270 0.005826831415223406 3
4 271 0.005826831414126716 3
4 272 0.005826831415223406 3
4 273 0.005826831414126716 3
4 274 0.005826831414126716 3
4 275 0.0058267942549708905 3
4 276 0.005826831414126716 3
4 277 0.0058267942549708905 3
4 278 0.005826831415223406 3
4 279 0.0058267942549708905 3
4 280 0.005826831414126716 3
4 281 0.005826831414126716 3
4 282 0.0058267942549708905 3
4 283 0.005826831415223406 3
4 284 0.005826822878644711 3
4 285 0.005826831415223406 3
4 286 0.005826794253666055 3
4 287 0.005826831414126716 3
4 288 0.019721505651364005 3
4 289 0.005826831414126716 3
4 290 0.005826831415223406 3
4 291 0.005826831415223406 3
4 292 0.005826831414126716 3
4 293 0.005826831414126716 3
4 294 0.005826822878644711 3
4 295 0.005826831415223406 3
4 296 0.005826831415223406 3
4 297 0.0058267942549708905 3
4 298 0.005826822878644711 3
4 299 0.005826794253666055 3
4 300 0.0058268228798436655 3
4 301 0.005826831414126716 3
4 302 0.005826822878644711 3
4 303 0.0058268228798436655 3
4 304 0.0058268228798436655 3
4 305 0.005826822878644711 3
4 306 0.0058268228798436655 3
4 307 0.005826831415223406 3
4 308 0.005826831414126716 3
4 309 0.005826831414126716 3
4 310 0.005826822878644711 3
4 311 0.005826794253666055 3
4 312 0.005826831415223406 3
4 313 0.005826822878644711 3
4 314 0.0058267942549708905 3
4 315 0.005826831415223406 3
4 316 0.005826822878644711 3
4 317 0.005826831415223406 3
4 318 0.005826822878644711 3
4 319 0.005826794253666055 3
4 320 0.005826822878644711 3
4 321 0.0058268228798436655 3
4 322 0.005826831414126716 3
4 323 0.0058267942549708905 3
4 324 0.0058268228798436655 3
4 325 0.005826822878644711 3
4 326 0.005826831415223406 3
4 327 0.0058267942549708905 3
4 328 0.0058268228798436655 3
4 329 0.0058267942549708905 3
4 330 0.005826822878644711 3
4 331 0.005826822878644711 3
4 332 0.005826831414126716 3
4 333 0.005826831415223406 3
4 334 0.0058268228798436655 3
4 335 0.0058267942549708905 3
4 336 0.0058267942549708905 3
4 337 0.0058267942549708905 3
4 338 0.0058268228798436655 3
4 339 0.0058268228798436655 3
4 340 0.0058267942549708905 3
4 341 0.005826831414126716 3
4 342 0.005826831414126716 3
4 343 0.005826831415223406 3
4 344 0.005826822878644711 3
4 345 0.0058267942549708905 3
4 346 0.0058268228798436655 3
4 347 0.005826822878644711 3
4 348 0.0058267942549708905 3
4 349 0.005826831415223406 3
4 350 0.005826831414126716 3
4 351 0.005826831414126716 3
4 352 0.005826822878644711 3
4 353 0.0058268228798436655 3
4 354 0.0058267942549708905 3
4 355 0.005826831415223406 3
4 356 0.0058268228798436655 3
4 357 0.0058268228798436655 3
4 358 0.037123922352668995 3
4 359 0.0058268228798436655 3
4 360 0.005826822878644711 3
4 361 0.0058267942549708905 3
4 362 0.005826794253666055 3
4 363 0.005826831414126716 3
4 364 0.005826831415223406 3
4 365 0.0058268228798436655 3
4 366 0.0058268228798436655 3
4 367 0.005826831415223406 3
4 368 0.0058267942549708905 3
4 369 0.005826822878644711 3
4 370 0.005826831415223406 3
4 371 0.005826831415223406 3
4 372 0.0058268228798436655 3
4 373 0.0058267942549708905 3
4 374 0.0058267942549708905 3
4 375 0.005826794253666055 3
4 376 0.005826822878644711 3
4 377 0.005826831414126716 3
4 378 0.005826831414126716 3
4 379 0.0058267942549708905 3
4 380 0.0058268228798436655 3
4 381 0.005826794253666055 3
4 382 0.005826794253666055 3
4 383 0.005826831415223406 3
4 384 0.0058268228798436655 3
4 385 0.018881652219923554 3
4 386 0.0058267942549708905 3
4 387 0.0058268228798436655 3
4 388 0.005826794253666055 3
4 389 0.005826831415223406 3
4 390 0.005826822878644711 3
4 391 0.005826831415223406 3
4 392 0.005826794253666055 3
4 393 0.0058267942549708905 3
4 394 0.035429123988436 3
4 395 0.005826831414126716 3
4 396 0.1198780641077869 3
4 397 0.005826831415223406 3
4 398 0.019666776765338925 3
4 399 0.005826822878644711 3
4 400 0.005826831414126716 3
4 401 0.005826822878644711 3
4 402 0.0058268228798436655 3
4 403 0.005826794253666055 3
4 404 0.005826822878644711 3
4 405 0.005826794253666055 3
4 406 0.005826831414126716 3
4 407 0.005826831415223406 3
4 408 0.010320447340098451 3
4 409 0.018881652221904882 3
4 410 0.005826831415223406 3
4 411 0.005826822878644711 3
4 412 0.0058267942549708905 3
4 413 0.005826831414126716 3
4 414 0.0058268228798436655 3
4 415 0.0058268228798436655 3
4 416 0.005826822878644711 3
4 417 0.0058268228798436655 3
4 418 0.005826831414126716 3
4 419 0.005826831415223406 3
4 420 0.0058267942549708905 3
4 421 0.0058268228798436655 3
4 422 0.005826822878644711 3
4 423 0.0058268228798436655 3
4 424 0.005826831414126716 3
4 425 0.005826794253666055 3
4 426 0.005826822878644711 3
4 427 0.0058267942549708905 3
4 428 0.005826822878644711 3
4 429 0.0058268228798436655 3
4 430 0.005826794253666055 3
4 431 0.005826831415223406 3
4 432 0.005826831414126716 3
4 433 0.005826794253666055 3
4 434 0.0058268228798436655 3
4 435 0.005826831415223406 3
4 436 0.005826831415223406 3
4 437 0.0058267942549708905 3
4 438 0.0058267942549708905 3
4 439 0.005826831414126716 3
4 440 0.005826831415223406 3
4 441 0.005826831414126716 3
4 442 0.17467227415415146 3
4 443 0.005826794253666055 3
4 444 0.0058267942549708905 3
4 445 0.03705427523894502 3
4 446 0.005826831415223406 3
4 447 0.005826831414126716 3
4 448 0.005826822878644711 3
4 449 0.0058267942549708905 3
4 450 0.0058267942549708905 3
4 451 0.005826822878644711 3
4 452 0.005826822878644711 3
4 453 0.005826794253666055 3
4 454 0.005826822878644711 3
4 455 0.005826831415223406 3
4 456 0.005826822878644711 3
4 457 0.005826794253666055 3
4 458 0.0058267942549708905 3
4 459 0.005826822878644711 3
4 460 0.0058267942549708905 3
4 461 0.0058268228798436655 3
4 462 0.005826822878644711 3
4 463 0.06371949349947746 3
4 464 0.0058268228798436655 3
4 465 0.005826831414126716 3
4 466 0.005826822878644711 3
4 467 0.0058268228798436655 3
4 468 0.0058267942549708905 3
4 469 0.0058267942549708905 3
4 470 0.005826831415223406 3
4 471 0.0058267942549708905 3
4 472 0.0058267942549708905 3
4 473 0.0058268228798436655 3
4 474 0.005826794253666055 3
4 475 0.0058268228798436655 3
4 476 0.005826794253666055 3
4 477 0.0058268228798436655 3
4 478 0.005826831414126716 3
4 479 0.005826831414126716 3
4 480 0.005826822878644711 3
4 481 0.005826794253666055 3
4 482 0.005826831415223406 3
4 483 0.005826831414126716 3
4 484 0.0058268228798436655 3
4 485 0.0058268228798436655 3
4 486 0.0058267942549708905 3
4 487 0.005826831414126716 3
4 488 0.005826831415223406 3
4 489 666052.4362904486 3
4 490 0.0058268228798436655 3
4 491 0.005826831414126716 3
4 492 0.01972278139832376 3
4 493 0.0058267942549708905 3
4 494 0.0979678227632196 3
4 495 0.005826822878644711 3
4 496 0.0058267942549708905 3
4 497 0.005826831414126716 3
4 498 0.005826831414126716 3
4 499 0.005826831414126716 3
4 500 0.005826831414126716 3
4 501 0.005826794253666055 3
4 502 0.005826831414126716 3
4 503 0.0058268228798436655 3
4 504 0.005826822878644711 3
4 505 0.005826831414126716 3
4 506 0.005826831414126716 3
4 507 0.005826831414126716 3
4 508 0.0058267942549708905 3
4 509 0.005826822878644711 3
4 510 0.005826831414126716 3
4 511 0.0058268228798436655 3
4 512 0.0058268228798436655 3
4 513 0.0058267942549708905 3
4 514 3663770.6233942453 3
4 515 0.005826794253666055 3
4 516 0.005826794253666055 3
4 517 0.005826831415223406 3
4 518 0.0058268228798436655 3
4 519 0.005826822878644711 3
4 520 0.07717436464366231 3
4 521 0.0058267942549708905 3
4 522 0.005826831414126716 3
4 523 0.005826822878644711 3
4 524 0.0058267942549708905 3
4 525 0.0058268228798436655 3
4 526 0.0058267942549708905 3
4 527 0.0058268228798436655 3
4 528 0.005826822878644711 3
4 529 0.0058268228798436655 3
4 530 0.005826794253666055 3
4 531 0.005826822878644711 3
4 532 0.0058267942549708905 3
4 533 0.005826822878644711 3
4 534 0.0058267942549708905 3
4 535 0.005826822878644711 3
4 536 0.0058267942549708905 3
4 537 0.005826831414126716 3
4 538 0.005826794253666055 3
4 539 0.005826831415223406 3
4 540 0.0058268228798436655 3
4 541 0.005826794253666055 3
4 542 0.005826831415223406 3
4 543 0.005826831414126716 3
4 544 0.005826831414126716 3
4 545 0.0058267942549708905 3
4 546 0.005826831414126716 3
4 547 0.0058267942549708905 3
4 548 0.005826794253666055 3
4 549 0.005826794253666055 3
4 550 0.018696256411681298 3
4 551 0.005826822878644711 3
4 552 0.0058268228798436655 3
4 553 0.06371949349947746 3
4 554 0.005826831415223406 3
4 555 0.17035181623534468 3
4 556 0.0058267942549708905 3
4 557 0.005826831415223406 3
4 558 0.005826831414126716 3
4 559 0.005826794253666055 3
4 560 0.005826822878644711 3
4 561 0.0058267942549708905 3
4 562 0.0058268228798436655 3
4 563 0.0058267942549708905 3
4 564 0.005826831415223406 3
4 565 0.0058268228798436655 3
4 566 0.0058267942549708905 3
4 567 0.0058268228798436655 3
4 568 0.0058267942549708905 3
4 569 0.0058267942549708905 3
4 570 0.005826831414126716 3
4 571 0.005826831415223406 3
4 572 0.005826831414126716 3
4 573 0.005826794253666055 3
4 574 0.0058267942549708905 3
4 575 0.0058267942549708905 3
4 576 0.031285793097625636 3
4 577 0.005826822878644711 3
4 578 0.005826822878644711 3
4 579 0.0058268228798436655 3
4 580 0.005826831415223406 3
4 581 0.005826822878644711 3
4 582 0.005826831414126716 3
4 583 0.1761157528949077 3
4 584 0.005826794253666055 3
4 585 0.0058268228798436655 3
4 586 0.0058268228798436655 3
4 587 0.0058268228798436655 3
4 588 0.005826822878644711 3
4 589 0.005826822878644711 3
4 590 0.005826794253666055 3
4 591 0.005826794253666055 3
4 592 0.0058268228798436655 3
4 593 0.03712392281423656 3
4 594 0.005826822878644711 3
4 595 0.005826831415223406 3
4 596 0.005826794253666055 3
4 597 0.0058267942549708905 3
4 598 0.0058267942549708905 3
4 599 0.0058268228798436655 3
4 600 0.005826794253666055 3
4 601 0.005826831415223406 3
4 602 0.0058268228798436655 3
4 603 0.005826794253666055 3
4 604 0.005826822878644711 3
4 605 0.0058267942549708905 3
4 606 0.005826822878644711 3
4 607 0.005826822878644711 3
4 608 0.005826831415223406 3
4 609 0.0058268228798436655 3
4 610 0.0058268228798436655 3
4 611 0.005826831415223406 3
4 612 0.005826794253666055 3
4 613 0.17467227415415146 3
4 614 0.0058267942549708905 3
4 615 0.005826822878644711 3
4 616 0.005826794253666055 3
4 617 0.005826822878644711 3
4 618 0.005826831414126716 3
4 619 0.02142896939521631 3
4 620 0.0058268228798436655 3
4 621 0.0058268228798436655 3
4 622 0.0058267942549708905 3
4 623 0.0058267942549708905 3
4 624 0.005826831414126716 3
4 625 0.010320447340098451 3
4 626 0.005826822878644711 3
4 627 0.0058267942549708905 3
4 628 0.0058268228798436655 3
4 629 0.0058268228798436655 3
4 630 0.005826822878644711 3
4 631 0.005826831415223406 3
4 632 0.005826831414126716 3
4 633 0.005826831414126716 3
4 634 0.005826831415223406 3
4 635 0.0058268228798436655 3
4 636 0.005826831415223406 3
4 637 0.0058268228798436655 3
4 638 0.0058267942549708905 3
4 639 0.0058267942549708905 3
4 640 0.0058267942549708905 3
4 641 0.005826794253666055 3
4 642 0.0058268228798436655 3
4 643 0.005826831415223406 3
4 644 0.005826831414126716 3
4 645 0.005826822878644711 3
4 646 0.005826822878644711 3
4 647 0.019724021267449123 3
4 648 0.0058268228798436655 3
4 649 0.005826831414126716 3
4 650 0.0058267942549708905 3
4 651 0.005826831414126716 3
4 652 0.0058267942549708905 3
4 653 0.005826822878644711 3
4 654 0.005826831415223406 3
4 655 0.0058268228798436655 3
4 656 0.005826831414126716 3
4 657 0.005826831414126716 3
4 658 0.0058267942549708905 3
4 659 0.005826822878644711 3
4 660 0.0058267942549708905 3
4 661 0.07447144276600999 3
4 662 0.005826831414126716 3
4 663 0.005826794253666055 3
4 664 0.0058267942549708905 3
4 665 0.005826822878644711 3
4 666 0.005826822878644711 3
4 667 0.005826831414126716 3
4 668 0.005826831415223406 3
4 669 0.005826822878644711 3
4 670 0.0058268228798436655 3
4 671 0.005826831414126716 3
4 672 0.005826822878644711 3
4 673 0.0058267942549708905 3
4 674 0.005826822878644711 3
4 675 0.17022872941064174 3
4 676 0.005826831415223406 3
4 677 0.005826831415223406 3
4 678 0.005826822878644711 3
4 679 0.005826831414126716 3
4 680 0.0058268228798436655 3
4 681 0.005826831414126716 3
4 682 0.0058268228798436655 3
4 683 0.005826831415223406 3
4 684 0.005826831415223406 3
4 685 0.005826822878644711 3
4 686 0.005826831414126716 3
4 687 0.005826831415223406 3
4 688 0.005826831415223406 3
4 689 0.005826794253666055 3
4 690 0.005826831415223406 3
4 691 0.005826831415223406 3
4 692 0.005826794253666055 3
4 693 0.0058267942549708905 3
4 694 0.005826831415223406 3
4 695 0.005826831414126716 3
4 696 0.005826822878644711 3
4 697 0.0058267942549708905 3
4 698 0.0058267942549708905 3
4 699 0.0058268228798436655 3
4 700 0.0058267942549708905 3
4 701 0.005826822878644711 3
4 702 0.0058267942549708905 3
4 703 0.0058267942549708905 3
4 704 0.005826794253666055 3
4 705 0.005826831415223406 3
4 706 0.005826794253666055 3
4 707 0.021330455274236625 3
4 708 0.0058267942549708905 3
4 709 0.0058267942549708905 3
4 710 0.005826831414126716 3
4 711 0.005826831415223406 3
4 712 0.005826831414126716 3
4 713 0.0058268228798436655 3
4 714 0.005826822878644711 3
4 715 0.005826822878644711 3
4 716 0.018976604981479742 3
4 717 0.005826822878644711 3
4 718 0.0058268228798436655 3
4 719 0.005826822878644711 3
4 720 0.005826822878644711 3
4 721 0.005826831414126716 3
4 722 0.005826831414126716 3
4 723 0.005826794253666055 3
4 724 0.005826831414126716 3
4 725 0.005826822878644711 3
4 726 0.0058268228798436655 3
4 727 0.0058268228798436655 3
4 728 0.0058268228798436655 3
4 729 0.0058268228798436655 3
4 730 0.005826794253666055 3
4 731 0.005826831415223406 3
4 732 0.05991638741490054 3
4 733 0.005826794253666055 3
4 734 0.0058267942549708905 3
4 735 0.005826794253666055 3
4 736 0.019722798258261582 3
4 737 0.02046141845632377 3
4 738 0.005826794253666055 3
4 739 0.005826831414126716 3
4 740 0.005826831414126716 3
4 741 0.005826831415223406 3
4 742 0.005826831415223406 3
4 743 0.005826831414126716 3
4 744 0.0058267942549708905 3
4 745 0.0058267942549708905 3
4 746 0.005826831415223406 3
4 747 0.005826831414126716 3
4 748 0.0058267942549708905 3
4 749 0.12787523052929287 3
4 750 0.0058268228798436655 3
4 751 0.0058268228798436655 3
4 752 0.005826822878644711 3
4 753 0.005826822878644711 3
4 754 0.005826822878644711 3
4 755 0.019729185453413352 3
4 756 0.005826831415223406 3
4 757 0.0058268228798436655 3
4 758 0.005826794253666055 3
4 759 0.06303736470723002 3
4 760 0.005826822878644711 3
4 761 0.005826831415223406 3
4 762 0.005826831414126716 3
4 763 0.005826794253666055 3
4 764 0.005826822878644711 3
4 765 0.005826822878644711 3
4 766 0.046795089190861686 3
4 767 0.005826831415223406 3
4 768 0.005826831415223406 3
4 769 0.005826822878644711 3
4 770 0.0058268228798436655 3
4 771 0.0058268228798436655 3
4 772 0.005826822878644711 3
4 773 0.005826831415223406 3
4 774 0.005826831415223406 3
4 775 0.07199113412358332 3
4 776 0.005826831414126716 3
4 777 0.005826831415223406 3
4 778 0.005826831414126716 3
4 779 0.005826794253666055 3
4 780 0.0058267942549708905 3
4 781 0.0058267942549708905 3
4 782 0.005826822878644711 3
4 783 0.005826831414126716 3
4 784 0.005826831414126716 3
4 785 0.0058267942549708905 3
4 786 0.0058268228798436655 3
4 787 0.005826831414126716 3
4 788 0.005826822878644711 3
4 789 0.005826822878644711 3
4 790 0.005826822878644711 3
4 791 0.005826822878644711 3
4 792 0.0058267942549708905 3
4 793 0.005826831414126716 3
4 794 0.005826831414126716 3
4 795 0.0058267942549708905 3
4 796 0.005826794253666055 3
4 797 0.005826831415223406 3
4 798 0.005826831415223406 3
4 799 0.005826794253666055 3
4 800 0.01974159939282876 3
4 801 0.005826822878644711 3
4 802 0.01970131835977658 3
4 803 0.005826831415223406 3
4 804 0.005826831414126716 3
4 805 0.005826822878644711 3
4 806 0.005826794253666055 3
4 807 0.0058268228798436655 3
4 808 0.005826831414126716 3
4 809 0.005826822878644711 3
4 810 0.17468674524600472 3
4 811 0.005826831414126716 3
4 812 0.0058268228798436655 3
4 813 0.005826831415223406 3
4 814 0.005826831415223406 3
4 815 0.10245943806286831 3
4 816 0.07001036177023102 3
4 817 0.005826822878644711 3
4 818 0.0058267942549708905 3
4 819 0.005826794253666055 3
4 820 0.0058267942549708905 3
4 821 0.005826822878644711 3
4 822 0.005826794253666055 3
4 823 0.005826831414126716 3
4 824 0.005826831414126716 3
4 825 0.005826822878644711 3
4 826 0.005826831415223406 3
4 827 0.0058267942549708905 3
4 828 0.0058268228798436655 3
4 829 0.005826831414126716 3
4 830 0.005826794253666055 3
4 831 0.005826822878644711 3
4 832 0.01872824467504902 3
4 833 0.0058268228798436655 3
4 834 0.005826794253666055 3
4 835 0.0058268228798436655 3
4 836 0.005826822878644711 3
4 837 0.0058268228798436655 3
4 838 0.005826831415223406 3
4 839 0.0058267942549708905 3
4 840 195178274.00410303 3
4 841 0.12807921998242663 3
4 842 0.005826831415223406 3
4 843 0.0058267942549708905 3
4 844 0.005826794253666055 3
4 845 0.005826794253666055 3
4 846 0.005826794253666055 3
4 847 0.005826822878644711 3
4 848 0.005826822878644711 3
4 849 0.005826794253666055 3
4 850 0.005826822878644711 3
4 851 0.005826794253666055 3
4 852 0.005826831415223406 3
4 853 0.005826794253666055 3
4 854 0.04077596521075279 3
4 855 0.09796782276065531 3
4 856 0.005826822878644711 3
4 857 0.005826831414126716 3
4 858 0.005826794253666055 3
4 859 0.0058268228798436655 3
4 860 0.005826822878644711 3
4 861 0.0058268228798436655 3
4 862 0.005826794253666055 3
4 863 0.005826831414126716 3
4 864 0.0058267942549708905 3
4 865 0.0058267942549708905 3
4 866 0.005826831415223406 3
4 867 0.005826831415223406 3
4 868 0.005826822878644711 3
4 869 0.005826822878644711 3
4 870 0.005826831414126716 3
4 871 0.005826831414126716 3
4 872 0.005826794253666055 3
4 873 0.005826794253666055 3
4 874 0.005826831415223406 3
4 875 0.10152716121158276 3
4 876 0.005826822878644711 3
4 877 0.005826822878644711 3
4 878 0.005826794253666055 3
4 879 0.005826822878644711 3
4 880 0.005826822878644711 3
4 881 0.005826831415223406 3
4 882 0.005826794253666055 3
4 883 0.005826822878644711 3
4 884 0.12178817956871713 3
4 885 0.0058267942549708905 3
4 886 0.0058268228798436655 3
4 887 0.005826822878644711 3
4 888 0.005826831414126716 3
4 889 0.005826831414126716 3
4 890 0.005826822878644711 3
4 891 0.0058268228798436655 3
4 892 0.005826831415223406 3
4 893 0.005826831415223406 3
4 894 0.0058267942549708905 3
4 895 0.005826822878644711 3
4 896 0.0058268228798436655 3
4 897 0.0058267942549708905 3
4 898 0.005826794253666055 3
4 899 0.0058268228798436655 3
4 900 0.005826822878644711 3
4 901 0.0058268228798436655 3
4 902 0.005826794253666055 3
4 903 0.005826831414126716 3
4 904 0.005826822878644711 3
4 905 0.005826831414126716 3
4 906 0.0058267942549708905 3
4 907 0.005826822878644711 3
4 908 0.0058267942549708905 3
4 909 0.005826822878644711 3
4 910 0.005826794253666055 3
4 911 0.0058267942549708905 3
4 912 0.0058268228798436655 3
4 913 0.005826794253666055 3
4 914 0.0058267942549708905 3
4 915 0.005826822878644711 3
4 916 0.005826794253666055 3
4 917 0.005826822878644711 3
4 918 0.0058268228798436655 3
4 919 0.0058267942549708905 3
4 920 0.0058268228798436655 3
4 921 0.0678255074455301 3
4 922 0.11058949519311964 3
4 923 0.0058268228798436655 3
4 924 0.0058268228798436655 3
4 925 0.005826831415223406 3
4 926 0.0058268228798436655 3
4 927 0.0058267942549708905 3
4 928 0.0058267942549708905 3
4 929 0.005826831415223406 3
4 930 0.005826822878644711 3
4 931 0.005826794253666055 3
4 932 0.005826831415223406 3
4 933 0.005826831415223406 3
4 934 82339.14090403284 3
4 935 0.0058268228798436655 3
4 936 0.005826822878644711 3
4 937 0.0058267942549708905 3
4 938 0.005826831414126716 3
4 939 0.0058267942549708905 3
4 940 0.12941808679209063 3
4 941 0.0058267942549708905 3
4 942 0.08882772328937265 3
4 943 0.005826822878644711 3
4 944 0.005826794253666055 3
4 945 0.005826822878644711 3
4 946 0.0058267942549708905 3
4 947 0.0058267942549708905 3
4 948 0.005826794253666055 3
4 949 0.005826831415223406 3
4 950 0.0058267942549708905 3
4 951 0.0058268228798436655 3
4 952 0.0058267942549708905 3
4 953 0.07499825038763419 3
4 954 0.005826831415223406 3
4 955 0.0058267942549708905 3
4 956 0.005826831415223406 3
4 957 0.005826831415223406 3
4 958 0.0058268228798436655 3
4 959 0.019707400834148597 3
4 960 0.005826831414126716 3
4 961 0.005826831415223406 3
4 962 0.005826794253666055 3
4 963 0.005826794253666055 3
4 964 0.0058267942549708905 3
4 965 7.404867510089042 3
4 966 0.0058267942549708905 3
4 967 0.0058267942549708905 3
4 968 0.0058268228798436655 3
4 969 0.005826822878644711 3
4 970 0.005826794253666055 3
4 971 0.0058268228798436655 3
4 972 0.0058267942549708905 3
4 973 0.005826822878644711 3
4 974 0.0058267942549708905 3
4 975 0.0058268228798436655 3
4 976 0.005826831415223406 3
4 977 0.005826831414126716 3
4 978 0.005826831415223406 3
4 979 0.005826794253666055 3
4 980 0.005826831415223406 3
4 981 0.005826794253666055 3
4 982 0.0058268228798436655 3
4 983 0.005826822878644711 3
4 984 0.005826822878644711 3
4 985 0.0058268228798436655 3
4 986 0.005826831415223406 3
4 987 0.005826831415223406 3
4 988 0.005826822878644711 3
4 989 0.018881650275377835 3
4 990 0.005826822878644711 3
4 991 0.019703495225731997 3
4 992 0.005826822878644711 3
4 993 0.0058267942549708905 3
4 994 0.005826831414126716 3
4 995 0.005826794253666055 3
4 996 0.005826822878644711 3
4 997 0.005826831414126716 3
4 998 0.0058268228798436655 3
4 999 0.005826831415223406 3
4 1000 0.0733342331790013 3
4 1001 0.005826822878644711 3
4 1002 0.005826822878644711 3
4 1003 0.005826831415223406 3
4 1004 0.005826831415223406 3
4 1005 0.005826822878644711 3
4 1006 0.0058268228798436655 3
4 1007 0.0058267942549708905 3
4 1008 0.005826831415223406 3
4 1009 0.0058267942549708905 3
4 1010 0.005826794253666055 3
4 1011 0.005826822878644711 3
4 1012 0.005826831415223406 3
4 1013 0.0058268228798436655 3
4 1014 0.005826822878644711 3
4 1015 0.0058267942549708905 3
4 1016 0.0058267942549708905 3
4 1017 0.0058268228798436655 3
4 1018 0.0058267942549708905 3
4 1019 0.005826822878644711 3
4 1020 0.005826831414126716 3
4 1021 0.005826831415223406 3
4 1022 0.005826831414126716 3
4 1023 0.07455046192107727 3
4 1024 0.005826831414126716 3
4 1025 0.005826822878644711 3
4 1026 0.005826822878644711 3
4 1027 0.005826831415223406 3
4 1028 0.005826822878644711 3
4 1029 0.005826822878644711 3
4 1030 0.005826794253666055 3
4 1031 0.005826822878644711 3
4 1032 0.005826794253666055 3
4 1033 0.005826822878644711 3
4 1034 0.005826822878644711 3
4 1035 0.005826822878644711 3
4 1036 0.12787523052940714 3
4 1037 0.005826794253666055 3
4 1038 0.0058267942549708905 3
4 1039 0.005826831414126716 3
4 1040 0.0058268228798436655 3
4 1041 0.005826822878644711 3
4 1042 0.005826794253666055 3
4 1043 0.005826831415223406 3
4 1044 0.0058268228798436655 3
4 1045 0.005826831414126716 3
4 1046 0.0058268228798436655 3
4 1047 0.005826794253666055 3
4 1048 0.005826831414126716 3
4 1049 0.005826822878644711 3
4 1050 0.0058268228798436655 3
4 1051 0.0058267942549708905 3
4 1052 0.005826822878644711 3
4 1053 0.005826794253666055 3
4 1054 0.0058267942549708905 3
4 1055 0.005826831415223406 3
4 1056 0.005826822878644711 3
4 1057 0.005826794253666055 3
4 1058 0.005826831415223406 3
4 1059 0.005826822878644711 3
4 1060 0.019707400834151248 3
4 1061 0.0058267942549708905 3
4 1062 0.005826822878644711 3
4 1063 0.005826794253666055 3
4 1064 0.005826822878644711 3
4 1065 0.0058268228798436655 3
4 1066 0.005826822878644711 3
4 1067 0.005826822878644711 3
4 1068 0.0058268228798436655 3
4 1069 0.0058268228798436655 3
4 1070 0.005826831415223406 3
4 1071 0.0058268228798436655 3
4 1072 0.005826831414126716 3
4 1073 0.005826831415223406 3
4 1074 0.005826822878644711 3
4 1075 0.0058268228798436655 3
4 1076 0.0058267942549708905 3
4 1077 0.005826794253666055 3
4 1078 0.005826822878644711 3
4 1079 0.0058267942549708905 3
4 1080 0.005826831414126716 3
4 1081 0.0058267942549708905 3
4 1082 0.005826831414126716 3
4 1083 0.005826831415223406 3
4 1084 0.005826831414126716 3
4 1085 0.0058267942549708905 3
4 1086 0.0058268228798436655 3
4 1087 0.005826794253666055 3
4 1088 0.005826831415223406 3
4 1089 0.0058268228798436655 3
4 1090 0.005826831414126716 3
4 1091 0.019721505651364005 3
4 1092 0.005826794253666055 3
4 1093 0.0058267942549708905 3
4 1094 0.005826822878644711 3
4 1095 0.005826794253666055 3
4 1096 0.005826794253666055 3
4 1097 0.005826794253666055 3
4 1098 0.005826831415223406 3
4 1099 0.0058267942549708905 3
4 1100 0.0058267942549708905 3
4 1101 0.005826822878644711 3
4 1102 0.005826831415223406 3
4 1103 0.005826831415223406 3
4 1104 0.005826822878644711 3
4 1105 0.0058267942549708905 3
4 1106 0.0058268228798436655 3
4 1107 0.0058268228798436655 3
4 1108 0.005826794253666055 3
4 1109 0.005826831415223406 3
4 1110 0.005826831414126716 3
4 1111 0.005826831414126716 3
4 1112 0.005826831414126716 3
4 1113 0.005826831415223406 3
4 1114 0.005826822878644711 3
4 1115 0.0058267942549708905 3
4 1116 0.005826831414126716 3
4 1117 0.0058267942549708905 3
4 1118 0.0058267942549708905 3
4 1119 0.0058268228798436655 3
4 1120 0.0058267942549708905 3
4 1121 0.005826831414126716 3
4 1122 0.06929029414457318 3
4 1123 1.1086613415300208 3
4 1124 0.005826822878644711 3
4 1125 0.005826831414126716 3
4 1126 0.0058267942549708905 3
4 1127 0.005826831414126716 3
4 1128 0.0058267942549708905 3
4 1129 0.005826794253666055 3
4 1130 0.005826794253666055 3
4 1131 0.0058267942549708905 3
4 1132 0.005826831415223406 3
4 1133 0.0058267942549708905 3
4 1134 0.0058267942549708905 3
4 1135 0.0058268228798436655 3
4 1136 0.005826831414126716 3
4 1137 0.0058268228798436655 3
4 1138 0.0058267942549708905 3
4 1139 0.005826831415223406 3
4 1140 0.0058267942549708905 3
4 1141 0.005826831415223406 3
4 1142 0.0058268228798436655 3
4 1143 0.005826831414126716 3
4 1144 0.01947292041133944 3
4 1145 0.005826822878644711 3
4 1146 0.005826831414126716 3
4 1147 0.09896356200829824 3
4 1148 0.0058268228798436655 3
4 1149 0.0058267942549708905 3
4 1150 0.0058267942549708905 3
4 1151 0.005826831415223406 3
4 1152 0.0058267942549708905 3
4 1153 0.005826831414126716 3
4 1154 0.018728244675060526 3
4 1155 0.005826831414126716 3
4 1156 0.06622225014072075 3
4 1157 0.005826831415223406 3
4 1158 0.005826822878644711 3
4 1159 0.045033346777543566 3
4 1160 0.0058268228798436655 3
4 1161 0.0058268228798436655 3
4 1162 0.0058267942549708905 3
4 1163 0.005826794253666055 3
4 1164 0.0058268228798436655 3
4 1165 0.005826831415223406 3
4 1166 0.0058267942549708905 3
4 1167 0.005826822878644711 3
4 1168 0.0058268228798436655 3
4 1169 0.05987204776012619 3
4 1170 0.005826794253666055 3
4 1171 0.0058267942549708905 3
4 1172 0.0058268228798436655 3
4 1173 0.005826831415223406 3
4 1174 0.005826831415223406 3
4 1175 0.005826831415223406 3
4 1176 0.0058267942549708905 3
4 1177 0.005826794253666055 3
4 1178 0.005826831414126716 3
4 1179 0.0058268228798436655 3
4 1180 0.019729219730339295 3
4 1181 0.005826831414126716 3
4 1182 0.005826831414126716 3
4 1183 0.005826831415223406 3
4 1184 0.005826794253666055 3
4 1185 0.019729185448703952 3
4 1186 0.005826831415223406 3
4 1187 0.005826794253666055 3
4 1188 0.005826831414126716 3
4 1189 0.019473418641537316 3
4 1190 0.005826831415223406 3
4 1191 0.0058268228798436655 3
4 1192 0.1521410777057394 3
4 1193 0.0058268228798436655 3
4 1194 0.005826794253666055 3
4 1195 0.005826831415223406 3
4 1196 0.11987806209861697 3
4 1197 0.06666756246051071 3
4 1198 0.005826831415223406 3
4 1199 0.005826831414126716 3
4 1200 0.0058268228798436655 3
4 1201 0.005826822878644711 3
4 1202 0.0058268228798436655 3
4 1203 0.005826831414126716 3
4 1204 0.005826794253666055 3
4 1205 0.0058267942549708905 3
4 1206 0.0058267942549708905 3
4 1207 0.005826794253666055 3
4 1208 0.005826794253666055 3
4 1209 0.0058267942549708905 3
4 1210 0.0058267942549708905 3
4 1211 0.0058268228798436655 3
4 1212 0.0058268228798436655 3
4 1213 0.005826822878644711 3
4 1214 0.0058268228798436655 3
4 1215 0.005826831415223406 3
4 1216 0.0058267942549708905 3
4 1217 0.0058267942549708905 3
4 1218 0.005826831415223406 3
4 1219 0.0058268228798436655 3
4 1220 0.005826831414126716 3
4 1221 0.0058268228798436655 3
4 1222 0.0058267942549708905 3
4 1223 0.0058267942549708905 3
4 1224 0.0058268228798436655 3
4 1225 0.005826794253666055 3
4 1226 0.005826831415223406 3
4 1227 0.005826794253666055 3
4 1228 0.034664608397003006 3
4 1229 0.0058267942549708905 3
4 1230 0.005826831415223406 3
4 1231 0.005826794253666055 3
4 1232 0.005826831415223406 3
4 1233 0.005826831415223406 3
4 1234 0.0058268228798436655 3
4 1235 0.005826822878644711 3
4 1236 0.0058268228798436655 3
4 1237 0.0058268228798436655 3
4 1238 0.005826831414126716 3
4 1239 0.005826831414126716 3
4 1240 0.005826831414126716 3
4 1241 0.005826822878644711 3
4 1242 0.0058267942549708905 3
4 1243 0.0058268228798436655 3
4 1244 0.005826831414126716 3
4 1245 0.005826794253666055 3
4 1246 0.005826822878644711 3
4 1247 0.0058267942549708905 3
4 1248 0.04077627088922252 3
4 1249 0.005826822878644711 3
4 1250 0.005826794253666055 3
4 1251 0.005826822878644711 3
4 1252 0.0058267942549708905 3
4 1253 0.0058267942549708905 3
4 1254 0.0058268228798436655 3
4 1255 0.005826831414126716 3
4 1256 0.0058267942549708905 3
4 1257 0.005826831415223406 3
4 1258 0.005826794253666055 3
4 1259 0.005826831415223406 3
4 1260 0.005826831415223406 3
4 1261 0.005826831414126716 3
4 1262 0.0058268228798436655 3
4 1263 0.005826822878644711 3
4 1264 0.019691316979867236 3
4 1265 0.005826794253666055 3
4 1266 0.0058268228798436655 3
4 1267 0.005826822878644711 3
4 1268 0.005826822878644711 3
4 1269 0.0058268228798436655 3
4 1270 0.0058268228798436655 3
4 1271 0.005826831414126716 3
4 1272 0.07717419698525253 3
4 1273 0.005826822878644711 3
4 1274 0.005826822878644711 3
4 1275 0.005826822878644711 3
4 1276 0.005826822878644711 3
4 1277 0.005826794253666055 3
4 1278 0.0058267942549708905 3
4 1279 0.005826831415223406 3
4 1280 0.005826831415223406 3
4 1281 0.005826831414126716 3
4 1282 0.08312041823390899 3
4 1283 0.005826831415223406 3
4 1284 0.005826794253666055 3
4 1285 0.005826831414126716 3
4 1286 0.005826831415223406 3
4 1287 0.0058267942549708905 3
4 1288 0.005826831415223406 3
4 1289 0.005826831414126716 3
4 1290 0.005826831414126716 3
4 1291 0.005826831415223406 3
4 1292 0.0058268228798436655 3
4 1293 0.0058268228798436655 3
4 1294 0.005826831415223406 3
4 1295 0.005826822878644711 3
4 1296 0.005826831415223406 3
4 1297 0.0058268228798436655 3
4 1298 0.0058267942549708905 3
4 1299 0.005826822878644711 3
4 1300 0.005826794253666055 3
4 1301 0.005826794253666055 3
4 1302 0.0058268228798436655 3
4 1303 0.005826831415223406 3
4 1304 0.005826831414126716 3
4 1305 0.0058268228798436655 3
4 1306 0.005826831414126716 3
4 1307 0.0058268228798436655 3
4 1308 0.0058268228798436655 3
4 1309 0.005826831414126716 3
4 1310 0.005826794253666055 3
4 1311 0.0058267942549708905 3
4 1312 0.005826831415223406 3
4 1313 0.005826822878644711 3
4 1314 0.4444100288690651 3
4 1315 0.005826822878644711 3
4 1316 0.005826831414126716 3
4 1317 0.0058268228798436655 3
4 1318 0.005826831415223406 3
4 1319 0.005826794253666055 3
4 1320 0.005826822878644711 3
4 1321 0.005826794253666055 3
4 1322 0.0058268228798436655 3
4 1323 0.005826831415223406 3
4 1324 0.07001036184981539 3
4 1325 0.005826822878644711 3
4 1326 0.0745504619185458 3
4 1327 0.0058267942549708905 3
4 1328 0.005826831415223406 3
4 1329 0.0058267942549708905 3
4 1330 0.0058268228798436655 3
4 1331 0.005826794253666055 3
4 1332 0.005826822878644711 3
4 1333 0.07001036177023102 3
4 1334 0.005826794253666055 3
4 1335 0.005826831414126716 3
4 1336 0.005826831414126716 3
4 1337 0.0058267942549708905 3
4 1338 0.0058267942549708905 3
4 1339 0.03705427523894502 3
4 1340 0.07231993108710928 3
4 1341 0.005826794253666055 3
4 1342 0.005826831414126716 3
4 1343 0.005826831414126716 3
4 1344 0.005826831414126716 3
4 1345 0.005826831414126716 3
4 1346 0.005826831414126716 3
4 1347 0.005826831414126716 3
4 1348 0.019724021267424615 3
4 1349 0.005826831414126716 3
4 1350 0.0058267942549708905 3
4 1351 0.0058268228798436655 3
4 1352 0.005826822878644711 3
4 1353 0.0058268228798436655 3
4 1354 0.0058267942549708905 3
4 1355 0.005826822878644711 3
4 1356 0.0058268228798436655 3
4 1357 0.005826794253666055 3
4 1358 0.005826831415223406 3
4 1359 0.005826794253666055 3
4 1360 0.1254096324397899 3
4 1361 0.005826822878644711 3
4 1362 0.005826831414126716 3
4 1363 0.005826822878644711 3
4 1364 0.005826831414126716 3
4 1365 0.005826822878644711 3
4 1366 0.005826794253666055 3
4 1367 0.0058267942549708905 3
4 1368 0.0058267942549708905 3
4 1369 0.010502468811229527 3
4 1370 0.0058267942549708905 3
4 1371 0.005826831415223406 3
4 1372 0.0058268228798436655 3
4 1373 0.005826822878644711 3
4 1374 0.019714564481363054 3
4 1375 0.005826831414126716 3
4 1376 0.0058268228798436655 3
4 1377 0.005826794253666055 3
4 1378 0.14294154160825806 3
4 1379 0.005826794253666055 3
4 1380 0.005826822878644711 3
4 1381 0.005826794253666055 3
4 1382 0.005826822878644711 3
4 1383 0.005826822878644711 3
4 1384 0.005826831415223406 3
4 1385 0.0058268228798436655 3
4 1386 0.005826794253666055 3
4 1387 0.005826831414126716 3
4 1388 0.005826831414126716 3
4 1389 0.005826831414126716 3
4 1390 0.0058267942549708905 3
4 1391 0.06940817352653152 3
4 1392 0.005826831414126716 3
4 1393 0.005826831415223406 3
4 1394 0.0058268228798436655 3
4 1395 0.019472920382583123 3
4 1396 0.0058267942549708905 3
4 1397 0.005826822878644711 3
4 1398 0.005826822878644711 3
4 1399 0.018976604981479742 3
4 1400 0.005826831415223406 3
4 1401 0.0058268228798436655 3
4 1402 0.14385706503886517 3
4 1403 0.10623307121341986 3
4 1404 0.005826822878644711 3
4 1405 0.0058268228798436655 3
4 1406 0.005826794253666055 3
4 1407 0.005826831415223406 3
4 1408 0.07059961294455724 3
4 1409 0.0058267942549708905 3
4 1410 0.005826831414126716 3
4 1411 0.0058268228798436655 3
4 1412 0.005826831414126716 3
4 1413 0.0058268228798436655 3
4 1414 0.005826831415223406 3
4 1415 0.020461418457734304 3
4 1416 0.0058268228798436655 3
4 1417 0.0058268228798436655 3
4 1418 0.005826831414126716 3
4 1419 0.005826831414126716 3
4 1420 0.005826831414126716 3
4 1421 0.005826831414126716 3
4 1422 0.0058267942549708905 3
4 1423 0.0058268228798436655 3
4 1424 0.005826831415223406 3
4 1425 0.005826822878644711 3
4 1426 0.0058268228798436655 3
4 1427 0.005826831415223406 3
4 1428 0.0058268228798436655 3
4 1429 0.005826831415223406 3
4 1430 0.005826822878644711 3
4 1431 0.005826831415223406 3
4 1432 0.005826831415223406 3
4 1433 0.005826822878644711 3
4 1434 0.0058267942549708905 3
4 1435 0.0058268228798436655 3
4 1436 0.005826794253666055 3
4 1437 0.005826822878644711 3
4 1438 0.005826831415223406 3
4 1439 0.005826831415223406 3
4 1440 0.005826831415223406 3
4 1441 0.0058268228798436655 3
4 1442 0.005826831414126716 3
4 1443 0.005826831415223406 3
4 1444 0.005826831415223406 3
4 1445 0.005826831414126716 3
4 1446 0.0058268228798436655 3
4 1447 0.005826822878644711 3
4 1448 0.0058267942549708905 3
4 1449 0.01968590052394093 3
4 1450 0.07528540353191027 3
4 1451 0.005826831414126716 3
4 1452 0.005826794253666055 3
4 1453 0.005826794253666055 3
4 1454 0.005826831414126716 3
4 1455 0.005826831415223406 3
4 1456 0.0058267942549708905 3
4 1457 0.005826831415223406 3
4 1458 0.005826831415223406 3
4 1459 0.005826822878644711 3
4 1460 0.005826831414126716 3
4 1461 0.0058267942549708905 3
4 1462 0.0058268228798436655 3
4 1463 0.005826831415223406 3
4 1464 0.005826794253666055 3
4 1465 0.0058267942549708905 3
4 1466 0.0058267942549708905 3
4 1467 0.0058268228798436655 3
4 1468 0.005826831414126716 3
4 1469 0.005826794253666055 3
4 1470 0.005826831414126716 3
4 1471 0.0058268228798436655 3
4 1472 0.021330448571352904 3
4 1473 0.005826794253666055 3
4 1474 0.005826822878644711 3
4 1475 0.0058267942549708905 3
4 1476 1.527916869488577 3
4 1477 0.0058268228798436655 3
4 1478 0.04441764012159517 3
4 1479 0.0058268228798436655 3
4 1480 0.0058268228798436655 3
4 1481 0.005826822878644711 3
4 1482 0.005826831414126716 3
4 1483 0.0058268228798436655 3
4 1484 0.0058267942549708905 3
4 1485 0.0058267942549708905 3
4 1486 0.005826794253666055 3
4 1487 0.005826794253666055 3
4 1488 0.005826822878644711 3
4 1489 0.005826831415223406 3
4 1490 0.005826831415223406 3
4 1491 0.005826831415223406 3
4 1492 0.0058268228798436655 3
4 1493 0.005826831414126716 3
4 1494 0.005826831414126716 3
4 1495 0.0058267942549708905 3
4 1496 0.005826831414126716 3
4 1497 0.005826831414126716 3
4 1498 0.005826831414126716 3
4 1499 0.005826794253666055 3
4 1500 0.020459982431213074 3
4 1501 0.005826794253666055 3
4 1502 0.0058268228798436655 3
4 1503 0.005826831414126716 3
4 1504 0.019634767766179843 3
4 1505 0.0058268228798436655 3
4 1506 0.005826822878644711 3
4 1507 0.023461875383259268 3
4 1508 0.0058267942549708905 3
4 1509 0.005826831414126716 3
4 1510 0.0058267942549708905 3
4 1511 0.005826794253666055 3
4 1512 0.0058267942549708905 3
4 1513 0.005826831414126716 3
4 1514 0.005826794253666055 3
4 1515 0.005826794253666055 3
4 1516 0.005826831414126716 3
4 1517 0.005826831415223406 3
4 1518 0.005826831414126716 3
4 1519 0.0058268228798436655 3
4 1520 0.005826831415223406 3
4 1521 0.005826794253666055 3
4 1522 0.04503334680640405 3
4 1523 0.005826831415223406 3
4 1524 0.005826831414126716 3
4 1525 0.005826822878644711 3
4 1526 0.12941808678592182 3
4 1527 0.0058268228798436655 3
4 1528 0.07013555402175617 3
4 1529 0.0058267942549708905 3
4 1530 0.005826822878644711 3
4 1531 0.0058268228798436655 3
4 1532 0.005826822878644711 3
4 1533 0.0058268228798436655 3
4 1534 0.005826831415223406 3
4 1535 0.005826794253666055 3
4 1536 0.005826831414126716 3
4 1537 0.005826831415223406 3
4 1538 0.005826831415223406 3
4 1539 0.0058268228798436655 3
4 1540 0.005826831414126716 3
4 1541 0.005826822878644711 3
4 1542 0.005826831414126716 3
4 1543 0.0058267942549708905 3
4 1544 0.005826794253666055 3
4 1545 0.005826831414126716 3
4 1546 0.005826831415223406 3
4 1547 0.005826831414126716 3
4 1548 0.005826831415223406 3
4 1549 0.005826831414126716 3
4 1550 0.0058267942549708905 3
4 1551 0.005826822878644711 3
4 1552 0.005826822878644711 3
4 1553 0.040667268794341106 3
4 1554 0.005826831415223406 3
4 1555 0.005826794253666055 3
4 1556 0.019720577821830947 3
4 1557 0.005826822878644711 3
4 1558 0.005826831415223406 3
4 1559 0.005826822878644711 3
4 1560 0.005826794253666055 3
4 1561 0.0058268228798436655 3
4 1562 0.005826822878644711 3
4 1563 0.005826822878644711 3
4 1564 0.005826831414126716 3
4 1565 0.005826822878644711 3
4 1566 0.005826822878644711 3
4 1567 0.005826831415223406 3
4 1568 0.005826822878644711 3
4 1569 0.005826831415223406 3
4 1570 0.005826831414126716 3
4 1571 0.0058268228798436655 3
4 1572 0.005826831415223406 3
4 1573 0.005826794253666055 3
4 1574 0.005826794253666055 3
4 1575 0.0058267942549708905 3
4 1576 0.0058268228798436655 3
4 1577 0.0058267942549708905 3
4 1578 0.0058267942549708905 3
4 1579 0.005826831415223406 3
4 1580 0.005826831414126716 3
4 1581 0.0637900431477365 3
4 1582 0.005826831415223406 3
4 1583 0.0058267942549708905 3
4 1584 0.005826831415223406 3
4 1585 0.005826822878644711 3
4 1586 0.1184669656441809 3
4 1587 0.005826822878644711 3
4 1588 0.005826831414126716 3
4 1589 0.1746867475120038 3
4 1590 0.005826822878644711 3
4 1591 0.005826831415223406 3
4 1592 0.005826831414126716 3
4 1593 0.0058267942549708905 3
4 1594 0.019724021267728754 3
4 1595 0.022785017251512885 3
4 1596 0.005826794253666055 3
4 1597 0.005826831414126716 3
4 1598 0.0058267942549708905 3
4 1599 0.005826794253666055 3
4 1600 0.005826822878644711 3
4 1601 0.0058268228798436655 3
4 1602 0.005826794253666055 3
4 1603 0.005826822878644711 3
4 1604 0.005826822878644711 3
4 1605 0.0058268228798436655 3
4 1606 0.0058268228798436655 3
4 1607 0.005826822878644711 3
4 1608 0.0058267942549708905 3
4 1609 0.005826794253666055 3
4 1610 0.005826831414126716 3
4 1611 0.0058268228798436655 3
4 1612 0.005826822878644711 3
4 1613 0.005826822878644711 3
4 1614 0.0058267942549708905 3
4 1615 0.119878062099413 3
4 1616 0.005826831414126716 3
4 1617 0.005826822878644711 3
4 1618 0.0058267942549708905 3
4 1619 0.005826822878644711 3
4 1620 0.005826794253666055 3
4 1621 0.005826822878644711 3
4 1622 0.005826822878644711 3
4 1623 0.005826831415223406 3
4 1624 0.02487432544930697 3
4 1625 0.005826831415223406 3
4 1626 0.005826822878644711 3
4 1627 0.005826794253666055 3
4 1628 0.005826831415223406 3
4 1629 0.005826822878644711 3
4 1630 0.02786811584518221 3
4 1631 0.005826822878644711 3
4 1632 0.005826831415223406 3
4 1633 0.0058268228798436655 3
4 1634 0.018878956358947558 3
4 1635 0.005826794253666055 3
4 1636 0.005826822878644711 3
4 1637 0.0058267942549708905 3
4 1638 0.06622215796339789 3
4 1639 0.005826831414126716 3
4 1640 0.005826831415223406 3
4 1641 0.0058267942549708905 3
4 1642 0.0058268228798436655 3
4 1643 0.0058267942549708905 3
4 1644 0.07013544291984938 3
4 1645 0.005826831414126716 3
4 1646 0.005826794253666055 3
4 1647 0.005826831415223406 3
4 1648 0.005826822878644711 3
4 1649 0.0058268228798436655 3
4 1650 0.005826822878644711 3
4 1651 0.005826831415223406 3
4 1652 0.0058267942549708905 3
4 1653 0.005826831414126716 3
4 1654 0.005826794253666055 3
4 1655 0.0058268228798436655 3
4 1656 0.005826822878644711 3
4 1657 0.0058268228798436655 3
4 1658 0.005826822878644711 3
4 1659 0.019634764325296525 3
4 1660 0.005826831415223406 3
4 1661 0.005826831415223406 3
4 1662 0.005826794253666055 3
4 1663 0.14385706503886517 3
4 1664 0.005826831415223406 3
4 1665 0.0058268228798436655 3
4 1666 0.005826794253666055 3
4 1667 0.0058268228798436655 3
4 1668 0.0058268228798436655 3
4 1669 0.005826794253666055 3
4 1670 0.005826831414126716 3
4 1671 0.005826822878644711 3
4 1672 0.0058268228798436655 3
4 1673 0.005826831415223406 3
4 1674 0.12178818415604085 3
4 1675 0.005826822878644711 3
4 1676 0.019722798258110356 3
4 1677 0.005826831414126716 3
4 1678 0.005826794253666055 3
4 1679 0.0058268228798436655 3
4 1680 0.0058268228798436655 3
4 1681 0.005826822878644711 3
4 1682 0.0058267942549708905 3
4 1683 0.005826822878644711 3
4 1684 0.005826822878644711 3
4 1685 0.005826794253666055 3
4 1686 0.005826794253666055 3
4 1687 0.005826794253666055 3
4 1688 0.0058268228798436655 3
4 1689 0.005826831415223406 3
4 1690 0.0058267942549708905 3
4 1691 0.0058268228798436655 3
4 1692 0.0058267942549708905 3
4 1693 0.005826822878644711 3
4 1694 0.005826794253666055 3
4 1695 0.07342434794321216 3
4 1696 0.005826831415223406 3
4 1697 0.005826831414126716 3
4 1698 0.005826822878644711 3
4 1699 0.0058267942549708905 3
4 1700 0.005826822878644711 3
4 1701 0.018878956358880136 3
4 1702 666052.4362904486 3
4 1703 0.005826831414126716 3
4 1704 0.005826831414126716 3
4 1705 0.005826822878644711 3
4 1706 0.005826822878644711 3
4 1707 0.07372216674160358 3
4 1708 0.005826822878644711 3
4 1709 0.005826822878644711 3
4 1710 0.005826822878644711 3
4 1711 0.005826831414126716 3
4 1712 0.019788544860902525 3
4 1713 0.0058268228798436655 3
4 1714 0.0058268228798436655 3
4 1715 0.005826831414126716 3
4 1716 0.0058268228798436655 3
4 1717 0.005826831415223406 3
4 1718 0.005826831415223406 3
4 1719 0.0058267942549708905 3
4 1720 0.005826822878644711 3
4 1721 0.0058268228798436655 3
4 1722 0.0058268228798436655 3
4 1723 0.0058267942549708905 3
4 1724 0.0058268228798436655 3
4 1725 0.005826831415223406 3
4 1726 0.005826822878644711 3
4 1727 0.0058268228798436655 3
4 1728 0.0058268228798436655 3
4 1729 0.03542912363168129 3
4 1730 0.005826794253666055 3
4 1731 0.005826831414126716 3
4 1732 0.005826831414126716 3
4 1733 0.0058268228798436655 3
4 1734 0.0058267942549708905 3
4 1735 0.0058267942549708905 3
4 1736 0.005826831414126716 3
4 1737 0.005826831415223406 3
4 1738 0.0058268228798436655 3
4 1739 0.005826831414126716 3
4 1740 0.005826831415223406 3
4 1741 0.005826831415223406 3
4 1742 0.0058268228798436655 3
4 1743 0.0058268228798436655 3
4 1744 0.14385706503886517 3
4 1745 0.005826822878644711 3
4 1746 0.005826794253666055 3
4 1747 0.07049860895758756 3
4 1748 0.005826831415223406 3
4 1749 0.0058267942549708905 3
4 1750 0.005826822878644711 3
4 1751 0.0058267942549708905 3
4 1752 0.005826831414126716 3
4 1753 0.0058268228798436655 3
4 1754 0.0058268228798436655 3
4 1755 0.005826831414126716 3
4 1756 0.005826794253666055 3
4 1757 0.005826831414126716 3
4 1758 0.0058268228798436655 3
4 1759 0.005826831414126716 3
4 1760 0.005826831415223406 3
4 1761 0.0058267942549708905 3
4 1762 0.005826794253666055 3
4 1763 0.005826822878644711 3
4 1764 0.005826794253666055 3
4 1765 0.005826822878644711 3
4 1766 0.005826831415223406 3
4 1767 0.005826831415223406 3
4 1768 0.005826831415223406 3
4 1769 0.0362407098028539 3
4 1770 0.0058267942549708905 3
4 1771 0.005826831414126716 3
4 1772 0.005826822878644711 3
4 1773 0.0058268228798436655 3
4 1774 0.005826822878644711 3
4 1775 0.0058268228798436655 3
4 1776 0.0058268228798436655 3
4 1777 0.005826822878644711 3
4 1778 0.005826831414126716 3
4 1779 0.005826794253666055 3
4 1780 0.005826831414126716 3
4 1781 0.005826831414126716 3
4 1782 0.0058268228798436655 3
4 1783 0.005826794253666055 3
4 1784 0.005826794253666055 3
4 1785 3663770.6233942453 3
4 1786 0.0058268228798436655 3
4 1787 0.005826794253666055 3
4 1788 0.005826822878644711 3
4 1789 0.005826831414126716 3
4 1790 0.005826822878644711 3
4 1791 0.005826831415223406 3
4 1792 0.07426655080553492 3
4 1793 0.005826831414126716 3
4 1794 0.005826831415223406 3
4 1795 0.005826794253666055 3
4 1796 0.019788544860889764 3
4 1797 0.005826831415223406 3
4 1798 0.0058267942549708905 3
4 1799 0.0058267942549708905 3
4 1800 0.12941808679209063 3
4 1801 0.019727161561124876 3
4 1802 0.005826794253666055 3
4 1803 0.005826831415223406 3
4 1804 0.005826831415223406 3
4 1805 0.0058267942549708905 3
4 1806 0.005826831415223406 3
4 1807 0.005826822878644711 3
4 1808 0.005826831414126716 3
4 1809 0.005826794253666055 3
4 1810 0.010656305805061751 3
4 1811 0.0058267942549708905 3
4 1812 0.005826831414126716 3
4 1813 0.0058267942549708905 3
4 1814 0.005826794253666055 3
4 1815 0.005826794253666055 3
4 1816 0.0058268228798436655 3
4 1817 0.00942705632312022 3
4 1818 0.0058268228798436655 3
4 1819 0.005826831415223406 3
4 1820 0.005826831415223406 3
4 1821 0.005826831415223406 3
4 1822 0.005826794253666055 3
4 1823 0.0058267942549708905 3
4 1824 0.005826831414126716 3
4 1825 0.0058267942549708905 3
4 1826 0.0058267942549708905 3
4 1827 0.005826794253666055 3
4 1828 0.005826794253666055 3
4 1829 0.0058267942549708905 3
4 1830 0.02237870122796421 3
4 1831 0.005826794253666055 3
4 1832 0.005826831415223406 3
4 1833 0.0058267942549708905 3
4 1834 0.005826822878644711 3
4 1835 0.0058267942549708905 3
4 1836 0.0058268228798436655 3
4 1837 0.06371949350046759 3
4 1838 0.0058267942549708905 3
4 1839 0.005826822878644711 3
4 1840 0.005826822878644711 3
4 1841 0.12787523052940714 3
4 1842 0.17467227415415146 3
4 1843 0.005826794253666055 3
4 1844 0.09796782276065531 3
4 1845 0.0058268228798436655 3
4 1846 0.005826822878644711 3
4 1847 0.005826822878644711 3
4 1848 0.005826831414126716 3
4 1849 0.005826822878644711 3
4 1850 0.0058268228798436655 3
4 1851 0.005826831414126716 3
4 1852 0.005826822878644711 3
4 1853 0.12178818415604085 3
4 1854 0.005826831414126716 3
4 1855 0.0058268228798436655 3
4 1856 0.005826831414126716 3
4 1857 0.005826794253666055 3
4 1858 0.0058267942549708905 3
4 1859 0.0058267942549708905 3
4 1860 0.005826794253666055 3
4 1861 0.0058267942549708905 3
4 1862 0.005826831414126716 3
4 1863 0.005826822878644711 3
4 1864 0.0058267942549708905 3
4 1865 0.005826794253666055 3
4 1866 0.005826831415223406 3
4 1867 0.005826831415223406 3
4 1868 0.005826831415223406 3
4 1869 0.005826831414126716 3
4 1870 0.0058267942549708905 3
4 1871 0.005826794253666055 3
4 1872 0.005826831415223406 3
4 1873 0.0058268228798436655 3
4 1874 0.005826822878644711 3
4 1875 0.005826831415223406 3
4 1876 0.005826831415223406 3
4 1877 0.005826831414126716 3
4 1878 0.005826831414126716 3
4 1879 0.08079518161895806 3
4 1880 0.005826822878644711 3
4 1881 0.005826831414126716 3
4 1882 0.005826822878644711 3
4 1883 0.0058267942549708905 3
4 1884 0.005826794253666055 3
4 1885 0.15884336778471045 3
4 1886 0.005826794253666055 3
4 1887 0.005826831415223406 3
4 1888 0.005826831414126716 3
4 1889 0.005826831414126716 3
4 1890 0.0058268228798436655 3
4 1891 0.005826794253666055 3
4 1892 0.0058267942549708905 3
4 1893 0.005826794253666055 3
4 1894 0.02786811584518161 3
4 1895 0.0058268228798436655 3
4 1896 0.005826831414126716 3
4 1897 0.005826831414126716 3
4 1898 0.0058267942549708905 3
4 1899 0.0058268228798436655 3
4 1900 0.005826831414126716 3
4 1901 0.005826831414126716 3
4 1902 0.005826831415223406 3
4 1903 0.005826822878644711 3
4 1904 0.005826831414126716 3
4 1905 0.005826831415223406 3
4 1906 0.0058268228798436655 3
4 1907 0.005826831414126716 3
4 1908 0.005826822878644711 3
4 1909 0.005826831415223406 3
4 1910 0.005826831415223406 3
4 1911 0.0058268228798436655 3
4 1912 0.0058267942549708905 3
4 1913 0.005826831415223406 3
4 1914 0.0058267942549708905 3
4 1915 0.005826831414126716 3
4 1916 0.06371946065325142 3
4 1917 0.005826831414126716 3
4 1918 0.005826831415223406 3
4 1919 0.005826831414126716 3
4 1920 0.005826794253666055 3
4 1921 0.046795087951553606 3
4 1922 0.005826794253666055 3
4 1923 0.0058268228798436655 3
4 1924 0.005826794253666055 3
4 1925 0.005826794253666055 3
4 1926 0.0058267942549708905 3
4 1927 0.005826822878644711 3
4 1928 0.07342432114311755 3
4 1929 0.005826794253666055 3
4 1930 0.043523932603379285 3
4 1931 0.0058268228798436655 3
4 1932 0.0058268228798436655 3
4 1933 0.005826831414126716 3
4 1934 0.0058267942549708905 3
4 1935 0.005826822878644711 3
4 1936 0.0058267942549708905 3
4 1937 0.005826831415223406 3
4 1938 0.005826794253666055 3
4 1939 0.005826831414126716 3
4 1940 0.005826831415223406 3
4 1941 0.005826822878644711 3
4 1942 0.0058268228798436655 3
4 1943 0.005826822878644711 3
4 1944 0.0058268228798436655 3
4 1945 0.0058268228798436655 3
4 1946 0.005826831415223406 3
4 1947 0.005826831415223406 3
4 1948 0.005826794253666055 3
4 1949 0.07717436464366231 3
4 1950 0.005826794253666055 3
4 1951 0.005826822878644711 3
4 1952 0.005826794253666055 3
4 1953 0.01970675345432681 3
4 1954 0.0058267942549708905 3
4 1955 0.005826831415223406 3
4 1956 0.005826831415223406 3
4 1957 0.005826822878644711 3
4 1958 0.0058268228798436655 3
4 1959 0.005826822878644711 3
4 1960 0.005826831414126716 3
4 1961 0.0058267942549708905 3
4 1962 0.005826831415223406 3
4 1963 0.005826794253666055 3
4 1964 0.019722781367780943 3
4 1965 0.005826831415223406 3
4 1966 0.005826831415223406 3
4 1967 0.005826794253666055 3
4 1968 0.005826831415223406 3
4 1969 0.005826822878644711 3
4 1970 0.0058267942549708905 3
4 1971 0.005826822878644711 3
4 1972 0.0058267942549708905 3
4 1973 0.005826831415223406 3
4 1974 0.1100247125129986 3
4 1975 0.005826794253666055 3
4 1976 0.005826822878644711 3
4 1977 0.0058268228798436655 3
4 1978 0.005826822878644711 3
4 1979 0.005826794253666055 3
4 1980 0.005826822878644711 3
4 1981 0.005826831415223406 3
4 1982 0.0058267942549708905 3
4 1983 0.0058268228798436655 3
4 1984 0.005826822878644711 3
4 1985 0.005826831415223406 3
4 1986 0.0058268228798436655 3
4 1987 0.0058267942549708905 3
4 1988 0.0058268228798436655 3
4 1989 0.01970131835977658 3
4 1990 0.005826794253666055 3
4 1991 0.005826831415223406 3
4 1992 0.005826822878644711 3
4 1993 0.005826794253666055 3
4 1994 0.0058267942549708905 3
4 1995 0.005826831415223406 3
4 1996 0.0058268228798436655 3
4 1997 0.005826831414126716 3
4 1998 0.005826794253666055 3
4 1999 0.005826831414126716 3
5 0 0.005826794253666055 3
5 1 0.005826794253666055 3
5 2 0.005826794253666055 3
5 3 0.005826794253666055 3
5 4 0.005826794253666055 3
5 5 0.005826794253666055 3
5 6 0.005826794253666055 3
5 7 0.005826794253666055 3
5 8 0.005826794253666055 3
5 9 0.005826794253666055 3
5 10 0.005826794253666055 3
5 11 0.005826794253666055 3
5 12 0.005826794253666055 3
5 13 0.005826794253666055 3
5 14 0.005826794253666055 3
5 15 0.005826794253666055 3
5 16 0.005826794253666055 3
5 17 0.005826794253666055 3
5 18 0.005826794253666055 3
5 19 0.005826794253666055 3
5 20 0.005826794253666055 3
5 21 0.005826794253666055 3
5 22 0.005826794253666055 3
5 23 0.005826794253666055 3
5 24 0.005826794253666055 3
5 25 0.005826794253666055 3
5 26 0.005826794253666055 3
5 27 0.005826794253666055 3
5 28 0.005826794253666055 3
5 29 0.005826794253666055 3
5 30 0.005826794253666055 3
5 31 0.005826794253666055 3
5 32 0.005826794253666055 3
5 33 0.005826794253666055 3
5 34 0.005826794253666055 3
5 35 0.005826794253666055 3
5 36 0.005826794253666055 3
5 37 0.005826794253666055 3
5 38 0.005826794253666055 3
5 39 0.005826794253666055 3
5 40 0.005826794253666055 3
5 41 0.005826794253666055 3
5 42 0.005826794253666055 3
5 43 0.005826794253666055 3
5 44 0.005826794253666055 3
5 45 0.005826794253666055 3
5 46 0.005826794253666055 3
5 47 0.005826794253666055 3
5 48 0.005826794253666055 3
5 49 0.005826794253666055 3
5 50 0.005826794253666055 3
5 51 0.005826794253666055 3
5 52 0.005826794253666055 3
5 53 0.005826794253666055 3
5 54 0.005826794253666055 3
5 55 0.005826794253666055 3
5 56 0.005826794253666055 3
5 57 0.005826794253666055 3
5 58 0.005826794253666055 3
5 59 0.005826794253666055 3
5 60 0.005826794253666055 3
5 61 0.005826794253666055 3
5 62 0.005826794253666055 3
5 63 0.005826794253666055 3
5 64 0.005826794253666055 3
5 65 0.005826794253666055 3
5 66 0.005826794253666055 3
5 67 0.005826794253666055 3
5 68 0.005826794253666055 3
5 69 0.005826794253666055 3
5 70 0.005826794253666055 3
5 71 0.005826794253666055 3
5 72 0.005826794253666055 3
5 73 0.005826794253666055 3
5 74 0.005826794253666055 3
5 75 0.005826794253666055 3
5 76 0.005826794253666055 3
5 77 0.005826794253666055 3
5 78 0.005826794253666055 3
5 79 0.005826794253666055 3
5 80 0.005826794253666055 3
5 81 0.005826794253666055 3
5 82 0.005826794253666055 3
5 83 0.005826794253666055 3
5 84 0.005826794253666055 3
5 85 0.005826794253666055 3
5 86 0.005826794253666055 3
5 87 0.005826794253666055 3
5 88 0.005826794253666055 3
5 89 0.005826794253666055 3
5 90 0.005826794253666055 3
5 91 0.005826794253666055 3
5 92 0.005826794253666055 3
5 93 0.005826794253666055 3
5 94 0.005826794253666055 3
5 95 0.005826794253666055 3
5 96 0.005826794253666055 3
5 97 0.005826794253666055 3
5 98 0.005826794253666055 3
5 99 0.005826794253666055 3
5 100 0.005826794253666055 3
5 101 0.005826794253666055 3
5 102 0.005826794253666055 3
5 103 0.005826794253666055 3
5 104 0.005826794253666055 3
5 105 0.005826794253666055 3
5 106 0.005826794253666055 3
5 107 0.005826794253666055 3
5 108 0.005826794253666055 3
5 109 0.005826794253666055 3
5 110 0.005826794253666055 3
5 111 0.005826794253666055 3
5 112 0.005826794253666055 3
5 113 0.005826794253666055 3
5 114 0.005826794253666055 3
5 115 0.005826794253666055 3
5 116 0.005826794253666055 3
5 117 0.005826794253666055 3
5 118 0.005826794253666055 3
5 119 0.005826794253666055 3
5 120 0.005826794253666055 3
5 121 0.005826794253666055 3
5 122 0.005826794253666055 3
5 123 0.005826794253666055 3
5 124 0.005826794253666055 3
5 125 0.005826794253666055 3
5 126 0.005826794253666055 3
5 127 0.005826794253666055 3
5 128 0.005826794253666055 3
5 129 0.005826794253666055 3
5 130 0.005826794253666055 3
5 131 0.005826794253666055 3
5 132 0.005826794253666055 3
5 133 0.005826794253666055 3
5 134 0.005826794253666055 3
5 135 0.005826794253666055 3
5 136 0.005826794253666055 3
5 137 0.005826794253666055 3
5 138 0.005826794253666055 3
5 139 0.005826794253666055 3
5 140 0.005826794253666055 3
5 141 0.005826794253666055 3
5 142 0.005826794253666055 3
5 143 0.005826794253666055 3
5 144 0.005826794253666055 3
5 145 0.005826794253666055 3
5 146 0.005826794253666055 3
5 147 0.005826794253666055 3
5 148 0.005826794253666055 3
5 149 0.005826794253666055 3
5 150 0.005826794253666055 3
5 151 0.005826794253666055 3
5 152 0.005826794253666055 3
5 153 0.005826794253666055 3
5 154 0.005826794253666055 3
5 155 0.005826794253666055 3
5 156 0.005826794253666055 3
5 157 0.005826794253666055 3
5 158 0.005826794253666055 3
5 159 0.005826794253666055 3
5 160 0.005826794253666055 3
5 161 0.005826794253666055 3
5 162 0.005826794253666055 3
5 163 0.005826794253666055 3
5 164 0.005826794253666055 3
5 165 0.005826794253666055 3
5 166 0.005826794253666055 3
5 167 0.005826794253666055 3
5 168 0.005826794253666055 3
5 169 0.005826794253666055 3
5 170 0.005826794253666055 3
5 171 0.005826794253666055 3
5 172 0.005826794253666055 3
5 173 0.005826794253666055 3
5 174 0.005826794253666055 3
5 175 0.005826794253666055 3
5 176 0.005826794253666055 3
5 177 0.005826794253666055 3
5 178 0.005826794253666055 3
5 179 0.005826794253666055 3
5 180 0.005826794253666055 3
5 181 0.005826794253666055 3
5 182 0.005826794253666055 3
5 183 0.005826794253666055 3
5 184 0.005826794253666055 3
5 185 0.005826794253666055 3
5 186 0.005826794253666055 3
5 187 0.005826794253666055 3
5 188 0.005826794253666055 3
5 189 0.005826794253666055 3
5 190 0.005826794253666055 3
5 191 0.005826794253666055 3
5 192 0.005826794253666055 3
5 193 0.005826794253666055 3
5 194 0.005826794253666055 3
5 195 0.005826794253666055 3
5 196 0.005826794253666055 3
5 197 0.005826794253666055 3
5 198 0.005826794253666055 3
5 199 0.005826794253666055 3
5 200 0.005826831414126716 3
5 201 0.005826794253666055 3
5 202 0.005826822878644711 3
5 203 0.0058268228798436655 3
5 204 0.005826831415223406 3
5 205 0.005826831415223406 3
5 206 0.005826831415223406 3
5 207 0.005826822878644711 3
5 208 0.005826831414126716 3
5 209 0.005826831414126716 3
5 210 0.0058268228798436655 3
5 211 0.0058267942549708905 3
5 212 0.0058268228798436655 3
5 213 0.005826831414126716 3
5 214 0.0058268228798436655 3
5 215 0.0058268228798436655 3
5 216 0.019741599395884876 3
5 217 0.005826794253666055 3
5 218 0.005826794253666055 3
5 219 0.0058267942549708905 3
5 220 0.005826831415223406 3
5 221 0.17022872941064174 3
5 222 0.005826831414126716 3
5 223 0.019803707430403283 3
5 224 0.0058268228798436655 3
5 225 0.005826831414126716 3
5 226 0.0058268228798436655 3
5 227 0.005826831414126716 3
5 228 0.005826831415223406 3
5 229 0.0058268228798436655 3
5 230 0.005826831414126716 3
5 231 0.005826794253666055 3
5 232 0.005826831414126716 3
5 233 0.005826831414126716 3
5 234 0.005826794253666055 3
5 235 0.005826794253666055 3
5 236 0.005826794253666055 3
5 237 0.48657825763876617 3
5 238 0.005826831414126716 3
5 239 0.005826831415223406 3
5 240 0.0058268228798436655 3
5 241 0.005826831414126716 3
5 242 0.005826831415223406 3
5 243 0.050504760859989555 3
5 244 0.005826831415223406 3
5 245 0.005826794253666055 3
5 246 0.005826831414126716 3
5 247 0.005826794253666055 3
5 248 1327770.4143033065 3
5 249 0.005826822878644711 3
5 250 0.005826831415223406 3
5 251 0.005826822878644711 3
5 252 0.0058268228798436655 3
5 253 0.0058267942549708905 3
5 254 0.005826831415223406 3
5 255 0.005826794253666055 3
5 256 195244317.69336984 3
5 257 0.0058268228798436655 3
5 258 0.0058268228798436655 3
5 259 0.0058268228798436655 3
5 260 0.005826831415223406 3
5 261 0.005826822878644711 3
5 262 0.0058267942549708905 3
5 263 0.0058267942549708905 3
5 264 0.005826831415223406 3
5 265 0.005826831415223406 3
5 266 0.0058268228798436655 3
5 267 0.03712392281394029 3
5 268 0.005826822878644711 3
5 269 0.005826794253666055 3
5 270 0.005826794253666055 3
5 271 0.005826794253666055 3
5 272 0.005826831415223406 3
5 273 0.005826831415223406 3
5 274 0.0058267942549708905 3
5 275 0.005826794253666055 3
5 276 0.005826794253666055 3
5 277 0.005826831415223406 3
5 278 0.15214105618578025 3
5 279 0.005826831414126716 3
5 280 0.0058268228798436655 3
5 281 0.005826794253666055 3
5 282 0.005826831415223406 3
5 283 0.0058267942549708905 3
5 284 0.005826831414126716 3
5 285 0.005826831414126716 3
5 286 0.005826822878644711 3
5 287 0.005826822878644711 3
5 288 0.005826794253666055 3
5 289 0.005826822878644711 3
5 290 0.005826794253666055 3
5 291 0.0058268228798436655 3
5 292 0.005826822878644711 3
5 293 0.005826831415223406 3
5 294 0.005826831415223406 3
5 295 0.018878955826711803 3
5 296 0.06460963574330993 3
5 297 0.005826822878644711 3
5 298 0.0058268228798436655 3
5 299 0.005826794253666055 3
5 300 0.005826831415223406 3
5 301 0.04503338381222467 3
5 302 0.005826831414126716 3
5 303 0.005826822878644711 3
5 304 0.0058268228798436655 3
5 305 0.0058268228798436655 3
5 306 0.005826831415223406 3
5 307 0.0058267942549708905 3
5 308 0.0989635620080319 3
5 309 0.005826794253666055 3
5 310 0.0058268228798436655 3
5 311 0.005826822878644711 3
5 312 0.0058267942549708905 3
5 313 0.005826794253666055 3
5 314 0.005826822878644711 3
5 315 0.005826831414126716 3
5 316 0.06940902028715963 3
5 317 0.005826794253666055 3
5 318 0.005826822878644711 3
5 319 0.005826794253666055 3
5 320 0.005826831414126716 3
5 321 0.005826794253666055 3
5 322 0.005826794253666055 3
5 323 0.005826831415223406 3
5 324 0.0058267942549708905 3
5 325 0.005826822878644711 3
5 326 0.005826822878644711 3
5 327 0.005826822878644711 3
5 328 0.0058268228798436655 3
5 329 0.005826822878644711 3
5 330 0.0058267942549708905 3
5 331 0.10623307121217967 3
5 332 0.0058267942549708905 3
5 333 0.0058268228798436655 3
5 334 0.005826822878644711 3
5 335 0.005826831414126716 3
5 336 0.005826794253666055 3
5 337 0.05987204776012756 3
5 338 0.005826822878644711 3
5 339 0.0058268228798436655 3
5 340 0.0058267942549708905 3
5 341 0.0058268228798436655 3
5 342 0.0058267942549708905 3
5 343 0.0058268228798436655 3
5 344 0.005826822878644711 3
5 345 0.005826794253666055 3
5 346 0.005826831414126716 3
5 347 0.0058268228798436655 3
5 348 5662.126283932181 3
5 349 0.00942705632312022 3
5 350 0.005826831415223406 3
5 351 0.010320434896757475 3
5 352 0.005826831414126716 3
5 353 0.005826831414126716 3
5 354 0.019570702139823076 3
5 355 0.0058267942549708905 3
5 356 0.005826794253666055 3
5 357 0.005826794253666055 3
5 358 0.0058268228798436655 3
5 359 0.005826822878644711 3
5 360 0.0058268228798436655 3
5 361 0.0058267942549708905 3
5 362 0.005826794253666055 3
5 363 0.1372395980083186 3
5 364 0.005826822878644711 3
5 365 0.005826794253666055 3
5 366 0.005826831415223406 3
5 367 0.005826831414126716 3
5 368 0.005826822878644711 3
5 369 0.0058268228798436655 3
5 370 0.0058267942549708905 3
5 371 0.0058267942549708905 3
5 372 0.019508034428365194 3
5 373 0.005826794253666055 3
5 374 0.005826831414126716 3
5 375 0.005826794253666055 3
5 376 0.0058268228798436655 3
5 377 0.005826822878644711 3
5 378 0.005826794253666055 3
5 379 0.005826831414126716 3
5 380 0.0058268228798436655 3
5 381 0.0058267942549708905 3
5 382 0.0058268228798436655 3
5 383 0.005826831415223406 3
5 384 0.005826794253666055 3
5 385 0.0058268228798436655 3
5 386 0.005826794253666055 3
5 387 0.0058267942549708905 3
5 388 0.005826831414126716 3
5 389 0.0058268228798436655 3
5 390 0.005826831415223406 3
5 391 0.005826822878644711 3
5 392 0.005826822878644711 3
5 393 0.005826794253666055 3
5 394 0.005826822878644711 3
5 395 0.0058268228798436655 3
5 396 0.0058268228798436655 3
5 397 0.005826831414126716 3
5 398 0.005826831415223406 3
5 399 0.0058267942549708905 3
5 400 0.0058267942549708905 3
5 401 0.15884336778687205 3
5 402 0.0058267942549708905 3
5 403 0.005826822878644711 3
5 404 0.0058268228798436655 3
5 405 0.005826831414126716 3
5 406 0.0058268228798436655 3
5 407 0.005826822878644711 3
5 408 0.0058268228798436655 3
5 409 0.0058267942549708905 3
5 410 0.005826822878644711 3
5 411 0.005826831415223406 3
5 412 0.005826822878644711 3
5 413 0.06940608797398999 3
5 414 0.005826794253666055 3
5 415 0.005826831415223406 3
5 416 0.005826794253666055 3
5 417 0.016652298476521214 3
5 418 0.005826794253666055 3
5 419 0.005826831414126716 3
5 420 0.005826831414126716 3
5 421 0.005826831414126716 3
5 422 0.0058268228798436655 3
5 423 0.0058268228798436655 3
5 424 0.0058268228798436655 3
5 425 0.005826794253666055 3
5 426 0.005826794253666055 3
5 427 0.005826831415223406 3
5 428 0.0058267942549708905 3
5 429 0.0058268228798436655 3
5 430 0.005826794253666055 3
5 431 0.005826831414126716 3
5 432 0.005826831415223406 3
5 433 0.0058267942549708905 3
5 434 0.005826831415223406 3
5 435 0.019729185453413352 3
5 436 0.005826794253666055 3
5 437 0.005826794253666055 3
5 438 0.005826831415223406 3
5 439 0.0058268228798436655 3
5 440 0.005826794253666055 3
5 441 0.0058267942549708905 3
5 442 0.005826831414126716 3
5 443 0.0058268228798436655 3
5 444 0.005826831415223406 3
5 445 0.0058268228798436655 3
5 446 0.0058267942549708905 3
5 447 0.0058267942549708905 3
5 448 0.005826822878644711 3
5 449 0.005826831414126716 3
5 450 0.005826822878644711 3
5 451 0.0058268228798436655 3
5 452 0.0058267942549708905 3
5 453 0.005826831415223406 3
5 454 0.005826831415223406 3
5 455 0.005826831414126716 3
5 456 0.005826831414126716 3
5 457 0.005826794253666055 3
5 458 0.0058268228798436655 3
5 459 0.0058267942549708905 3
5 460 0.005826831414126716 3
5 461 0.005826831415223406 3
5 462 0.005826831415223406 3
5 463 0.07528540352519365 3
5 464 0.0058268228798436655 3
5 465 0.0058267942549708905 3
5 466 0.0058267942549708905 3
5 467 0.005826822878644711 3
5 468 0.005826794253666055 3
5 469 0.005826822878644711 3
5 470 0.0058267942549708905 3
5 471 0.005826831414126716 3
5 472 0.0058268228798436655 3
5 473 0.0058268228798436655 3
5 474 0.005826831414126716 3
5 475 0.0058267942549708905 3
5 476 0.0058268228798436655 3
5 477 0.005826794253666055 3
5 478 0.0058267942549708905 3
5 479 0.0058268228798436655 3
5 480 0.005826831415223406 3
5 481 0.005826831414126716 3
5 482 0.005826831415223406 3
5 483 0.005826831414126716 3
5 484 0.005826822878644711 3
5 485 0.005826794253666055 3
5 486 0.005826822878644711 3
5 487 0.005826831415223406 3
5 488 0.005826831415223406 3
5 489 0.0058267942549708905 3
5 490 0.005826831414126716 3
5 491 0.0058267942549708905 3
5 492 0.005826831415223406 3
5 493 0.0058268228798436655 3
5 494 0.005826794253666055 3
5 495 0.1702287216458507 3
5 496 0.0058267942549708905 3
5 497 0.005826831415223406 3
5 498 0.005826822878644711 3
5 499 0.005826794253666055 3
5 500 0.005826822878644711 3
5 501 0.005826822878644711 3
5 502 0.0058268228798436655 3
5 503 0.005826794253666055 3
5 504 0.0058267942549708905 3
5 505 0.0058267942549708905 3
5 506 0.005826794253666055 3
5 507 0.005826831414126716 3
5 508 0.005826822878644711 3
5 509 0.0058268228798436655 3
5 510 0.005826831414126716 3
5 511 0.005826822878644711 3
5 512 0.0058268228798436655 3
5 513 0.005826831414126716 3
5 514 0.0058267942549708905 3
5 515 0.005826794253666055 3
5 516 0.005826822878644711 3
5 517 0.0058268228798436655 3
5 518 0.0058267942549708905 3
5 519 0.005826794253666055 3
5 520 0.005826831414126716 3
5 521 0.0058267942549708905 3
5 522 0.0058268228798436655 3
5 523 0.0058267942549708905 3
5 524 0.005826831414126716 3
5 525 0.0058268228798436655 3
5 526 0.0058268228798436655 3
5 527 0.005826831414126716 3
5 528 0.005826794253666055 3
5 529 0.005826831414126716 3
5 530 0.005826831415223406 3
5 531 0.019471594763290204 3
5 532 0.005826831414126716 3
5 533 0.005826794253666055 3
5 534 0.005826831415223406 3
5 535 0.005826831415223406 3
5 536 0.005826831414126716 3
5 537 0.005826822878644711 3
5 538 0.07372216071276529 3
5 539 0.005826831414126716 3
5 540 0.005826794253666055 3
5 541 0.0058267942549708905 3
5 542 0.0058268228798436655 3
5 543 0.005826831414126716 3
5 544 0.012261083741841695 3
5 545 0.005826831415223406 3
5 546 0.005826822878644711 3
5 547 0.0058267942549708905 3
5 548 0.0058267942549708905 3
5 549 0.005826831414126716 3
5 550 0.0058268228798436655 3
5 551 0.0058267942549708905 3
5 552 0.1254096324397899 3
5 553 0.005826794253666055 3
5 554 0.0058268228798436655 3
5 555 0.0058267942549708905 3
5 556 0.005826794253666055 3
5 557 0.005826822878644711 3
5 558 0.005826822878644711 3
5 559 0.0058268228798436655 3
5 560 0.005826831415223406 3
5 561 0.005826794253666055 3
5 562 0.005826822878644711 3
5 563 0.005826831414126716 3
5 564 0.06782550744584029 3
5 565 0.0058268228798436655 3
5 566 0.0058268228798436655 3
5 567 0.005826794253666055 3
5 568 0.005826794253666055 3
5 569 0.005826831415223406 3
5 570 0.018728244224136853 3
5 571 0.005826794253666055 3
5 572 0.005826794253666055 3
5 573 0.005826831415223406 3
5 574 0.005826831415223406 3
5 575 0.005826831414126716 3
5 576 0.005826831414126716 3
5 577 0.10815118698530735 3
5 578 0.005826831415223406 3
5 579 0.0058268228798436655 3
5 580 0.0058267942549708905 3
5 581 0.0058267942549708905 3
5 582 0.005826831415223406 3
5 583 0.005826831415223406 3
5 584 0.005826831415223406 3
5 585 0.005826831414126716 3
5 586 0.005826831415223406 3
5 587 0.0058267942549708905 3
5 588 0.44440960592070633 3
5 589 0.005826822878644711 3
5 590 0.0058267942549708905 3
5 591 0.0058268228798436655 3
5 592 0.005826822878644711 3
5 593 0.005826822878644711 3
5 594 0.005826831414126716 3
5 595 0.005826822878644711 3
5 596 0.005826831415223406 3
5 597 0.005826831415223406 3
5 598 0.005826794253666055 3
5 599 0.0058268228798436655 3
5 600 0.005826822878644711 3
5 601 0.01970349516621549 3
5 602 0.005826822878644711 3
5 603 0.005826831414126716 3
5 604 0.005826831415223406 3
5 605 0.0058267942549708905 3
5 606 0.005826831414126716 3
5 607 0.005826831415223406 3
5 608 0.0058267942549708905 3
5 609 0.005826831415223406 3
5 610 0.005826794253666055 3
5 611 0.005826822878644711 3
5 612 0.0058268228798436655 3
5 613 0.0058267942549708905 3
5 614 0.0058268228798436655 3
5 615 0.005826831414126716 3
5 616 0.0058267942549708905 3
5 617 0.0058268228798436655 3
5 618 0.005826831415223406 3
5 619 0.005826831415223406 3
5 620 0.005826822878644711 3
5 621 0.005826794253666055 3
5 622 0.0058268228798436655 3
5 623 0.0058267942549708905 3
5 624 0.005826831415223406 3
5 625 0.005826794253666055 3
5 626 0.018881650279844776 3
5 627 0.005826831415223406 3
5 628 0.005826794253666055 3
5 629 0.0058268228798436655 3
5 630 0.005826794253666055 3
5 631 0.005826831414126716 3
5 632 0.005826822878644711 3
5 633 0.019691316980029933 3
5 634 0.005826822878644711 3
5 635 0.005826831415223406 3
5 636 0.005826822878644711 3
5 637 0.0058268228798436655 3
5 638 0.005826831414126716 3
5 639 0.005826822878644711 3
5 640 0.005826831415223406 3
5 641 0.005826822878644711 3
5 642 0.005826831415223406 3
5 643 0.019741599394653368 3
5 644 0.005826794253666055 3
5 645 0.07426655080553492 3
5 646 0.005826822878644711 3
5 647 0.005826822878644711 3
5 648 0.005826822878644711 3
5 649 0.0058267942549708905 3
5 650 0.005826831415223406 3
5 651 0.005826794253666055 3
5 652 0.005826831415223406 3
5 653 0.005826831414126716 3
5 654 0.005826831414126716 3
5 655 0.0058268228798436655 3
5 656 0.0058268228798436655 3
5 657 0.005826794253666055 3
5 658 0.005826822878644711 3
5 659 0.005826822878644711 3
5 660 0.0058268228798436655 3
5 661 0.005826831415223406 3
5 662 0.005826831414126716 3
5 663 0.005826831414126716 3
5 664 0.005826831414126716 3
5 665 0.0058268228798436655 3
5 666 0.0058268228798436655 3
5 667 0.005826831415223406 3
5 668 0.0058267942549708905 3
5 669 0.0058268228798436655 3
5 670 0.005826822878644711 3
5 671 0.005826822878644711 3
5 672 0.005826831415223406 3
5 673 0.005826831415223406 3
5 674 0.005826794253666055 3
5 675 0.0058268228798436655 3
5 676 0.005826831415223406 3
5 677 0.0058268228798436655 3
5 678 0.0058268228798436655 3
5 679 0.0058268228798436655 3
5 680 0.005826794253666055 3
5 681 0.005826822878644711 3
5 682 0.005826822878644711 3
5 683 0.0058267942549708905 3
5 684 0.005826822878644711 3
5 685 0.005826822878644711 3
5 686 0.005826822878644711 3
5 687 0.005826794253666055 3
5 688 0.005826831414126716 3
5 689 0.0058267942549708905 3
5 690 0.005826831414126716 3
5 691 0.0058268228798436655 3
5 692 0.005826794253666055 3
5 693 0.005826794253666055 3
5 694 0.0058267942549708905 3
5 695 0.005826822878644711 3
5 696 0.005826794253666055 3
5 697 0.07013555455716806 3
5 698 0.005826831414126716 3
5 699 1327770.4143033065 3
5 700 0.044864155496025904 3
5 701 0.005826822878644711 3
5 702 0.0058267942549708905 3
5 703 0.005826831415223406 3
5 704 0.005826822878644711 3
5 705 0.0058267942549708905 3
5 706 0.005826794253666055 3
5 707 0.005826794253666055 3
5 708 0.005826831415223406 3
5 709 0.0058268228798436655 3
5 710 0.0058268228798436655 3
5 711 0.019634772951229843 3
5 712 0.005826831414126716 3
5 713 0.17611575473734642 3
5 714 0.005826831415223406 3
5 715 0.0058267942549708905 3
5 716 0.005826831415223406 3
5 717 0.0058267942549708905 3
5 718 0.005826794253666055 3
5 719 0.005826822878644711 3
5 720 0.005826831414126716 3
5 721 0.005826831414126716 3
5 722 0.005826822878644711 3
5 723 0.005826794253666055 3
5 724 0.0058268228798436655 3
5 725 0.005826831415223406 3
5 726 0.005826831415223406 3
5 727 0.0058267942549708905 3
5 728 0.0058267942549708905 3
5 729 0.005826794253666055 3
5 730 0.07199113412377614 3
5 731 0.005826794253666055 3
5 732 0.005826794253666055 3
5 733 0.0058267942549708905 3
5 734 0.005826794253666055 3
5 735 0.005826831414126716 3
5 736 0.005826831414126716 3
5 737 0.005826822878644711 3
5 738 0.005826822878644711 3
5 739 1.5279225125435747 3
5 740 0.0058267942549708905 3
5 741 0.005826822878644711 3
5 742 0.005826831415223406 3
5 743 0.005826794253666055 3
5 744 0.005826822878644711 3
5 745 0.005826794253666055 3
5 746 0.005826822878644711 3
5 747 0.005826822878644711 3
5 748 0.005826831415223406 3
5 749 0.0058268228798436655 3
5 750 0.005826822878644711 3
5 751 0.005826822878644711 3
5 752 0.0058267942549708905 3
5 753 0.005826831414126716 3
5 754 0.005826831414126716 3
5 755 0.005826822878644711 3
5 756 0.005826831414126716 3
5 757 0.0058268228798436655 3
5 758 0.005826794253666055 3
5 759 0.0058268228798436655 3
5 760 0.0058267942549708905 3
5 761 0.005826831415223406 3
5 762 0.0058267942549708905 3
5 763 0.005826794253666055 3
5 764 0.005826831414126716 3
5 765 0.005826822878644711 3
5 766 0.019508034428365194 3
5 767 0.005826831415223406 3
5 768 0.005826794253666055 3
5 769 0.005826822878644711 3
5 770 0.0058267942549708905 3
5 771 0.0058268228798436655 3
5 772 0.0058268228798436655 3
5 773 0.005826831414126716 3
5 774 0.005826831414126716 3
5 775 0.0058267942549708905 3
5 776 0.059872047760125745 3
5 777 0.005826831414126716 3
5 778 0.0058268228798436655 3
5 779 0.0058268228798436655 3
5 780 0.005826831415223406 3
5 781 0.005826831414126716 3
5 782 0.005826831414126716 3
5 783 0.0058267942549708905 3
5 784 0.005826794253666055 3
5 785 0.005826822878644711 3
5 786 0.005826831415223406 3
5 787 0.005826822878644711 3
5 788 0.005826794253666055 3
5 789 0.0058268228798436655 3
5 790 0.005826794253666055 3
5 791 0.005826794253666055 3
5 792 0.005826794253666055 3
5 793 0.005826794253666055 3
5 794 0.005826794253666055 3
5 795 0.005826822878644711 3
5 796 0.005826794253666055 3
5 797 0.0058267942549708905 3
5 798 0.005826831415223406 3
5 799 0.005826822878644711 3
5 800 0.0058268228798436655 3
5 801 0.005826822878644711 3
5 802 0.07199113412379905 3
5 803 0.005826822878644711 3
5 804 0.005826794253666055 3
5 805 0.0058268228798436655 3
5 806 0.005826822878644711 3
5 807 0.0058267942549708905 3
5 808 0.005826794253666055 3
5 809 0.005826831414126716 3
5 810 0.0058268228798436655 3
5 811 0.0058267942549708905 3
5 812 0.0058267942549708905 3
5 813 0.04503338386229213 3
5 814 0.005826794253666055 3
5 815 1.1086613415300208 3
5 816 0.005826822878644711 3
5 817 0.005826831415223406 3
5 818 0.04503338381222467 3
5 819 0.0058267942549708905 3
5 820 0.444409813380282 3
5 821 0.005826822878644711 3
5 822 0.005826831415223406 3
5 823 0.005826822878644711 3
5 824 0.005826794253666055 3
5 825 0.005826831414126716 3
5 826 0.019729219730339295 3
5 827 0.005826822878644711 3
5 828 0.005826831415223406 3
5 829 0.005826794253666055 3
5 830 0.0058267942549708905 3
5 831 0.005826831415223406 3
5 832 0.005826822878644711 3
5 833 0.005826831415223406 3
5 834 0.0312861073633869 3
5 835 0.005826822878644711 3
5 836 0.005826831415223406 3
5 837 0.005826831415223406 3
5 838 0.0058267942549708905 3
5 839 0.005826831414126716 3
5 840 0.005826822878644711 3
5 841 0.005826794253666055 3
5 842 0.0058267942549708905 3
5 843 0.0058267942549708905 3
5 844 0.0058268228798436655 3
5 845 0.005826831415223406 3
5 846 0.0058267942549708905 3
5 847 0.005826831414126716 3
5 848 0.005826794253666055 3
5 849 0.005826794253666055 3
5 850 0.005826831414126716 3
5 851 0.005826831414126716 3
5 852 0.10857464972720686 3
5 853 0.005826831414126716 3
5 854 0.005826794253666055 3
5 855 0.005826794253666055 3
5 856 0.005826831415223406 3
5 857 0.005826794253666055 3
5 858 0.04486414597645815 3
5 859 0.005826794253666055 3
5 860 0.0058267942549708905 3
5 861 0.0058268228798436655 3
5 862 0.005826794253666055 3
5 863 0.0058267942549708905 3
5 864 0.005826831414126716 3
5 865 0.005826831415223406 3
5 866 0.005826831415223406 3
5 867 0.005826822878644711 3
5 868 0.005826794253666055 3
5 869 0.005826831415223406 3
5 870 0.005826822878644711 3
5 871 0.005826822878644711 3
5 872 0.005826831414126716 3
5 873 0.005826831414126716 3
5 874 0.08079519572072454 3
5 875 0.0058268228798436655 3
5 876 0.005826831414126716 3
5 877 0.005826794253666055 3
5 878 0.0058268228798436655 3
5 879 0.0058268228798436655 3
5 880 0.005826831415223406 3
5 881 0.0058267942549708905 3
5 882 0.0058268228798436655 3
5 883 0.005826822878644711 3
5 884 0.0058267942549708905 3
5 885 0.005826831414126716 3
5 886 0.005826831414126716 3
5 887 0.005826831414126716 3
5 888 0.005826831414126716 3
5 889 0.005826831415223406 3
5 890 0.005826831414126716 3
5 891 0.11846696619515237 3
5 892 0.005826831414126716 3
5 893 0.005826794253666055 3
5 894 0.005826822878644711 3
5 895 0.005826831414126716 3
5 896 0.0058267942549708905 3
5 897 0.005826831415223406 3
5 898 0.0058268228798436655 3
5 899 0.0058267942549708905 3
5 900 0.0058267942549708905 3
5 901 0.005826831414126716 3
5 902 0.005826794253666055 3
5 903 0.0058267942549708905 3
5 904 0.0058268228798436655 3
5 905 0.0058267942549708905 3
5 906 0.005826831415223406 3
5 907 0.005826831414126716 3
5 908 0.005826794253666055 3
5 909 0.0058267942549708905 3
5 910 0.005826794253666055 3
5 911 0.005826794253666055 3
5 912 0.005826794253666055 3
5 913 0.03742725896632344 3
5 914 0.005826831415223406 3
5 915 0.0058267942549708905 3
5 916 0.005826822878644711 3
5 917 0.4865758894690505 3
5 918 0.005826831415223406 3
5 919 0.0058267942549708905 3
5 920 0.005826794253666055 3
5 921 0.005826831415223406 3
5 922 0.005826794253666055 3
5 923 0.0058268228798436655 3
5 924 0.005826831415223406 3
5 925 0.005826831414126716 3
5 926 0.005826822878644711 3
5 927 0.005826794253666055 3
5 928 0.005826831414126716 3
5 929 0.005826831415223406 3
5 930 0.0058267942549708905 3
5 931 0.0058267942549708905 3
5 932 0.005826822878644711 3
5 933 0.005826831414126716 3
5 934 0.005826822878644711 3
5 935 0.005826822878644711 3
5 936 0.005826794253666055 3
5 937 0.005826831415223406 3
5 938 0.005826794253666055 3
5 939 0.005826831415223406 3
5 940 0.005826831415223406 3
5 941 0.005826831414126716 3
5 942 0.005826831414126716 3
5 943 0.010320453866858913 3
5 944 0.0058267942549708905 3
5 945 0.0058268228798436655 3
5 946 0.0058267942549708905 3
5 947 0.04503338386229213 3
5 948 0.005826794253666055 3
5 949 0.005826822878644711 3
5 950 0.005826831414126716 3
5 951 0.005826831415223406 3
5 952 0.005826831414126716 3
5 953 0.005826831414126716 3
5 954 0.005826831415223406 3
5 955 0.005826794253666055 3
5 956 0.005826822878644711 3
5 957 0.005826794253666055 3
5 958 0.07426452489561762 3
5 959 0.0058268228798436655 3
5 960 0.0058267942549708905 3
5 961 0.0058268228798436655 3
5 962 0.005826822878644711 3
5 963 0.005826831414126716 3
5 964 0.005826794253666055 3
5 965 0.005826831415223406 3
5 966 0.005826831415223406 3
5 967 0.005826794253666055 3
5 968 0.0058268228798436655 3
5 969 0.0058268228798436655 3
5 970 0.1300071180319321 3
5 971 0.005826822878644711 3
5 972 0.11987805955281758 3
5 973 0.0058267942549708905 3
5 974 0.0058267942549708905 3
5 975 0.005826831415223406 3
5 976 0.005826794253666055 3
5 977 0.0058268228798436655 3
5 978 0.005826794253666055 3
5 979 0.005826831414126716 3
5 980 0.005826822878644711 3
5 981 0.005826822878644711 3
5 982 0.0058268228798436655 3
5 983 0.0058267942549708905 3
5 984 0.005826831414126716 3
5 985 0.06666756248071548 3
5 986 0.005826822878644711 3
5 987 0.005826831414126716 3
5 988 0.005826822878644711 3
5 989 0.005826831415223406 3
5 990 0.0058268228798436655 3
5 991 0.0058267942549708905 3
5 992 0.005826831415223406 3
5 993 0.005826822878644711 3
5 994 0.06379004314724956 3
5 995 0.1217881704675076 3
5 996 0.005826831415223406 3
5 997 0.005826831414126716 3
5 998 0.005826831414126716 3
5 999 0.005826794253666055 3
5 1000 0.005826794253666055 3
5 1001 0.0058267942549708905 3
5 1002 0.0058268228798436655 3
5 1003 0.005826822878644711 3
5 1004 0.0058268228798436655 3
5 1005 0.005826822878644711 3
5 1006 0.005826794253666055 3
5 1007 0.005826822878644711 3
5 1008 0.005826831414126716 3
5 1009 0.005826794253666055 3
5 1010 0.028082955309743668 3
5 1011 0.005826794253666055 3
5 1012 0.005826831415223406 3
5 1013 0.021330446802224796 3
5 1014 0.005826794253666055 3
5 1015 0.005826831414126716 3
5 1016 0.0058268228798436655 3
5 1017 0.0058268228798436655 3
5 1018 0.0058267942549708905 3
5 1019 0.005826831414126716 3
5 1020 0.005826831414126716 3
5 1021 0.0058267942549708905 3
5 1022 0.0058268228798436655 3
5 1023 0.005826831414126716 3
5 1024 0.0058267942549708905 3
5 1025 0.005826822878644711 3
5 1026 0.0058267942549708905 3
5 1027 0.005826831414126716 3
5 1028 0.005826822878644711 3
5 1029 0.005826831414126716 3
5 1030 0.005826794253666055 3
5 1031 0.0058268228798436655 3
5 1032 0.005826794253666055 3
5 1033 0.0058267942549708905 3
5 1034 0.005826831415223406 3
5 1035 0.005826822878644711 3
5 1036 0.1294181327985162 3
5 1037 0.005826831415223406 3
5 1038 0.019685900523940737 3
5 1039 0.0058268228798436655 3
5 1040 0.020461418462133552 3
5 1041 0.005826831415223406 3
5 1042 0.005826794253666055 3
5 1043 0.005826831414126716 3
5 1044 0.0058267942549708905 3
5 1045 0.005826794253666055 3
5 1046 0.0058267942549708905 3
5 1047 0.0058267942549708905 3
5 1048 0.0058268228798436655 3
5 1049 0.005826831414126716 3
5 1050 0.005826831415223406 3
5 1051 0.005826831415223406 3
5 1052 0.005826831415223406 3
5 1053 0.0058267942549708905 3
5 1054 0.005826822878644711 3
5 1055 0.005826831414126716 3
5 1056 0.0058268228798436655 3
5 1057 0.005826794253666055 3
5 1058 0.005826794253666055 3
5 1059 0.005826831414126716 3
5 1060 0.005826822878644711 3
5 1061 0.0058267942549708905 3
5 1062 0.005826831415223406 3
5 1063 0.005826794253666055 3
5 1064 0.0058268228798436655 3
5 1065 0.005826831415223406 3
5 1066 0.0058267942549708905 3
5 1067 0.009427056326471794 3
5 1068 0.005826822878644711 3
5 1069 0.0058267942549708905 3
5 1070 0.005826831415223406 3
5 1071 0.0058267942549708905 3
5 1072 0.005826822878644711 3
5 1073 0.0058268228798436655 3
5 1074 0.005826794253666055 3
5 1075 0.0058268228798436655 3
5 1076 0.0058267942549708905 3
5 1077 0.0058268228798436655 3
5 1078 0.005826831414126716 3
5 1079 0.005826831414126716 3
5 1080 0.01970675345432681 3
5 1081 0.005826831414126716 3
5 1082 1.118148915402149 3
5 1083 0.005826822878644711 3
5 1084 0.11846696564407276 3
5 1085 0.005826831415223406 3
5 1086 0.0058267942549708905 3
5 1087 0.0058267942549708905 3
5 1088 0.0058268228798436655 3
5 1089 0.005826822878644711 3
5 1090 0.005826831415223406 3
5 1091 0.005826794253666055 3
5 1092 0.0058268228798436655 3
5 1093 0.005826831414126716 3
5 1094 0.005826794253666055 3
5 1095 0.005826822878644711 3
5 1096 0.005826831415223406 3
5 1097 0.005826794253666055 3
5 1098 0.005826794253666055 3
5 1099 0.0058267942549708905 3
5 1100 0.0058268228798436655 3
5 1101 0.005826831414126716 3
5 1102 0.0058267942549708905 3
5 1103 0.005826794253666055 3
5 1104 0.005826831414126716 3
5 1105 0.0058267942549708905 3
5 1106 0.03624070910528828 3
5 1107 0.0058268228798436655 3
5 1108 0.005826794253666055 3
5 1109 0.0058268228798436655 3
5 1110 0.005826831415223406 3
5 1111 0.005826831414126716 3
5 1112 0.005826794253666055 3
5 1113 0.0058268228798436655 3
5 1114 0.06782550744584029 3
5 1115 0.0058267942549708905 3
5 1116 0.005826831415223406 3
5 1117 0.0058268228798436655 3
5 1118 0.0058268228798436655 3
5 1119 0.0058268228798436655 3
5 1120 0.037054275238698406 3
5 1121 0.0058268228798436655 3
5 1122 0.005826794253666055 3
5 1123 0.005826822878644711 3
5 1124 0.005826822878644711 3
5 1125 0.043523932648963835 3
5 1126 0.005826822878644711 3
5 1127 0.0733342331790013 3
5 1128 0.005826831414126716 3
5 1129 0.005826831415223406 3
5 1130 0.005826831414126716 3
5 1131 0.005826831414126716 3
5 1132 0.005826831414126716 3
5 1133 0.018881652221904882 3
5 1134 0.005826831415223406 3
5 1135 0.0058268228798436655 3
5 1136 0.005826822878644711 3
5 1137 0.005826822878644711 3
5 1138 0.005826822878644711 3
5 1139 0.0058268228798436655 3
5 1140 0.0058268228798436655 3
5 1141 0.005826831415223406 3
5 1142 0.005826822878644711 3
5 1143 0.0058267942549708905 3
5 1144 0.005826831414126716 3
5 1145 0.005826831414126716 3
5 1146 0.005826831414126716 3
5 1147 0.005826831414126716 3
5 1148 0.005826831414126716 3
5 1149 0.005826794253666055 3
5 1150 0.036240709101833586 3
5 1151 0.0058267942549708905 3
5 1152 0.0058267942549708905 3
5 1153 0.005826831414126716 3
5 1154 0.005826831415223406 3
5 1155 0.005826831415223406 3
5 1156 0.005826794253666055 3
5 1157 0.0058268228798436655 3
5 1158 0.0058268228798436655 3
5 1159 0.005826831414126716 3
5 1160 0.019702548060115222 3
5 1161 0.019177281851760188 3
5 1162 0.0058268228798436655 3
5 1163 0.005826822878644711 3
5 1164 0.005826831414126716 3
5 1165 0.005826822878644711 3
5 1166 0.005826831414126716 3
5 1167 0.0058267942549708905 3
5 1168 0.0058268228798436655 3
5 1169 0.005826831415223406 3
5 1170 0.06379004314724956 3
5 1171 0.005826831414126716 3
5 1172 0.020219471510166787 3
5 1173 0.005826831414126716 3
5 1174 0.176017176590409 3
5 1175 0.0058267942549708905 3
5 1176 0.005826831415223406 3
5 1177 0.0058268228798436655 3
5 1178 0.018696256411760516 3
5 1179 0.005826794253666055 3
5 1180 0.005826831414126716 3
5 1181 0.005826831414126716 3
5 1182 0.005826794253666055 3
5 1183 0.005826822878644711 3
5 1184 0.0058268228798436655 3
5 1185 0.005826831415223406 3
5 1186 0.005826822878644711 3
5 1187 0.005826794253666055 3
5 1188 0.005826794253666055 3
5 1189 0.005826831414126716 3
5 1190 0.005826831414126716 3
5 1191 0.005826831414126716 3
5 1192 0.005826794253666055 3
5 1193 0.005826822878644711 3
5 1194 0.005826822878644711 3
5 1195 0.005826794253666055 3
5 1196 0.005826822878644711 3
5 1197 0.005826794253666055 3
5 1198 0.005826831415223406 3
5 1199 0.005826831414126716 3
5 1200 0.0058268228798436655 3
5 1201 0.005826831415223406 3
5 1202 0.005826794253666055 3
5 1203 0.005826822878644711 3
5 1204 0.005826794253666055 3
5 1205 0.005826822878644711 3
5 1206 0.005826822878644711 3
5 1207 0.005826831414126716 3
5 1208 0.005826794253666055 3
5 1209 0.04503338386229213 3
5 1210 0.005826822878644711 3
5 1211 0.005826831415223406 3
5 1212 0.005826831414126716 3
5 1213 0.0058268228798436655 3
5 1214 0.0058268228798436655 3
5 1215 0.005826831415223406 3
5 1216 0.005826831415223406 3
5 1217 0.005826831415223406 3
5 1218 0.018881652219923554 3
5 1219 0.005826831415223406 3
5 1220 0.005826822878644711 3
5 1221 0.0058268228798436655 3
5 1222 0.005826822878644711 3
5 1223 0.005826822878644711 3
5 1224 0.005826831414126716 3
5 1225 0.15214107770551513 3
5 1226 0.005826831414126716 3
5 1227 0.0058267942549708905 3
5 1228 0.005826831415223406 3
5 1229 0.0058267942549708905 3
5 1230 0.005826794253666055 3
5 1231 0.0058268228798436655 3
5 1232 0.0058267942549708905 3
5 1233 0.005826831415223406 3
5 1234 0.01665229848300746 3
5 1235 0.0058267942549708905 3
5 1236 0.005826822878644711 3
5 1237 0.0058268228798436655 3
5 1238 0.0058268228798436655 3
5 1239 0.0058268228798436655 3
5 1240 0.005826794253666055 3
5 1241 0.0058267942549708905 3
5 1242 0.0058267942549708905 3
5 1243 0.005826831414126716 3
5 1244 0.005826831415223406 3
5 1245 0.04810414108919533 3
5 1246 0.005826831414126716 3
5 1247 0.005826831414126716 3
5 1248 0.005826831414126716 3
5 1249 0.005826831415223406 3
5 1250 0.005826831415223406 3
5 1251 0.005826831415223406 3
5 1252 0.0058267942549708905 3
5 1253 0.0058267942549708905 3
5 1254 0.005826831414126716 3
5 1255 0.0058267942549708905 3
5 1256 0.005826831415223406 3
5 1257 0.005826794253666055 3
5 1258 0.0058267942549708905 3
5 1259 0.005826831415223406 3
5 1260 0.005826831415223406 3
5 1261 0.005826831414126716 3
5 1262 0.005826794253666055 3
5 1263 0.005826822878644711 3
5 1264 0.005826831415223406 3
5 1265 0.0058267942549708905 3
5 1266 0.005826822878644711 3
5 1267 0.005826831415223406 3
5 1268 0.005826831414126716 3
5 1269 0.005826794253666055 3
5 1270 0.005826831415223406 3
5 1271 0.0058268228798436655 3
5 1272 0.0058267942549708905 3
5 1273 0.0058267942549708905 3
5 1274 0.005826831415223406 3
5 1275 0.0058268228798436655 3
5 1276 0.005826831414126716 3
5 1277 0.005826831414126716 3
5 1278 0.005826831414126716 3
5 1279 0.005826831415223406 3
5 1280 0.0058267942549708905 3
5 1281 0.005826822878644711 3
5 1282 0.005826794253666055 3
5 1283 0.07059961294455724 3
5 1284 0.005826831415223406 3
5 1285 0.0058268228798436655 3
5 1286 0.0058268228798436655 3
5 1287 0.005826831414126716 3
5 1288 0.005826794253666055 3
5 1289 0.0058268228798436655 3
5 1290 0.005826831415223406 3
5 1291 0.0058267942549708905 3
5 1292 0.005826831415223406 3
5 1293 0.005826794253666055 3
5 1294 0.005826831414126716 3
5 1295 0.005826822878644711 3
5 1296 0.0058267942549708905 3
5 1297 0.005826794253666055 3
5 1298 0.005826822878644711 3
5 1299 0.005826831415223406 3
5 1300 0.005826794253666055 3
5 1301 0.005826831414126716 3
5 1302 0.005826831415223406 3
5 1303 0.005826831414126716 3
5 1304 0.046795087951553606 3
5 1305 0.005826831415223406 3
5 1306 0.005826831414126716 3
5 1307 0.005826794253666055 3
5 1308 0.10623298574880599 3
5 1309 0.005826822878644711 3
5 1310 0.0058268228798436655 3
5 1311 0.0058267942549708905 3
5 1312 0.005826831415223406 3
5 1313 0.005826831414126716 3
5 1314 0.0058268228798436655 3
5 1315 0.005826794253666055 3
5 1316 0.0058267942549708905 3
5 1317 0.005826794253666055 3
5 1318 0.1746722108102449 3
5 1319 0.005826831414126716 3
5 1320 0.005826831414126716 3
5 1321 0.005826831415223406 3
5 1322 0.0058268228798436655 3
5 1323 0.005826831415223406 3
5 1324 0.005826822878644711 3
5 1325 0.005826831414126716 3
5 1326 0.005826831415223406 3
5 1327 0.01971456448135639 3
5 1328 0.005826794253666055 3
5 1329 0.005826831415223406 3
5 1330 0.0058267942549708905 3
5 1331 0.48657693897523707 3
5 1332 0.06940608823226242 3
5 1333 0.005826794253666055 3
5 1334 0.005826794253666055 3
5 1335 0.005826794253666055 3
5 1336 0.005826794253666055 3
5 1337 0.005826822878644711 3
5 1338 0.005826822878644711 3
5 1339 0.005826794253666055 3
5 1340 0.005826794253666055 3
5 1341 0.1184669657162669 3
5 1342 0.005826831415223406 3
5 1343 0.0058268228798436655 3
5 1344 0.005826831414126716 3
5 1345 0.0058268228798436655 3
5 1346 0.005826822878644711 3
5 1347 0.005826822878644711 3
5 1348 0.005826831415223406 3
5 1349 0.005826794253666055 3
5 1350 0.005826831414126716 3
5 1351 0.005826822878644711 3
5 1352 0.005826831415223406 3
5 1353 0.005826831414126716 3
5 1354 0.005826822878644711 3
5 1355 0.0058268228798436655 3
5 1356 0.005826822878644711 3
5 1357 0.0058268228798436655 3
5 1358 0.005826822878644711 3
5 1359 0.0058268228798436655 3
5 1360 0.17467227425105292 3
5 1361 0.005826831414126716 3
5 1362 0.005826822878644711 3
5 1363 0.0058267942549708905 3
5 1364 0.005826831415223406 3
5 1365 0.005826822878644711 3
5 1366 0.0058268228798436655 3
5 1367 0.005826831415223406 3
5 1368 0.0058268228798436655 3
5 1369 0.005826831415223406 3
5 1370 0.005826794253666055 3
5 1371 0.005826831415223406 3
5 1372 0.0058268228798436655 3
5 1373 0.005826822878644711 3
5 1374 0.005826831415223406 3
5 1375 0.0058268228798436655 3
5 1376 0.005826831414126716 3
5 1377 0.0058267942549708905 3
5 1378 0.005826822878644711 3
5 1379 0.005826822878644711 3
5 1380 0.005826831415223406 3
5 1381 0.005826822878644711 3
5 1382 0.005826831415223406 3
5 1383 0.005826831415223406 3
5 1384 0.005826831414126716 3
5 1385 0.005826831415223406 3
5 1386 0.005826822878644711 3
5 1387 0.005826794253666055 3
5 1388 0.0058267942549708905 3
5 1389 0.0058268228798436655 3
5 1390 0.0058268228798436655 3
5 1391 0.005826794253666055 3
5 1392 0.05050476082303586 3
5 1393 0.005826831414126716 3
5 1394 0.02129452555021148 3
5 1395 0.005826831414126716 3
5 1396 0.0652545303082407 3
5 1397 0.005826822878644711 3
5 1398 0.005826794253666055 3
5 1399 0.005826822878644711 3
5 1400 0.0058267942549708905 3
5 1401 0.005826822878644711 3
5 1402 0.0058268228798436655 3
5 1403 0.005826831415223406 3
5 1404 0.005826831414126716 3
5 1405 0.005826831415223406 3
5 1406 0.005826794253666055 3
5 1407 0.08079518161895806 3
5 1408 0.0058268228798436655 3
5 1409 0.005826822878644711 3
5 1410 0.005826831415223406 3
5 1411 0.005826822878644711 3
5 1412 0.005826822878644711 3
5 1413 0.005826822878644711 3
5 1414 0.005826794253666055 3
5 1415 0.005826831415223406 3
5 1416 0.1588433177165943 3
5 1417 0.005826822878644711 3
5 1418 0.005826794253666055 3
5 1419 0.0652818429763412 3
5 1420 0.005826794253666055 3
5 1421 0.0058268228798436655 3
5 1422 0.005826831414126716 3
5 1423 0.005826831414126716 3
5 1424 0.0058267942549708905 3
5 1425 0.005826831414126716 3
5 1426 0.005826831414126716 3
5 1427 0.005826831414126716 3
5 1428 0.005826822878644711 3
5 1429 0.005826831414126716 3
5 1430 0.005826822878644711 3
5 1431 0.005826794253666055 3
5 1432 0.005826831415223406 3
5 1433 0.005826831414126716 3
5 1434 0.0058267942549708905 3
5 1435 0.0058267942549708905 3
5 1436 0.0058267942549708905 3
5 1437 0.0058268228798436655 3
5 1438 0.0058268228798436655 3
5 1439 0.08542371805202544 3
5 1440 0.0058268228798436655 3
5 1441 0.005826831414126716 3
5 1442 0.005826831414126716 3
5 1443 0.005826831415223406 3
5 1444 0.005826831414126716 3
5 1445 0.005826794253666055 3
5 1446 0.005826822878644711 3
5 1447 0.0058268228798436655 3
5 1448 0.005826831414126716 3
5 1449 0.03705427523867291 3
5 1450 0.005826794253666055 3
5 1451 0.0058267942549708905 3
5 1452 0.005826794253666055 3
5 1453 0.0058267942549708905 3
5 1454 0.005826822878644711 3
5 1455 0.005826831415223406 3
5 1456 0.005826794253666055 3
5 1457 0.005826794253666055 3
5 1458 0.005826794253666055 3
5 1459 0.06460963574471422 3
5 1460 0.005826822878644711 3
5 1461 0.0058268228798436655 3
5 1462 0.005826794253666055 3
5 1463 0.005826822878644711 3
5 1464 0.005826794253666055 3
5 1465 0.005826822878644711 3
5 1466 0.005826831414126716 3
5 1467 0.005826831414126716 3
5 1468 0.005826831414126716 3
5 1469 0.0058267942549708905 3
5 1470 0.005826831414126716 3
5 1471 0.005826831415223406 3
5 1472 0.0058267942549708905 3
5 1473 0.0058268228798436655 3
5 1474 0.005826794253666055 3
5 1475 0.0058268228798436655 3
5 1476 0.0058268228798436655 3
5 1477 0.005826831414126716 3
5 1478 0.005826794253666055 3
5 1479 0.0058268228798436655 3
5 1480 0.005826831414126716 3
5 1481 0.02147031463961207 3
5 1482 0.005826831414126716 3
5 1483 0.005826831415223406 3
5 1484 0.005826822878644711 3
5 1485 0.005826831414126716 3
5 1486 0.0058268228798436655 3
5 1487 0.005826822878644711 3
5 1488 0.005826794253666055 3
5 1489 0.005826831414126716 3
5 1490 0.0058267942549708905 3
5 1491 0.005826831414126716 3
5 1492 0.005826822878644711 3
5 1493 0.0058268228798436655 3
5 1494 0.005826822878644711 3
5 1495 0.005826831414126716 3
5 1496 0.005826831414126716 3
5 1497 0.02133045527402769 3
5 1498 0.005826794253666055 3
5 1499 0.005826794253666055 3
5 1500 0.005826831414126716 3
5 1501 0.005826831414126716 3
5 1502 0.005826822878644711 3
5 1503 0.005826831414126716 3
5 1504 0.005826794253666055 3
5 1505 0.005826794253666055 3
5 1506 0.005826794253666055 3
5 1507 0.005826831415223406 3
5 1508 0.005826822878644711 3
5 1509 0.005826822878644711 3
5 1510 0.0058267942549708905 3
5 1511 0.0058267942549708905 3
5 1512 0.0058267942549708905 3
5 1513 0.005826822878644711 3
5 1514 0.005826831415223406 3
5 1515 0.0058267942549708905 3
5 1516 666052.3982169701 3
5 1517 0.005826822878644711 3
5 1518 0.005826794253666055 3
5 1519 0.005826831414126716 3
5 1520 0.005826831415223406 3
5 1521 0.0058267942549708905 3
5 1522 0.005826794253666055 3
5 1523 0.0058267942549708905 3
5 1524 0.005826831414126716 3
5 1525 0.005826822878644711 3
5 1526 0.005826831414126716 3
5 1527 0.0058267942549708905 3
5 1528 0.005826794253666055 3
5 1529 0.0058267942549708905 3
5 1530 0.005826831415223406 3
5 1531 0.005826794253666055 3
5 1532 0.005826831415223406 3
5 1533 0.005826831415223406 3
5 1534 0.0058268228798436655 3
5 1535 0.005826794253666055 3
5 1536 0.005826831415223406 3
5 1537 0.0058267942549708905 3
5 1538 0.0058267942549708905 3
5 1539 0.005826831414126716 3
5 1540 0.005826831415223406 3
5 1541 0.005826822878644711 3
5 1542 0.005826831415223406 3
5 1543 0.005826831415223406 3
5 1544 0.005826831414126716 3
5 1545 0.04486413832082305 3
5 1546 0.005826831414126716 3
5 1547 0.005826831414126716 3
5 1548 0.15214107770551513 3
5 1549 0.0058268228798436655 3
5 1550 0.0058268228798436655 3
5 1551 0.005826822878644711 3
5 1552 0.005826794253666055 3
5 1553 0.005826831414126716 3
5 1554 0.0058267942549708905 3
5 1555 0.005826831415223406 3
5 1556 0.005826822878644711 3
5 1557 0.0058267942549708905 3
5 1558 0.0058267942549708905 3
5 1559 0.005826794253666055 3
5 1560 0.005826831415223406 3
5 1561 0.005826794253666055 3
5 1562 0.0058268228798436655 3
5 1563 0.0058267942549708905 3
5 1564 0.005826794253666055 3
5 1565 0.005826831414126716 3
5 1566 0.005826822878644711 3
5 1567 0.005826831414126716 3
5 1568 0.09695111498192925 3
5 1569 0.0058268228798436655 3
5 1570 0.119878062099413 3
5 1571 0.005826822878644711 3
5 1572 0.005826831415223406 3
5 1573 0.0058267942549708905 3
5 1574 0.005826794253666055 3
5 1575 0.0058268228798436655 3
5 1576 0.005826822878644711 3
5 1577 0.0058268228798436655 3
5 1578 0.005826822878644711 3
5 1579 0.019703494433999255 3
5 1580 0.0745504619185458 3
5 1581 0.005826794253666055 3
5 1582 0.005826794253666055 3
5 1583 0.005826822878644711 3
5 1584 0.005826831414126716 3
5 1585 82339.14090403284 3
5 1586 0.005826822878644711 3
5 1587 0.005826794253666055 3
5 1588 0.005826794253666055 3
5 1589 0.0058268228798436655 3
5 1590 0.005826831414126716 3
5 1591 0.07528540353057399 3
5 1592 0.0058268228798436655 3
5 1593 0.005826822878644711 3
5 1594 0.005826822878644711 3
5 1595 0.005826794253666055 3
5 1596 0.005826822878644711 3
5 1597 0.0058268228798436655 3
5 1598 0.005826831414126716 3
5 1599 0.0058268228798436655 3
5 1600 0.0058267942549708905 3
5 1601 0.0058267942549708905 3
5 1602 0.005826794253666055 3
5 1603 0.12105131156311642 3
5 1604 0.005826794253666055 3
5 1605 0.005826831414126716 3
5 1606 0.005826831415223406 3
5 1607 0.0058267942549708905 3
5 1608 0.0058267942549708905 3
5 1609 0.005826794253666055 3
5 1610 0.005826794253666055 3
5 1611 0.005826831414126716 3
5 1612 0.0058268228798436655 3
5 1613 0.005826822878644711 3
5 1614 0.0705996070450794 3
5 1615 0.0058268228798436655 3
5 1616 0.005826831415223406 3
5 1617 0.005826831415223406 3
5 1618 0.0058268228798436655 3
5 1619 0.005826822878644711 3
5 1620 0.0058267942549708905 3
5 1621 0.0058268228798436655 3
5 1622 0.005826794253666055 3
5 1623 0.019714564481367484 3
5 1624 0.005826831414126716 3
5 1625 0.005826794253666055 3
5 1626 0.005826831414126716 3
5 1627 4.3146043543597505 3
5 1628 0.0058267942549708905 3
5 1629 0.0058267942549708905 3
5 1630 0.005826831415223406 3
5 1631 0.005826822878644711 3
5 1632 0.005826831415223406 3
5 1633 0.0058267942549708905 3
5 1634 0.005826794253666055 3
5 1635 0.005826831415223406 3
5 1636 0.005826831414126716 3
5 1637 0.005826831415223406 3
5 1638 0.005826794253666055 3
5 1639 0.005826831415223406 3
5 1640 0.005826831415223406 3
5 1641 0.0058267942549708905 3
5 1642 0.005826822878644711 3
5 1643 0.10245945594487152 3
5 1644 0.005826831415223406 3
5 1645 0.005826822878644711 3
5 1646 0.005826831415223406 3
5 1647 0.005826822878644711 3
5 1648 0.005826831414126716 3
5 1649 0.0058268228798436655 3
5 1650 0.0058267942549708905 3
5 1651 0.018878955565696322 3
5 1652 0.005826831415223406 3
5 1653 0.005826831414126716 3
5 1654 0.005826831414126716 3
5 1655 0.005826822878644711 3
5 1656 0.07499825038763419 3
5 1657 0.005826831415223406 3
5 1658 0.0058267942549708905 3
5 1659 0.005826822878644711 3
5 1660 0.0058267942549708905 3
5 1661 0.005826831414126716 3
5 1662 0.005826794253666055 3
5 1663 0.005826831415223406 3
5 1664 0.0058268228798436655 3
5 1665 0.0058267942549708905 3
5 1666 0.005826831415223406 3
5 1667 0.0058268228798436655 3
5 1668 0.0058268228798436655 3
5 1669 0.0058267942549708905 3
5 1670 0.005826831415223406 3
5 1671 0.005826831415223406 3
5 1672 0.0058267942549708905 3
5 1673 0.005826831414126716 3
5 1674 0.005826831415223406 3
5 1675 0.005826822878644711 3
5 1676 0.0058267942549708905 3
5 1677 0.005826831414126716 3
5 1678 0.0058267942549708905 3
5 1679 0.005826831415223406 3
5 1680 0.005826831414126716 3
5 1681 1327770.4421486766 3
5 1682 0.005826831414126716 3
5 1683 0.005826822878644711 3
5 1684 0.005826831415223406 3
5 1685 0.005826822878644711 3
5 1686 0.005826794253666055 3
5 1687 0.0058268228798436655 3
5 1688 0.005826831414126716 3
5 1689 0.005826794253666055 3
5 1690 0.0058267942549708905 3
5 1691 0.005826794253666055 3
5 1692 0.005826794253666055 3
5 1693 0.0058268228798436655 3
5 1694 0.0058268228798436655 3
5 1695 0.0058268228798436655 3
5 1696 0.005826831415223406 3
5 1697 0.0058268228798436655 3
5 1698 0.005826831414126716 3
5 1699 0.005826831415223406 3
5 1700 0.0058267942549708905 3
5 1701 0.005826822878644711 3
5 1702 0.005826822878644711 3
5 1703 0.0058267942549708905 3
5 1704 0.0058267942549708905 3
5 1705 0.005826831415223406 3
5 1706 0.005826831414126716 3
5 1707 0.005826831414126716 3
5 1708 0.005826794253666055 3
5 1709 0.005826822878644711 3
5 1710 0.005826822878644711 3
5 1711 0.019177281851155432 3
5 1712 0.0058267942549708905 3
5 1713 0.005826822878644711 3
5 1714 0.005826831415223406 3
5 1715 0.005826794253666055 3
5 1716 0.005826822878644711 3
5 1717 0.0058268228798436655 3
5 1718 0.005826831415223406 3
5 1719 0.005826794253666055 3
5 1720 0.005826831415223406 3
5 1721 0.0058268228798436655 3
5 1722 0.0058267942549708905 3
5 1723 0.005826831414126716 3
5 1724 0.17468674683581148 3
5 1725 0.0058267942549708905 3
5 1726 0.0058268228798436655 3
5 1727 0.005826831414126716 3
5 1728 0.0058268228798436655 3
5 1729 0.005826794253666055 3
5 1730 0.0058267942549708905 3
5 1731 0.0058268228798436655 3
5 1732 0.005826831415223406 3
5 1733 0.0058267942549708905 3
5 1734 0.005826822878644711 3
5 1735 0.0058267942549708905 3
5 1736 0.005826831414126716 3
5 1737 0.005826794253666055 3
5 1738 0.005826794253666055 3
5 1739 0.005826794253666055 3
5 1740 0.0058268228798436655 3
5 1741 0.005826831415223406 3
5 1742 0.005826831414126716 3
5 1743 0.0058267942549708905 3
5 1744 0.005826822878644711 3
5 1745 0.0058267942549708905 3
5 1746 0.021330446802299063 3
5 1747 0.0058267942549708905 3
5 1748 0.005826822878644711 3
5 1749 0.005826822878644711 3
5 1750 0.005826831415223406 3
5 1751 0.0058268228798436655 3
5 1752 0.005826831415223406 3
5 1753 0.005826831415223406 3
5 1754 0.1588433177165943 3
5 1755 0.005826794253666055 3
5 1756 0.0058268228798436655 3
5 1757 0.005826831415223406 3
5 1758 0.005826794253666055 3
5 1759 0.005826831414126716 3
5 1760 0.06940817045516039 3
5 1761 0.005826794253666055 3
5 1762 0.02021947151612023 3
5 1763 0.0058268228798436655 3
5 1764 0.27648857063163584 3
5 1765 0.0058268228798436655 3
5 1766 0.0058267942549708905 3
5 1767 0.005826794253666055 3
5 1768 0.005826794253666055 3
5 1769 0.005826822878644711 3
5 1770 0.005826831415223406 3
5 1771 0.0058267942549708905 3
5 1772 0.005826831414126716 3
5 1773 0.005826831415223406 3
5 1774 0.018696256411715014 3
5 1775 0.0058268228798436655 3
5 1776 0.005826831415223406 3
5 1777 0.005826831414126716 3
5 1778 0.005826831415223406 3
5 1779 0.005826831414126716 3
5 1780 0.0058267942549708905 3
5 1781 0.005826794253666055 3
5 1782 0.005826831414126716 3
5 1783 0.019669600618134525 3
5 1784 0.0058267942549708905 3
5 1785 0.005826831415223406 3
5 1786 0.005826822878644711 3
5 1787 0.005826794253666055 3
5 1788 0.005826831414126716 3
5 1789 0.0058267942549708905 3
5 1790 0.0058267942549708905 3
5 1791 0.005826831414126716 3
5 1792 0.005826831414126716 3
5 1793 0.0058268228798436655 3
5 1794 0.005826831414126716 3
5 1795 0.005826831415223406 3
5 1796 0.005826794253666055 3
5 1797 0.005826794253666055 3
5 1798 0.444409813380282 3
5 1799 0.005826822878644711 3
5 1800 0.07372216670302635 3
5 1801 0.1254096324397899 3
5 1802 0.005826822878644711 3
5 1803 0.005826831414126716 3
5 1804 0.005826822878644711 3
5 1805 0.005826794253666055 3
5 1806 0.005826794253666055 3
5 1807 0.005826831414126716 3
5 1808 0.005826822878644711 3
5 1809 0.10245967464804022 3
5 1810 0.10623294053409821 3
5 1811 0.005826831415223406 3
5 1812 0.005826831415223406 3
5 1813 0.11987805955281758 3
5 1814 0.005826831415223406 3
5 1815 0.0058267942549708905 3
5 1816 0.0058268228798436655 3
5 1817 0.0058267942549708905 3
5 1818 0.0058268228798436655 3
5 1819 0.005826831414126716 3
5 1820 0.005826831415223406 3
5 1821 0.005826831415223406 3
5 1822 0.005826822878644711 3
5 1823 0.0058267942549708905 3
5 1824 0.005826831415223406 3
5 1825 0.005826831415223406 3
5 1826 0.005826822878644711 3
5 1827 0.0058268228798436655 3
5 1828 0.005826794253666055 3
5 1829 0.005826822878644711 3
5 1830 0.0058268228798436655 3
5 1831 0.005826831415223406 3
5 1832 0.0058268228798436655 3
5 1833 0.005826822878644711 3
5 1834 0.005826794253666055 3
5 1835 0.005826831415223406 3
5 1836 0.0058267942549708905 3
5 1837 0.005826831414126716 3
5 1838 0.005826831415223406 3
5 1839 0.0058267942549708905 3
5 1840 0.005826822878644711 3
5 1841 0.1746722741548666 3
5 1842 0.0058267942549708905 3
5 1843 0.005826831414126716 3
5 1844 0.005826831414126716 3
5 1845 0.005826831414126716 3
5 1846 0.0058267942549708905 3
5 1847 0.0058268228798436655 3
5 1848 0.005826794253666055 3
5 1849 0.12178818415602868 3
5 1850 0.005826822878644711 3
5 1851 29144370.437737793 3
5 1852 0.005826831414126716 3
5 1853 0.005826831414126716 3
5 1854 0.005826831414126716 3
5 1855 0.005826831414126716 3
5 1856 0.0058268228798436655 3
5 1857 0.005826822878644711 3
5 1858 0.0058267942549708905 3
5 1859 0.005826794253666055 3
5 1860 0.005826831414126716 3
5 1861 0.07717436464366231 3
5 1862 0.005826831415223406 3
5 1863 0.0058267942549708905 3
5 1864 0.0058267942549708905 3
5 1865 0.0058267942549708905 3
5 1866 0.005826831415223406 3
5 1867 0.0058267942549708905 3
5 1868 0.005826831415223406 3
5 1869 0.005826831414126716 3
5 1870 0.0058268228798436655 3
5 1871 0.005826831414126716 3
5 1872 0.0058267942549708905 3
5 1873 0.005826794253666055 3
5 1874 0.005826794253666055 3
5 1875 0.005826794253666055 3
5 1876 0.0058267942549708905 3
5 1877 0.005826831414126716 3
5 1878 0.0448641383167404 3
5 1879 0.005826822878644711 3
5 1880 0.01665225549007431 3
5 1881 0.0058267942549708905 3
5 1882 0.005826822878644711 3
5 1883 0.005826822878644711 3
5 1884 0.0058267942549708905 3
5 1885 0.005826831414126716 3
5 1886 0.0058267942549708905 3
5 1887 0.005826831414126716 3
5 1888 0.005826794253666055 3
5 1889 0.005826831415223406 3
5 1890 0.0058267942549708905 3
5 1891 0.0058268228798436655 3
5 1892 0.005826822878644711 3
5 1893 0.005826831414126716 3
5 1894 0.005826831415223406 3
5 1895 0.005826794253666055 3
5 1896 0.005826822878644711 3
5 1897 0.044417640129312805 3
5 1898 0.005826794253666055 3
5 1899 0.005826831415223406 3
5 1900 0.09796789900569451 3
5 1901 0.0058268228798436655 3
5 1902 0.005826794253666055 3
5 1903 0.0058267942549708905 3
5 1904 0.019634767766179843 3
5 1905 0.040152673011376164 3
5 1906 0.0058267942549708905 3
5 1907 0.0058267942549708905 3
5 1908 0.0058268228798436655 3
5 1909 0.0058268228798436655 3
5 1910 0.005826831414126716 3
5 1911 0.005826831414126716 3
5 1912 0.005826831414126716 3
5 1913 0.037427257138701875 3
5 1914 0.005826822878644711 3
5 1915 0.005826822878644711 3
5 1916 0.005826831415223406 3
5 1917 0.005826831414126716 3
5 1918 0.005826831415223406 3
5 1919 0.005826831415223406 3
5 1920 0.0058268228798436655 3
5 1921 0.016652336445063805 3
5 1922 0.005826794253666055 3
5 1923 0.005826831415223406 3
5 1924 0.005826831414126716 3
5 1925 0.005826831414126716 3
5 1926 0.0733342331790013 3
5 1927 0.005826831414126716 3
5 1928 0.005826831414126716 3
5 1929 0.0058268228798436655 3
5 1930 0.005826794253666055 3
5 1931 0.019508034428338778 3
5 1932 0.0058268228798436655 3
5 1933 0.005826831414126716 3
5 1934 0.005826794253666055 3
5 1935 0.0058267942549708905 3
5 1936 0.0058267942549708905 3
5 1937 0.0058268228798436655 3
5 1938 0.005826831414126716 3
5 1939 0.005826831415223406 3
5 1940 0.0058267942549708905 3
5 1941 0.0058268228798436655 3
5 1942 0.005826822878644711 3
5 1943 0.005826822878644711 3
5 1944 0.0058268228798436655 3
5 1945 0.005826831414126716 3
5 1946 0.005826822878644711 3
5 1947 0.019669600550506598 3
5 1948 0.0058267942549708905 3
5 1949 0.005826794253666055 3
5 1950 0.005826831414126716 3
5 1951 0.005826822878644711 3
5 1952 0.005826831415223406 3
5 1953 0.005826831414126716 3
5 1954 0.005826822878644711 3
5 1955 0.043523932603379285 3
5 1956 0.0058267942549708905 3
5 1957 0.005826794253666055 3
5 1958 0.005826831415223406 3
5 1959 0.005826794253666055 3
5 1960 0.005826822878644711 3
5 1961 0.005826822878644711 3
5 1962 0.005826831414126716 3
5 1963 0.005826831415223406 3
5 1964 0.005826831415223406 3
5 1965 0.0058267942549708905 3
5 1966 0.0058268228798436655 3
5 1967 0.0058267942549708905 3
5 1968 0.005826822878644711 3
5 1969 0.005826794253666055 3
5 1970 0.0058267942549708905 3
5 1971 0.005826831415223406 3
5 1972 0.005826831414126716 3
5 1973 0.0058267942549708905 3
5 1974 67.78362167958022 3
5 1975 0.005826831414126716 3
5 1976 0.01974410496907164 3
5 1977 0.005826831414126716 3
5 1978 0.005826794253666055 3
5 1979 0.005826831415223406 3
5 1980 0.005826794253666055 3
5 1981 0.005826831414126716 3
5 1982 0.005826831415223406 3
5 1983 0.005826831415223406 3
5 1984 0.005826822878644711 3
5 1985 0.005826822878644711 3
5 1986 0.0058268228798436655 3
5 1987 0.008354366522773967 3
5 1988 0.12787523052940714 3
5 1989 0.005826831415223406 3
5 1990 0.005826822878644711 3
5 1991 0.005826831414126716 3
5 1992 0.0058268228798436655 3
5 1993 0.0058267942549708905 3
5 1994 0.0058267942549708905 3
5 1995 0.0058267942549708905 3
5 1996 0.005826831415223406 3
5 1997 0.005826831414126716 3
5 1998 0.005826822878644711 3
5 1999 0.005826822878644711 3
6 0 0.005826794253666055 3
6 1 0.005826794253666055 3
6 2 0.005826794253666055 3
6 3 0.005826794253666055 3
6 4 0.005826794253666055 3
6 5 0.005826794253666055 3
6 6 0.005826794253666055 3
6 7 0.005826794253666055 3
6 8 0.005826794253666055 3
6 9 0.005826794253666055 3
6 10 0.005826794253666055 3
6 11 0.005826794253666055 3
6 12 0.005826794253666055 3
6 13 0.005826794253666055 3
6 14 0.005826794253666055 3
6 15 0.005826794253666055 3
6 16 0.005826794253666055 3
6 17 0.005826794253666055 3
6 18 0.005826794253666055 3
6 19 0.005826794253666055 3
6 20 0.005826794253666055 3
6 21 0.005826794253666055 3
6 22 0.005826794253666055 3
6 23 0.005826794253666055 3
6 24 0.005826794253666055 3
6 25 0.005826794253666055 3
6 26 0.005826794253666055 3
6 27 0.005826794253666055 3
6 28 0.005826794253666055 3
6 29 0.005826794253666055 3
6 30 0.005826794253666055 3
6 31 0.005826794253666055 3
6 32 0.005826794253666055 3
6 33 0.005826794253666055 3
6 34 0.005826794253666055 3
6 35 0.005826794253666055 3
6 36 0.005826794253666055 3
6 37 0.005826794253666055 3
6 38 0.005826794253666055 3
6 39 0.005826794253666055 3
6 40 0.005826794253666055 3
6 41 0.005826794253666055 3
6 42 0.005826794253666055 3
6 43 0.005826794253666055 3
6 44 0.005826794253666055 3
6 45 0.005826794253666055 3
6 46 0.005826794253666055 3
6 47 0.005826794253666055 3
6 48 0.005826794253666055 3
6 49 0.005826794253666055 3
6 50 0.005826794253666055 3
6 51 0.005826794253666055 3
6 52 0.005826794253666055 3
6 53 0.005826794253666055 3
6 54 0.005826794253666055 3
6 55 0.005826794253666055 3
6 56 0.005826794253666055 3
6 57 0.005826794253666055 3
6 58 0.005826794253666055 3
6 59 0.005826794253666055 3
6 60 0.005826794253666055 3
6 61 0.005826794253666055 3
6 62 0.005826794253666055 3
6 63 0.005826794253666055 3
6 64 0.005826794253666055 3
6 65 0.005826794253666055 3
6 66 0.005826794253666055 3
6 67 0.005826794253666055 3
6 68 0.005826794253666055 3
6 69 0.005826794253666055 3
6 70 0.005826794253666055 3
6 71 0.005826794253666055 3
6 72 0.005826794253666055 3
6 73 0.005826794253666055 3
6 74 0.005826794253666055 3
6 75 0.005826794253666055 3
6 76 0.005826794253666055 3
6 77 0.005826794253666055 3
6 78 0.005826794253666055 3
6 79 0.005826794253666055 3
6 80 0.005826794253666055 3
6 81 0.005826794253666055 3
6 82 0.005826794253666055 3
6 83 0.005826794253666055 3
6 84 0.005826794253666055 3
6 85 0.005826794253666055 3
6 86 0.005826794253666055 3
6 87 0.005826794253666055 3
6 88 0.005826794253666055 3
6 89 0.005826794253666055 3
6 90 0.005826794253666055 3
6 91 0.005826794253666055 3
6 92 0.005826794253666055 3
6 93 0.005826794253666055 3
6 94 0.005826794253666055 3
6 95 0.005826794253666055 3
6 96 0.005826794253666055 3
6 97 0.005826794253666055 3
6 98 0.005826794253666055 3
6 99 0.005826794253666055 3
6 100 0.005826794253666055 3
6 101 0.005826794253666055 3
6 102 0.005826794253666055 3
6 103 0.005826794253666055 3
6 104 0.005826794253666055 3
6 105 0.005826794253666055 3
6 106 0.005826794253666055 3
6 107 0.005826794253666055 3
6 108 0.005826794253666055 3
6 109 0.005826794253666055 3
6 110 0.005826794253666055 3
6 111 0.005826794253666055 3
6 112 0.005826794253666055 3
6 113 0.005826794253666055 3
6 114 0.005826794253666055 3
6 115 0.005826794253666055 3
6 116 0.005826794253666055 3
6 117 0.005826794253666055 3
6 118 0.005826794253666055 3
6 119 0.005826794253666055 3
6 120 0.005826794253666055 3
6 121 0.005826794253666055 3
6 122 0.005826794253666055 3
6 123 0.005826794253666055 3
6 124 0.005826794253666055 3
6 125 0.005826794253666055 3
6 126 0.005826794253666055 3
6 127 0.005826794253666055 3
6 128 0.005826794253666055 3
6 129 0.005826794253666055 3
6 130 0.005826794253666055 3
6 131 0.005826794253666055 3
6 132 0.005826794253666055 3
6 133 0.005826794253666055 3
6 134 0.005826794253666055 3
6 135 0.005826794253666055 3
6 136 0.005826794253666055 3
6 137 0.005826794253666055 3
6 138 0.005826794253666055 3
6 139 0.005826794253666055 3
6 140 0.005826794253666055 3
6 141 0.005826794253666055 3
6 142 0.005826794253666055 3
6 143 0.005826794253666055 3
6 144 0.005826794253666055 3
6 145 0.005826794253666055 3
6 146 0.005826794253666055 3
6 147 0.005826794253666055 3
6 148 0.005826794253666055 3
6 149 0.005826794253666055 3
6 150 0.005826794253666055 3
6 151 0.005826794253666055 3
6 152 0.005826794253666055 3
6 153 0.005826794253666055 3
6 154 0.005826794253666055 3
6 155 0.005826794253666055 3
6 156 0.005826794253666055 3
6 157 0.005826794253666055 3
6 158 0.005826794253666055 3
6 159 0.005826794253666055 3
6 160 0.005826794253666055 3
6 161 0.005826794253666055 3
6 162 0.005826794253666055 3
6 163 0.005826794253666055 3
6 164 0.005826794253666055 3
6 165 0.005826794253666055 3
6 166 0.005826794253666055 3
6 167 0.005826794253666055 3
6 168 0.005826794253666055 3
6 169 0.005826794253666055 3
6 170 0.005826794253666055 3
6 171 0.005826794253666055 3
6 172 0.005826794253666055 3
6 173 0.005826794253666055 3
6 174 0.005826794253666055 3
6 175 0.005826794253666055 3
6 176 0.005826794253666055 3
6 177 0.005826794253666055 3
6 178 0.005826794253666055 3
6 179 0.005826794253666055 3
6 180 0.005826794253666055 3
6 181 0.005826794253666055 3
6 182 0.005826794253666055 3
6 183 0.005826794253666055 3
6 184 0.005826794253666055 3
6 185 0.005826794253666055 3
6 186 0.005826794253666055 3
6 187 0.005826794253666055 3
6 188 0.005826794253666055 3
6 189 0.005826794253666055 3
6 190 0.005826794253666055 3
6 191 0.005826794253666055 3
6 192 0.005826794253666055 3
6 193 0.005826794253666055 3
6 194 0.005826794253666055 3
6 195 0.005826794253666055 3
6 196 0.005826794253666055 3
6 197 0.005826794253666055 3
6 198 0.005826794253666055 3
6 199 0.005826794253666055 3
6 200 0.0058268228798436655 3
6 201 0.005826831415223406 3
6 202 0.005826831415223406 3
6 203 0.005826831414126716 3
6 204 0.0058267942549708905 3
6 205 0.0058267942549708905 3
6 206 0.005826822878644711 3
6 207 0.0058267942549708905 3
6 208 0.005826831414126716 3
6 209 0.005826831415223406 3
6 210 0.005826831414126716 3
6 211 0.0058268228798436655 3
6 212 0.005826831414126716 3
6 213 0.005826822878644711 3
6 214 0.0058268228798436655 3
6 215 0.0058267942549708905 3
6 216 0.0058267942549708905 3
6 217 0.005826831414126716 3
6 218 0.005826831414126716 3
6 219 0.0058268228798436655 3
6 220 0.0058268228798436655 3
6 221 0.005826794253666055 3
6 222 0.0058267942549708905 3
6 223 0.005826822878644711 3
6 224 0.005826822878644711 3
6 225 0.0058267942549708905 3
6 226 0.17035181641425487 3
6 227 0.005826831414126716 3
6 228 0.0058268228798436655 3
6 229 0.0058267942549708905 3
6 230 0.005826794253666055 3
6 231 0.15884335392199625 3
6 232 0.005826831414126716 3
6 233 0.0058267942549708905 3
6 234 0.0058267942549708905 3
6 235 0.13374449047319892 3
6 236 0.019721504424842613 3
6 237 0.0058268228798436655 3
6 238 0.005826794253666055 3
6 239 0.005826822878644711 3
6 240 0.005826794253666055 3
6 241 0.005826794253666055 3
6 242 0.0058268228798436655 3
6 243 0.0058268228798436655 3
6 244 0.0058267942549708905 3
6 245 666052.2448885294 3
6 246 0.040775965211103625 3
6 247 0.005826794253666055 3
6 248 0.005826822878644711 3
6 249 0.019721501306797846 3
6 250 0.005826822878644711 3
6 251 0.005826822878644711 3
6 252 0.06528184297634278 3
6 253 0.005826822878644711 3
6 254 0.0058267942549708905 3
6 255 0.005826794253666055 3
6 256 0.0058267942549708905 3
6 257 0.0058268228798436655 3
6 258 0.0058268228798436655 3
6 259 0.005826831415223406 3
6 260 0.005826794253666055 3
6 261 0.005826831415223406 3
6 262 0.005826831414126716 3
6 263 0.005826822878644711 3
6 264 0.0058268228798436655 3
6 265 0.005826831414126716 3
6 266 0.005826831414126716 3
6 267 0.0058268228798436655 3
6 268 0.005826831415223406 3
6 269 0.005826831415223406 3
6 270 0.0481042280706633 3
6 271 0.005826822878644711 3
6 272 0.005826794253666055 3
6 273 0.0058267942549708905 3
6 274 0.005826822878644711 3
6 275 0.0058267942549708905 3
6 276 0.005826831414126716 3
6 277 0.0058267942549708905 3
6 278 0.005826831414126716 3
6 279 0.005826831415223406 3
6 280 0.005826794253666055 3
6 281 0.005826822878644711 3
6 282 0.005826831414126716 3
6 283 0.0058268228798436655 3
6 284 0.0058268228798436655 3
6 285 0.005826831415223406 3
6 286 0.005826794253666055 3
6 287 0.0058267942549708905 3
6 288 0.0058268228798436655 3
6 289 0.07059961294455724 3
6 290 0.005826831415223406 3
6 291 0.005826831414126716 3
6 292 0.0058268228798436655 3
6 293 0.005826822878644711 3
6 294 0.01947159475325639 3
6 295 0.0058268228798436655 3
6 296 0.005826831415223406 3
6 297 0.005826794253666055 3
6 298 0.005826831415223406 3
6 299 0.0058268228798436655 3
6 300 0.005826831414126716 3
6 301 0.005826822878644711 3
6 302 0.005826794253666055 3
6 303 0.005826831415223406 3
6 304 0.005826831414126716 3
6 305 0.0058268228798436655 3
6 306 0.005826831415223406 3
6 307 0.0058267942549708905 3
6 308 0.005826794253666055 3
6 309 0.005826822878644711 3
6 310 0.0058268228798436655 3
6 311 0.0058267942549708905 3
6 312 0.005826831414126716 3
6 313 0.005826794253666055 3
6 314 0.019788496323015537 3
6 315 0.005826822878644711 3
6 316 0.15884336778687205 3
6 317 0.005826794253666055 3
6 318 0.0058268228798436655 3
6 319 0.005826822878644711 3
6 320 0.005826831414126716 3
6 321 0.005826831414126716 3
6 322 0.019803707413882 3
6 323 0.005826831414126716 3
6 324 0.005826794253666055 3
6 325 0.005826831414126716 3
6 326 0.005826822878644711 3
6 327 0.005826822878644711 3
6 328 0.005826794253666055 3
6 329 0.012261078246464482 3
6 330 0.0058267942549708905 3
6 331 0.0058267942549708905 3
6 332 0.0058267942549708905 3
6 333 0.005826794253666055 3
6 334 0.005826822878644711 3
6 335 0.005826794253666055 3
6 336 0.005826831414126716 3
6 337 0.0058267942549708905 3
6 338 0.005826794253666055 3
6 339 0.005826794253666055 3
6 340 0.0058267942549708905 3
6 341 0.0058267942549708905 3
6 342 0.005826831414126716 3
6 343 0.005826822878644711 3
6 344 0.005826831415223406 3
6 345 0.0058267942549708905 3
6 346 0.005826822878644711 3
6 347 0.0058268228798436655 3
6 348 0.005826831415223406 3
6 349 0.005826831414126716 3
6 350 0.0058268228798436655 3
6 351 0.005826831414126716 3
6 352 0.0058268228798436655 3
6 353 0.0058267942549708905 3
6 354 0.01970937383477089 3
6 355 0.0058268228798436655 3
6 356 0.005826822878644711 3
6 357 0.005826822878644711 3
6 358 0.005826794253666055 3
6 359 0.0058267942549708905 3
6 360 0.0058268228798436655 3
6 361 0.005826831415223406 3
6 362 0.005826794253666055 3
6 363 0.03128613096169553 3
6 364 0.0058268228798436655 3
6 365 0.005826794253666055 3
6 366 0.005826794253666055 3
6 367 0.0058268228798436655 3
6 368 0.0058267942549708905 3
6 369 0.005826831414126716 3
6 370 0.005826822878644711 3
6 371 0.005826831415223406 3
6 372 0.005826831415223406 3
6 373 0.0058268228798436655 3
6 374 0.005826794253666055 3
6 375 0.0058267942549708905 3
6 376 0.005826831414126716 3
6 377 0.005826822878644711 3
6 378 0.005826822878644711 3
6 379 0.005826822878644711 3
6 380 0.005826831415223406 3
6 381 0.010656195953155386 3
6 382 0.0058268228798436655 3
6 383 0.005826822878644711 3
6 384 0.005826831414126716 3
6 385 0.005826794253666055 3
6 386 0.0058268228798436655 3
6 387 0.005826831415223406 3
6 388 0.005826822878644711 3
6 389 0.005826831414126716 3
6 390 0.0058268228798436655 3
6 391 0.0058268228798436655 3
6 392 0.005826831414126716 3
6 393 0.005826831414126716 3
6 394 0.0058267942549708905 3
6 395 0.005826831415223406 3
6 396 0.0058267942549708905 3
6 397 0.0058267942549708905 3
6 398 0.005826831414126716 3
6 399 0.005826831414126716 3
6 400 0.005826831415223406 3
6 401 0.0058267942549708905 3
6 402 0.0058267942549708905 3
6 403 0.07717419699237864 3
6 404 0.06460963574471422 3
6 405 0.005826794253666055 3
6 406 0.005826831414126716 3
6 407 0.0058267942549708905 3
6 408 0.005826831414126716 3
6 409 0.0058267942549708905 3
6 410 0.005826794253666055 3
6 411 0.005826794253666055 3
6 412 0.1588433539205937 3
6 413 0.005826831415223406 3
6 414 0.005826831414126716 3
6 415 0.005826794253666055 3
6 416 0.02318935307429842 3
6 417 0.005826831414126716 3
6 418 0.0058267942549708905 3
6 419 0.0058268228798436655 3
6 420 0.0058268228798436655 3
6 421 0.005826822878644711 3
6 422 0.005826794253666055 3
6 423 0.0058267942549708905 3
6 424 0.005826831415223406 3
6 425 0.005826831414126716 3
6 426 0.10245967465299478 3
6 427 0.005826822878644711 3
6 428 0.005826822878644711 3
6 429 0.005826831414126716 3
6 430 0.005826831415223406 3
6 431 0.005826831414126716 3
6 432 0.005826831415223406 3
6 433 0.005826831414126716 3
6 434 0.0058267942549708905 3
6 435 0.0058267942549708905 3
6 436 0.0058268228798436655 3
6 437 0.005826831415223406 3
6 438 0.0058267942549708905 3
6 439 0.005826831414126716 3
6 440 0.019720577825652615 3
6 441 0.019788598388167038 3
6 442 0.04679508918967296 3
6 443 0.005826831414126716 3
6 444 0.0058268228798436655 3
6 445 0.0058268228798436655 3
6 446 0.005826831415223406 3
6 447 0.0058268228798436655 3
6 448 0.0058268228798436655 3
6 449 0.0058267942549708905 3
6 450 0.005826794253666055 3
6 451 0.005826831415223406 3
6 452 0.005826831414126716 3
6 453 0.12787523052929287 3
6 454 0.005826831414126716 3
6 455 0.0058268228798436655 3
6 456 0.005826822878644711 3
6 457 0.0742665509361314 3
6 458 0.0058268228798436655 3
6 459 0.02045998242146648 3
6 460 0.0058267942549708905 3
6 461 0.005826822878644711 3
6 462 0.005826831415223406 3
6 463 0.005826794253666055 3
6 464 0.0058267942549708905 3
6 465 0.0058267942549708905 3
6 466 0.005826831415223406 3
6 467 0.0058268228798436655 3
6 468 0.005826831414126716 3
6 469 0.0058267942549708905 3
6 470 0.005826822878644711 3
6 471 0.005826794253666055 3
6 472 0.019803707430403283 3
6 473 0.005826831414126716 3
6 474 0.005826794253666055 3
6 475 0.005826822878644711 3
6 476 0.005826831414126716 3
6 477 0.0058267942549708905 3
6 478 0.0058267942549708905 3
6 479 0.005826831415223406 3
6 480 0.005826822878644711 3
6 481 0.0058268228798436655 3
6 482 0.005826831415223406 3
6 483 0.005826794253666055 3
6 484 0.0058268228798436655 3
6 485 0.005826822878644711 3
6 486 0.0058267942549708905 3
6 487 0.005826822878644711 3
6 488 0.005826831415223406 3
6 489 0.005826831414126716 3
6 490 0.005826794253666055 3
6 491 0.0058268228798436655 3
6 492 0.005826822878644711 3
6 493 0.005826831414126716 3
6 494 0.005826822878644711 3
6 495 0.0058267942549708905 3
6 496 0.005826831414126716 3
6 497 0.005826794253666055 3
6 498 0.005826822878644711 3
6 499 0.021428967557899407 3
6 500 0.005826831415223406 3
6 501 0.0058268228798436655 3
6 502 0.0058267942549708905 3
6 503 0.035429123988436 3
6 504 0.06929029414457318 3
6 505 0.01970937383477089 3
6 506 0.005826831414126716 3
6 507 0.005826831414126716 3
6 508 0.005826794253666055 3
6 509 0.005826831414126716 3
6 510 0.005826794253666055 3
6 511 0.005826822878644711 3
6 512 0.0058268228798436655 3
6 513 0.005826831414126716 3
6 514 0.0058267942549708905 3
6 515 0.0058267942549708905 3
6 516 0.005826831414126716 3
6 517 0.005826831414126716 3
6 518 0.005826794253666055 3
6 519 0.07455046220339745 3
6 520 0.005826794253666055 3
6 521 0.0058267942549708905 3
6 522 0.005826822878644711 3
6 523 0.005826822878644711 3
6 524 0.005826831415223406 3
6 525 0.0058267942549708905 3
6 526 0.005826831415223406 3
6 527 0.0058268228798436655 3
6 528 0.0058267942549708905 3
6 529 0.005826794253666055 3
6 530 0.005826794253666055 3
6 531 0.0058267942549708905 3
6 532 0.005826794253666055 3
6 533 0.005826794253666055 3
6 534 0.005826831414126716 3
6 535 0.005826794253666055 3
6 536 0.0058268228798436655 3
6 537 0.005826831414126716 3
6 538 0.005826822878644711 3
6 539 0.005826831415223406 3
6 540 0.0058268228798436655 3
6 541 0.019634772951229843 3
6 542 0.0058268228798436655 3
6 543 0.0058267942549708905 3
6 544 0.0058268228798436655 3
6 545 0.005826794253666055 3
6 546 0.07199113412379905 3
6 547 0.005826794253666055 3
6 548 0.005826794253666055 3
6 549 0.005826794253666055 3
6 550 0.027868115845181517 3
6 551 0.0058268228798436655 3
6 552 0.005826822878644711 3
6 553 0.005826831415223406 3
6 554 0.005826822878644711 3
6 555 0.005826831415223406 3
6 556 0.0058268228798436655 3
6 557 0.0058268228798436655 3
6 558 0.005826831415223406 3
6 559 0.005826831414126716 3
6 560 0.0058267942549708905 3
6 561 0.005826794253666055 3
6 562 0.005826831414126716 3
6 563 0.005826831414126716 3
6 564 0.005826794253666055 3
6 565 0.005826794253666055 3
6 566 0.005826822878644711 3
6 567 0.005826822878644711 3
6 568 0.005826831414126716 3
6 569 0.005826831414126716 3
6 570 0.005826822878644711 3
6 571 0.005826822878644711 3
6 572 0.005826822878644711 3
6 573 0.005826822878644711 3
6 574 0.005826831415223406 3
6 575 0.005826794253666055 3
6 576 0.005826831415223406 3
6 577 0.020461418457734304 3
6 578 0.005826794253666055 3
6 579 0.005826794253666055 3
6 580 0.005826794253666055 3
6 581 0.0058267942549708905 3
6 582 0.019177317660997378 3
6 583 0.005826831415223406 3
6 584 0.0058268228798436655 3
6 585 0.005826822878644711 3
6 586 0.005826831414126716 3
6 587 0.0058267942549708905 3
6 588 0.0058268228798436655 3
6 589 0.005826822878644711 3
6 590 0.0058267942549708905 3
6 591 0.005826831414126716 3
6 592 0.0058267942549708905 3
6 593 0.0058267942549708905 3
6 594 0.12540963971112418 3
6 595 0.005826831415223406 3
6 596 5662.126284151379 3
6 597 0.005826822878644711 3
6 598 0.0058268228798436655 3
6 599 0.0058267942549708905 3
6 600 0.0058267942549708905 3
6 601 0.005826831415223406 3
6 602 0.0058267942549708905 3
6 603 0.005826822878644711 3
6 604 0.0058267942549708905 3
6 605 0.00835435232612261 3
6 606 0.0058267942549708905 3
6 607 0.0058267942549708905 3
6 608 0.0058268228798436655 3
6 609 0.005826822878644711 3
6 610 0.005826831415223406 3
6 611 0.005826794253666055 3
6 612 0.005826831415223406 3
6 613 0.005826794253666055 3
6 614 0.005826822878644711 3
6 615 0.0058267942549708905 3
6 616 0.005826794253666055 3
6 617 0.005826831415223406 3
6 618 0.019722798258110356 3
6 619 0.005826822878644711 3
6 620 0.005826831415223406 3
6 621 0.005826831415223406 3
6 622 0.0058267942549708905 3
6 623 0.005826794253666055 3
6 624 0.0058268228798436655 3
6 625 0.005826831414126716 3
6 626 0.005826822878644711 3
6 627 0.005826822878644711 3
6 628 0.0058267942549708905 3
6 629 0.005826831415223406 3
6 630 0.005826831415223406 3
6 631 0.005826831415223406 3
6 632 0.0058268228798436655 3
6 633 0.005826831415223406 3
6 634 0.005826831414126716 3
6 635 0.005826831414126716 3
6 636 0.005826822878644711 3
6 637 0.0058267942549708905 3
6 638 0.0058267942549708905 3
6 639 0.005826831415223406 3
6 640 0.005826794253666055 3
6 641 0.005826831414126716 3
6 642 0.005826822878644711 3
6 643 0.005826794253666055 3
6 644 0.005826794253666055 3
6 645 0.0058267942549708905 3
6 646 0.12787523052929287 3
6 647 0.0058268228798436655 3
6 648 0.005826831415223406 3
6 649 0.0058268228798436655 3
6 650 0.0058268228798436655 3
6 651 0.0058268228798436655 3
6 652 0.005826822878644711 3
6 653 0.0058267942549708905 3
6 654 0.005826822878644711 3
6 655 0.005826831414126716 3
6 656 0.0058267942549708905 3
6 657 0.0058267942549708905 3
6 658 0.005826794253666055 3
6 659 0.005826822878644711 3
6 660 0.005826794253666055 3
6 661 0.019428856664974896 3
6 662 0.005826831415223406 3
6 663 0.005826831415223406 3
6 664 0.0058268228798436655 3
6 665 0.0058267942549708905 3
6 666 0.005826831415223406 3
6 667 0.005826831414126716 3
6 668 0.0058268228798436655 3
6 669 0.005826831414126716 3
6 670 0.005826831415223406 3
6 671 0.005826794253666055 3
6 672 0.005826831414126716 3
6 673 0.0058268228798436655 3
6 674 0.005826831415223406 3
6 675 0.005826831415223406 3
6 676 0.0058268228798436655 3
6 677 0.005826794253666055 3
6 678 0.005826794253666055 3
6 679 0.005826831415223406 3
6 680 0.005826822878644711 3
6 681 0.005826822878644711 3
6 682 0.0058267942549708905 3
6 683 0.005826831415223406 3
6 684 0.005826831414126716 3
6 685 0.4865758894690505 3
6 686 0.0058268228798436655 3
6 687 0.0058267942549708905 3
6 688 0.019666776765338925 3
6 689 0.005826794253666055 3
6 690 0.005826831415223406 3
6 691 0.07013544291984938 3
6 692 0.005826831414126716 3
6 693 0.005826831414126716 3
6 694 0.0058267942549708905 3
6 695 0.005826831414126716 3
6 696 0.005826822878644711 3
6 697 0.005826822878644711 3
6 698 0.0058268228798436655 3
6 699 0.005826831414126716 3
6 700 0.005826794253666055 3
6 701 0.0058267942549708905 3
6 702 0.0058267942549708905 3
6 703 0.0058267942549708905 3
6 704 0.005826794253666055 3
6 705 0.019691316979842294 3
6 706 0.0058267942549708905 3
6 707 0.005826794253666055 3
6 708 0.0058268228798436655 3
6 709 0.005826831415223406 3
6 710 0.019634772951229843 3
6 711 0.06460963574366374 3
6 712 0.0058268228798436655 3
6 713 0.005826822878644711 3
6 714 0.0058268228798436655 3
6 715 0.005826831415223406 3
6 716 0.005826794253666055 3
6 717 0.005826822878644711 3
6 718 0.0058268228798436655 3
6 719 0.005826831414126716 3
6 720 0.005826831414126716 3
6 721 0.05985273135844955 3
6 722 0.0058268228798436655 3
6 723 0.005826794253666055 3
6 724 0.005826831415223406 3
6 725 0.005826831414126716 3
6 726 0.005826822878644711 3
6 727 0.005826831415223406 3
6 728 0.005826831415223406 3
6 729 0.005826831414126716 3
6 730 0.005826831414126716 3
6 731 0.0058267942549708905 3
6 732 0.005826822878644711 3
6 733 0.005826822878644711 3
6 734 0.005826794253666055 3
6 735 0.005826831415223406 3
6 736 0.005826831414126716 3
6 737 0.03741530899392245 3
6 738 0.005826831415223406 3
6 739 0.005826831415223406 3
6 740 0.0058268228798436655 3
6 741 0.005826831415223406 3
6 742 0.0058267942549708905 3
6 743 1.1181489154226263 3
6 744 0.005826831415223406 3
6 745 0.005826822878644711 3
6 746 0.005826794253666055 3
6 747 0.005826831415223406 3
6 748 0.005826831414126716 3
6 749 0.0058267942549708905 3
6 750 0.005826831414126716 3
6 751 0.005826831415223406 3
6 752 0.005826831415223406 3
6 753 0.0058267942549708905 3
6 754 0.005826831414126716 3
6 755 0.005826822878644711 3
6 756 0.005826831415223406 3
6 757 0.005826831415223406 3
6 758 0.005826822878644711 3
6 759 0.010320447340098451 3
6 760 0.005826822878644711 3
6 761 0.005826831414126716 3
6 762 0.0058268228798436655 3
6 763 0.005826831414126716 3
6 764 0.005826794253666055 3
6 765 0.005826794253666055 3
6 766 0.005826831414126716 3
6 767 0.005826822878644711 3
6 768 0.0058267942549708905 3
6 769 0.005826831414126716 3
6 770 0.16463203014722727 3
6 771 0.0058268228798436655 3
6 772 0.0058267942549708905 3
6 773 0.005826822878644711 3
6 774 0.005826831415223406 3
6 775 0.005826831414126716 3
6 776 0.005826822878644711 3
6 777 0.005826822878644711 3
6 778 0.0058267942549708905 3
6 779 0.005826822878644711 3
6 780 0.01973806134552376 3
6 781 0.0058267942549708905 3
6 782 0.005826831414126716 3
6 783 0.005826831414126716 3
6 784 0.0058267942549708905 3
6 785 0.005826831414126716 3
6 786 0.005826831414126716 3
6 787 0.0058268228798436655 3
6 788 0.005826831415223406 3
6 789 0.005826831415223406 3
6 790 0.005826794253666055 3
6 791 0.005826822878644711 3
6 792 0.005826794253666055 3
6 793 0.0058268228798436655 3
6 794 0.005826794253666055 3
6 795 0.005826831414126716 3
6 796 0.0058268228798436655 3
6 797 0.005826831414126716 3
6 798 0.0058267942549708905 3
6 799 0.0058268228798436655 3
6 800 0.005826822878644711 3
6 801 0.0058268228798436655 3
6 802 0.0058268228798436655 3
6 803 0.005826831415223406 3
6 804 0.0058267942549708905 3
6 805 0.005826831414126716 3
6 806 0.005826794253666055 3
6 807 0.0058267942549708905 3
6 808 0.0058268228798436655 3
6 809 0.019570702139815162 3
6 810 0.005826831415223406 3
6 811 0.0058267942549708905 3
6 812 0.0058267942549708905 3
6 813 0.005826822878644711 3
6 814 0.005826831415223406 3
6 815 0.005826831414126716 3
6 816 0.005826794253666055 3
6 817 0.005826831414126716 3
6 818 0.0058268228798436655 3
6 819 0.005826831415223406 3
6 820 0.005826831415223406 3
6 821 0.005826794253666055 3
6 822 0.005826831414126716 3
6 823 0.005826831415223406 3
6 824 0.0058268228798436655 3
6 825 0.0058268228798436655 3
6 826 0.005826822878644711 3
6 827 0.005826831415223406 3
6 828 0.005826831414126716 3
6 829 0.005826831415223406 3
6 830 0.0058267942549708905 3
6 831 0.005826831414126716 3
6 832 0.005826831415223406 3
6 833 0.0058268228798436655 3
6 834 0.0058268228798436655 3
6 835 0.07199113412379905 3
6 836 0.0058267942549708905 3
6 837 0.005826794253666055 3
6 838 0.005826831415223406 3
6 839 0.0058268228798436655 3
6 840 0.0058267942549708905 3
6 841 0.07404657177932251 3
6 842 0.0058267942549708905 3
6 843 0.0058268228798436655 3
6 844 0.005826831414126716 3
6 845 0.005826822878644711 3
6 846 0.0058268228798436655 3
6 847 0.005826822878644711 3
6 848 0.005826822878644711 3
6 849 0.0058267942549708905 3
6 850 0.0058268228798436655 3
6 851 0.005826794253666055 3
6 852 0.0058267942549708905 3
6 853 0.005826794253666055 3
6 854 0.005826831415223406 3
6 855 0.005826831414126716 3
6 856 0.005826831415223406 3
6 857 0.005826831414126716 3
6 858 0.005826831415223406 3
6 859 0.005826831415223406 3
6 860 0.0058268228798436655 3
6 861 0.0058267942549708905 3
6 862 0.0058267942549708905 3
6 863 0.15214107697613036 3
6 864 0.0058267942549708905 3
6 865 0.005826794253666055 3
6 866 0.0058267942549708905 3
6 867 0.005826831415223406 3
6 868 0.005826822878644711 3
6 869 0.005826831414126716 3
6 870 0.005826794253666055 3
6 871 0.0058268228798436655 3
6 872 0.0058268228798436655 3
6 873 0.005826794253666055 3
6 874 0.005826794253666055 3
6 875 0.0058267942549708905 3
6 876 0.0058268228798436655 3
6 877 0.005826831415223406 3
6 878 0.005826822878644711 3
6 879 0.005826822878644711 3
6 880 0.0058267942549708905 3
6 881 0.005826822878644711 3
6 882 0.0058267942549708905 3
6 883 0.0058267942549708905 3
6 884 0.0058267942549708905 3
6 885 0.005826831414126716 3
6 886 0.005826822878644711 3
6 887 0.005826822878644711 3
6 888 0.005826831415223406 3
6 889 0.005826794253666055 3
6 890 0.005826794253666055 3
6 891 0.005826831415223406 3
6 892 0.0058268228798436655 3
6 893 0.005826831414126716 3
6 894 0.005826794253666055 3
6 895 0.03712392281423656 3
6 896 0.0058267942549708905 3
6 897 0.005826822878644711 3
6 898 0.0058267942549708905 3
6 899 0.005826831414126716 3
6 900 0.005826794253666055 3
6 901 0.005826831415223406 3
6 902 0.07059961294455724 3
6 903 666052.4362904486 3
6 904 0.005826822878644711 3
6 905 0.005826822878644711 3
6 906 0.005826822878644711 3
6 907 0.0058267942549708905 3
6 908 0.005826794253666055 3
6 909 0.005826831415223406 3
6 910 0.005826794253666055 3
6 911 0.005826822878644711 3
6 912 0.005826794253666055 3
6 913 0.0058268228798436655 3
6 914 0.0058267942549708905 3
6 915 0.005826831414126716 3
6 916 0.005826822878644711 3
6 917 0.005826794253666055 3
6 918 0.005826822878644711 3
6 919 0.005826831414126716 3
6 920 0.005826794253666055 3
6 921 0.0058268228798436655 3
6 922 0.0058268228798436655 3
6 923 0.005826831414126716 3
6 924 0.14385705863540105 3
6 925 0.005826831415223406 3
6 926 0.005826794253666055 3
6 927 0.10623307121341986 3
6 928 0.0058268228798436655 3
6 929 0.0058268228798436655 3
6 930 0.0058267942549708905 3
6 931 0.0058268228798436655 3
6 932 0.005826831414126716 3
6 933 0.005826831415223406 3
6 934 0.005826794253666055 3
6 935 0.005826794253666055 3
6 936 0.005826831415223406 3
6 937 0.005826831415223406 3
6 938 0.005826831414126716 3
6 939 0.0058268228798436655 3
6 940 0.0058268228798436655 3
6 941 0.005826831414126716 3
6 942 0.019703495225887217 3
6 943 0.0058268228798436655 3
6 944 0.0058268228798436655 3
6 945 0.005826831415223406 3
6 946 0.005826794253666055 3
6 947 0.0058268228798436655 3
6 948 0.005826831415223406 3
6 949 0.005826831415223406 3
6 950 0.005826794253666055 3
6 951 0.005826822878644711 3
6 952 0.005826831414126716 3
6 953 0.005826822878644711 3
6 954 0.005826831414126716 3
6 955 0.0058267942549708905 3
6 956 0.005826831415223406 3
6 957 0.005826822878644711 3
6 958 0.01905265813846875 3
6 959 0.005826831415223406 3
6 960 0.005826831415223406 3
6 961 0.0058268228798436655 3
6 962 0.0058267942549708905 3
6 963 0.0058268228798436655 3
6 964 0.0058268228798436655 3
6 965 0.005826831415223406 3
6 966 0.005826831414126716 3
6 967 0.005826794253666055 3
6 968 0.005826831415223406 3
6 969 0.005826822878644711 3
6 970 0.005826831414126716 3
6 971 0.06622215984274153 3
6 972 0.005826822878644711 3
6 973 0.005826794253666055 3
6 974 0.0058267942549708905 3
6 975 0.005826831415223406 3
6 976 0.005826831414126716 3
6 977 0.0058267942549708905 3
6 978 0.0058268228798436655 3
6 979 0.005826831415223406 3
6 980 0.0058267942549708905 3
6 981 0.0058267942549708905 3
6 982 0.005826831415223406 3
6 983 0.005826794253666055 3
6 984 0.005826794253666055 3
6 985 0.0058268228798436655 3
6 986 0.005826794253666055 3
6 987 0.0058268228798436655 3
6 988 0.0058268228798436655 3
6 989 0.0058267942549708905 3
6 990 0.005826794253666055 3
6 991 0.005826831415223406 3
6 992 0.0058267942549708905 3
6 993 0.005826822878644711 3
6 994 0.005826822878644711 3
6 995 0.0058267942549708905 3
6 996 0.005826822878644711 3
6 997 0.0058267942549708905 3
6 998 0.0058267942549708905 3
6 999 0.005826794253666055 3
6 1000 0.005826831414126716 3
6 1001 0.005826831415223406 3
6 1002 0.005826831414126716 3
6 1003 0.0058267942549708905 3
6 1004 0.0058268228798436655 3
6 1005 0.005826822878644711 3
6 1006 0.005826831415223406 3
6 1007 0.0058268228798436655 3
6 1008 0.005826831414126716 3
6 1009 0.005826831415223406 3
6 1010 0.005826831415223406 3
6 1011 0.005826822878644711 3
6 1012 0.005826794253666055 3
6 1013 0.0058267942549708905 3
6 1014 0.0058268228798436655 3
6 1015 0.005826831415223406 3
6 1016 0.0058267942549708905 3
6 1017 0.0058268228798436655 3
6 1018 0.005826831414126716 3
6 1019 0.005826831414126716 3
6 1020 0.005826794253666055 3
6 1021 0.005826831414126716 3
6 1022 0.0058267942549708905 3
6 1023 0.005826822878644711 3
6 1024 0.005826794253666055 3
6 1025 0.005826822878644711 3
6 1026 0.005826794253666055 3
6 1027 0.0058267942549708905 3
6 1028 0.005826831414126716 3
6 1029 0.0058267942549708905 3
6 1030 0.005826831415223406 3
6 1031 0.005826822878644711 3
6 1032 0.0058267942549708905 3
6 1033 0.0058267942549708905 3
6 1034 0.0058267942549708905 3
6 1035 0.005826822878644711 3
6 1036 0.0058268228798436655 3
6 1037 0.0058268228798436655 3
6 1038 0.005826831414126716 3
6 1039 0.0058267942549708905 3
6 1040 0.0058267942549708905 3
6 1041 0.005826831415223406 3
6 1042 0.005826822878644711 3
6 1043 0.005826831415223406 3
6 1044 0.005826794253666055 3
6 1045 0.005826831414126716 3
6 1046 0.0058268228798436655 3
6 1047 0.12178817956859893 3
6 1048 0.018878956358880136 3
6 1049 0.005826831414126716 3
6 1050 0.0058267942549708905 3
6 1051 0.0058268228798436655 3
6 1052 0.005826831414126716 3
6 1053 0.005826794253666055 3
6 1054 0.03250508312162019 3
6 1055 0.005826831415223406 3
6 1056 0.005826794253666055 3
6 1057 0.005826831414126716 3
6 1058 0.0058268228798436655 3
6 1059 0.005826831414126716 3
6 1060 0.1372395932683445 3
6 1061 0.005826794253666055 3
6 1062 0.0058267942549708905 3
6 1063 0.005826831415223406 3
6 1064 0.005826794253666055 3
6 1065 1.108661341527948 3
6 1066 0.005826831415223406 3
6 1067 0.005826831414126716 3
6 1068 0.0058267942549708905 3
6 1069 0.0058268228798436655 3
6 1070 0.005826831415223406 3
6 1071 0.005826831414126716 3
6 1072 0.0058267942549708905 3
6 1073 0.005826822878644711 3
6 1074 0.005826831415223406 3
6 1075 0.005826831415223406 3
6 1076 0.0058268228798436655 3
6 1077 0.0058267942549708905 3
6 1078 0.0058267942549708905 3
6 1079 0.05744398914261896 3
6 1080 0.01957070213979597 3
6 1081 0.0058267942549708905 3
6 1082 0.0058268228798436655 3
6 1083 0.005826794253666055 3
6 1084 0.0058268228798436655 3
6 1085 0.0058267942549708905 3
6 1086 0.005826794253666055 3
6 1087 0.005826794253666055 3
6 1088 0.005826794253666055 3
6 1089 0.005826831414126716 3
6 1090 0.005826831414126716 3
6 1091 0.005826831415223406 3
6 1092 0.0058267942549708905 3
6 1093 0.005826794253666055 3
6 1094 0.0058267942549708905 3
6 1095 0.0058268228798436655 3
6 1096 0.005826831414126716 3
6 1097 0.005826794253666055 3
6 1098 0.005826831415223406 3
6 1099 0.0058267942549708905 3
6 1100 0.0058268228798436655 3
6 1101 0.019722781398261027 3
6 1102 0.018976604981479742 3
6 1103 0.005826794253666055 3
6 1104 0.0718348260073746 3
6 1105 0.005826831415223406 3
6 1106 0.005826794253666055 3
6 1107 0.005826831414126716 3
6 1108 0.005826831414126716 3
6 1109 0.005826831415223406 3
6 1110 0.0058268228798436655 3
6 1111 0.0058267942549708905 3
6 1112 0.0058268228798436655 3
6 1113 0.005826794253666055 3
6 1114 0.0058267942549708905 3
6 1115 0.005826831415223406 3
6 1116 0.01968590052394059 3
6 1117 0.005826822878644711 3
6 1118 0.0058268228798436655 3
6 1119 0.005826831415223406 3
6 1120 0.0058268228798436655 3
6 1121 0.005826831414126716 3
6 1122 0.005826794253666055 3
6 1123 0.005826794253666055 3
6 1124 0.005826831414126716 3
6 1125 0.0058267942549708905 3
6 1126 0.005826831414126716 3
6 1127 0.0058267942549708905 3
6 1128 0.0058268228798436655 3
6 1129 0.005826831414126716 3
6 1130 0.0058267942549708905 3
6 1131 0.005826822878644711 3
6 1132 0.0058267942549708905 3
6 1133 0.005826794253666055 3
6 1134 0.0058268228798436655 3
6 1135 0.0058267942549708905 3
6 1136 0.005826831415223406 3
6 1137 0.005826831415223406 3
6 1138 0.005826831414126716 3
6 1139 0.005826831415223406 3
6 1140 0.005826831414126716 3
6 1141 0.005826831415223406 3
6 1142 0.0058268228798436655 3
6 1143 0.0058267942549708905 3
6 1144 0.0058267942549708905 3
6 1145 0.027868115845182142 3
6 1146 0.005826822878644711 3
6 1147 0.005826831414126716 3
6 1148 0.07059961294455724 3
6 1149 0.0058268228798436655 3
6 1150 0.005826794253666055 3
6 1151 0.005826822878644711 3
6 1152 0.005826831414126716 3
6 1153 0.0058267942549708905 3
6 1154 0.005826831415223406 3
6 1155 0.005826831414126716 3
6 1156 0.11987805955327231 3
6 1157 0.005826831414126716 3
6 1158 0.0058268228798436655 3
6 1159 0.07717436458636451 3
6 1160 2799.670640366489 3
6 1161 0.005826831414126716 3
6 1162 0.005826794253666055 3
6 1163 0.005826831415223406 3
6 1164 0.0058267942549708905 3
6 1165 0.005826822878644711 3
6 1166 0.005826822878644711 3
6 1167 0.005826794253666055 3
6 1168 0.02318935307301938 3
6 1169 0.005826794253666055 3
6 1170 0.005826822878644711 3
6 1171 0.005826831414126716 3
6 1172 0.005826831414126716 3
6 1173 0.005826831414126716 3
6 1174 0.0058267942549708905 3
6 1175 0.005826794253666055 3
6 1176 0.005826831415223406 3
6 1177 0.0058267942549708905 3
6 1178 0.005826831415223406 3
6 1179 0.005826794253666055 3
6 1180 0.005826831414126716 3
6 1181 0.005826822878644711 3
6 1182 0.005826831414126716 3
6 1183 0.005826794253666055 3
6 1184 0.005826794253666055 3
6 1185 0.005826822878644711 3
6 1186 0.005826831415223406 3
6 1187 0.005826794253666055 3
6 1188 0.0058267942549708905 3
6 1189 0.005826822878644711 3
6 1190 0.0058268228798436655 3
6 1191 0.005826831414126716 3
6 1192 0.0058268228798436655 3
6 1193 0.0058267942549708905 3
6 1194 0.0058267942549708905 3
6 1195 0.0058268228798436655 3
6 1196 0.005826831415223406 3
6 1197 0.005826822878644711 3
6 1198 0.0058268228798436655 3
6 1199 0.0058268228798436655 3
6 1200 0.005826822878644711 3
6 1201 0.0058267942549708905 3
6 1202 0.005826822878644711 3
6 1203 0.005826794253666055 3
6 1204 0.0058268228798436655 3
6 1205 0.005826831414126716 3
6 1206 0.005826831415223406 3
6 1207 0.005826831415223406 3
6 1208 0.0058268228798436655 3
6 1209 0.005826831415223406 3
6 1210 0.005826831415223406 3
6 1211 0.0058268228798436655 3
6 1212 0.0058268228798436655 3
6 1213 0.005826794253666055 3
6 1214 0.005826794253666055 3
6 1215 0.0058267942549708905 3
6 1216 0.005826822878644711 3
6 1217 0.0058267942549708905 3
6 1218 0.005826831415223406 3
6 1219 0.005826831415223406 3
6 1220 0.0058267942549708905 3
6 1221 0.005826831415223406 3
6 1222 0.005826822878644711 3
6 1223 0.005826822878644711 3
6 1224 0.005826831414126716 3
6 1225 0.005826831415223406 3
6 1226 0.005826822878644711 3
6 1227 0.005826831414126716 3
6 1228 0.005826831414126716 3
6 1229 0.06528184297634274 3
6 1230 0.005826794253666055 3
6 1231 0.005826794253666055 3
6 1232 0.005826831414126716 3
6 1233 0.005826831415223406 3
6 1234 0.0058267942549708905 3
6 1235 0.005826822878644711 3
6 1236 0.0058268228798436655 3
6 1237 0.0058267942549708905 3
6 1238 0.0058268228798436655 3
6 1239 0.005826831414126716 3
6 1240 0.005826831414126716 3
6 1241 0.005826831414126716 3
6 1242 0.0058268228798436655 3
6 1243 0.005826831414126716 3
6 1244 0.005826822878644711 3
6 1245 195244317.69336984 3
6 1246 0.005826831415223406 3
6 1247 0.005826822878644711 3
6 1248 0.005826822878644711 3
6 1249 0.0058267942549708905 3
6 1250 0.005826831414126716 3
6 1251 0.005826794253666055 3
6 1252 0.005826831414126716 3
6 1253 0.005826831415223406 3
6 1254 0.0058267942549708905 3
6 1255 0.0058267942549708905 3
6 1256 0.0058267942549708905 3
6 1257 0.005826822878644711 3
6 1258 0.005826831415223406 3
6 1259 0.005826822878644711 3
6 1260 0.005826831414126716 3
6 1261 0.01974513349711476 3
6 1262 0.005826831414126716 3
6 1263 0.005826831415223406 3
6 1264 0.005826794253666055 3
6 1265 0.005826822878644711 3
6 1266 0.0058268228798436655 3
6 1267 0.016652336457389463 3
6 1268 0.005826794253666055 3
6 1269 0.005826822878644711 3
6 1270 0.0058268228798436655 3
6 1271 0.005826794253666055 3
6 1272 0.005826831414126716 3
6 1273 0.005826822878644711 3
6 1274 0.0058267942549708905 3
6 1275 0.0058268228798436655 3
6 1276 0.005826831415223406 3
6 1277 0.0058267942549708905 3
6 1278 0.0744709341249279 3
6 1279 0.005826831414126716 3
6 1280 0.005826822878644711 3
6 1281 0.005826794253666055 3
6 1282 0.0058267942549708905 3
6 1283 0.0058268228798436655 3
6 1284 0.005826831414126716 3
6 1285 0.005826831415223406 3
6 1286 0.0058268228798436655 3
6 1287 0.0058267942549708905 3
6 1288 0.0058267942549708905 3
6 1289 0.005826822878644711 3
6 1290 0.005826794253666055 3
6 1291 0.005826831414126716 3
6 1292 0.0058268228798436655 3
6 1293 0.005826822878644711 3
6 1294 0.005826831414126716 3
6 1295 0.005826831415223406 3
6 1296 0.005826822878644711 3
6 1297 0.005826831414126716 3
6 1298 0.005826831414126716 3
6 1299 0.0058267942549708905 3
6 1300 0.005826822878644711 3
6 1301 0.005826794253666055 3
6 1302 0.005826831415223406 3
6 1303 0.005826831414126716 3
6 1304 0.005826794253666055 3
6 1305 0.0058267942549708905 3
6 1306 0.0058267942549708905 3
6 1307 0.005826831414126716 3
6 1308 0.005826831415223406 3
6 1309 0.0058267942549708905 3
6 1310 0.005826822878644711 3
6 1311 0.0058268228798436655 3
6 1312 0.005826831414126716 3
6 1313 0.005826831415223406 3
6 1314 0.0058267942549708905 3
6 1315 0.005826794253666055 3
6 1316 0.005826794253666055 3
6 1317 0.005826831414126716 3
6 1318 0.005826822878644711 3
6 1319 0.005826831415223406 3
6 1320 0.005826831414126716 3
6 1321 0.0058268228798436655 3
6 1322 0.005826831415223406 3
6 1323 0.005826831415223406 3
6 1324 0.0058268228798436655 3
6 1325 0.005826831415223406 3
6 1326 0.005826794253666055 3
6 1327 0.005826794253666055 3
6 1328 0.005826831414126716 3
6 1329 0.005826794253666055 3
6 1330 0.005826794253666055 3
6 1331 0.005826822878644711 3
6 1332 0.005826794253666055 3
6 1333 0.005826831414126716 3
6 1334 0.0058267942549708905 3
6 1335 0.005826822878644711 3
6 1336 0.005826831415223406 3
6 1337 0.005826831415223406 3
6 1338 0.005826831414126716 3
6 1339 0.01974540554552902 3
6 1340 0.005826831415223406 3
6 1341 0.005826794253666055 3
6 1342 0.005826831414126716 3
6 1343 0.06460963574425674 3
6 1344 0.005826822878644711 3
6 1345 0.005826831415223406 3
6 1346 0.005826831415223406 3
6 1347 0.005826831414126716 3
6 1348 0.07183482599763633 3
6 1349 0.07027285930966454 3
6 1350 0.0058267942549708905 3
6 1351 0.019177281851760188 3
6 1352 0.0058268228798436655 3
6 1353 0.005826831415223406 3
6 1354 0.005826794253666055 3
6 1355 0.0058267942549708905 3
6 1356 0.0058268228798436655 3
6 1357 0.005826794253666055 3
6 1358 0.010320453866858913 3
6 1359 0.005826831415223406 3
6 1360 0.0058267942549708905 3
6 1361 0.07499824880017245 3
6 1362 0.0058268228798436655 3
6 1363 0.005826794253666055 3
6 1364 0.005826822878644711 3
6 1365 0.0058267942549708905 3
6 1366 0.005826831414126716 3
6 1367 0.0058267942549708905 3
6 1368 0.0058267942549708905 3
6 1369 0.005826831414126716 3
6 1370 0.005826831414126716 3
6 1371 0.1760171765904025 3
6 1372 0.005826822878644711 3
6 1373 0.0058268228798436655 3
6 1374 0.005826831414126716 3
6 1375 0.005826822878644711 3
6 1376 448579.233209203 3
6 1377 0.0058267942549708905 3
6 1378 0.005826831415223406 3
6 1379 0.005826794253666055 3
6 1380 0.005826831414126716 3
6 1381 0.005826794253666055 3
6 1382 0.005826822878644711 3
6 1383 0.0058267942549708905 3
6 1384 0.005826822878644711 3
6 1385 0.005826831415223406 3
6 1386 0.0058268228798436655 3
6 1387 0.0058267942549708905 3
6 1388 0.0058268228798436655 3
6 1389 0.005826831414126716 3
6 1390 0.0058268228798436655 3
6 1391 0.01665225549007431 3
6 1392 0.005826831415223406 3
6 1393 0.005826831415223406 3
6 1394 0.0058268228798436655 3
6 1395 0.01671503206572714 3
6 1396 0.019729219724136323 3
6 1397 0.0058268228798436655 3
6 1398 0.0058268228798436655 3
6 1399 0.005826831414126716 3
6 1400 0.005826794253666055 3
6 1401 0.0058268228798436655 3
6 1402 0.005826794253666055 3
6 1403 0.005826831414126716 3
6 1404 0.0058268228798436655 3
6 1405 0.005826831414126716 3
6 1406 0.005826822878644711 3
6 1407 0.0058267942549708905 3
6 1408 0.0058267942549708905 3
6 1409 0.07455044956915238 3
6 1410 0.0058268228798436655 3
6 1411 0.005826831414126716 3
6 1412 0.005826831415223406 3
6 1413 0.0058267942549708905 3
6 1414 0.0058267942549708905 3
6 1415 0.005826831415223406 3
6 1416 0.005826831414126716 3
6 1417 0.005826831415223406 3
6 1418 0.0058267942549708905 3
6 1419 0.0058267942549708905 3
6 1420 0.005826831415223406 3
6 1421 0.0058267942549708905 3
6 1422 0.0058267942549708905 3
6 1423 0.05987204776012619 3
6 1424 0.005826831415223406 3
6 1425 0.0058267942549708905 3
6 1426 0.0058267942549708905 3
6 1427 0.005826794253666055 3
6 1428 67.7836217214577 3
6 1429 0.005826831415223406 3
6 1430 0.005826831415223406 3
6 1431 0.005826831414126716 3
6 1432 0.005826831414126716 3
6 1433 0.005826794253666055 3
6 1434 0.005826794253666055 3
6 1435 0.0058268228798436655 3
6 1436 0.0058268228798436655 3
6 1437 0.005826831415223406 3
6 1438 0.005826822878644711 3
6 1439 0.005826831414126716 3
6 1440 0.005826794253666055 3
6 1441 0.005826822878644711 3
6 1442 0.005826831415223406 3
6 1443 0.0058267942549708905 3
6 1444 0.005826831414126716 3
6 1445 0.005826831415223406 3
6 1446 0.005826831414126716 3
6 1447 0.005826831414126716 3
6 1448 0.005826822878644711 3
6 1449 0.005826831415223406 3
6 1450 0.005826822878644711 3
6 1451 0.005826831415223406 3
6 1452 0.005826794253666055 3
6 1453 0.005826831414126716 3
6 1454 0.005826822878644711 3
6 1455 0.0058268228798436655 3
6 1456 0.0058268228798436655 3
6 1457 0.019729219724136323 3
6 1458 0.005826822878644711 3
6 1459 0.0058267942549708905 3
6 1460 0.07426655080553492 3
6 1461 0.005826794253666055 3
6 1462 0.10245967464804022 3
6 1463 0.005826831415223406 3
6 1464 0.0733342331790013 3
6 1465 0.005826822878644711 3
6 1466 0.12941807973161204 3
6 1467 0.005826822878644711 3
6 1468 0.005826831415223406 3
6 1469 0.0058268228798436655 3
6 1470 0.005826822878644711 3
6 1471 0.005826794253666055 3
6 1472 0.0058267942549708905 3
6 1473 0.005826822878644711 3
6 1474 0.0058268228798436655 3
6 1475 0.0058267942549708905 3
6 1476 0.005826794253666055 3
6 1477 0.01665225549007431 3
6 1478 0.005826794253666055 3
6 1479 0.005826831415223406 3
6 1480 0.005826822878644711 3
6 1481 0.005826831415223406 3
6 1482 0.005826831414126716 3
6 1483 0.005826831414126716 3
6 1484 0.0058267942549708905 3
6 1485 0.005826822878644711 3
6 1486 0.0058268228798436655 3
6 1487 0.005826831414126716 3
6 1488 0.0058268228798436655 3
6 1489 0.005826831414126716 3
6 1490 0.005826831414126716 3
6 1491 0.005826831414126716 3
6 1492 0.0058267942549708905 3
6 1493 0.005826831415223406 3
6 1494 0.005826794253666055 3
6 1495 0.0058268228798436655 3
6 1496 0.005826822878644711 3
6 1497 0.0058268228798436655 3
6 1498 0.005826822878644711 3
6 1499 0.005826831415223406 3
6 1500 0.005826794253666055 3
6 1501 0.0058267942549708905 3
6 1502 0.005826794253666055 3
6 1503 0.0058267942549708905 3
6 1504 0.005826822878644711 3
6 1505 0.005826831415223406 3
6 1506 0.0058268228798436655 3
6 1507 0.0058268228798436655 3
6 1508 0.005826831415223406 3
6 1509 0.005826831414126716 3
6 1510 0.005826831415223406 3
6 1511 0.176017176590409 3
6 1512 0.005826831415223406 3
6 1513 0.0058268228798436655 3
6 1514 0.0058267942549708905 3
6 1515 0.0058268228798436655 3
6 1516 0.0058267942549708905 3
6 1517 56560.31978637021 3
6 1518 0.005826822878644711 3
6 1519 0.0058268228798436655 3
6 1520 0.0058268228798436655 3
6 1521 0.0058268228798436655 3
6 1522 0.0058268228798436655 3
6 1523 0.0058267942549708905 3
6 1524 0.005826831414126716 3
6 1525 0.005826822878644711 3
6 1526 0.0058267942549708905 3
6 1527 0.0058267942549708905 3
6 1528 0.005826831415223406 3
6 1529 0.0058268228798436655 3
6 1530 0.005826831414126716 3
6 1531 0.0058267942549708905 3
6 1532 0.005826794253666055 3
6 1533 0.005826794253666055 3
6 1534 0.005826822878644711 3
6 1535 0.005826794253666055 3
6 1536 0.005826794253666055 3
6 1537 0.005826794253666055 3
6 1538 0.0058267942549708905 3
6 1539 0.005826831415223406 3
6 1540 0.005826822878644711 3
6 1541 0.0058268228798436655 3
6 1542 0.0058267942549708905 3
6 1543 0.005826831415223406 3
6 1544 0.0058268228798436655 3
6 1545 0.005826831415223406 3
6 1546 0.005826831415223406 3
6 1547 0.01970131835977658 3
6 1548 0.005826831414126716 3
6 1549 0.07231993113849351 3
6 1550 0.005826831414126716 3
6 1551 0.005826831415223406 3
6 1552 0.06528184297634139 3
6 1553 0.005826794253666055 3
6 1554 0.0058267942549708905 3
6 1555 0.0058267942549708905 3
6 1556 0.005826794253666055 3
6 1557 0.01970937383477089 3
6 1558 0.0058267942549708905 3
6 1559 0.005826831415223406 3
6 1560 0.005826794253666055 3
6 1561 0.0058267942549708905 3
6 1562 0.0058267942549708905 3
6 1563 0.0058268228798436655 3
6 1564 0.06024793194720623 3
6 1565 0.005826794253666055 3
6 1566 0.0058267942549708905 3
6 1567 0.005826831414126716 3
6 1568 0.005826794253666055 3
6 1569 0.005826822878644711 3
6 1570 0.0058268228798436655 3
6 1571 0.005826831415223406 3
6 1572 0.0058268228798436655 3
6 1573 0.0058268228798436655 3
6 1574 0.0058268228798436655 3
6 1575 0.11846696564407276 3
6 1576 0.005826831415223406 3
6 1577 0.0058267942549708905 3
6 1578 0.019788598388167038 3
6 1579 0.0058268228798436655 3
6 1580 0.0058267942549708905 3
6 1581 0.005826822878644711 3
6 1582 0.005826822878644711 3
6 1583 0.005826831415223406 3
6 1584 0.005826831414126716 3
6 1585 0.005826831415223406 3
6 1586 0.04810422806146849 3
6 1587 0.0058268228798436655 3
6 1588 0.0058268228798436655 3
6 1589 0.005826794253666055 3
6 1590 0.0058268228798436655 3
6 1591 0.005826794253666055 3
6 1592 0.005826794253666055 3
6 1593 0.0058267942549708905 3
6 1594 0.005826831415223406 3
6 1595 0.005826831415223406 3
6 1596 0.0058267942549708905 3
6 1597 0.0058268228798436655 3
6 1598 0.0058268228798436655 3
6 1599 0.005826831415223406 3
6 1600 0.005826822878644711 3
6 1601 0.0058268228798436655 3
6 1602 0.0058268228798436655 3
6 1603 0.005826831415223406 3
6 1604 0.0058267942549708905 3
6 1605 0.005826831414126716 3
6 1606 0.005826794253666055 3
6 1607 0.005826831415223406 3
6 1608 0.005826822878644711 3
6 1609 0.01971456448135639 3
6 1610 0.005826794253666055 3
6 1611 0.11987805955327231 3
6 1612 0.005826794253666055 3
6 1613 0.0058268228798436655 3
6 1614 0.0058267942549708905 3
6 1615 0.0058268228798436655 3
6 1616 0.005826831415223406 3
6 1617 0.005826822878644711 3
6 1618 0.005826831415223406 3
6 1619 0.005826831415223406 3
6 1620 0.005826822878644711 3
6 1621 0.0058267942549708905 3
6 1622 0.005826822878644711 3
6 1623 0.005826794253666055 3
6 1624 0.02129453217020349 3
6 1625 0.005826831415223406 3
6 1626 0.005826822878644711 3
6 1627 0.005826822878644711 3
6 1628 0.005826794253666055 3
6 1629 0.005826794253666055 3
6 1630 0.005826831414126716 3
6 1631 0.0058267942549708905 3
6 1632 0.0058267942549708905 3
6 1633 0.005826831414126716 3
6 1634 0.0058268228798436655 3
6 1635 0.0058267942549708905 3
6 1636 0.0058267942549708905 3
6 1637 0.005826831414126716 3
6 1638 0.0058268228798436655 3
6 1639 0.005826794253666055 3
6 1640 0.005826822878644711 3
6 1641 0.005826794253666055 3
6 1642 0.005826831414126716 3
6 1643 0.0058267942549708905 3
6 1644 0.005826794253666055 3
6 1645 0.005826831414126716 3
6 1646 0.005826794253666055 3
6 1647 0.0058267942549708905 3
6 1648 0.0058268228798436655 3
6 1649 0.005826822878644711 3
6 1650 0.005826822878644711 3
6 1651 0.0058267942549708905 3
6 1652 0.005826822878644711 3
6 1653 0.005826831415223406 3
6 1654 0.005826822878644711 3
6 1655 0.0058267942549708905 3
6 1656 0.0058268228798436655 3
6 1657 0.005826831415223406 3
6 1658 0.005826822878644711 3
6 1659 0.005826831415223406 3
6 1660 0.0058267942549708905 3
6 1661 0.005826831414126716 3
6 1662 0.005826831415223406 3
6 1663 0.0058267942549708905 3
6 1664 0.005826794253666055 3
6 1665 0.03705427523894502 3
6 1666 0.005826794253666055 3
6 1667 0.0058267942549708905 3
6 1668 0.005826831415223406 3
6 1669 0.005826822878644711 3
6 1670 0.0058267942549708905 3
6 1671 0.005826831415223406 3
6 1672 0.005826822878644711 3
6 1673 0.10208953923980735 3
6 1674 0.01905265813846875 3
6 1675 0.0058268228798436655 3
6 1676 0.005826831415223406 3
6 1677 0.03809910928027796 3
6 1678 0.0058267942549708905 3
6 1679 0.0058267942549708905 3
6 1680 0.005826831415223406 3
6 1681 0.0058268228798436655 3
6 1682 0.0058267942549708905 3
6 1683 0.0058267942549708905 3
6 1684 0.005826822878644711 3
6 1685 0.0058267942549708905 3
6 1686 0.005826822878644711 3
6 1687 0.005826794253666055 3
6 1688 0.0058268228798436655 3
6 1689 0.005826822878644711 3
6 1690 0.005826794253666055 3
6 1691 0.04066728828915351 3
6 1692 0.005826822878644711 3
6 1693 0.005826831415223406 3
6 1694 0.0058267942549708905 3
6 1695 0.005826831414126716 3
6 1696 0.005826831414126716 3
6 1697 0.005826822878644711 3
6 1698 0.0058267942549708905 3
6 1699 0.005826831414126716 3
6 1700 0.005826822878644711 3
6 1701 0.005826831415223406 3
6 1702 0.0058267942549708905 3
6 1703 0.005826794253666055 3
6 1704 0.005826822878644711 3
6 1705 0.0058268228798436655 3
6 1706 0.0058268228798436655 3
6 1707 0.0058267942549708905 3
6 1708 0.0058267942549708905 3
6 1709 0.005826794253666055 3
6 1710 0.0058267942549708905 3
6 1711 0.005826794253666055 3
6 1712 0.005826831415223406 3
6 1713 0.0058267942549708905 3
6 1714 0.005826831415223406 3
6 1715 0.13723959536636926 3
6 1716 0.0058267942549708905 3
6 1717 0.0058268228798436655 3
6 1718 0.0058268228798436655 3
6 1719 0.0058268228798436655 3
6 1720 0.01968590052394093 3
6 1721 0.005826831415223406 3
6 1722 0.005826822878644711 3
6 1723 0.005826822878644711 3
6 1724 0.005826831414126716 3
6 1725 0.0058267942549708905 3
6 1726 0.0058268228798436655 3
6 1727 0.005826794253666055 3
6 1728 0.005826831414126716 3
6 1729 0.005826794253666055 3
6 1730 0.12807921998242663 3
6 1731 0.0058267942549708905 3
6 1732 0.04077629968315666 3
6 1733 0.005826794253666055 3
6 1734 0.0058268228798436655 3
6 1735 0.005826794253666055 3
6 1736 0.019721504424842613 3
6 1737 0.012261078248098993 3
6 1738 0.005826831415223406 3
6 1739 0.0058268228798436655 3
6 1740 0.0058267942549708905 3
6 1741 0.005826822878644711 3
6 1742 0.0058267942549708905 3
6 1743 0.0749982485978914 3
6 1744 0.005826822878644711 3
6 1745 0.005826822878644711 3
6 1746 0.005826831414126716 3
6 1747 0.005826822878644711 3
6 1748 0.005826794253666055 3
6 1749 0.06528184297634251 3
6 1750 0.0058267942549708905 3
6 1751 0.005826794253666055 3
6 1752 0.005826831414126716 3
6 1753 0.005826794253666055 3
6 1754 0.0058267942549708905 3
6 1755 0.005826794253666055 3
6 1756 0.01872824467504902 3
6 1757 0.0058268228798436655 3
6 1758 0.005826822878644711 3
6 1759 0.005826794253666055 3
6 1760 0.005826822878644711 3
6 1761 0.0058268228798436655 3
6 1762 0.0058268228798436655 3
6 1763 0.005826822878644711 3
6 1764 0.005826831415223406 3
6 1765 0.0058267942549708905 3
6 1766 0.0058268228798436655 3
6 1767 0.005826794253666055 3
6 1768 0.005826794253666055 3
6 1769 0.005826822878644711 3
6 1770 0.005826794253666055 3
6 1771 0.0058268228798436655 3
6 1772 0.005826831414126716 3
6 1773 0.0989635620080319 3
6 1774 0.005826831415223406 3
6 1775 0.005826831415223406 3
6 1776 0.0058267942549708905 3
6 1777 0.005826822878644711 3
6 1778 0.0058267942549708905 3
6 1779 0.005826794253666055 3
6 1780 0.005826831415223406 3
6 1781 0.005826831415223406 3
6 1782 0.005826831415223406 3
6 1783 0.005826794253666055 3
6 1784 0.005826822878644711 3
6 1785 0.005826794253666055 3
6 1786 0.005826831414126716 3
6 1787 0.005826794253666055 3
6 1788 0.0058267942549708905 3
6 1789 0.005826794253666055 3
6 1790 0.0058267942549708905 3
6 1791 0.005826794253666055 3
6 1792 0.005826794253666055 3
6 1793 0.0058267942549708905 3
6 1794 0.0058268228798436655 3
6 1795 0.0058267942549708905 3
6 1796 0.005826831414126716 3
6 1797 0.0749982485978914 3
6 1798 0.005826822878644711 3
6 1799 0.005826831414126716 3
6 1800 0.005826794253666055 3
6 1801 0.17182391292844243 3
6 1802 0.0058267942549708905 3
6 1803 0.07183482600535145 3
6 1804 0.005826831415223406 3
6 1805 0.0058268228798436655 3
6 1806 0.0058268228798436655 3
6 1807 0.005826794253666055 3
6 1808 0.005826822878644711 3
6 1809 0.005826831415223406 3
6 1810 0.0058267942549708905 3
6 1811 0.045033094150576505 3
6 1812 0.005826794253666055 3
6 1813 0.005826794253666055 3
6 1814 0.005826831415223406 3
6 1815 0.005826831414126716 3
6 1816 0.005826794253666055 3
6 1817 0.0058268228798436655 3
6 1818 0.0058268228798436655 3
6 1819 0.005826831415223406 3
6 1820 0.005826794253666055 3
6 1821 0.019788496323015537 3
6 1822 0.0058267942549708905 3
6 1823 0.005826822878644711 3
6 1824 0.005826831414126716 3
6 1825 0.005826831415223406 3
6 1826 0.005826794253666055 3
6 1827 0.005826831415223406 3
6 1828 0.0058267942549708905 3
6 1829 0.005826794253666055 3
6 1830 0.019669600618134525 3
6 1831 0.005826831415223406 3
6 1832 0.0058268228798436655 3
6 1833 0.005826794253666055 3
6 1834 0.005826822878644711 3
6 1835 0.005826831415223406 3
6 1836 0.005826831415223406 3
6 1837 0.010656195956014743 3
6 1838 0.005826794253666055 3
6 1839 0.0058267942549708905 3
6 1840 0.0058267942549708905 3
6 1841 0.005826822878644711 3
6 1842 0.005826822878644711 3
6 1843 0.0058268228798436655 3
6 1844 0.0058268228798436655 3
6 1845 0.0058267942549708905 3
6 1846 0.0058267942549708905 3
6 1847 0.0058268228798436655 3
6 1848 0.005826794253666055 3
6 1849 0.0058267942549708905 3
6 1850 0.10857464120255601 3
6 1851 0.005826831414126716 3
6 1852 0.005826831415223406 3
6 1853 0.005826822878644711 3
6 1854 0.005826831415223406 3
6 1855 0.005826822878644711 3
6 1856 0.005826831414126716 3
6 1857 0.005826831415223406 3
6 1858 0.005826794253666055 3
6 1859 0.005826794253666055 3
6 1860 0.0058268228798436655 3
6 1861 0.0058267942549708905 3
6 1862 0.005826831414126716 3
6 1863 0.0058267942549708905 3
6 1864 0.005826822878644711 3
6 1865 0.005826822878644711 3
6 1866 0.0058268228798436655 3
6 1867 0.005826794253666055 3
6 1868 0.005826831414126716 3
6 1869 0.005826831414126716 3
6 1870 0.005826831415223406 3
6 1871 0.005826794253666055 3
6 1872 0.005826822878644711 3
6 1873 0.005826794253666055 3
6 1874 0.06460963574333924 3
6 1875 0.0058267942549708905 3
6 1876 0.005826822878644711 3
6 1877 0.0058267942549708905 3
6 1878 0.005826794253666055 3
6 1879 0.04810414108919533 3
6 1880 0.0058267942549708905 3
6 1881 0.005826794253666055 3
6 1882 0.005826831414126716 3
6 1883 0.005826831414126716 3
6 1884 0.005826822878644711 3
6 1885 0.005826831415223406 3
6 1886 0.0058268228798436655 3
6 1887 0.005826831415223406 3
6 1888 0.0058267942549708905 3
6 1889 0.005826794253666055 3
6 1890 0.06666756244446141 3
6 1891 0.005826822878644711 3
6 1892 0.005826831414126716 3
6 1893 0.005826794253666055 3
6 1894 0.005826822878644711 3
6 1895 0.005826794253666055 3
6 1896 0.005826822878644711 3
6 1897 0.005826831415223406 3
6 1898 0.016715020524838992 3
6 1899 0.005826794253666055 3
6 1900 0.005826794253666055 3
6 1901 0.005826822878644711 3
6 1902 0.005826822878644711 3
6 1903 0.005826831414126716 3
6 1904 0.0058268228798436655 3
6 1905 0.005826831415223406 3
6 1906 0.005826831415223406 3
6 1907 0.005826831415223406 3
6 1908 0.0058267942549708905 3
6 1909 0.02129452555021148 3
6 1910 0.0058267942549708905 3
6 1911 0.005826831414126716 3
6 1912 0.0058268228798436655 3
6 1913 0.005826831414126716 3
6 1914 0.005826822878644711 3
6 1915 0.005826831415223406 3
6 1916 0.005826822878644711 3
6 1917 0.005826822878644711 3
6 1918 0.005826831415223406 3
6 1919 0.005826794253666055 3
6 1920 0.005826831414126716 3
6 1921 0.005826831414126716 3
6 1922 0.005826822878644711 3
6 1923 0.005826822878644711 3
6 1924 0.005826822878644711 3
6 1925 0.005826822878644711 3
6 1926 0.005826831415223406 3
6 1927 0.0058267942549708905 3
6 1928 0.005826831414126716 3
6 1929 0.0058268228798436655 3
6 1930 0.005826794253666055 3
6 1931 0.008354366522773967 3
6 1932 0.0058267942549708905 3
6 1933 0.005826822878644711 3
6 1934 0.0058267942549708905 3
6 1935 0.0058268228798436655 3
6 1936 0.005826794253666055 3
6 1937 0.005826831415223406 3
6 1938 0.005826794253666055 3
6 1939 0.0058267942549708905 3
6 1940 0.005826831414126716 3
6 1941 0.005826822878644711 3
6 1942 0.005826831415223406 3
6 1943 0.010502476686511743 3
6 1944 666052.3801067102 3
6 1945 0.0058267942549708905 3
6 1946 0.005826831415223406 3
6 1947 0.005826831415223406 3
6 1948 0.005826822878644711 3
6 1949 0.005826831415223406 3
6 1950 0.005826831415223406 3
6 1951 0.0058267942549708905 3
6 1952 0.005826831415223406 3
6 1953 0.005826822878644711 3
6 1954 0.0058268228798436655 3
6 1955 0.005826794253666055 3
6 1956 0.0058267942549708905 3
6 1957 0.005826831415223406 3
6 1958 0.0058268228798436655 3
6 1959 0.0058268228798436655 3
6 1960 0.0058267942549708905 3
6 1961 0.005826831414126716 3
6 1962 0.02318935307345905 3
6 1963 0.0058267942549708905 3
6 1964 0.005826831414126716 3
6 1965 0.44441002887141434 3
6 1966 0.005826831415223406 3
6 1967 0.016715020524838992 3
6 1968 0.0834176478857265 3
6 1969 0.0058268228798436655 3
6 1970 0.005826794253666055 3
6 1971 0.005826831415223406 3
6 1972 0.0058267942549708905 3
6 1973 0.005826822878644711 3
6 1974 0.005826822878644711 3
6 1975 0.0058268228798436655 3
6 1976 0.02318935307429842 3
6 1977 0.005826794253666055 3
6 1978 0.005826831414126716 3
6 1979 0.0058267942549708905 3
6 1980 0.005826831415223406 3
6 1981 0.0058268228798436655 3
6 1982 0.005826794253666055 3
6 1983 0.0058268228798436655 3
6 1984 0.0058268228798436655 3
6 1985 0.005826831415223406 3
6 1986 0.005826794253666055 3
6 1987 0.17601717659040272 3
6 1988 0.005826831415223406 3
6 1989 0.005826794253666055 3
6 1990 0.005826822878644711 3
6 1991 0.005826822878644711 3
6 1992 0.046795089190861686 3
6 1993 1.1086613415216449 3
6 1994 0.00942705632312022 3
6 1995 0.0058268228798436655 3
6 1996 0.005826831415223406 3
6 1997 0.005826794253666055 3
6 1998 0.005826822878644711 3
6 1999 0.01872824467504902 3
7 0 0.005826794253666055 3
7 1 0.005826794253666055 3
7 2 0.005826794253666055 3
7 3 0.005826794253666055 3
7 4 0.005826794253666055 3
7 5 0.005826794253666055 3
7 6 0.005826794253666055 3
7 7 0.005826794253666055 3
7 8 0.005826794253666055 3
7 9 0.005826794253666055 3
7 10 0.005826794253666055 3
7 11 0.005826794253666055 3
7 12 0.005826794253666055 3
7 13 0.005826794253666055 3
7 14 0.005826794253666055 3
7 15 0.005826794253666055 3
7 16 0.005826794253666055 3
7 17 0.005826794253666055 3
7 18 0.005826794253666055 3
7 19 0.005826794253666055 3
7 20 0.005826794253666055 3
7 21 0.005826794253666055 3
7 22 0.005826794253666055 3
7 23 0.005826794253666055 3
7 24 0.005826794253666055 3
7 25 0.005826794253666055 3
7 26 0.005826794253666055 3
7 27 0.005826794253666055 3
7 28 0.005826794253666055 3
7 29 0.005826794253666055 3
7 30 0.005826794253666055 3
7 31 0.005826794253666055 3
7 32 0.005826794253666055 3
7 33 0.005826794253666055 3
7 34 0.005826794253666055 3
7 35 0.005826794253666055 3
7 36 0.005826794253666055 3
7 37 0.005826794253666055 3
7 38 0.005826794253666055 3
7 39 0.005826794253666055 3
7 40 0.005826794253666055 3
7 41 0.005826794253666055 3
7 42 0.005826794253666055 3
7 43 0.005826794253666055 3
7 44 0.005826794253666055 3
7 45 0.005826794253666055 3
7 46 0.005826794253666055 3
7 47 0.005826794253666055 3
7 48 0.005826794253666055 3
7 49 0.005826794253666055 3
7 50 0.005826794253666055 3
7 51 0.005826794253666055 3
7 52 0.005826794253666055 3
7 53 0.005826794253666055 3
7 54 0.005826794253666055 3
7 55 0.005826794253666055 3
7 56 0.005826794253666055 3
7 57 0.005826794253666055 3
7 58 0.005826794253666055 3
7 59 0.005826794253666055 3
7 60 0.005826794253666055 3
7 61 0.005826794253666055 3
7 62 0.005826794253666055 3
7 63 0.005826794253666055 3
7 64 0.005826794253666055 3
7 65 0.005826794253666055 3
7 66 0.005826794253666055 3
7 67 0.005826794253666055 3
7 68 0.005826794253666055 3
7 69 0.005826794253666055 3
7 70 0.005826794253666055 3
7 71 0.005826794253666055 3
7 72 0.005826794253666055 3
7 73 0.005826794253666055 3
7 74 0.005826794253666055 3
7 75 0.005826794253666055 3
7 76 0.005826794253666055 3
7 77 0.005826794253666055 3
7 78 0.005826794253666055 3
7 79 0.005826794253666055 3
7 80 0.005826794253666055 3
7 81 0.005826794253666055 3
7 82 0.005826794253666055 3
7 83 0.005826794253666055 3
7 84 0.005826794253666055 3
7 85 0.005826794253666055 3
7 86 0.005826794253666055 3
7 87 0.005826794253666055 3
7 88 0.005826794253666055 3
7 89 0.005826794253666055 3
7 90 0.005826794253666055 3
7 91 0.005826794253666055 3
7 92 0.005826794253666055 3
7 93 0.005826794253666055 3
7 94 0.005826794253666055 3
7 95 0.005826794253666055 3
7 96 0.005826794253666055 3
7 97 0.005826794253666055 3
7 98 0.005826794253666055 3
7 99 0.005826794253666055 3
7 100 0.005826794253666055 3
7 101 0.005826794253666055 3
7 102 0.005826794253666055 3
7 103 0.005826794253666055 3
7 104 0.005826794253666055 3
7 105 0.005826794253666055 3
7 106 0.005826794253666055 3
7 107 0.005826794253666055 3
7 108 0.005826794253666055 3
7 109 0.005826794253666055 3
7 110 0.005826794253666055 3
7 111 0.005826794253666055 3
7 112 0.005826794253666055 3
7 113 0.005826794253666055 3
7 114 0.005826794253666055 3
7 115 0.005826794253666055 3
7 116 0.005826794253666055 3
7 117 0.005826794253666055 3
7 118 0.005826794253666055 3
7 119 0.005826794253666055 3
7 120 0.005826794253666055 3
7 121 0.005826794253666055 3
7 122 0.005826794253666055 3
7 123 0.005826794253666055 3
7 124 0.005826794253666055 3
7 125 0.005826794253666055 3
7 126 0.005826794253666055 3
7 127 0.005826794253666055 3
7 128 0.005826794253666055 3
7 129 0.005826794253666055 3
7 130 0.005826794253666055 3
7 131 0.005826794253666055 3
7 132 0.005826794253666055 3
7 133 0.005826794253666055 3
7 134 0.005826794253666055 3
7 135 0.005826794253666055 3
7 136 0.005826794253666055 3
7 137 0.005826794253666055 3
7 138 0.005826794253666055 3
7 139 0.005826794253666055 3
7 140 0.005826794253666055 3
7 141 0.005826794253666055 3
7 142 0.005826794253666055 3
7 143 0.005826794253666055 3
7 144 0.005826794253666055 3
7 145 0.005826794253666055 3
7 146 0.005826794253666055 3
7 147 0.005826794253666055 3
7 148 0.005826794253666055 3
7 149 0.005826794253666055 3
7 150 0.005826794253666055 3
7 151 0.005826794253666055 3
7 152 0.005826794253666055 3
7 153 0.005826794253666055 3
7 154 0.005826794253666055 3
7 155 0.005826794253666055 3
7 156 0.005826794253666055 3
7 157 0.005826794253666055 3
7 158 0.005826794253666055 3
7 159 0.005826794253666055 3
7 160 0.005826794253666055 3
7 161 0.005826794253666055 3
7 162 0.005826794253666055 3
7 163 0.005826794253666055 3
7 164 0.005826794253666055 3
7 165 0.005826794253666055 3
7 166 0.005826794253666055 3
7 167 0.005826794253666055 3
7 168 0.005826794253666055 3
7 169 0.005826794253666055 3
7 170 0.005826794253666055 3
7 171 0.005826794253666055 3
7 172 0.005826794253666055 3
7 173 0.005826794253666055 3
7 174 0.005826794253666055 3
7 175 0.005826794253666055 3
7 176 0.005826794253666055 3
7 177 0.005826794253666055 3
7 178 0.005826794253666055 3
7 179 0.005826794253666055 3
7 180 0.005826794253666055 3
7 181 0.005826794253666055 3
7 182 0.005826794253666055 3
7 183 0.005826794253666055 3
7 184 0.005826794253666055 3
7 185 0.005826794253666055 3
7 186 0.005826794253666055 3
7 187 0.005826794253666055 3
7 188 0.005826794253666055 3
7 189 0.005826794253666055 3
7 190 0.005826794253666055 3
7 191 0.005826794253666055 3
7 192 0.005826794253666055 3
7 193 0.005826794253666055 3
7 194 0.005826794253666055 3
7 195 0.005826794253666055 3
7 196 0.005826794253666055 3
7 197 0.005826794253666055 3
7 198 0.005826794253666055 3
7 199 0.005826794253666055 3
7 200 0.005826822878644711 3
7 201 0.005826831414126716 3
7 202 0.0058268228798436655 3
7 203 0.005826794253666055 3
7 204 0.005826831415223406 3
7 205 0.005826794253666055 3
7 206 0.005826822878644711 3
7 207 0.0058268228798436655 3
7 208 0.005826822878644711 3
7 209 0.0058268228798436655 3
7 210 0.03705427523867291 3
7 211 0.005826831414126716 3
7 212 0.0058268228798436655 3
7 213 0.0058267942549708905 3
7 214 0.005826831415223406 3
7 215 0.005826831414126716 3
7 216 0.005826831415223406 3
7 217 0.0058267942549708905 3
7 218 0.005826831414126716 3
7 219 0.06782550744783543 3
7 220 0.17467221080628592 3
7 221 0.005826831415223406 3
7 222 0.10857466461790595 3
7 223 0.005826822878644711 3
7 224 0.005826794253666055 3
7 225 0.005826794253666055 3
7 226 0.005826794253666055 3
7 227 0.005826794253666055 3
7 228 0.04066725252470212 3
7 229 0.005826831415223406 3
7 230 0.0058268228798436655 3
7 231 0.12178817956859893 3
7 232 0.005826794253666055 3
7 233 0.005826831414126716 3
7 234 0.005826822878644711 3
7 235 0.005826831415223406 3
7 236 0.0058268228798436655 3
7 237 0.0058267942549708905 3
7 238 0.005826822878644711 3
7 239 0.0058267942549708905 3
7 240 0.005826831414126716 3
7 241 0.005826831414126716 3
7 242 0.0058267942549708905 3
7 243 0.0058268228798436655 3
7 244 0.005826822878644711 3
7 245 0.005826794253666055 3
7 246 0.005826831415223406 3
7 247 0.005826822878644711 3
7 248 0.005826831415223406 3
7 249 0.0058268228798436655 3
7 250 0.0058268228798436655 3
7 251 0.005826822878644711 3
7 252 0.0058268228798436655 3
7 253 0.005826831414126716 3
7 254 0.0058267942549708905 3
7 255 0.0058268228798436655 3
7 256 0.0058268228798436655 3
7 257 0.0058268228798436655 3
7 258 0.0058268228798436655 3
7 259 0.005826822878644711 3
7 260 0.005826794253666055 3
7 261 0.005826831415223406 3
7 262 0.0058268228798436655 3
7 263 0.0058267942549708905 3
7 264 0.0058267942549708905 3
7 265 1.5278551933790099 3
7 266 0.005826822878644711 3
7 267 0.005826822878644711 3
7 268 0.005826831414126716 3
7 269 0.005826794253666055 3
7 270 0.005826831415223406 3
7 271 0.005826831414126716 3
7 272 0.12178818415602868 3
7 273 0.0058267942549708905 3
7 274 0.005826831415223406 3
7 275 0.0058267942549708905 3
7 276 0.005826794253666055 3
7 277 0.0058267942549708905 3
7 278 0.005826831414126716 3
7 279 0.12178817956859893 3
7 280 0.0058267942549708905 3
7 281 0.005826831414126716 3
7 282 0.005826831414126716 3
7 283 0.005826831415223406 3
7 284 0.07199113412379905 3
7 285 0.005826822878644711 3
7 286 0.005826831414126716 3
7 287 0.0058267942549708905 3
7 288 0.005826831414126716 3
7 289 0.005826831414126716 3
7 290 0.005826794253666055 3
7 291 0.005826794253666055 3
7 292 0.005826831415223406 3
7 293 0.005826822878644711 3
7 294 0.0058267942549708905 3
7 295 0.0058268228798436655 3
7 296 0.005826831415223406 3
7 297 0.06940608823226242 3
7 298 0.005826794253666055 3
7 299 0.0058267942549708905 3
7 300 0.0058267942549708905 3
7 301 0.021294517955934688 3
7 302 0.0058267942549708905 3
7 303 0.037123922353055776 3
7 304 0.005826822878644711 3
7 305 0.005826831415223406 3
7 306 0.0058267942549708905 3
7 307 0.0058267942549708905 3
7 308 0.0058267942549708905 3
7 309 0.0058267942549708905 3
7 310 0.005826831415223406 3
7 311 0.005826794253666055 3
7 312 0.07333423317065119 3
7 313 0.005826794253666055 3
7 314 0.09914920540221825 3
7 315 0.032837275869010994 3
7 316 0.005826822878644711 3
7 317 0.0058267942549708905 3
7 318 0.005826822878644711 3
7 319 0.14385707786374796 3
7 320 0.0058268228798436655 3
7 321 0.0058267942549708905 3
7 322 0.005826831414126716 3
7 323 0.005826794253666055 3
7 324 0.005826831414126716 3
7 325 0.005826831415223406 3
7 326 0.0058268228798436655 3
7 327 0.005826822878644711 3
7 328 0.0058268228798436655 3
7 329 0.005826822878644711 3
7 330 0.005826794253666055 3
7 331 0.005826831414126716 3
7 332 0.01942885665293641 3
7 333 0.005826822878644711 3
7 334 5662.126284151379 3
7 335 0.0058268228798436655 3
7 336 0.0058267942549708905 3
7 337 0.005826794253666055 3
7 338 0.005826831415223406 3
7 339 0.0058268228798436655 3
7 340 0.005826831415223406 3
7 341 0.005826794253666055 3
7 342 0.0058268228798436655 3
7 343 0.019788598388167038 3
7 344 0.005826822878644711 3
7 345 0.005826831414126716 3
7 346 0.005826831415223406 3
7 347 0.005826822878644711 3
7 348 0.005826831415223406 3
7 349 0.005826831415223406 3
7 350 0.0058267942549708905 3
7 351 0.005826794253666055 3
7 352 0.0058268228798436655 3
7 353 0.0058267942549708905 3
7 354 0.005826831414126716 3
7 355 0.0058267942549708905 3
7 356 0.005826831415223406 3
7 357 0.005826831415223406 3
7 358 0.09796742139336795 3
7 359 0.005826831414126716 3
7 360 0.005826822878644711 3
7 361 0.0058268228798436655 3
7 362 0.0058267942549708905 3
7 363 0.005826831414126716 3
7 364 0.005826831415223406 3
7 365 0.0058268228798436655 3
7 366 0.005826794253666055 3
7 367 0.005826794253666055 3
7 368 0.005826822878644711 3
7 369 0.14385707786374796 3
7 370 0.005826794253666055 3
7 371 0.005826831414126716 3
7 372 0.0058267942549708905 3
7 373 0.0058268228798436655 3
7 374 0.005826831414126716 3
7 375 0.005826822878644711 3
7 376 0.005826831414126716 3
7 377 0.0058267942549708905 3
7 378 0.0058268228798436655 3
7 379 0.005826831415223406 3
7 380 0.005826831414126716 3
7 381 0.0058267942549708905 3
7 382 0.0058268228798436655 3
7 383 0.005826794253666055 3
7 384 0.005826831414126716 3
7 385 0.005826794253666055 3
7 386 0.005826831415223406 3
7 387 0.0058268228798436655 3
7 388 0.005826822878644711 3
7 389 0.0058268228798436655 3
7 390 0.0058268228798436655 3
7 391 0.027868115845180993 3
7 392 0.0058268228798436655 3
7 393 0.005826831414126716 3
7 394 0.005826794253666055 3
7 395 0.005826794253666055 3
7 396 0.0058268228798436655 3
7 397 0.005826831414126716 3
7 398 0.005826822878644711 3
7 399 0.005826831414126716 3
7 400 0.005826831414126716 3
7 401 0.005826831415223406 3
7 402 0.005826822878644711 3
7 403 0.0058267942549708905 3
7 404 0.005826822878644711 3
7 405 0.005826831414126716 3
7 406 0.005826794253666055 3
7 407 0.0058268228798436655 3
7 408 0.005826822878644711 3
7 409 0.07447141776141378 3
7 410 0.005826822878644711 3
7 411 0.17022869924652162 3
7 412 0.005826831415223406 3
7 413 0.005826794253666055 3
7 414 0.005826831414126716 3
7 415 0.005826831415223406 3
7 416 0.0058267942549708905 3
7 417 0.005826794253666055 3
7 418 0.0058267942549708905 3
7 419 0.005826822878644711 3
7 420 0.0058268228798436655 3
7 421 0.005826831414126716 3
7 422 0.005826831414126716 3
7 423 0.005826831414126716 3
7 424 0.0058267942549708905 3
7 425 0.019741599402665136 3
7 426 0.005826794253666055 3
7 427 0.005826794253666055 3
7 428 0.040775965211103625 3
7 429 0.005826822878644711 3
7 430 0.0058268228798436655 3
7 431 0.005826822878644711 3
7 432 0.005826822878644711 3
7 433 0.0058267942549708905 3
7 434 0.0058268228798436655 3
7 435 0.005826831415223406 3
7 436 0.0058268228798436655 3
7 437 0.005826822878644711 3
7 438 0.0058268228798436655 3
7 439 0.005826831414126716 3
7 440 0.005826822878644711 3
7 441 0.005826794253666055 3
7 442 0.0058268228798436655 3
7 443 0.0058268228798436655 3
7 444 0.0058268228798436655 3
7 445 0.005826831414126716 3
7 446 0.0058267942549708905 3
7 447 0.005826794253666055 3
7 448 0.005826794253666055 3
7 449 0.06622225014072075 3
7 450 0.005826831415223406 3
7 451 0.005826794253666055 3
7 452 0.05744398919406638 3
7 453 0.0058268228798436655 3
7 454 0.005826794253666055 3
7 455 0.0058268228798436655 3
7 456 0.020461418457734304 3
7 457 0.0058267942549708905 3
7 458 0.005826831415223406 3
7 459 0.005826794253666055 3
7 460 0.0058268228798436655 3
7 461 0.005826831414126716 3
7 462 0.005826822878644711 3
7 463 0.0058268228798436655 3
7 464 0.07001036180281098 3
7 465 0.005826822878644711 3
7 466 0.0058267942549708905 3
7 467 0.005826831414126716 3
7 468 3663770.6233942453 3
7 469 0.005826822878644711 3
7 470 0.005826831414126716 3
7 471 0.12787523052917152 3
7 472 0.12178818415602868 3
7 473 0.0058268228798436655 3
7 474 0.005826794253666055 3
7 475 0.0058268228798436655 3
7 476 0.005826831414126716 3
7 477 0.005826831414126716 3
7 478 0.005826822878644711 3
7 479 0.005826794253666055 3
7 480 0.0058268228798436655 3
7 481 0.005826831414126716 3
7 482 0.005826831414126716 3
7 483 0.005826831414126716 3
7 484 0.005826822878644711 3
7 485 0.005826831414126716 3
7 486 0.0058267942549708905 3
7 487 0.005826831414126716 3
7 488 0.005826822878644711 3
7 489 0.0745504619185458 3
7 490 0.005826831414126716 3
7 491 0.005826831414126716 3
7 492 0.005826794253666055 3
7 493 0.005826822878644711 3
7 494 0.0058268228798436655 3
7 495 0.0058267942549708905 3
7 496 0.005826822878644711 3
7 497 0.005826822878644711 3
7 498 0.005826831414126716 3
7 499 0.03711085268455597 3
7 500 0.005826831415223406 3
7 501 0.0058267942549708905 3
7 502 0.0058267942549708905 3
7 503 0.0058267942549708905 3
7 504 0.005826822878644711 3
7 505 0.0058268228798436655 3
7 506 0.0058268228798436655 3
7 507 0.0058267942549708905 3
7 508 0.005826822878644711 3
7 509 0.005826794253666055 3
7 510 0.018728244675060526 3
7 511 0.005826831414126716 3
7 512 0.005826831415223406 3
7 513 0.019707400834159547 3
7 514 0.005826794253666055 3
7 515 0.005826794253666055 3
7 516 0.0058267942549708905 3
7 517 0.005826831415223406 3
7 518 0.005826794253666055 3
7 519 0.005826822878644711 3
7 520 0.005826831415223406 3
7 521 0.0058268228798436655 3
7 522 0.005826831414126716 3
7 523 0.005826831414126716 3
7 524 0.0058268228798436655 3
7 525 0.005826822878644711 3
7 526 0.005826794253666055 3
7 527 0.005826794253666055 3
7 528 0.0058267942549708905 3
7 529 0.005826794253666055 3
7 530 0.0058267942549708905 3
7 531 0.0058268228798436655 3
7 532 0.005826831414126716 3
7 533 0.005826822878644711 3
7 534 0.0058268228798436655 3
7 535 0.005826822878644711 3
7 536 0.0058268228798436655 3
7 537 0.005826831414126716 3
7 538 0.0058268228798436655 3
7 539 0.005826794253666055 3
7 540 0.005826831415223406 3
7 541 0.005826794253666055 3
7 542 0.0058268228798436655 3
7 543 0.005826794253666055 3
7 544 0.005826831414126716 3
7 545 0.0058268228798436655 3
7 546 0.005826831414126716 3
7 547 0.005826794253666055 3
7 548 0.005826794253666055 3
7 549 0.005826831414126716 3
7 550 0.005826794253666055 3
7 551 0.005826822878644711 3
7 552 0.005826822878644711 3
7 553 0.005826794253666055 3
7 554 0.0058267942549708905 3
7 555 0.005826822878644711 3
7 556 0.005826822878644711 3
7 557 0.005826822878644711 3
7 558 0.005826794253666055 3
7 559 0.005826831414126716 3
7 560 0.005826831415223406 3
7 561 0.0058267942549708905 3
7 562 0.005826794253666055 3
7 563 0.0058267942549708905 3
7 564 0.0058267942549708905 3
7 565 0.005826822878644711 3
7 566 0.005826831415223406 3
7 567 0.005826794253666055 3
7 568 0.005826794253666055 3
7 569 0.005826822878644711 3
7 570 0.005826831414126716 3
7 571 0.005826831414126716 3
7 572 0.005826794253666055 3
7 573 0.005826822878644711 3
7 574 0.0058267942549708905 3
7 575 0.005826822878644711 3
7 576 0.005826831415223406 3
7 577 0.0058267942549708905 3
7 578 0.005826822878644711 3
7 579 0.005826831414126716 3
7 580 0.10623307121341986 3
7 581 0.005826794253666055 3
7 582 0.005826794253666055 3
7 583 0.019428778358322768 3
7 584 0.005826831415223406 3
7 585 0.005826831415223406 3
7 586 0.01980370742167076 3
7 587 0.005826831414126716 3
7 588 0.0058268228798436655 3
7 589 0.005826831415223406 3
7 590 0.0058268228798436655 3
7 591 0.005826831414126716 3
7 592 0.005826822878644711 3
7 593 0.005826822878644711 3
7 594 0.005826794253666055 3
7 595 0.005826831415223406 3
7 596 0.005826831414126716 3
7 597 0.0058267942549708905 3
7 598 0.005826831414126716 3
7 599 0.005826822878644711 3
7 600 0.005826822878644711 3
7 601 0.005826794253666055 3
7 602 0.005826831415223406 3
7 603 0.07372221746968671 3
7 604 0.005826831414126716 3
7 605 0.005826831415223406 3
7 606 0.005826794253666055 3
7 607 0.005826831415223406 3
7 608 0.0058267942549708905 3
7 609 0.005826831415223406 3
7 610 0.005826822878644711 3
7 611 0.005826822878644711 3
7 612 0.005826831414126716 3
7 613 0.0058267942549708905 3
7 614 0.005826831414126716 3
7 615 0.005826831414126716 3
7 616 0.0058267942549708905 3
7 617 0.005826822878644711 3
7 618 0.005826794253666055 3
7 619 0.005826822878644711 3
7 620 0.005826831414126716 3
7 621 0.005826794253666055 3
7 622 0.005826822878644711 3
7 623 0.005826831414126716 3
7 624 0.005826831414126716 3
7 625 0.005826794253666055 3
7 626 0.005826794253666055 3
7 627 0.0058268228798436655 3
7 628 0.10245943806286831 3
7 629 0.005826822878644711 3
7 630 0.0058268228798436655 3
7 631 0.0058267942549708905 3
7 632 0.005826831415223406 3
7 633 0.005826831414126716 3
7 634 0.11987806410701823 3
7 635 0.005826831415223406 3
7 636 0.005826794253666055 3
7 637 0.005826794253666055 3
7 638 0.0058268228798436655 3
7 639 0.0058268228798436655 3
7 640 0.005826794253666055 3
7 641 0.005826822878644711 3
7 642 0.005826831414126716 3
7 643 0.005826822878644711 3
7 644 0.005826831415223406 3
7 645 0.005826794253666055 3
7 646 0.019472920382583123 3
7 647 0.005826831414126716 3
7 648 0.0058267942549708905 3
7 649 0.005826831414126716 3
7 650 0.0058268228798436655 3
7 651 0.005826822878644711 3
7 652 0.0058267942549708905 3
7 653 0.005826822878644711 3
7 654 0.005826822878644711 3
7 655 0.005826794253666055 3
7 656 0.0058268228798436655 3
7 657 0.005826831415223406 3
7 658 0.005826794253666055 3
7 659 0.005826794253666055 3
7 660 0.005826831415223406 3
7 661 0.005826831415223406 3
7 662 0.0058268228798436655 3
7 663 0.020459982432286274 3
7 664 0.005826822878644711 3
7 665 0.005826831414126716 3
7 666 0.005826831414126716 3
7 667 0.005826822878644711 3
7 668 0.005826794253666055 3
7 669 0.005826822878644711 3
7 670 0.005826794253666055 3
7 671 0.0058267942549708905 3
7 672 0.0058268228798436655 3
7 673 0.005826794253666055 3
7 674 0.005826831415223406 3
7 675 0.0058268228798436655 3
7 676 0.005826831414126716 3
7 677 0.0058268228798436655 3
7 678 0.005826822878644711 3
7 679 0.0058268228798436655 3
7 680 0.0058268228798436655 3
7 681 0.4444100288690651 3
7 682 0.005826831415223406 3
7 683 0.0058267942549708905 3
7 684 0.005826831415223406 3
7 685 0.005826831414126716 3
7 686 0.0058267942549708905 3
7 687 0.005826831415223406 3
7 688 0.005826831415223406 3
7 689 0.005826794253666055 3
7 690 0.005826794253666055 3
7 691 0.005826822878644711 3
7 692 0.005826831415223406 3
7 693 0.005826831415223406 3
7 694 0.005826831414126716 3
7 695 0.005826794253666055 3
7 696 0.04352393265157518 3
7 697 0.005826831415223406 3
7 698 0.005826822878644711 3
7 699 0.005826822878644711 3
7 700 0.005826794253666055 3
7 701 0.005826831414126716 3
7 702 195244317.69336984 3
7 703 0.005826831415223406 3
7 704 0.005826822878644711 3
7 705 0.005826822878644711 3
7 706 0.005826831415223406 3
7 707 0.0058267942549708905 3
7 708 0.08882776733042222 3
7 709 0.005826831414126716 3
7 710 0.005826831414126716 3
7 711 0.0058268228798436655 3
7 712 0.005826794253666055 3
7 713 0.005826794253666055 3
7 714 0.005826831415223406 3
7 715 0.005826794253666055 3
7 716 0.005826831415223406 3
7 717 0.005826822878644711 3
7 718 0.0058268228798436655 3
7 719 0.0058267942549708905 3
7 720 0.005826794253666055 3
7 721 0.0058268228798436655 3
7 722 0.005826794253666055 3
7 723 0.005826831415223406 3
7 724 0.005826794253666055 3
7 725 0.0058268228798436655 3
7 726 0.005826831414126716 3
7 727 0.005826831415223406 3
7 728 0.005826831414126716 3
7 729 0.005826831414126716 3
7 730 0.0058267942549708905 3
7 731 0.005826822878644711 3
7 732 0.005826831414126716 3
7 733 0.0058267942549708905 3
7 734 0.005826822878644711 3
7 735 0.0058267942549708905 3
7 736 0.0058267942549708905 3
7 737 0.005826831414126716 3
7 738 0.005826794253666055 3
7 739 0.07426655080553492 3
7 740 0.0058267942549708905 3
7 741 0.005826831415223406 3
7 742 0.07717436464366231 3
7 743 0.0058268228798436655 3
7 744 0.005826831414126716 3
7 745 0.005826822878644711 3
7 746 0.005826831415223406 3
7 747 0.0058268228798436655 3
7 748 0.005826831415223406 3
7 749 0.0058268228798436655 3
7 750 0.0058267942549708905 3
7 751 0.005826822878644711 3
7 752 0.0058268228798436655 3
7 753 0.005826831415223406 3
7 754 0.005826794253666055 3
7 755 0.005826831415223406 3
7 756 0.0058268228798436655 3
7 757 0.06303735869285289 3
7 758 0.0058267942549708905 3
7 759 0.0058268228798436655 3
7 760 0.005826794253666055 3
7 761 0.005826831414126716 3
7 762 0.005826794253666055 3
7 763 0.005826822878644711 3
7 764 0.0058267942549708905 3
7 765 0.005826822878644711 3
7 766 0.005826831414126716 3
7 767 0.0058267942549708905 3
7 768 0.005826831415223406 3
7 769 0.005826831414126716 3
7 770 0.0058268228798436655 3
7 771 0.005826831414126716 3
7 772 0.13044256706384474 3
7 773 0.0058268228798436655 3
7 774 0.005826822878644711 3
7 775 0.005826822878644711 3
7 776 0.005826831415223406 3
7 777 0.005826831415223406 3
7 778 0.005826831415223406 3
7 779 0.0058268228798436655 3
7 780 0.005826831415223406 3
7 781 0.019788544860889764 3
7 782 0.0058267942549708905 3
7 783 0.0058268228798436655 3
7 784 0.0058268228798436655 3
7 785 0.005826822878644711 3
7 786 0.02021947151612023 3
7 787 0.005826831414126716 3
7 788 0.005826822878644711 3
7 789 0.0058268228798436655 3
7 790 0.005826822878644711 3
7 791 0.005826794253666055 3
7 792 0.06929034197820702 3
7 793 0.043523932648963835 3
7 794 0.0058267942549708905 3
7 795 0.005826822878644711 3
7 796 0.0058267942549708905 3
7 797 0.0058267942549708905 3
7 798 0.019707400834156934 3
7 799 0.005826831415223406 3
7 800 0.005826822878644711 3
7 801 0.005826831415223406 3
7 802 0.005826822878644711 3
7 803 0.005826794253666055 3
7 804 0.0058267942549708905 3
7 805 0.0058267942549708905 3
7 806 0.0058267942549708905 3
7 807 0.005826831415223406 3
7 808 0.0058267942549708905 3
7 809 0.07372216674160358 3
7 810 0.005826831414126716 3
7 811 0.021330455274236625 3
7 812 0.005826822878644711 3
7 813 0.005826831414126716 3
7 814 0.005826794253666055 3
7 815 0.005826822878644711 3
7 816 0.0058268228798436655 3
7 817 0.0058267942549708905 3
7 818 0.005826831414126716 3
7 819 0.0058267942549708905 3
7 820 0.019720577820163232 3
7 821 0.005826831414126716 3
7 822 0.005826822878644711 3
7 823 0.005826822878644711 3
7 824 0.005826794253666055 3
7 825 0.0058268228798436655 3
7 826 0.0058268228798436655 3
7 827 0.005826831414126716 3
7 828 0.005826822878644711 3
7 829 0.0058267942549708905 3
7 830 0.005826822878644711 3
7 831 0.005826822878644711 3
7 832 0.005826831415223406 3
7 833 0.0058267942549708905 3
7 834 0.005826794253666055 3
7 835 0.005826831414126716 3
7 836 0.005826794253666055 3
7 837 0.005826794253666055 3
7 838 0.005826794253666055 3
7 839 0.005826822878644711 3
7 840 0.005826831414126716 3
7 841 0.005826831414126716 3
7 842 0.005826794253666055 3
7 843 0.0058267942549708905 3
7 844 0.10195261105408006 3
7 845 0.005826822878644711 3
7 846 0.005826831415223406 3
7 847 0.005826831414126716 3
7 848 0.0058268228798436655 3
7 849 0.0058267942549708905 3
7 850 0.005826822878644711 3
7 851 0.005826831415223406 3
7 852 0.005826831415223406 3
7 853 0.0058267942549708905 3
7 854 0.005826831414126716 3
7 855 0.005826831414126716 3
7 856 0.005826831414126716 3
7 857 0.005826822878644711 3
7 858 0.0058267942549708905 3
7 859 0.005826822878644711 3
7 860 0.005826831414126716 3
7 861 0.0058267942549708905 3
7 862 0.01970131835977658 3
7 863 0.005826831414126716 3
7 864 0.018696256411715014 3
7 865 0.0058268228798436655 3
7 866 0.005826831414126716 3
7 867 0.005826831415223406 3
7 868 0.0058267942549708905 3
7 869 0.005826831414126716 3
7 870 0.0058267942549708905 3
7 871 0.005826822878644711 3
7 872 0.005826831414126716 3
7 873 0.005826831415223406 3
7 874 0.0058268228798436655 3
7 875 0.005826822878644711 3
7 876 0.0058268228798436655 3
7 877 0.005826831415223406 3
7 878 0.0058268228798436655 3
7 879 0.005826794253666055 3
7 880 0.005826831415223406 3
7 881 0.0058268228798436655 3
7 882 0.07013555455716806 3
7 883 0.0058267942549708905 3
7 884 0.0058268228798436655 3
7 885 0.0058268228798436655 3
7 886 0.1210513115827495 3
7 887 0.005826822878644711 3
7 888 0.005826831415223406 3
7 889 0.005826822878644711 3
7 890 0.005826794253666055 3
7 891 0.0058268228798436655 3
7 892 0.005826794253666055 3
7 893 0.005826794253666055 3
7 894 0.0733342331790013 3
7 895 0.0058267942549708905 3
7 896 0.005826831414126716 3
7 897 0.005826822878644711 3
7 898 0.005826794253666055 3
7 899 0.07426655080553492 3
7 900 0.0058267942549708905 3
7 901 0.005826831415223406 3
7 902 0.005826822878644711 3
7 903 0.0058267942549708905 3
7 904 0.0058267942549708905 3
7 905 0.005826831414126716 3
7 906 0.07528540353057399 3
7 907 0.1337651532953071 3
7 908 0.005826831415223406 3
7 909 0.0058268228798436655 3
7 910 0.005826831415223406 3
7 911 0.005826831415223406 3
7 912 0.005826822878644711 3
7 913 0.005826794253666055 3
7 914 0.0058268228798436655 3
7 915 1.108661341527948 3
7 916 0.005826831415223406 3
7 917 0.005826831415223406 3
7 918 0.005826831415223406 3
7 919 0.005826794253666055 3
7 920 0.0058268228798436655 3
7 921 0.0058268228798436655 3
7 922 0.005826831415223406 3
7 923 0.005826831414126716 3
7 924 0.005826794253666055 3
7 925 0.005826794253666055 3
7 926 0.005826831415223406 3
7 927 0.0058268228798436655 3
7 928 0.005826831414126716 3
7 929 0.005826831414126716 3
7 930 0.005826822878644711 3
7 931 0.005826794253666055 3
7 932 0.12787523053068195 3
7 933 0.005826794253666055 3
7 934 0.005826831415223406 3
7 935 0.0058267942549708905 3
7 936 0.005826831415223406 3
7 937 0.0058268228798436655 3
7 938 0.0058268228798436655 3
7 939 0.005826794253666055 3
7 940 0.0058268228798436655 3
7 941 0.005826794253666055 3
7 942 0.0058268228798436655 3
7 943 0.005826794253666055 3
7 944 0.0058267942549708905 3
7 945 0.005826831415223406 3
7 946 0.0058268228798436655 3
7 947 0.005826822878644711 3
7 948 0.005826831414126716 3
7 949 0.005826794253666055 3
7 950 0.0058268228798436655 3
7 951 0.0058268228798436655 3
7 952 0.005826794253666055 3
7 953 0.0058267942549708905 3
7 954 0.005826822878644711 3
7 955 0.005826831415223406 3
7 956 0.005826794253666055 3
7 957 0.0058267942549708905 3
7 958 0.0058267942549708905 3
7 959 0.005826794253666055 3
7 960 0.0058268228798436655 3
7 961 0.005826794253666055 3
7 962 0.005826794253666055 3
7 963 0.0058268228798436655 3
7 964 0.005826794253666055 3
7 965 0.005826831415223406 3
7 966 0.0058267942549708905 3
7 967 0.11846696619515237 3
7 968 0.005826831415223406 3
7 969 0.005826794253666055 3
7 970 0.0058267942549708905 3
7 971 0.005826822878644711 3
7 972 0.0058267942549708905 3
7 973 0.005826794253666055 3
7 974 0.005826794253666055 3
7 975 0.005826831414126716 3
7 976 0.035429130675134785 3
7 977 0.005826794253666055 3
7 978 0.005826831415223406 3
7 979 0.0058268228798436655 3
7 980 0.005826794253666055 3
7 981 0.005826822878644711 3
7 982 0.005826822878644711 3
7 983 0.005826831414126716 3
7 984 0.005826822878644711 3
7 985 0.0058267942549708905 3
7 986 0.0058267942549708905 3
7 987 0.005826794253666055 3
7 988 0.0058267942549708905 3
7 989 0.005826831415223406 3
7 990 0.005826794253666055 3
7 991 0.005826794253666055 3
7 992 0.0058267942549708905 3
7 993 0.005826794253666055 3
7 994 0.0058267942549708905 3
7 995 0.005826831414126716 3
7 996 0.0058267942549708905 3
7 997 0.005826831414126716 3
7 998 0.0058268228798436655 3
7 999 0.0058268228798436655 3
7 1000 0.005826831414126716 3
7 1001 0.0058267942549708905 3
7 1002 0.005826831415223406 3
7 1003 0.005826822878644711 3
7 1004 0.005826822878644711 3
7 1005 0.005826831414126716 3
7 1006 0.005826822878644711 3
7 1007 0.0058267942549708905 3
7 1008 0.0058267942549708905 3
7 1009 0.005826831415223406 3
7 1010 0.005826822878644711 3
7 1011 0.005826831414126716 3
7 1012 0.005826794253666055 3
7 1013 0.005826831414126716 3
7 1014 0.005826794253666055 3
7 1015 0.005826831415223406 3
7 1016 0.005826794253666055 3
7 1017 0.005826831415223406 3
7 1018 0.005826794253666055 3
7 1019 0.005826822878644711 3
7 1020 0.019721501306797846 3
7 1021 0.005826822878644711 3
7 1022 0.005826831415223406 3
7 1023 0.005826822878644711 3
7 1024 0.005826831415223406 3
7 1025 0.0058268228798436655 3
7 1026 0.005826794253666055 3
7 1027 0.005826831414126716 3
7 1028 0.005826794253666055 3
7 1029 0.005826831414126716 3
7 1030 0.005826831415223406 3
7 1031 0.0058267942549708905 3
7 1032 0.0058267942549708905 3
7 1033 0.0058267942549708905 3
7 1034 0.005826831415223406 3
7 1035 0.005826831415223406 3
7 1036 0.005826831414126716 3
7 1037 0.005826831414126716 3
7 1038 0.0058268228798436655 3
7 1039 0.005826831415223406 3
7 1040 0.0058267942549708905 3
7 1041 0.005826831414126716 3
7 1042 0.0058268228798436655 3
7 1043 0.005826794253666055 3
7 1044 0.0058267942549708905 3
7 1045 0.005826831415223406 3
7 1046 0.005826831415223406 3
7 1047 0.005826831415223406 3
7 1048 0.0058268228798436655 3
7 1049 0.005826831415223406 3
7 1050 0.005826822878644711 3
7 1051 0.005826831414126716 3
7 1052 0.0058268228798436655 3
7 1053 0.0058268228798436655 3
7 1054 0.005826831414126716 3
7 1055 0.005826822878644711 3
7 1056 0.0058267942549708905 3
7 1057 0.005826794253666055 3
7 1058 0.0058268228798436655 3
7 1059 0.005826822878644711 3
7 1060 0.005826831415223406 3
7 1061 0.005826794253666055 3
7 1062 0.005826831415223406 3
7 1063 0.005826794253666055 3
7 1064 0.0058268228798436655 3
7 1065 0.005826831415223406 3
7 1066 0.005826831414126716 3
7 1067 0.005826794253666055 3
7 1068 0.0058267942549708905 3
7 1069 0.0058267942549708905 3
7 1070 0.005826822878644711 3
7 1071 0.005826794253666055 3
7 1072 0.005826822878644711 3
7 1073 0.005826822878644711 3
7 1074 0.005826794253666055 3
7 1075 0.005826831414126716 3
7 1076 0.005826822878644711 3
7 1077 0.0058267942549708905 3
7 1078 0.005826822878644711 3
7 1079 0.005826822878644711 3
7 1080 0.005826794253666055 3
7 1081 0.005826831415223406 3
7 1082 0.005826831415223406 3
7 1083 0.005826794253666055 3
7 1084 0.005826831414126716 3
7 1085 0.0058267942549708905 3
7 1086 0.005826822878644711 3
7 1087 0.005826794253666055 3
7 1088 0.005826831414126716 3
7 1089 0.005826794253666055 3
7 1090 0.005826794253666055 3
7 1091 0.005826822878644711 3
7 1092 0.0058267942549708905 3
7 1093 0.005826831415223406 3
7 1094 0.005826822878644711 3
7 1095 0.0058267942549708905 3
7 1096 0.0058268228798436655 3
7 1097 0.0058267942549708905 3
7 1098 0.07049860895758756 3
7 1099 0.005826831414126716 3
7 1100 0.005826831414126716 3
7 1101 0.005826831414126716 3
7 1102 0.0058268228798436655 3
7 1103 0.005826831414126716 3
7 1104 0.005826831415223406 3
7 1105 0.005826822878644711 3
7 1106 0.08079518161895806 3
7 1107 0.0058268228798436655 3
7 1108 0.005826831414126716 3
7 1109 0.005826794253666055 3
7 1110 0.0058267942549708905 3
7 1111 0.0058268228798436655 3
7 1112 0.005826831415223406 3
7 1113 0.005826831414126716 3
7 1114 0.005826831414126716 3
7 1115 0.005826831415223406 3
7 1116 0.0058267942549708905 3
7 1117 0.005826831414126716 3
7 1118 0.0058268228798436655 3
7 1119 0.005826831415223406 3
7 1120 0.0058268228798436655 3
7 1121 0.005826794253666055 3
7 1122 0.005826822878644711 3
7 1123 0.0058267942549708905 3
7 1124 0.005826794253666055 3
7 1125 0.005826822878644711 3
7 1126 0.0058267942549708905 3
7 1127 0.005826794253666055 3
7 1128 0.005826822878644711 3
7 1129 0.005826831414126716 3
7 1130 0.0058268228798436655 3
7 1131 0.005826831415223406 3
7 1132 0.005826822878644711 3
7 1133 0.005826822878644711 3
7 1134 0.005826794253666055 3
7 1135 0.005826831414126716 3
7 1136 0.0058267942549708905 3
7 1137 0.0058267942549708905 3
7 1138 0.005826831415223406 3
7 1139 0.0058267942549708905 3
7 1140 0.0058267942549708905 3
7 1141 0.005826794253666055 3
7 1142 0.005826794253666055 3
7 1143 0.005826831414126716 3
7 1144 0.005826794253666055 3
7 1145 0.12178818415604085 3
7 1146 0.005826831414126716 3
7 1147 0.0058267942549708905 3
7 1148 0.12787523052865654 3
7 1149 0.0058268228798436655 3
7 1150 0.005826831415223406 3
7 1151 0.005826831415223406 3
7 1152 0.0058267942549708905 3
7 1153 0.0058268228798436655 3
7 1154 0.0058268228798436655 3
7 1155 0.10245967465299478 3
7 1156 0.005826831414126716 3
7 1157 0.0058267942549708905 3
7 1158 0.005826794253666055 3
7 1159 0.005826831415223406 3
7 1160 0.005826822878644711 3
7 1161 0.005826831415223406 3
7 1162 0.0058267942549708905 3
7 1163 0.0058268228798436655 3
7 1164 0.0058268228798436655 3
7 1165 0.005826794253666055 3
7 1166 0.005826794253666055 3
7 1167 0.019724021267424615 3
7 1168 0.005826831414126716 3
7 1169 0.005826831414126716 3
7 1170 0.005826822878644711 3
7 1171 0.005826822878644711 3
7 1172 0.07001036180281098 3
7 1173 0.07447141776141378 3
7 1174 0.005826831414126716 3
7 1175 0.005826831415223406 3
7 1176 0.0058268228798436655 3
7 1177 0.02021947151612023 3
7 1178 0.07231993107741007 3
7 1179 0.0058267942549708905 3
7 1180 0.005826831414126716 3
7 1181 0.005826831415223406 3
7 1182 0.0058267942549708905 3
7 1183 0.005826831414126716 3
7 1184 0.03250579212875927 3
7 1185 0.005826831415223406 3
7 1186 0.005826822878644711 3
7 1187 0.005826831415223406 3
7 1188 0.005826831414126716 3
7 1189 0.0058268228798436655 3
7 1190 0.005826822878644711 3
7 1191 0.005826794253666055 3
7 1192 0.005826831415223406 3
7 1193 0.005826831415223406 3
7 1194 0.0058267942549708905 3
7 1195 0.005826831415223406 3
7 1196 0.0058267942549708905 3
7 1197 0.005826794253666055 3
7 1198 0.17611575129242613 3
7 1199 0.005826822878644711 3
7 1200 0.0058268228798436655 3
7 1201 0.0371239461579823 3
7 1202 0.0058267942549708905 3
7 1203 0.12540963970996183 3
7 1204 0.0058267942549708905 3
7 1205 0.0058267942549708905 3
7 1206 0.005826794253666055 3
7 1207 0.005826822878644711 3
7 1208 0.005826831415223406 3
7 1209 0.0058268228798436655 3
7 1210 0.005826794253666055 3
7 1211 0.005826822878644711 3
7 1212 0.005826831414126716 3
7 1213 0.005826794253666055 3
7 1214 0.0058267942549708905 3
7 1215 0.0058268228798436655 3
7 1216 0.005826831415223406 3
7 1217 0.0058267942549708905 3
7 1218 0.0058268228798436655 3
7 1219 0.005826831414126716 3
7 1220 0.012261078246464482 3
7 1221 0.0058267942549708905 3
7 1222 0.0058267942549708905 3
7 1223 0.0058268228798436655 3
7 1224 0.0058267942549708905 3
7 1225 0.0058267942549708905 3
7 1226 0.005826831415223406 3
7 1227 0.020219471510166787 3
7 1228 0.0058268228798436655 3
7 1229 0.005826822878644711 3
7 1230 0.005826831415223406 3
7 1231 0.0058268228798436655 3
7 1232 0.0058268228798436655 3
7 1233 0.005826831415223406 3
7 1234 0.005826831415223406 3
7 1235 0.005826794253666055 3
7 1236 0.019570702139796923 3
7 1237 0.005826822878644711 3
7 1238 0.0058267942549708905 3
7 1239 0.005826794253666055 3
7 1240 0.0058267942549708905 3
7 1241 0.005826831414126716 3
7 1242 0.0058267942549708905 3
7 1243 0.005826831414126716 3
7 1244 0.005826794253666055 3
7 1245 0.005826822878644711 3
7 1246 0.005826831415223406 3
7 1247 0.005826831415223406 3
7 1248 0.07404657179778268 3
7 1249 0.005826794253666055 3
7 1250 0.0058267942549708905 3
7 1251 0.005826794253666055 3
7 1252 0.0058268228798436655 3
7 1253 0.0058268228798436655 3
7 1254 0.0058268228798436655 3
7 1255 0.005826794253666055 3
7 1256 0.005826831415223406 3
7 1257 0.12178817956871713 3
7 1258 0.0058267942549708905 3
7 1259 0.0058268228798436655 3
7 1260 0.005826822878644711 3
7 1261 0.005826822878644711 3
7 1262 0.0058267942549708905 3
7 1263 0.05987204776012619 3
7 1264 0.0058268228798436655 3
7 1265 0.036240709101833586 3
7 1266 0.005826794253666055 3
7 1267 0.005826831414126716 3
7 1268 0.01950803571347117 3
7 1269 0.005826831414126716 3
7 1270 0.005826822878644711 3
7 1271 0.005826794253666055 3
7 1272 0.005826831415223406 3
7 1273 0.005826831414126716 3
7 1274 0.005826831415223406 3
7 1275 0.005826831415223406 3
7 1276 0.005826831415223406 3
7 1277 0.0058268228798436655 3
7 1278 0.005826831414126716 3
7 1279 0.005826831415223406 3
7 1280 0.005826822878644711 3
7 1281 0.005826794253666055 3
7 1282 0.0058267942549708905 3
7 1283 0.005826831415223406 3
7 1284 0.005826794253666055 3
7 1285 0.005826831414126716 3
7 1286 0.005826794253666055 3
7 1287 0.0058268228798436655 3
7 1288 0.005826831414126716 3
7 1289 0.018881652221904882 3
7 1290 0.005826822878644711 3
7 1291 0.0058267942549708905 3
7 1292 0.07372221746968671 3
7 1293 0.005826822878644711 3
7 1294 0.005826822878644711 3
7 1295 0.07450663748207935 3
7 1296 0.005826822878644711 3
7 1297 0.0058268228798436655 3
7 1298 0.005826831415223406 3
7 1299 0.005826822878644711 3
7 1300 0.005826831414126716 3
7 1301 0.005826831414126716 3
7 1302 0.005826831414126716 3
7 1303 0.005826794253666055 3
7 1304 0.005826822878644711 3
7 1305 0.005826794253666055 3
7 1306 0.005826794253666055 3
7 1307 0.005826794253666055 3
7 1308 0.0058267942549708905 3
7 1309 0.02808296183949028 3
7 1310 0.019707400834159547 3
7 1311 0.005826794253666055 3
7 1312 0.005826822878644711 3
7 1313 0.005826794253666055 3
7 1314 0.005826831414126716 3
7 1315 0.005826794253666055 3
7 1316 0.005826794253666055 3
7 1317 0.005826794253666055 3
7 1318 0.005826822878644711 3
7 1319 0.0058268228798436655 3
7 1320 0.005826822878644711 3
7 1321 0.005826822878644711 3
7 1322 0.0058268228798436655 3
7 1323 0.005826831414126716 3
7 1324 0.005826831415223406 3
7 1325 0.0058267942549708905 3
7 1326 0.005826822878644711 3
7 1327 0.005826831414126716 3
7 1328 0.005826794253666055 3
7 1329 0.0058267942549708905 3
7 1330 0.0058267942549708905 3
7 1331 0.005826831415223406 3
7 1332 0.0058268228798436655 3
7 1333 0.005826794253666055 3
7 1334 0.019729185974961417 3
7 1335 0.005826831415223406 3
7 1336 0.005826822878644711 3
7 1337 0.0058267942549708905 3
7 1338 0.005826831415223406 3
7 1339 0.005826794253666055 3
7 1340 0.005826831414126716 3
7 1341 0.0058267942549708905 3
7 1342 0.0058267942549708905 3
7 1343 0.005826822878644711 3
7 1344 0.15214107697650783 3
7 1345 0.005826831414126716 3
7 1346 0.005826831414126716 3
7 1347 0.005826831415223406 3
7 1348 0.005826794253666055 3
7 1349 0.0058267942549708905 3
7 1350 0.0058267942549708905 3
7 1351 0.005826822878644711 3
7 1352 0.005826831415223406 3
7 1353 0.005826794253666055 3
7 1354 0.0058267942549708905 3
7 1355 0.005826822878644711 3
7 1356 0.005826831415223406 3
7 1357 0.005826831414126716 3
7 1358 0.005826794253666055 3
7 1359 0.0058268228798436655 3
7 1360 0.005826794253666055 3
7 1361 0.005826794253666055 3
7 1362 0.05987204776012619 3
7 1363 0.005826831414126716 3
7 1364 0.005826822878644711 3
7 1365 0.0058267942549708905 3
7 1366 0.1894289606499013 3
7 1367 0.005826794253666055 3
7 1368 0.005826831414126716 3
7 1369 0.0058267942549708905 3
7 1370 0.005826822878644711 3
7 1371 0.005826794253666055 3
7 1372 0.005826822878644711 3
7 1373 0.005826831415223406 3
7 1374 0.005826831415223406 3
7 1375 0.019052661208590657 3
7 1376 0.005826794253666055 3
7 1377 0.005826831414126716 3
7 1378 0.0058268228798436655 3
7 1379 0.07447144276600999 3
7 1380 0.005826831414126716 3
7 1381 0.0058267942549708905 3
7 1382 0.005826831415223406 3
7 1383 0.0058267942549708905 3
7 1384 0.0058268228798436655 3
7 1385 0.005826831415223406 3
7 1386 0.005826794253666055 3
7 1387 0.005826831415223406 3
7 1388 0.005826794253666055 3
7 1389 0.0058268228798436655 3
7 1390 0.005826822878644711 3
7 1391 0.005826822878644711 3
7 1392 0.005826794253666055 3
7 1393 0.0058267942549708905 3
7 1394 0.005826831415223406 3
7 1395 0.005826831414126716 3
7 1396 0.005826831414126716 3
7 1397 0.005826831414126716 3
7 1398 0.005826822878644711 3
7 1399 0.0058268228798436655 3
7 1400 0.005826831414126716 3
7 1401 0.0058268228798436655 3
7 1402 0.0058268228798436655 3
7 1403 0.005826822878644711 3
7 1404 0.005826794253666055 3
7 1405 0.005826831415223406 3
7 1406 0.0058268228798436655 3
7 1407 0.0058267942549708905 3
7 1408 0.005826822878644711 3
7 1409 0.1746867468357587 3
7 1410 0.005826822878644711 3
7 1411 0.005826831414126716 3
7 1412 0.005826794253666055 3
7 1413 0.005826794253666055 3
7 1414 0.005826794253666055 3
7 1415 0.005826831414126716 3
7 1416 0.0058268228798436655 3
7 1417 0.03542912363168129 3
7 1418 0.005826831414126716 3
7 1419 0.0058267942549708905 3
7 1420 0.0058267942549708905 3
7 1421 0.07455046219836345 3
7 1422 0.07059960674123054 3
7 1423 0.005826831415223406 3
7 1424 0.005826822878644711 3
7 1425 0.0058267942549708905 3
7 1426 0.005826822878644711 3
7 1427 0.0058268228798436655 3
7 1428 0.0058267942549708905 3
7 1429 0.0058267942549708905 3
7 1430 0.005826831414126716 3
7 1431 0.005826794253666055 3
7 1432 0.005826831415223406 3
7 1433 0.1761157512924867 3
7 1434 0.0058267942549708905 3
7 1435 0.0058267942549708905 3
7 1436 0.0058267942549708905 3
7 1437 0.005826794253666055 3
7 1438 0.005826794253666055 3
7 1439 0.0058267942549708905 3
7 1440 0.005826794253666055 3
7 1441 0.0058267942549708905 3
7 1442 0.06940902028715963 3
7 1443 0.0058268228798436655 3
7 1444 0.0058268228798436655 3
7 1445 0.0058268228798436655 3
7 1446 0.005826794253666055 3
7 1447 0.005826831415223406 3
7 1448 0.005826831415223406 3
7 1449 0.005826794253666055 3
7 1450 0.020459982421360892 3
7 1451 1.5278551933790099 3
7 1452 0.005826831414126716 3
7 1453 0.005826831415223406 3
7 1454 0.005826831414126716 3
7 1455 0.005826822878644711 3
7 1456 0.005826822878644711 3
7 1457 0.005826794253666055 3
7 1458 0.005826831414126716 3
7 1459 0.0058268228798436655 3
7 1460 0.005826822878644711 3
7 1461 0.005826822878644711 3
7 1462 0.0058267942549708905 3
7 1463 0.0058267942549708905 3
7 1464 0.005826831415223406 3
7 1465 0.0058268228798436655 3
7 1466 0.005826831415223406 3
7 1467 0.005826831414126716 3
7 1468 0.005826794253666055 3
7 1469 0.005826831415223406 3
7 1470 0.005826831415223406 3
7 1471 0.005826831414126716 3
7 1472 0.0058267942549708905 3
7 1473 0.0058268228798436655 3
7 1474 0.005826831415223406 3
7 1475 0.005826831415223406 3
7 1476 0.005826822878644711 3
7 1477 0.005826831414126716 3
7 1478 0.005826831415223406 3
7 1479 0.005826822878644711 3
7 1480 0.0058268228798436655 3
7 1481 0.005826831414126716 3
7 1482 0.0652818429763412 3
7 1483 0.018878955826726416 3
7 1484 0.005826831415223406 3
7 1485 0.005826794253666055 3
7 1486 0.0058267942549708905 3
7 1487 0.022378701232667306 3
7 1488 0.005826831414126716 3
7 1489 0.0058268228798436655 3
7 1490 0.0058267942549708905 3
7 1491 0.005826831415223406 3
7 1492 0.005826831414126716 3
7 1493 0.005826794253666055 3
7 1494 0.005826822878644711 3
7 1495 0.005826794253666055 3
7 1496 0.005826831414126716 3
7 1497 0.005826831415223406 3
7 1498 0.0058267942549708905 3
7 1499 0.0058267942549708905 3
7 1500 0.005826831415223406 3
7 1501 0.005826831415223406 3
7 1502 0.005826822878644711 3
7 1503 0.06460963574366374 3
7 1504 0.0058267942549708905 3
7 1505 0.005826822878644711 3
7 1506 0.005826831414126716 3
7 1507 0.005826831415223406 3
7 1508 0.005826794253666055 3
7 1509 0.005826822878644711 3
7 1510 0.005826831414126716 3
7 1511 0.005826831415223406 3
7 1512 0.005826831414126716 3
7 1513 0.005826794253666055 3
7 1514 0.005826831415223406 3
7 1515 0.005826831415223406 3
7 1516 0.005826831414126716 3
7 1517 0.009427056323365936 3
7 1518 0.005826831414126716 3
7 1519 0.005826831414126716 3
7 1520 0.005826831414126716 3
7 1521 0.0058268228798436655 3
7 1522 0.005826794253666055 3
7 1523 0.09896352599717004 3
7 1524 0.0058268228798436655 3
7 1525 0.005826831414126716 3
7 1526 0.0058267942549708905 3
7 1527 0.0058268228798436655 3
7 1528 0.005826822878644711 3
7 1529 0.0058268228798436655 3
7 1530 0.005826822878644711 3
7 1531 0.005826831415223406 3
7 1532 0.09896353305980302 3
7 1533 0.005826831415223406 3
7 1534 0.0058267942549708905 3
7 1535 0.005826831414126716 3
7 1536 0.0058267942549708905 3
7 1537 0.005826794253666055 3
7 1538 0.005826794253666055 3
7 1539 0.005826831415223406 3
7 1540 0.005826794253666055 3
7 1541 0.0058267942549708905 3
7 1542 0.0058267942549708905 3
7 1543 0.0058267942549708905 3
7 1544 0.005826822878644711 3
7 1545 0.005826831415223406 3
7 1546 0.005826822878644711 3
7 1547 0.005826831414126716 3
7 1548 0.005826794253666055 3
7 1549 0.005826831414126716 3
7 1550 0.005826831414126716 3
7 1551 0.005826794253666055 3
7 1552 0.005826822878644711 3
7 1553 0.0058267942549708905 3
7 1554 0.005826831415223406 3
7 1555 0.005826831414126716 3
7 1556 0.005826794253666055 3
7 1557 0.0058267942549708905 3
7 1558 0.0058267942549708905 3
7 1559 0.005826822878644711 3
7 1560 0.0058268228798436655 3
7 1561 0.0058267942549708905 3
7 1562 0.0058267942549708905 3
7 1563 0.005826822878644711 3
7 1564 0.005826831414126716 3
7 1565 0.005826794253666055 3
7 1566 0.0058268228798436655 3
7 1567 0.005826831415223406 3
7 1568 0.005826822878644711 3
7 1569 0.005826794253666055 3
7 1570 0.005826822878644711 3
7 1571 0.005826831415223406 3
7 1572 0.005826794253666055 3
7 1573 0.005826822878644711 3
7 1574 0.0058267942549708905 3
7 1575 0.005826831415223406 3
7 1576 0.04066728828680813 3
7 1577 0.0058268228798436655 3
7 1578 0.02786811584518221 3
7 1579 0.0058267942549708905 3
7 1580 0.07059960674123054 3
7 1581 0.0058268228798436655 3
7 1582 0.005826822878644711 3
7 1583 0.0058267942549708905 3
7 1584 0.005826831415223406 3
7 1585 0.0058268228798436655 3
7 1586 0.005826831414126716 3
7 1587 0.005826831415223406 3
7 1588 0.0058268228798436655 3
7 1589 0.005826794253666055 3
7 1590 0.06460963574330993 3
7 1591 0.005826831415223406 3
7 1592 0.005826831414126716 3
7 1593 0.005826822878644711 3
7 1594 0.005826794253666055 3
7 1595 0.10152710587180702 3
7 1596 0.005826831415223406 3
7 1597 0.0058267942549708905 3
7 1598 0.005826831415223406 3
7 1599 0.005826831414126716 3
7 1600 0.44440960592070633 3
7 1601 0.005826794253666055 3
7 1602 0.0058267942549708905 3
7 1603 0.005826831415223406 3
7 1604 0.0058268228798436655 3
7 1605 0.0058267942549708905 3
7 1606 0.005826822878644711 3
7 1607 0.0058268228798436655 3
7 1608 0.0058268228798436655 3
7 1609 0.005826794253666055 3
7 1610 0.0058267942549708905 3
7 1611 0.0058268228798436655 3
7 1612 0.005826831414126716 3
7 1613 0.005826831415223406 3
7 1614 0.0058268228798436655 3
7 1615 0.0058267942549708905 3
7 1616 0.005826822878644711 3
7 1617 1.118148915412821 3
7 1618 0.005826822878644711 3
7 1619 0.0058267942549708905 3
7 1620 0.07372221746968671 3
7 1621 0.005826831415223406 3
7 1622 0.0058268228798436655 3
7 1623 0.0058267942549708905 3
7 1624 0.005826822878644711 3
7 1625 0.0058268228798436655 3
7 1626 0.005826822878644711 3
7 1627 0.005826831415223406 3
7 1628 0.005826831415223406 3
7 1629 0.005826822878644711 3
7 1630 0.005826822878644711 3
7 1631 0.005826822878644711 3
7 1632 0.005826831415223406 3
7 1633 0.005826822878644711 3
7 1634 0.005826822878644711 3
7 1635 0.005826831414126716 3
7 1636 0.005826831414126716 3
7 1637 0.0058267942549708905 3
7 1638 0.005826831414126716 3
7 1639 0.005826831414126716 3
7 1640 0.005826831415223406 3
7 1641 0.03128613089226842 3
7 1642 0.005826822878644711 3
7 1643 0.0058267942549708905 3
7 1644 0.005826822878644711 3
7 1645 0.005826822878644711 3
7 1646 0.0058268228798436655 3
7 1647 0.0058267942549708905 3
7 1648 0.005826831414126716 3
7 1649 0.005826831415223406 3
7 1650 0.005826831415223406 3
7 1651 0.005826831414126716 3
7 1652 0.019706758169787435 3
7 1653 0.005826831414126716 3
7 1654 0.005826822878644711 3
7 1655 0.0058267942549708905 3
7 1656 0.03128610733048026 3
7 1657 0.0058267942549708905 3
7 1658 0.05050476090517665 3
7 1659 0.005826794253666055 3
7 1660 0.02237870122796421 3
7 1661 0.005826794253666055 3
7 1662 0.0058268228798436655 3
7 1663 0.005826831415223406 3
7 1664 0.0058267942549708905 3
7 1665 0.0058267942549708905 3
7 1666 0.005826831415223406 3
7 1667 0.0058268228798436655 3
7 1668 0.005826831414126716 3
7 1669 0.0058267942549708905 3
7 1670 0.005826831414126716 3
7 1671 0.0058268228798436655 3
7 1672 0.005826822878644711 3
7 1673 0.005826822878644711 3
7 1674 0.0058268228798436655 3
7 1675 0.005826794253666055 3
7 1676 0.005826831415223406 3
7 1677 1.108661341527948 3
7 1678 0.005826831415223406 3
7 1679 0.005826831415223406 3
7 1680 0.005826831414126716 3
7 1681 0.005826831415223406 3
7 1682 0.0058268228798436655 3
7 1683 0.11987806209861697 3
7 1684 0.005826831415223406 3
7 1685 0.005826822878644711 3
7 1686 0.005826822878644711 3
7 1687 0.005826831415223406 3
7 1688 0.0058267942549708905 3
7 1689 0.005826794253666055 3
7 1690 0.0058267942549708905 3
7 1691 0.1746867468357587 3
7 1692 0.005826794253666055 3
7 1693 0.005826831415223406 3
7 1694 0.005826794253666055 3
7 1695 0.444409813380282 3
7 1696 0.0058268228798436655 3
7 1697 0.005826794253666055 3
7 1698 0.005826794253666055 3
7 1699 0.0058267942549708905 3
7 1700 0.0058268228798436655 3
7 1701 0.005826794253666055 3
7 1702 0.005826822878644711 3
7 1703 0.005826831415223406 3
7 1704 0.0058268228798436655 3
7 1705 0.005826794253666055 3
7 1706 0.005826794253666055 3
7 1707 0.0058268228798436655 3
7 1708 0.005826831415223406 3
7 1709 0.005826794253666055 3
7 1710 0.0058267942549708905 3
7 1711 0.0058267942549708905 3
7 1712 0.0058268228798436655 3
7 1713 0.005826831414126716 3
7 1714 0.0058268228798436655 3
7 1715 0.005826831415223406 3
7 1716 0.0058268228798436655 3
7 1717 0.005826794253666055 3
7 1718 0.005826822878644711 3
7 1719 0.005826831414126716 3
7 1720 0.005826831415223406 3
7 1721 0.005826794253666055 3
7 1722 0.005826794253666055 3
7 1723 0.005826822878644711 3
7 1724 0.005826822878644711 3
7 1725 0.0058268228798436655 3
7 1726 0.019803707413882 3
7 1727 0.005826831414126716 3
7 1728 0.0058268228798436655 3
7 1729 0.17611575129242613 3
7 1730 0.005826831414126716 3
7 1731 0.005826831415223406 3
7 1732 0.0058268228798436655 3
7 1733 0.1294181327985162 3
7 1734 0.0058267942549708905 3
7 1735 0.08079579156354608 3
7 1736 0.0058268228798436655 3
7 1737 0.005826822878644711 3
7 1738 0.019691316979842294 3
7 1739 0.005826831414126716 3
7 1740 0.005826822878644711 3
7 1741 0.005826831414126716 3
7 1742 0.005826831415223406 3
7 1743 0.019052661208810825 3
7 1744 0.005826822878644711 3
7 1745 0.005826822878644711 3
7 1746 0.005826822878644711 3
7 1747 0.005826831415223406 3
7 1748 0.005826794253666055 3
7 1749 0.005826794253666055 3
7 1750 0.005826794253666055 3
7 1751 0.0058268228798436655 3
7 1752 0.0058268228798436655 3
7 1753 0.005826794253666055 3
7 1754 0.005826831415223406 3
7 1755 0.005826831414126716 3
7 1756 0.005826831414126716 3
7 1757 0.019703495165948253 3
7 1758 0.005826831415223406 3
7 1759 0.0058267942549708905 3
7 1760 0.0058268228798436655 3
7 1761 0.005826822878644711 3
7 1762 0.005826822878644711 3
7 1763 0.005826822878644711 3
7 1764 0.0058268228798436655 3
7 1765 0.005826822878644711 3
7 1766 0.0058268228798436655 3
7 1767 0.0058267942549708905 3
7 1768 0.005826822878644711 3
7 1769 0.0058268228798436655 3
7 1770 0.0058268228798436655 3
7 1771 0.005826831415223406 3
7 1772 0.005826822878644711 3
7 1773 0.005826831414126716 3
7 1774 0.06528184297634293 3
7 1775 0.005826831415223406 3
7 1776 0.005826831415223406 3
7 1777 0.005826831415223406 3
7 1778 0.005826794253666055 3
7 1779 0.0058268228798436655 3
7 1780 0.005826831415223406 3
7 1781 0.0058267942549708905 3
7 1782 0.005826831415223406 3
7 1783 0.0058268228798436655 3
7 1784 0.01969131698032748 3
7 1785 0.005826831415223406 3
7 1786 0.0058268228798436655 3
7 1787 0.005826822878644711 3
7 1788 0.0058267942549708905 3
7 1789 0.0058267942549708905 3
7 1790 0.05987204776012756 3
7 1791 0.0058267942549708905 3
7 1792 0.005826822878644711 3
7 1793 0.005826822878644711 3
7 1794 0.0058267942549708905 3
7 1795 0.005826822878644711 3
7 1796 0.0058267942549708905 3
7 1797 0.005826831415223406 3
7 1798 0.0058267942549708905 3
7 1799 0.005826831415223406 3
7 1800 0.0058268228798436655 3
7 1801 0.0058267942549708905 3
7 1802 0.005826794253666055 3
7 1803 0.005826794253666055 3
7 1804 0.0058267942549708905 3
7 1805 0.005826822878644711 3
7 1806 0.005826794253666055 3
7 1807 0.0058268228798436655 3
7 1808 0.012261086210707239 3
7 1809 0.005826794253666055 3
7 1810 0.1703518164078304 3
7 1811 0.0058268228798436655 3
7 1812 0.018976604981479742 3
7 1813 0.0058267942549708905 3
7 1814 0.005826794253666055 3
7 1815 0.005826831414126716 3
7 1816 0.0058267942549708905 3
7 1817 0.005826831414126716 3
7 1818 0.005826831415223406 3
7 1819 0.005826822878644711 3
7 1820 0.01972057781975663 3
7 1821 0.005826822878644711 3
7 1822 0.005826831414126716 3
7 1823 0.005826822878644711 3
7 1824 0.0058267942549708905 3
7 1825 0.07450663734551904 3
7 1826 0.005826822878644711 3
7 1827 0.0058267942549708905 3
7 1828 0.06528184297634139 3
7 1829 0.005826794253666055 3
7 1830 0.005826822878644711 3
7 1831 0.005826831415223406 3
7 1832 0.005826822878644711 3
7 1833 0.005826794253666055 3
7 1834 0.0058268228798436655 3
7 1835 0.005826794253666055 3
7 1836 0.005826831414126716 3
7 1837 0.005826831414126716 3
7 1838 0.0058268228798436655 3
7 1839 0.005826794253666055 3
7 1840 0.005826831415223406 3
7 1841 0.0058267942549708905 3
7 1842 0.04679508795230455 3
7 1843 0.005826794253666055 3
7 1844 0.0058268228798436655 3
7 1845 0.0058268228798436655 3
7 1846 0.005826794253666055 3
7 1847 0.005826822878644711 3
7 1848 0.005826831414126716 3
7 1849 0.4865787306728564 3
7 1850 0.0058267942549708905 3
7 1851 0.005826831415223406 3
7 1852 0.005826831415223406 3
7 1853 0.005826822878644711 3
7 1854 0.005826831414126716 3
7 1855 0.0058267942549708905 3
7 1856 0.005826831415223406 3
7 1857 0.005826831415223406 3
7 1858 0.0058267942549708905 3
7 1859 0.0058267942549708905 3
7 1860 0.0058267942549708905 3
7 1861 0.005826831415223406 3
7 1862 0.005826831415223406 3
7 1863 0.0058268228798436655 3
7 1864 0.005826831415223406 3
7 1865 0.005826822878644711 3
7 1866 0.005826794253666055 3
7 1867 0.005826831415223406 3
7 1868 0.0058268228798436655 3
7 1869 0.0058267942549708905 3
7 1870 0.005826831415223406 3
7 1871 0.005826831415223406 3
7 1872 0.005826831414126716 3
7 1873 0.0058268228798436655 3
7 1874 0.0058268228798436655 3
7 1875 0.005826831414126716 3
7 1876 0.005826794253666055 3
7 1877 0.0058268228798436655 3
7 1878 0.005826831414126716 3
7 1879 0.005826822878644711 3
7 1880 0.005826794253666055 3
7 1881 0.0058268228798436655 3
7 1882 0.0058267942549708905 3
7 1883 0.005826831415223406 3
7 1884 0.0058268228798436655 3
7 1885 0.0058267942549708905 3
7 1886 0.0058268228798436655 3
7 1887 0.005826794253666055 3
7 1888 0.0058268228798436655 3
7 1889 0.005826822878644711 3
7 1890 0.005826794253666055 3
7 1891 0.0058268228798436655 3
7 1892 0.005826831415223406 3
7 1893 0.005826831414126716 3
7 1894 0.005826831414126716 3
7 1895 0.005826831414126716 3
7 1896 0.005826822878644711 3
7 1897 0.0058267942549708905 3
7 1898 0.005826831415223406 3
7 1899 0.005826831415223406 3
7 1900 0.005826794253666055 3
7 1901 0.0058268228798436655 3
7 1902 0.005826794253666055 3
7 1903 0.005826822878644711 3
7 1904 0.0058267942549708905 3
7 1905 0.005826831414126716 3
7 1906 0.0058268228798436655 3
7 1907 0.005826794253666055 3
7 1908 0.005826822878644711 3
7 1909 0.005826794253666055 3
7 1910 0.005826831415223406 3
7 1911 0.14385707786374796 3
7 1912 0.005826794253666055 3
7 1913 0.005826831414126716 3
7 1914 0.0058267942549708905 3
7 1915 0.005826831414126716 3
7 1916 0.0058268228798436655 3
7 1917 0.005826831415223406 3
7 1918 0.005826831414126716 3
7 1919 0.07001036184981539 3
7 1920 0.005826831414126716 3
7 1921 0.005826831415223406 3
7 1922 0.10245945594993931 3
7 1923 0.005826794253666055 3
7 1924 0.005826831414126716 3
7 1925 0.005826822878644711 3
7 1926 0.0058267942549708905 3
7 1927 0.005826794253666055 3
7 1928 0.005826822878644711 3
7 1929 0.0058267942549708905 3
7 1930 0.005826822878644711 3
7 1931 0.005826822878644711 3
7 1932 0.005826831414126716 3
7 1933 0.005826831415223406 3
7 1934 0.06929029414457318 3
7 1935 0.005826822878644711 3
7 1936 0.0058267942549708905 3
7 1937 0.005826831415223406 3
7 1938 0.005826831414126716 3
7 1939 0.005826831414126716 3
7 1940 0.0666675624633368 3
7 1941 0.005826794253666055 3
7 1942 0.0058267942549708905 3
7 1943 0.15214107697613036 3
7 1944 0.005826831414126716 3
7 1945 0.0058268228798436655 3
7 1946 0.0058267942549708905 3
7 1947 0.005826822878644711 3
7 1948 0.0058268228798436655 3
7 1949 0.005826831415223406 3
7 1950 0.0058268228798436655 3
7 1951 0.0058267942549708905 3
7 1952 0.0058268228798436655 3
7 1953 0.0058267942549708905 3
7 1954 0.005826831415223406 3
7 1955 0.005826831415223406 3
7 1956 0.0058268228798436655 3
7 1957 0.0058267942549708905 3
7 1958 0.005826822878644711 3
7 1959 0.005826794253666055 3
7 1960 0.005826822878644711 3
7 1961 0.005826794253666055 3
7 1962 0.005826831415223406 3
7 1963 0.0058267942549708905 3
7 1964 0.0058267942549708905 3
7 1965 0.0058268228798436655 3
7 1966 0.0058267942549708905 3
7 1967 0.019634772951744248 3
7 1968 0.005826794253666055 3
7 1969 0.0058267942549708905 3
7 1970 0.005826822878644711 3
7 1971 0.005826831414126716 3
7 1972 0.005826794253666055 3
7 1973 0.016652298476521214 3
7 1974 0.005826831414126716 3
7 1975 0.0058267942549708905 3
7 1976 0.005826822878644711 3
7 1977 0.17468674751195057 3
7 1978 0.005826831414126716 3
7 1979 0.0058267942549708905 3
7 1980 0.005826831415223406 3
7 1981 0.08826037560748981 3
7 1982 0.005826831414126716 3
7 1983 0.0058268228798436655 3
7 1984 0.0058267942549708905 3
7 1985 0.019570702139796923 3
7 1986 0.0058268228798436655 3
7 1987 0.0058268228798436655 3
7 1988 0.0058268228798436655 3
7 1989 0.005826822878644711 3
7 1990 0.17611575289511924 3
7 1991 0.0058267942549708905 3
7 1992 0.0058267942549708905 3
7 1993 0.005826831415223406 3
7 1994 0.005826831415223406 3
7 1995 0.005826831414126716 3
7 1996 0.005826794253666055 3
7 1997 0.005826831414126716 3
7 1998 0.005826822878644711 3
7 1999 0.005826794253666055 3
8 0 0.005826794253666055 3
8 1 0.005826794253666055 3
8 2 0.005826794253666055 3
8 3 0.005826794253666055 3
8 4 0.005826794253666055 3
8 5 0.005826794253666055 3
8 6 0.005826794253666055 3
8 7 0.005826794253666055 3
8 8 0.005826794253666055 3
8 9 0.005826794253666055 3
8 10 0.005826794253666055 3
8 11 0.005826794253666055 3
8 12 0.005826794253666055 3
8 13 0.005826794253666055 3
8 14 0.005826794253666055 3
8 15 0.005826794253666055 3
8 16 0.005826794253666055 3
8 17 0.005826794253666055 3
8 18 0.005826794253666055 3
8 19 0.005826794253666055 3
8 20 0.005826794253666055 3
8 21 0.005826794253666055 3
8 22 0.005826794253666055 3
8 23 0.005826794253666055 3
8 24 0.005826794253666055 3
8 25 0.005826794253666055 3
8 26 0.005826794253666055 3
8 27 0.005826794253666055 3
8 28 0.005826794253666055 3
8 29 0.005826794253666055 3
8 30 0.005826794253666055 3
8 31 0.005826794253666055 3
8 32 0.005826794253666055 3
8 33 0.005826794253666055 3
8 34 0.005826794253666055 3
8 35 0.005826794253666055 3
8 36 0.005826794253666055 3
8 37 0.005826794253666055 3
8 38 0.005826794253666055 3
8 39 0.005826794253666055 3
8 40 0.005826794253666055 3
8 41 0.005826794253666055 3
8 42 0.005826794253666055 3
8 43 0.005826794253666055 3
8 44 0.005826794253666055 3
8 45 0.005826794253666055 3
8 46 0.005826794253666055 3
8 47 0.005826794253666055 3
8 48 0.005826794253666055 3
8 49 0.005826794253666055 3
8 50 0.005826794253666055 3
8 51 0.005826794253666055 3
8 52 0.005826794253666055 3
8 53 0.005826794253666055 3
8 54 0.005826794253666055 3
8 55 0.005826794253666055 3
8 56 0.005826794253666055 3
8 57 0.005826794253666055 3
8 58 0.005826794253666055 3
8 59 0.005826794253666055 3
8 60 0.005826794253666055 3
8 61 0.005826794253666055 3
8 62 0.005826794253666055 3
8 63 0.005826794253666055 3
8 64 0.005826794253666055 3
8 65 0.005826794253666055 3
8 66 0.005826794253666055 3
8 67 0.005826794253666055 3
8 68 0.005826794253666055 3
8 69 0.005826794253666055 3
8 70 0.005826794253666055 3
8 71 0.005826794253666055 3
8 72 0.005826794253666055 3
8 73 0.005826794253666055 3
8 74 0.005826794253666055 3
8 75 0.005826794253666055 3
8 76 0.005826794253666055 3
8 77 0.005826794253666055 3
8 78 0.005826794253666055 3
8 79 0.005826794253666055 3
8 80 0.005826794253666055 3
8 81 0.005826794253666055 3
8 82 0.005826794253666055 3
8 83 0.005826794253666055 3
8 84 0.005826794253666055 3
8 85 0.005826794253666055 3
8 86 0.005826794253666055 3
8 87 0.005826794253666055 3
8 88 0.005826794253666055 3
8 89 0.005826794253666055 3
8 90 0.005826794253666055 3
8 91 0.005826794253666055 3
8 92 0.005826794253666055 3
8 93 0.005826794253666055 3
8 94 0.005826794253666055 3
8 95 0.005826794253666055 3
8 96 0.005826794253666055 3
8 97 0.005826794253666055 3
8 98 0.005826794253666055 3
8 99 0.005826794253666055 3
8 100 0.005826794253666055 3
8 101 0.005826794253666055 3
8 102 0.005826794253666055 3
8 103 0.005826794253666055 3
8 104 0.005826794253666055 3
8 105 0.005826794253666055 3
8 106 0.005826794253666055 3
8 107 0.005826794253666055 3
8 108 0.005826794253666055 3
8 109 0.005826794253666055 3
8 110 0.005826794253666055 3
8 111 0.005826794253666055 3
8 112 0.005826794253666055 3
8 113 0.005826794253666055 3
8 114 0.005826794253666055 3
8 115 0.005826794253666055 3
8 116 0.005826794253666055 3
8 117 0.005826794253666055 3
8 118 0.005826794253666055 3
8 119 0.005826794253666055 3
8 120 0.005826794253666055 3
8 121 0.005826794253666055 3
8 122 0.005826794253666055 3
8 123 0.005826794253666055 3
8 124 0.005826794253666055 3
8 125 0.005826794253666055 3
8 126 0.005826794253666055 3
8 127 0.005826794253666055 3
8 128 0.005826794253666055 3
8 129 0.005826794253666055 3
8 130 0.005826794253666055 3
8 131 0.005826794253666055 3
8 132 0.005826794253666055 3
8 133 0.005826794253666055 3
8 134 0.005826794253666055 3
8 135 0.005826794253666055 3
8 136 0.005826794253666055 3
8 137 0.005826794253666055 3
8 138 0.005826794253666055 3
8 139 0.005826794253666055 3
8 140 0.005826794253666055 3
8 141 0.005826794253666055 3
8 142 0.005826794253666055 3
8 143 0.005826794253666055 3
8 144 0.005826794253666055 3
8 145 0.005826794253666055 3
8 146 0.005826794253666055 3
8 147 0.005826794253666055 3
8 148 0.005826794253666055 3
8 149 0.005826794253666055 3
8 150 0.005826794253666055 3
8 151 0.005826794253666055 3
8 152 0.005826794253666055 3
8 153 0.005826794253666055 3
8 154 0.005826794253666055 3
8 155 0.005826794253666055 3
8 156 0.005826794253666055 3
8 157 0.005826794253666055 3
8 158 0.005826794253666055 3
8 159 0.005826794253666055 3
8 160 0.005826794253666055 3
8 161 0.005826794253666055 3
8 162 0.005826794253666055 3
8 163 0.005826794253666055 3
8 164 0.005826794253666055 3
8 165 0.005826794253666055 3
8 166 0.005826794253666055 3
8 167 0.005826794253666055 3
8 168 0.005826794253666055 3
8 169 0.005826794253666055 3
8 170 0.005826794253666055 3
8 171 0.005826794253666055 3
8 172 0.005826794253666055 3
8 173 0.005826794253666055 3
8 174 0.005826794253666055 3
8 175 0.005826794253666055 3
8 176 0.005826794253666055 3
8 177 0.005826794253666055 3
8 178 0.005826794253666055 3
8 179 0.005826794253666055 3
8 180 0.005826794253666055 3
8 181 0.005826794253666055 3
8 182 0.005826794253666055 3
8 183 0.005826794253666055 3
8 184 0.005826794253666055 3
8 185 0.005826794253666055 3
8 186 0.005826794253666055 3
8 187 0.005826794253666055 3
8 188 0.005826794253666055 3
8 189 0.005826794253666055 3
8 190 0.005826794253666055 3
8 191 0.005826794253666055 3
8 192 0.005826794253666055 3
8 193 0.005826794253666055 3
8 194 0.005826794253666055 3
8 195 0.005826794253666055 3
8 196 0.005826794253666055 3
8 197 0.005826794253666055 3
8 198 0.005826794253666055 3
8 199 0.005826794253666055 3
8 200 0.005826794253666055 3
8 201 0.005826831414126716 3
8 202 0.005826831414126716 3
8 203 0.005826831414126716 3
8 204 0.005826822878644711 3
8 205 0.005826831415223406 3
8 206 0.0058268228798436655 3
8 207 0.005826822878644711 3
8 208 0.005826831414126716 3
8 209 0.005826831414126716 3
8 210 0.005826831415223406 3
8 211 0.005826831414126716 3
8 212 0.005826831415223406 3
8 213 0.0058267942549708905 3
8 214 0.005826831415223406 3
8 215 0.005826831415223406 3
8 216 0.0058267942549708905 3
8 217 0.0058268228798436655 3
8 218 0.0058268228798436655 3
8 219 0.0058267942549708905 3
8 220 0.005826831414126716 3
8 221 0.005826822878644711 3
8 222 0.0058267942549708905 3
8 223 0.0058267942549708905 3
8 224 0.0058267942549708905 3
8 225 0.005826831414126716 3
8 226 0.005826831415223406 3
8 227 0.005826794253666055 3
8 228 0.005826822878644711 3
8 229 0.10857466461790595 3
8 230 0.005826831414126716 3
8 231 0.0058267942549708905 3
8 232 0.005826831414126716 3
8 233 0.005826822878644711 3
8 234 0.005826831415223406 3
8 235 0.0058267942549708905 3
8 236 0.005826794253666055 3
8 237 0.0058268228798436655 3
8 238 0.04492570585024856 3
8 239 0.005826822878644711 3
8 240 0.018696256411681298 3
8 241 0.0058268228798436655 3
8 242 0.005826831415223406 3
8 243 0.0058268228798436655 3
8 244 0.005826822878644711 3
8 245 0.005826831415223406 3
8 246 0.005826831415223406 3
8 247 0.005826831415223406 3
8 248 0.07199113412377328 3
8 249 0.0058268228798436655 3
8 250 0.0058268228798436655 3
8 251 0.0058268228798436655 3
8 252 0.005826831415223406 3
8 253 0.0058267942549708905 3
8 254 0.005826831414126716 3
8 255 0.0058268228798436655 3
8 256 0.005826794253666055 3
8 257 0.0058267942549708905 3
8 258 0.005826831414126716 3
8 259 0.005826831414126716 3
8 260 0.0058267942549708905 3
8 261 0.0058268228798436655 3
8 262 0.0058268228798436655 3
8 263 0.0058267942549708905 3
8 264 0.0058267942549708905 3
8 265 0.0058268228798436655 3
8 266 0.005826831415223406 3
8 267 0.005826831415223406 3
8 268 0.005826831414126716 3
8 269 0.0058267942549708905 3
8 270 0.005826831415223406 3
8 271 0.005826794253666055 3
8 272 0.005826822878644711 3
8 273 0.02318935307345905 3
8 274 0.005826822878644711 3
8 275 0.021294525554331527 3
8 276 0.0058268228798436655 3
8 277 0.005826831415223406 3
8 278 0.005826822878644711 3
8 279 0.005826794253666055 3
8 280 0.005826831414126716 3
8 281 0.005826822878644711 3
8 282 0.005826794253666055 3
8 283 0.005826822878644711 3
8 284 0.005826822878644711 3
8 285 0.005826822878644711 3
8 286 0.0058268228798436655 3
8 287 0.005826794253666055 3
8 288 0.005826794253666055 3
8 289 0.0058268228798436655 3
8 290 0.005826831414126716 3
8 291 0.0058267942549708905 3
8 292 0.07199113412358332 3
8 293 0.005826794253666055 3
8 294 0.005826831415223406 3
8 295 0.005826822878644711 3
8 296 0.0058268228798436655 3
8 297 0.005826831415223406 3
8 298 0.0058267942549708905 3
8 299 0.07404657177932251 3
8 300 0.005826822878644711 3
8 301 0.0058267942549708905 3
8 302 0.01972057781975663 3
8 303 0.0058267942549708905 3
8 304 0.005826831414126716 3
8 305 0.0058268228798436655 3
8 306 0.005826831415223406 3
8 307 0.005826794253666055 3
8 308 0.005826831414126716 3
8 309 0.005826831415223406 3
8 310 0.005826831414126716 3
8 311 0.005826831415223406 3
8 312 0.005826831415223406 3
8 313 0.0058267942549708905 3
8 314 0.0058268228798436655 3
8 315 0.01971456448135639 3
8 316 0.005826822878644711 3
8 317 0.005826794253666055 3
8 318 0.005826831415223406 3
8 319 0.0058267942549708905 3
8 320 0.005826794253666055 3
8 321 0.0058268228798436655 3
8 322 0.019691316979867236 3
8 323 0.005826831415223406 3
8 324 0.0058268228798436655 3
8 325 0.005826794253666055 3
8 326 0.04810423124772066 3
8 327 0.005826822878644711 3
8 328 0.005826794253666055 3
8 329 0.0058268228798436655 3
8 330 0.005826794253666055 3
8 331 0.019721504424842613 3
8 332 0.0058268228798436655 3
8 333 0.005826831415223406 3
8 334 0.005826831415223406 3
8 335 0.005826794253666055 3
8 336 0.005826831415223406 3
8 337 0.005826831414126716 3
8 338 0.005826831414126716 3
8 339 0.005826822878644711 3
8 340 0.0058267942549708905 3
8 341 0.005826831415223406 3
8 342 0.0058267942549708905 3
8 343 0.005826794253666055 3
8 344 0.005826831414126716 3
8 345 0.005826831414126716 3
8 346 0.005826822878644711 3
8 347 0.005826831415223406 3
8 348 0.005826831414126716 3
8 349 0.005826822878644711 3
8 350 0.005826831414126716 3
8 351 0.005826794253666055 3
8 352 0.005826831415223406 3
8 353 0.005826831414126716 3
8 354 0.005826831414126716 3
8 355 0.005826831414126716 3
8 356 0.005826822878644711 3
8 357 0.0058267942549708905 3
8 358 0.1217881704675076 3
8 359 0.09796742140000002 3
8 360 0.005826831414126716 3
8 361 0.005826822878644711 3
8 362 0.005826794253666055 3
8 363 0.0058268228798436655 3
8 364 0.005826831414126716 3
8 365 0.0058267942549708905 3
8 366 0.0058267942549708905 3
8 367 0.005826831415223406 3
8 368 0.005826822878644711 3
8 369 0.005826831415223406 3
8 370 0.037427257138701875 3
8 371 0.0058268228798436655 3
8 372 0.005826831414126716 3
8 373 0.005826831414126716 3
8 374 0.005826831415223406 3
8 375 0.005826794253666055 3
8 376 0.005826794253666055 3
8 377 0.005826794253666055 3
8 378 0.005826822878644711 3
8 379 0.005826831414126716 3
8 380 0.0058268228798436655 3
8 381 195178274.00410303 3
8 382 0.005826794253666055 3
8 383 0.04679509625196452 3
8 384 0.0058268228798436655 3
8 385 0.0058267942549708905 3
8 386 0.005826831414126716 3
8 387 0.0058267942549708905 3
8 388 0.005826822878644711 3
8 389 0.005826822878644711 3
8 390 0.0058268228798436655 3
8 391 0.005826831414126716 3
8 392 0.0058267942549708905 3
8 393 0.005826794253666055 3
8 394 0.0058268228798436655 3
8 395 0.005826794253666055 3
8 396 0.0058268228798436655 3
8 397 0.005826831415223406 3
8 398 0.005826794253666055 3
8 399 0.022785017252525616 3
8 400 0.005826794253666055 3
8 401 0.005826822878644711 3
8 402 0.0058267942549708905 3
8 403 0.0058267942549708905 3
8 404 0.0058268228798436655 3
8 405 0.005826794253666055 3
8 406 0.0058268228798436655 3
8 407 0.005826822878644711 3
8 408 0.04441764012159517 3
8 409 0.0058268228798436655 3
8 410 0.0058267942549708905 3
8 411 0.005826822878644711 3
8 412 0.005826831414126716 3
8 413 0.005826822878644711 3
8 414 0.0058268228798436655 3
8 415 0.119878062099413 3
8 416 0.0058267942549708905 3
8 417 0.005826831415223406 3
8 418 0.005826831415223406 3
8 419 0.005826831414126716 3
8 420 0.005826831415223406 3
8 421 0.005826822878644711 3
8 422 0.0058268228798436655 3
8 423 0.005826831414126716 3
8 424 0.005826794253666055 3
8 425 0.0058268228798436655 3
8 426 0.005826822878644711 3
8 427 0.09716479477721952 3
8 428 0.0058267942549708905 3
8 429 0.005826794253666055 3
8 430 0.0058268228798436655 3
8 431 0.005826831414126716 3
8 432 0.0058268228798436655 3
8 433 0.005826831414126716 3
8 434 0.005826831415223406 3
8 435 0.005826831415223406 3
8 436 0.005826831415223406 3
8 437 0.005826822878644711 3
8 438 0.0058268228798436655 3
8 439 0.005826822878644711 3
8 440 0.0058268228798436655 3
8 441 0.005826794253666055 3
8 442 0.005826822878644711 3
8 443 0.005826831415223406 3
8 444 0.005826831415223406 3
8 445 0.03592339632237841 3
8 446 0.005826831414126716 3
8 447 0.0058268228798436655 3
8 448 0.005826831414126716 3
8 449 0.005826831415223406 3
8 450 0.0058267942549708905 3
8 451 0.005826822878644711 3
8 452 0.005826794253666055 3
8 453 0.005826831414126716 3
8 454 0.005826822878644711 3
8 455 0.005826831414126716 3
8 456 0.0058268228798436655 3
8 457 0.005826794253666055 3
8 458 0.005826831415223406 3
8 459 0.0058267942549708905 3
8 460 0.005826822878644711 3
8 461 0.119878062099413 3
8 462 0.005826831414126716 3
8 463 0.005826831414126716 3
8 464 0.021658067846782526 3
8 465 0.005826831414126716 3
8 466 0.005826831414126716 3
8 467 0.005826831415223406 3
8 468 0.037123946157481776 3
8 469 0.005826831415223406 3
8 470 0.019052663611279927 3
8 471 0.126478432793369 3
8 472 0.005826831415223406 3
8 473 0.0058267942549708905 3
8 474 0.005826831414126716 3
8 475 0.005826831414126716 3
8 476 0.005826794253666055 3
8 477 0.0058267942549708905 3
8 478 0.0058267942549708905 3
8 479 0.005826831415223406 3
8 480 0.0058268228798436655 3
8 481 0.0058268228798436655 3
8 482 0.005826831415223406 3
8 483 0.0058267942549708905 3
8 484 0.005826831414126716 3
8 485 0.005826831415223406 3
8 486 0.0058267942549708905 3
8 487 0.0058268228798436655 3
8 488 0.005826822878644711 3
8 489 0.005826794253666055 3
8 490 0.0058267942549708905 3
8 491 0.0058267942549708905 3
8 492 0.0058267942549708905 3
8 493 0.005826831415223406 3
8 494 0.0058268228798436655 3
8 495 0.005826831414126716 3
8 496 0.005826794253666055 3
8 497 0.005826831415223406 3
8 498 0.005826794253666055 3
8 499 0.005826831415223406 3
8 500 0.005826794253666055 3
8 501 0.005826794253666055 3
8 502 0.0058267942549708905 3
8 503 0.005826794253666055 3
8 504 0.005826822878644711 3
8 505 0.005826794253666055 3
8 506 0.0058267942549708905 3
8 507 0.0058267942549708905 3
8 508 0.0058268228798436655 3
8 509 0.09716479477721952 3
8 510 0.005826831414126716 3
8 511 0.005826831415223406 3
8 512 0.005826822878644711 3
8 513 0.012261083741841695 3
8 514 0.005826794253666055 3
8 515 0.12178818415602868 3
8 516 0.005826831415223406 3
8 517 0.019570702139771096 3
8 518 0.005826822878644711 3
8 519 0.005826831414126716 3
8 520 0.005826831414126716 3
8 521 0.03542912363169398 3
8 522 0.0058267942549708905 3
8 523 0.005826831414126716 3
8 524 0.005826831414126716 3
8 525 0.005826794253666055 3
8 526 0.0058268228798436655 3
8 527 0.0058267942549708905 3
8 528 0.0058267942549708905 3
8 529 0.005826831414126716 3
8 530 0.005826822878644711 3
8 531 0.0058268228798436655 3
8 532 0.005826794253666055 3
8 533 0.0058268228798436655 3
8 534 0.005826831415223406 3
8 535 0.005826822878644711 3
8 536 0.005826822878644711 3
8 537 0.0058267942549708905 3
8 538 0.005826794253666055 3
8 539 0.005826831414126716 3
8 540 0.005826822878644711 3
8 541 0.0058268228798436655 3
8 542 0.005826822878644711 3
8 543 0.005826822878644711 3
8 544 0.005826831414126716 3
8 545 0.005826794253666055 3
8 546 0.005826794253666055 3
8 547 0.005826831414126716 3
8 548 0.005826794253666055 3
8 549 0.005826831415223406 3
8 550 0.0058267942549708905 3
8 551 0.0058267942549708905 3
8 552 0.0058268228798436655 3
8 553 0.0058268228798436655 3
8 554 0.005826831415223406 3
8 555 0.005826822878644711 3
8 556 0.005826822878644711 3
8 557 0.005826822878644711 3
8 558 0.005826831414126716 3
8 559 0.019741599394653368 3
8 560 0.005826831414126716 3
8 561 0.12729988715881815 3
8 562 0.005826822878644711 3
8 563 0.0058268228798436655 3
8 564 0.005826831414126716 3
8 565 0.0058268228798436655 3
8 566 0.0058267942549708905 3
8 567 0.005826794253666055 3
8 568 0.0058267942549708905 3
8 569 0.005826794253666055 3
8 570 0.0058267942549708905 3
8 571 0.0058268228798436655 3
8 572 0.005826831414126716 3
8 573 0.005826831414126716 3
8 574 0.005826831415223406 3
8 575 0.005826794253666055 3
8 576 0.0058267942549708905 3
8 577 0.005826831415223406 3
8 578 0.444409813380282 3
8 579 0.0058267942549708905 3
8 580 0.0058268228798436655 3
8 581 0.005826822878644711 3
8 582 0.005826831414126716 3
8 583 0.005826831414126716 3
8 584 0.005826831414126716 3
8 585 0.0058267942549708905 3
8 586 0.005826831414126716 3
8 587 0.005826831414126716 3
8 588 0.005826794253666055 3
8 589 0.0058268228798436655 3
8 590 0.0058268228798436655 3
8 591 0.005826822878644711 3
8 592 0.0058267942549708905 3
8 593 0.005826822878644711 3
8 594 0.005826794253666055 3
8 595 0.0058268228798436655 3
8 596 0.005826794253666055 3
8 597 0.0058267942549708905 3
8 598 0.005826794253666055 3
8 599 0.005826794253666055 3
8 600 0.005826831415223406 3
8 601 0.005826794253666055 3
8 602 0.005826831414126716 3
8 603 0.0058267942549708905 3
8 604 0.01970675250061972 3
8 605 0.0058268228798436655 3
8 606 0.005826831414126716 3
8 607 0.005826831415223406 3
8 608 0.0058267942549708905 3
8 609 0.04077596521075279 3
8 610 0.0058268228798436655 3
8 611 0.005826831415223406 3
8 612 0.0058268228798436655 3
8 613 0.0058268228798436655 3
8 614 0.0058268228798436655 3
8 615 0.005826794253666055 3
8 616 0.005826831415223406 3
8 617 0.005826831414126716 3
8 618 0.005826822878644711 3
8 619 0.005826831414126716 3
8 620 0.005826822878644711 3
8 621 0.005826822878644711 3
8 622 0.005826822878644711 3
8 623 0.005826822878644711 3
8 624 0.005826831414126716 3
8 625 0.005826831415223406 3
8 626 0.005826794253666055 3
8 627 0.005826831415223406 3
8 628 0.0058267942549708905 3
8 629 0.005826831414126716 3
8 630 0.0058268228798436655 3
8 631 0.005826831414126716 3
8 632 0.005826831414126716 3
8 633 0.005826831414126716 3
8 634 0.0058268228798436655 3
8 635 0.0058267942549708905 3
8 636 0.005826822878644711 3
8 637 0.0058267942549708905 3
8 638 0.005826831414126716 3
8 639 0.005826831414126716 3
8 640 0.005826831414126716 3
8 641 0.005826794253666055 3
8 642 0.005826831415223406 3
8 643 0.01971456448135639 3
8 644 0.005826822878644711 3
8 645 0.0058267942549708905 3
8 646 0.005826831414126716 3
8 647 0.0058268228798436655 3
8 648 0.005826794253666055 3
8 649 0.0058268228798436655 3
8 650 0.0058268228798436655 3
8 651 0.005826822878644711 3
8 652 0.005826831415223406 3
8 653 0.17035181624912601 3
8 654 0.0058268228798436655 3
8 655 0.005826831414126716 3
8 656 0.0058267942549708905 3
8 657 0.0058268228798436655 3
8 658 0.0058267942549708905 3
8 659 0.0058267942549708905 3
8 660 0.0058267942549708905 3
8 661 0.005826831415223406 3
8 662 0.0058267942549708905 3
8 663 0.005826822878644711 3
8 664 0.005826794253666055 3
8 665 0.005826831414126716 3
8 666 0.005826831415223406 3
8 667 0.05050476090517665 3
8 668 0.005826822878644711 3
8 669 0.0058267942549708905 3
8 670 0.005826831414126716 3
8 671 0.0058267942549708905 3
8 672 0.0058267942549708905 3
8 673 0.0058268228798436655 3
8 674 0.005826831415223406 3
8 675 0.005826831414126716 3
8 676 0.005826831415223406 3
8 677 0.005826822878644711 3
8 678 0.005826831414126716 3
8 679 0.005826831415223406 3
8 680 0.005826831415223406 3
8 681 0.005826831415223406 3
8 682 0.01970349516621549 3
8 683 0.005826831414126716 3
8 684 0.005826822878644711 3
8 685 0.04015263982572638 3
8 686 0.03705427523878465 3
8 687 0.0058268228798436655 3
8 688 0.005826822878644711 3
8 689 0.005826794253666055 3
8 690 0.0058267942549708905 3
8 691 0.0058267942549708905 3
8 692 0.0058267942549708905 3
8 693 0.005826822878644711 3
8 694 0.005826831415223406 3
8 695 0.005826831414126716 3
8 696 0.0058267942549708905 3
8 697 0.0058268228798436655 3
8 698 0.005826822878644711 3
8 699 0.0058267942549708905 3
8 700 0.0058268228798436655 3
8 701 0.005826822878644711 3
8 702 0.005826794253666055 3
8 703 0.005826831415223406 3
8 704 0.005826822878644711 3
8 705 0.005826831415223406 3
8 706 0.005826831414126716 3
8 707 0.005826794253666055 3
8 708 0.005826822878644711 3
8 709 0.005826794253666055 3
8 710 0.005826831415223406 3
8 711 0.005826831414126716 3
8 712 0.04441764012969663 3
8 713 0.005826794253666055 3
8 714 0.005826831414126716 3
8 715 0.019508034178602966 3
8 716 0.005826831414126716 3
8 717 0.005826831415223406 3
8 718 0.0058268228798436655 3
8 719 0.0058267942549708905 3
8 720 0.0058268228798436655 3
8 721 0.005826822878644711 3
8 722 0.005826794253666055 3
8 723 0.005826822878644711 3
8 724 0.005826831414126716 3
8 725 0.005826794253666055 3
8 726 0.0058268228798436655 3
8 727 0.0058267942549708905 3
8 728 0.005826831415223406 3
8 729 0.005826831415223406 3
8 730 0.005826831414126716 3
8 731 0.005826794253666055 3
8 732 0.035429130675134785 3
8 733 0.0058268228798436655 3
8 734 0.005826794253666055 3
8 735 0.0058267942549708905 3
8 736 0.0058267942549708905 3
8 737 0.005826831414126716 3
8 738 0.0058268228798436655 3
8 739 0.0058267942549708905 3
8 740 1.1181489154032511 3
8 741 0.005826822878644711 3
8 742 0.0058267942549708905 3
8 743 0.0058267942549708905 3
8 744 0.005826794253666055 3
8 745 0.005826831414126716 3
8 746 0.0058267942549708905 3
8 747 0.0058268228798436655 3
8 748 0.005826831414126716 3
8 749 0.005826831414126716 3
8 750 0.005826794253666055 3
8 751 0.005826822878644711 3
8 752 0.005826831414126716 3
8 753 0.005826794253666055 3
8 754 0.005826831415223406 3
8 755 0.005826794253666055 3
8 756 0.005826831414126716 3
8 757 0.0058268228798436655 3
8 758 0.019722781332983906 3
8 759 0.005826831415223406 3
8 760 0.005826794253666055 3
8 761 0.005826831415223406 3
8 762 0.0058268228798436655 3
8 763 0.0058268228798436655 3
8 764 0.0058267942549708905 3
8 765 0.005826831415223406 3
8 766 0.0058267942549708905 3
8 767 0.005826831415223406 3
8 768 0.005826822878644711 3
8 769 0.005826822878644711 3
8 770 0.005826831414126716 3
8 771 0.005826794253666055 3
8 772 0.0058267942549708905 3
8 773 0.005826822878644711 3
8 774 0.0058268228798436655 3
8 775 0.005826831415223406 3
8 776 0.005826794253666055 3
8 777 0.005826822878644711 3
8 778 0.0058268228798436655 3
8 779 0.005826794253666055 3
8 780 0.0058267942549708905 3
8 781 0.005826822878644711 3
8 782 0.0058268228798436655 3
8 783 0.005826822878644711 3
8 784 0.005826831414126716 3
8 785 0.005826831414126716 3
8 786 0.0058267942549708905 3
8 787 0.0662221598491886 3
8 788 0.005826831414126716 3
8 789 0.0058267942549708905 3
8 790 0.005826822878644711 3
8 791 0.0058267942549708905 3
8 792 0.005826794253666055 3
8 793 0.005826831415223406 3
8 794 0.01966960060260166 3
8 795 0.05050476090517665 3
8 796 0.0058268228798436655 3
8 797 0.005826831415223406 3
8 798 0.005826831414126716 3
8 799 0.005826794253666055 3
8 800 0.0058267942549708905 3
8 801 0.005826831415223406 3
8 802 0.005826794253666055 3
8 803 0.005826822878644711 3
8 804 0.0058267942549708905 3
8 805 0.0058268228798436655 3
8 806 0.0058267942549708905 3
8 807 0.005826822878644711 3
8 808 0.0058267942549708905 3
8 809 0.005826794253666055 3
8 810 0.005826794253666055 3
8 811 0.005826831414126716 3
8 812 0.005826831415223406 3
8 813 0.005826831415223406 3
8 814 0.005826822878644711 3
8 815 0.0058267942549708905 3
8 816 0.005826794253666055 3
8 817 0.0058267942549708905 3
8 818 0.0058268228798436655 3
8 819 0.005826822878644711 3
8 820 0.005826831414126716 3
8 821 0.02318935307301938 3
8 822 0.005826831415223406 3
8 823 0.0058268228798436655 3
8 824 0.005826831415223406 3
8 825 0.005826822878644711 3
8 826 0.005826831414126716 3
8 827 0.005826831415223406 3
8 828 0.005826831414126716 3
8 829 0.005826794253666055 3
8 830 0.005826831414126716 3
8 831 0.0058268228798436655 3
8 832 0.005826822878644711 3
8 833 0.0058268228798436655 3
8 834 0.005826831415223406 3
8 835 0.005826822878644711 3
8 836 0.005826831415223406 3
8 837 0.0058268228798436655 3
8 838 0.06371952188410715 3
8 839 0.005826794253666055 3
8 840 0.0058267942549708905 3
8 841 0.17035210970680534 3
8 842 0.0058268228798436655 3
8 843 0.005826831415223406 3
8 844 0.005826831415223406 3
8 845 0.005826831415223406 3
8 846 0.005826831414126716 3
8 847 0.005826822878644711 3
8 848 0.005826794253666055 3
8 849 0.005826794253666055 3
8 850 0.005826822878644711 3
8 851 0.0058268228798436655 3
8 852 0.005826822878644711 3
8 853 0.005826794253666055 3
8 854 0.005826794253666055 3
8 855 0.005826794253666055 3
8 856 0.005826794253666055 3
8 857 0.005826794253666055 3
8 858 0.0058268228798436655 3
8 859 0.005826822878644711 3
8 860 0.005826794253666055 3
8 861 0.005826794253666055 3
8 862 0.0058267942549708905 3
8 863 0.005826822878644711 3
8 864 0.0058268228798436655 3
8 865 0.02021947151612023 3
8 866 0.0058268228798436655 3
8 867 0.005826831415223406 3
8 868 0.0058268228798436655 3
8 869 0.005826794253666055 3
8 870 0.005826794253666055 3
8 871 0.005826794253666055 3
8 872 0.005826822878644711 3
8 873 0.0058268228798436655 3
8 874 0.0058268228798436655 3
8 875 0.0058268228798436655 3
8 876 0.0058267942549708905 3
8 877 0.005826794253666055 3
8 878 0.005826831414126716 3
8 879 0.005826822878644711 3
8 880 0.005826831415223406 3
8 881 0.005826831415223406 3
8 882 0.005826794253666055 3
8 883 0.0058268228798436655 3
8 884 0.005826831415223406 3
8 885 0.005826794253666055 3
8 886 0.018881650279844776 3
8 887 0.0630375783507925 3
8 888 0.005826794253666055 3
8 889 0.005826831415223406 3
8 890 0.0058268228798436655 3
8 891 0.07049857947297625 3
8 892 0.005826794253666055 3
8 893 0.005826831414126716 3
8 894 0.0058268228798436655 3
8 895 0.0058267942549708905 3
8 896 0.0058268228798436655 3
8 897 0.005826822878644711 3
8 898 0.005826794253666055 3
8 899 0.005826831415223406 3
8 900 0.005826822878644711 3
8 901 0.0058267942549708905 3
8 902 0.005826831414126716 3
8 903 0.0058268228798436655 3
8 904 0.005826822878644711 3
8 905 0.019428778364392125 3
8 906 0.01971456448137093 3
8 907 0.005826831414126716 3
8 908 0.005826831415223406 3
8 909 0.005826822878644711 3
8 910 0.005826831415223406 3
8 911 1.118148915402149 3
8 912 0.019706758169930876 3
8 913 0.14385705860269637 3
8 914 0.019508034178602966 3
8 915 0.0058268228798436655 3
8 916 0.005826831415223406 3
8 917 0.005826822878644711 3
8 918 0.005826794253666055 3
8 919 0.005826822878644711 3
8 920 0.12178818415604085 3
8 921 0.005826831414126716 3
8 922 0.005826822878644711 3
8 923 0.005826794253666055 3
8 924 0.0058268228798436655 3
8 925 0.005826831414126716 3
8 926 0.005826831415223406 3
8 927 0.0058267942549708905 3
8 928 0.020219471508637177 3
8 929 0.005826831414126716 3
8 930 0.0058267942549708905 3
8 931 0.0058268228798436655 3
8 932 0.005826822878644711 3
8 933 0.0058267942549708905 3
8 934 0.17468674524600472 3
8 935 0.0058268228798436655 3
8 936 0.005826831415223406 3
8 937 0.1081594653424928 3
8 938 0.0058267942549708905 3
8 939 0.005826831415223406 3
8 940 0.005826831415223406 3
8 941 0.005826831415223406 3
8 942 0.021294525554331527 3
8 943 0.0058268228798436655 3
8 944 0.0058268228798436655 3
8 945 0.005826831415223406 3
8 946 0.005826831414126716 3
8 947 0.0058267942549708905 3
8 948 0.005826822878644711 3
8 949 0.005826794253666055 3
8 950 0.005826822878644711 3
8 951 0.0058267942549708905 3
8 952 0.005826794253666055 3
8 953 0.005826831414126716 3
8 954 0.0058268228798436655 3
8 955 0.005826831414126716 3
8 956 0.005826794253666055 3
8 957 0.0058267942549708905 3
8 958 0.10245943806221357 3
8 959 0.0058268228798436655 3
8 960 0.0058268228798436655 3
8 961 0.005826831415223406 3
8 962 0.005826831415223406 3
8 963 0.005826822878644711 3
8 964 0.005826831414126716 3
8 965 0.005826822878644711 3
8 966 0.0058268228798436655 3
8 967 0.0058268228798436655 3
8 968 0.0058268228798436655 3
8 969 0.005826831415223406 3
8 970 0.005826831415223406 3
8 971 0.021330448571393545 3
8 972 0.005826794253666055 3
8 973 0.1588433177165943 3
8 974 0.04441764012923258 3
8 975 0.0058268228798436655 3
8 976 0.0058268228798436655 3
8 977 0.0058268228798436655 3
8 978 0.0058268228798436655 3
8 979 0.005826822878644711 3
8 980 0.005826822878644711 3
8 981 0.0058268228798436655 3
8 982 0.005826831414126716 3
8 983 0.005826831414126716 3
8 984 0.005826831415223406 3
8 985 0.005826794253666055 3
8 986 0.005826794253666055 3
8 987 0.0058268228798436655 3
8 988 0.0058268228798436655 3
8 989 0.0058267942549708905 3
8 990 0.0058268228798436655 3
8 991 0.005826822878644711 3
8 992 0.005826794253666055 3
8 993 0.005826794253666055 3
8 994 0.005826831414126716 3
8 995 0.005826794253666055 3
8 996 0.0058267942549708905 3
8 997 0.0058268228798436655 3
8 998 0.005826794253666055 3
8 999 0.0058268228798436655 3
8 1000 0.0058267942549708905 3
8 1001 0.0058267942549708905 3
8 1002 0.005826831414126716 3
8 1003 0.10857464120255601 3
8 1004 0.005826831415223406 3
8 1005 0.005826831415223406 3
8 1006 0.0058267942549708905 3
8 1007 0.005826822878644711 3
8 1008 0.005826794253666055 3
8 1009 0.005826794253666055 3
8 1010 0.005826831414126716 3
8 1011 0.0058267942549708905 3
8 1012 0.0058268228798436655 3
8 1013 0.005826822878644711 3
8 1014 0.005826831414126716 3
8 1015 0.005826794253666055 3
8 1016 0.005826831415223406 3
8 1017 0.005826794253666055 3
8 1018 0.0058268228798436655 3
8 1019 0.005826794253666055 3
8 1020 0.005826794253666055 3
8 1021 0.005826831414126716 3
8 1022 0.005826831414126716 3
8 1023 0.005826822878644711 3
8 1024 0.005826822878644711 3
8 1025 0.0058267942549708905 3
8 1026 0.005826831415223406 3
8 1027 0.005826822878644711 3
8 1028 0.0058267942549708905 3
8 1029 0.005826794253666055 3
8 1030 0.07231993113849351 3
8 1031 0.0058267942549708905 3
8 1032 0.005826794253666055 3
8 1033 0.0058267942549708905 3
8 1034 0.005826831415223406 3
8 1035 0.02237870123344581 3
8 1036 0.005826831415223406 3
8 1037 0.0058267942549708905 3
8 1038 0.0058267942549708905 3
8 1039 0.005826822878644711 3
8 1040 0.005826831414126716 3
8 1041 0.005826794253666055 3
8 1042 0.005826831414126716 3
8 1043 0.005826794253666055 3
8 1044 0.0058267942549708905 3
8 1045 0.0058268228798436655 3
8 1046 0.0058267942549708905 3
8 1047 0.0058267942549708905 3
8 1048 0.0058268228798436655 3
8 1049 0.005826822878644711 3
8 1050 0.005826831414126716 3
8 1051 0.0058267942549708905 3
8 1052 0.0058268228798436655 3
8 1053 0.005826794253666055 3
8 1054 0.01970131835977658 3
8 1055 0.005826831414126716 3
8 1056 0.019720577820624443 3
8 1057 0.0058268228798436655 3
8 1058 0.02808295530936572 3
8 1059 0.0058267942549708905 3
8 1060 0.0058267942549708905 3
8 1061 0.005826831414126716 3
8 1062 0.005826831414126716 3
8 1063 0.005826794253666055 3
8 1064 1.5278049453096665 3
8 1065 0.0058268228798436655 3
8 1066 0.005826822878644711 3
8 1067 0.0058267942549708905 3
8 1068 0.005826794253666055 3
8 1069 0.005826822878644711 3
8 1070 0.01887895556577115 3
8 1071 0.005826831414126716 3
8 1072 0.005826794253666055 3
8 1073 0.021330455274236625 3
8 1074 0.0058267942549708905 3
8 1075 0.005826822878644711 3
8 1076 0.005826831415223406 3
8 1077 0.019788496323015537 3
8 1078 0.0058268228798436655 3
8 1079 0.005826831414126716 3
8 1080 0.005826831414126716 3
8 1081 0.005826794253666055 3
8 1082 0.005826794253666055 3
8 1083 0.0058267942549708905 3
8 1084 0.005826831415223406 3
8 1085 0.03742725714007275 3
8 1086 0.005826794253666055 3
8 1087 0.005826831414126716 3
8 1088 0.005826822878644711 3
8 1089 0.005826831415223406 3
8 1090 0.0058267942549708905 3
8 1091 0.005826822878644711 3
8 1092 0.005826822878644711 3
8 1093 0.005826794253666055 3
8 1094 0.0058268228798436655 3
8 1095 0.0058268228798436655 3
8 1096 0.005826831414126716 3
8 1097 0.0058268228798436655 3
8 1098 0.005826822878644711 3
8 1099 0.019429019410714957 3
8 1100 0.005826794253666055 3
8 1101 0.005826822878644711 3
8 1102 0.005826794253666055 3
8 1103 0.0058267942549708905 3
8 1104 0.0058267942549708905 3
8 1105 0.005826831414126716 3
8 1106 0.005826822878644711 3
8 1107 0.005826831414126716 3
8 1108 0.005826831414126716 3
8 1109 0.018696256411715014 3
8 1110 0.005826831414126716 3
8 1111 0.019722798258198764 3
8 1112 0.005826822878644711 3
8 1113 0.12540963036045494 3
8 1114 0.046795089190861686 3
8 1115 0.0058268228798436655 3
8 1116 0.005826831415223406 3
8 1117 0.0058267942549708905 3
8 1118 0.005826794253666055 3
8 1119 0.06929029414457318 3
8 1120 0.005826822878644711 3
8 1121 0.005826794253666055 3
8 1122 0.0058268228798436655 3
8 1123 0.005826831414126716 3
8 1124 0.04077629967030206 3
8 1125 0.07013555455716806 3
8 1126 0.0058268228798436655 3
8 1127 0.005826794253666055 3
8 1128 0.005826831415223406 3
8 1129 0.005826822878644711 3
8 1130 0.018881650279844776 3
8 1131 0.005826794253666055 3
8 1132 0.0058267942549708905 3
8 1133 0.005826831415223406 3
8 1134 0.005826831415223406 3
8 1135 0.0058267942549708905 3
8 1136 0.005826831415223406 3
8 1137 0.005826831414126716 3
8 1138 0.06940608797398999 3
8 1139 0.07333423317065119 3
8 1140 0.005826831415223406 3
8 1141 0.005826794253666055 3
8 1142 0.005826831414126716 3
8 1143 0.0058268228798436655 3
8 1144 0.0058268228798436655 3
8 1145 0.0058268228798436655 3
8 1146 0.0058268228798436655 3
8 1147 0.07013604959147947 3
8 1148 0.0058268228798436655 3
8 1149 0.06528184297634139 3
8 1150 0.005826822878644711 3
8 1151 0.0058268228798436655 3
8 1152 0.005826794253666055 3
8 1153 0.0058268228798436655 3
8 1154 0.005826822878644711 3
8 1155 0.005826831415223406 3
8 1156 0.005826831415223406 3
8 1157 0.005826794253666055 3
8 1158 0.0058267942549708905 3
8 1159 0.005826794253666055 3
8 1160 0.005826831414126716 3
8 1161 0.0058267942549708905 3
8 1162 0.005826822878644711 3
8 1163 0.005826794253666055 3
8 1164 0.005826822878644711 3
8 1165 0.0058267942549708905 3
8 1166 0.0058268228798436655 3
8 1167 0.005826831414126716 3
8 1168 0.005826822878644711 3
8 1169 0.005826831414126716 3
8 1170 0.0058267942549708905 3
8 1171 0.0058268228798436655 3
8 1172 0.005826822878644711 3
8 1173 0.019472920382583123 3
8 1174 0.005826822878644711 3
8 1175 0.005826831415223406 3
8 1176 0.005826831415223406 3
8 1177 0.005826831414126716 3
8 1178 0.0058268228798436655 3
8 1179 0.005826822878644711 3
8 1180 0.1015271058710326 3
8 1181 0.0058268228798436655 3
8 1182 0.005826831415223406 3
8 1183 0.005826794253666055 3
8 1184 0.0058268228798436655 3
8 1185 1.5279225125435747 3
8 1186 0.005826831415223406 3
8 1187 0.0058267942549708905 3
8 1188 0.03705427523881785 3
8 1189 0.005826794253666055 3
8 1190 0.005826822878644711 3
8 1191 0.005826831414126716 3
8 1192 0.005826822878644711 3
8 1193 0.005826822878644711 3
8 1194 0.0058267942549708905 3
8 1195 0.005826794253666055 3
8 1196 0.005826794253666055 3
8 1197 0.019703495225731997 3
8 1198 0.0058268228798436655 3
8 1199 0.005826794253666055 3
8 1200 0.0058267942549708905 3
8 1201 0.0058267942549708905 3
8 1202 0.005826822878644711 3
8 1203 0.005826831414126716 3
8 1204 0.0058267942549708905 3
8 1205 0.005826822878644711 3
8 1206 0.0058267942549708905 3
8 1207 0.005826794253666055 3
8 1208 0.07450663748207935 3
8 1209 0.10857464120255601 3
8 1210 0.005826822878644711 3
8 1211 0.02786811584518138 3
8 1212 0.005826831414126716 3
8 1213 0.0058268228798436655 3
8 1214 0.005826822878644711 3
8 1215 0.0058267942549708905 3
8 1216 0.0058268228798436655 3
8 1217 0.005826831414126716 3
8 1218 0.005826822878644711 3
8 1219 0.0058268228798436655 3
8 1220 0.005826822878644711 3
8 1221 0.005826822878644711 3
8 1222 0.005826831415223406 3
8 1223 0.019729185974961417 3
8 1224 0.005826794253666055 3
8 1225 0.005826831415223406 3
8 1226 0.0058267942549708905 3
8 1227 0.005826794253666055 3
8 1228 0.005826831414126716 3
8 1229 0.0058267942549708905 3
8 1230 0.005826831414126716 3
8 1231 0.005826831414126716 3
8 1232 0.005826831414126716 3
8 1233 0.005826831414126716 3
8 1234 0.005826831415223406 3
8 1235 0.019634767766179843 3
8 1236 0.005826794253666055 3
8 1237 0.0058268228798436655 3
8 1238 0.005826831414126716 3
8 1239 0.0058267942549708905 3
8 1240 0.0058268228798436655 3
8 1241 0.005826822878644711 3
8 1242 0.005826831415223406 3
8 1243 0.0058267942549708905 3
8 1244 0.0058268228798436655 3
8 1245 0.0058268228798436655 3
8 1246 0.005826794253666055 3
8 1247 0.005826831414126716 3
8 1248 0.005826831414126716 3
8 1249 0.0058268228798436655 3
8 1250 0.005826822878644711 3
8 1251 0.005826831414126716 3
8 1252 0.005826831415223406 3
8 1253 0.005826831415223406 3
8 1254 0.005826831414126716 3
8 1255 0.0058268228798436655 3
8 1256 0.0058268228798436655 3
8 1257 0.0058267942549708905 3
8 1258 0.005826794253666055 3
8 1259 0.005826822878644711 3
8 1260 0.0058268228798436655 3
8 1261 0.005826831415223406 3
8 1262 0.005826794253666055 3
8 1263 0.005826831415223406 3
8 1264 0.0058267942549708905 3
8 1265 0.0058268228798436655 3
8 1266 0.005826822878644711 3
8 1267 0.005826831415223406 3
8 1268 0.005826831414126716 3
8 1269 0.0058267942549708905 3
8 1270 0.005826831414126716 3
8 1271 0.03250508312162019 3
8 1272 0.005826822878644711 3
8 1273 0.005826794253666055 3
8 1274 0.005826794253666055 3
8 1275 0.005826831415223406 3
8 1276 0.0058268228798436655 3
8 1277 0.005826831414126716 3
8 1278 0.005826794253666055 3
8 1279 0.0058267942549708905 3
8 1280 0.005826822878644711 3
8 1281 0.005826831414126716 3
8 1282 0.005826794253666055 3
8 1283 0.06460963574366374 3
8 1284 0.005826831415223406 3
8 1285 0.005826831415223406 3
8 1286 0.04077627088120067 3
8 1287 0.0058267942549708905 3
8 1288 0.0058268228798436655 3
8 1289 0.005826831414126716 3
8 1290 0.005826831415223406 3
8 1291 0.005826831415223406 3
8 1292 0.005826794253666055 3
8 1293 0.005826831415223406 3
8 1294 0.005826794253666055 3
8 1295 0.0058267942549708905 3
8 1296 1.118148915402149 3
8 1297 0.005826822878644711 3
8 1298 0.005826831415223406 3
8 1299 0.005826822878644711 3
8 1300 0.005826831414126716 3
8 1301 0.005826822878644711 3
8 1302 0.005826822878644711 3
8 1303 0.005826822878644711 3
8 1304 0.005826794253666055 3
8 1305 0.005826794253666055 3
8 1306 0.0058268228798436655 3
8 1307 0.005826831414126716 3
8 1308 0.0058267942549708905 3
8 1309 0.005826831414126716 3
8 1310 0.005826794253666055 3
8 1311 0.005826794253666055 3
8 1312 0.005826831414126716 3
8 1313 0.005826794253666055 3
8 1314 0.04077627088922252 3
8 1315 0.005826822878644711 3
8 1316 0.0058267942549708905 3
8 1317 0.018878955826726416 3
8 1318 0.005826831414126716 3
8 1319 0.0058268228798436655 3
8 1320 0.005826822878644711 3
8 1321 0.005826794253666055 3
8 1322 0.005826794253666055 3
8 1323 0.005826822878644711 3
8 1324 0.005826831415223406 3
8 1325 0.005826831415223406 3
8 1326 0.005826831414126716 3
8 1327 0.005826831414126716 3
8 1328 0.005826794253666055 3
8 1329 0.0058267942549708905 3
8 1330 0.005826794253666055 3
8 1331 0.0058268228798436655 3
8 1332 0.0058267942549708905 3
8 1333 0.005826794253666055 3
8 1334 0.005826831415223406 3
8 1335 0.005826831415223406 3
8 1336 0.005826831414126716 3
8 1337 0.005826831414126716 3
8 1338 0.0058268228798436655 3
8 1339 0.005826831415223406 3
8 1340 0.0058268228798436655 3
8 1341 0.005826794253666055 3
8 1342 0.005826831415223406 3
8 1343 0.0058267942549708905 3
8 1344 0.005826794253666055 3
8 1345 0.005826831415223406 3
8 1346 0.005826831415223406 3
8 1347 0.005826822878644711 3
8 1348 0.005826822878644711 3
8 1349 0.0058268228798436655 3
8 1350 0.0058268228798436655 3
8 1351 0.0058267942549708905 3
8 1352 0.005826794253666055 3
8 1353 0.005826831414126716 3
8 1354 1.1086613415216449 3
8 1355 0.04503334680640405 3
8 1356 0.005826822878644711 3
8 1357 0.07426452489561762 3
8 1358 0.005826794253666055 3
8 1359 0.0058268228798436655 3
8 1360 0.005826794253666055 3
8 1361 0.0058267942549708905 3
8 1362 0.005826822878644711 3
8 1363 0.005826822878644711 3
8 1364 0.005826831414126716 3
8 1365 0.005826822878644711 3
8 1366 0.005826822878644711 3
8 1367 0.0058268228798436655 3
8 1368 0.005826822878644711 3
8 1369 0.0058267942549708905 3
8 1370 0.005826822878644711 3
8 1371 0.005826831414126716 3
8 1372 0.0058268228798436655 3
8 1373 0.0058268228798436655 3
8 1374 0.005826831415223406 3
8 1375 0.005826794253666055 3
8 1376 0.0058268228798436655 3
8 1377 0.005826794253666055 3
8 1378 0.005826794253666055 3
8 1379 0.005826831415223406 3
8 1380 0.12787523052865654 3
8 1381 0.0678255074458283 3
8 1382 0.005826822878644711 3
8 1383 0.005826822878644711 3
8 1384 0.0058268228798436655 3
8 1385 0.005826822878644711 3
8 1386 0.0058268228798436655 3
8 1387 0.005826822878644711 3
8 1388 0.0058268228798436655 3
8 1389 0.005826794253666055 3
8 1390 0.0058267942549708905 3
8 1391 0.005826794253666055 3
8 1392 0.0058268228798436655 3
8 1393 0.0058268228798436655 3
8 1394 0.019722781332983906 3
8 1395 0.005826822878644711 3
8 1396 0.005826794253666055 3
8 1397 0.005826831415223406 3
8 1398 0.005826822878644711 3
8 1399 0.005826794253666055 3
8 1400 0.005826822878644711 3
8 1401 0.005826794253666055 3
8 1402 0.005826822878644711 3
8 1403 0.005826831414126716 3
8 1404 0.005826831415223406 3
8 1405 0.005826794253666055 3
8 1406 0.019177317660997378 3
8 1407 0.005826831414126716 3
8 1408 0.005826794253666055 3
8 1409 0.0058267942549708905 3
8 1410 0.005826831415223406 3
8 1411 0.005826794253666055 3
8 1412 0.005826822878644711 3
8 1413 0.005826831414126716 3
8 1414 0.005826794253666055 3
8 1415 0.005826794253666055 3
8 1416 0.0058268228798436655 3
8 1417 0.0058268228798436655 3
8 1418 0.005826794253666055 3
8 1419 0.005826831414126716 3
8 1420 0.05744398922839821 3
8 1421 0.005826831414126716 3
8 1422 0.005826831414126716 3
8 1423 0.0058268228798436655 3
8 1424 0.005826794253666055 3
8 1425 0.005826822878644711 3
8 1426 0.005826794253666055 3
8 1427 0.01980370742042458 3
8 1428 0.005826822878644711 3
8 1429 0.0058267942549708905 3
8 1430 0.06456702141165545 3
8 1431 0.0058268228798436655 3
8 1432 0.005826822878644711 3
8 1433 0.005826822878644711 3
8 1434 0.0058268228798436655 3
8 1435 0.021294525554331527 3
8 1436 0.0058267942549708905 3
8 1437 0.0058267942549708905 3
8 1438 0.0058268228798436655 3
8 1439 0.005826831415223406 3
8 1440 0.005826822878644711 3
8 1441 0.005826831415223406 3
8 1442 0.005826794253666055 3
8 1443 0.005826822878644711 3
8 1444 0.005826831414126716 3
8 1445 0.005826822878644711 3
8 1446 0.0058268228798436655 3
8 1447 0.0058267942549708905 3
8 1448 0.005826831415223406 3
8 1449 0.005826831415223406 3
8 1450 0.0058268228798436655 3
8 1451 0.0058267942549708905 3
8 1452 0.005826794253666055 3
8 1453 0.0058268228798436655 3
8 1454 0.0058268228798436655 3
8 1455 0.005826831414126716 3
8 1456 0.0058268228798436655 3
8 1457 0.0058268228798436655 3
8 1458 0.005826822878644711 3
8 1459 0.005826822878644711 3
8 1460 0.005826822878644711 3
8 1461 0.0058268228798436655 3
8 1462 0.005826831414126716 3
8 1463 0.005826822878644711 3
8 1464 0.005826831414126716 3
8 1465 0.005826831414126716 3
8 1466 0.005826831414126716 3
8 1467 0.005826794253666055 3
8 1468 0.16590822565658617 3
8 1469 0.005826822878644711 3
8 1470 0.0058267942549708905 3
8 1471 0.005826831414126716 3
8 1472 0.019634767766700187 3
8 1473 0.0058267942549708905 3
8 1474 0.005826822878644711 3
8 1475 0.005826794253666055 3
8 1476 0.0058268228798436655 3
8 1477 0.0058267942549708905 3
8 1478 0.005826831414126716 3
8 1479 0.0058268228798436655 3
8 1480 0.005826822878644711 3
8 1481 0.0058268228798436655 3
8 1482 0.0058267942549708905 3
8 1483 0.0058268228798436655 3
8 1484 0.005826822878644711 3
8 1485 0.0058267942549708905 3
8 1486 0.0058267942549708905 3
8 1487 0.005826831414126716 3
8 1488 0.005826794253666055 3
8 1489 0.07455044956915238 3
8 1490 0.005826831414126716 3
8 1491 0.0058268228798436655 3
8 1492 0.0058268228798436655 3
8 1493 0.005826831414126716 3
8 1494 0.0058268228798436655 3
8 1495 0.005826831414126716 3
8 1496 0.01665229848300746 3
8 1497 0.019803707413882 3
8 1498 0.005826831415223406 3
8 1499 0.005826794253666055 3
8 1500 0.0058267942549708905 3
8 1501 0.005826822878644711 3
8 1502 0.0058267942549708905 3
8 1503 0.005826831415223406 3
8 1504 0.005826794253666055 3
8 1505 0.005826831414126716 3
8 1506 0.0058268228798436655 3
8 1507 0.005826822878644711 3
8 1508 0.005826822878644711 3
8 1509 0.005826794253666055 3
8 1510 0.005826831414126716 3
8 1511 0.0058268228798436655 3
8 1512 0.03742725714007275 3
8 1513 0.005826822878644711 3
8 1514 0.0058267942549708905 3
8 1515 0.005826831414126716 3
8 1516 0.005826831415223406 3
8 1517 0.005826794253666055 3
8 1518 0.005826794253666055 3
8 1519 0.005826831414126716 3
8 1520 0.005826831415223406 3
8 1521 0.0980716941849823 3
8 1522 0.005826831415223406 3
8 1523 0.005826794253666055 3
8 1524 0.005826831414126716 3
8 1525 0.0058267942549708905 3
8 1526 0.0058267942549708905 3
8 1527 0.005826831415223406 3
8 1528 0.005826794253666055 3
8 1529 0.005826822878644711 3
8 1530 0.005826822878644711 3
8 1531 0.005826831415223406 3
8 1532 0.0058267942549708905 3
8 1533 0.09716462451280902 3
8 1534 0.005826831415223406 3
8 1535 0.0058267942549708905 3
8 1536 0.005826831415223406 3
8 1537 0.005826822878644711 3
8 1538 0.005826822878644711 3
8 1539 0.0058268228798436655 3
8 1540 0.005826831414126716 3
8 1541 0.005826831415223406 3
8 1542 0.0058268228798436655 3
8 1543 0.005826794253666055 3
8 1544 0.0058268228798436655 3
8 1545 0.0058267942549708905 3
8 1546 0.005826831414126716 3
8 1547 0.005826831414126716 3
8 1548 0.005826794253666055 3
8 1549 0.019052658138762286 3
8 1550 0.005826831414126716 3
8 1551 0.0058268228798436655 3
8 1552 0.0058268228798436655 3
8 1553 0.005826794253666055 3
8 1554 0.005826831414126716 3
8 1555 0.0058267942549708905 3
8 1556 0.005826831414126716 3
8 1557 0.005826794253666055 3
8 1558 0.0058268228798436655 3
8 1559 0.005826831415223406 3
8 1560 0.005826822878644711 3
8 1561 0.05987204776012756 3
8 1562 0.0058267942549708905 3
8 1563 0.005826831414126716 3
8 1564 0.0058267942549708905 3
8 1565 0.0058268228798436655 3
8 1566 0.005826831414126716 3
8 1567 0.005826794253666055 3
8 1568 0.005826822878644711 3
8 1569 0.005826831415223406 3
8 1570 0.06537005464177927 3
8 1571 0.005826794253666055 3
8 1572 0.005826831415223406 3
8 1573 0.036240709101833586 3
8 1574 0.0058268228798436655 3
8 1575 0.005826831415223406 3
8 1576 0.005826831415223406 3
8 1577 0.005826794253666055 3
8 1578 0.005826831414126716 3
8 1579 0.0058268228798436655 3
8 1580 0.021330448571352904 3
8 1581 0.005826822878644711 3
8 1582 0.0058267942549708905 3
8 1583 0.005826822878644711 3
8 1584 0.0058268228798436655 3
8 1585 0.0058267942549708905 3
8 1586 0.005826831414126716 3
8 1587 0.005826831415223406 3
8 1588 0.005826831415223406 3
8 1589 0.0058267942549708905 3
8 1590 0.0058268228798436655 3
8 1591 0.005826831415223406 3
8 1592 0.01897661196356203 3
8 1593 0.005826831415223406 3
8 1594 0.005826794253666055 3
8 1595 0.005826831414126716 3
8 1596 0.0058268228798436655 3
8 1597 0.005826822878644711 3
8 1598 0.0058267942549708905 3
8 1599 0.06303757930972004 3
8 1600 666052.0694709615 3
8 1601 0.005826831414126716 3
8 1602 0.005826822878644711 3
8 1603 0.005826822878644711 3
8 1604 0.0058268228798436655 3
8 1605 0.005826831414126716 3
8 1606 0.0058268228798436655 3
8 1607 0.0058268228798436655 3
8 1608 0.17468674524591973 3
8 1609 0.0058268228798436655 3
8 1610 0.005826822878644711 3
8 1611 0.005826831415223406 3
8 1612 0.005826822878644711 3
8 1613 0.0058267942549708905 3
8 1614 0.0058267942549708905 3
8 1615 0.005826831415223406 3
8 1616 0.0058267942549708905 3
8 1617 0.005826831414126716 3
8 1618 0.005826831415223406 3
8 1619 0.0058268228798436655 3
8 1620 0.0058267942549708905 3
8 1621 0.0058267942549708905 3
8 1622 0.005826831415223406 3
8 1623 0.005826794253666055 3
8 1624 0.005826822878644711 3
8 1625 0.0058268228798436655 3
8 1626 0.0058267942549708905 3
8 1627 0.005826831414126716 3
8 1628 0.005826794253666055 3
8 1629 0.0058268228798436655 3
8 1630 0.005826794253666055 3
8 1631 0.0058268228798436655 3
8 1632 0.005826794253666055 3
8 1633 0.005826822878644711 3
8 1634 0.0058268228798436655 3
8 1635 0.0058268228798436655 3
8 1636 0.005826831414126716 3
8 1637 0.0058268228798436655 3
8 1638 0.019177306660831655 3
8 1639 0.005826831415223406 3
8 1640 0.005826822878644711 3
8 1641 0.0058268228798436655 3
8 1642 0.005826831415223406 3
8 1643 0.11846696564407276 3
8 1644 0.005826794253666055 3
8 1645 0.005826831415223406 3
8 1646 0.0058268228798436655 3
8 1647 0.17467221080628592 3
8 1648 0.005826831414126716 3
8 1649 0.005826822878644711 3
8 1650 0.0058268228798436655 3
8 1651 0.005826831415223406 3
8 1652 0.005826831415223406 3
8 1653 0.0058268228798436655 3
8 1654 0.005826822878644711 3
8 1655 0.005826831414126716 3
8 1656 0.005826794253666055 3
8 1657 0.005826831415223406 3
8 1658 0.005826822878644711 3
8 1659 0.005826831415223406 3
8 1660 0.0058267942549708905 3
8 1661 0.005826831415223406 3
8 1662 0.005826794253666055 3
8 1663 0.0058267942549708905 3
8 1664 0.005826794253666055 3
8 1665 0.005826822878644711 3
8 1666 0.005826831414126716 3
8 1667 0.0058268228798436655 3
8 1668 0.0058267942549708905 3
8 1669 0.005826794253666055 3
8 1670 0.005826822878644711 3
8 1671 0.005826831415223406 3
8 1672 0.005826831415223406 3
8 1673 0.0058267942549708905 3
8 1674 0.005826822878644711 3
8 1675 0.0058267942549708905 3
8 1676 0.005826822878644711 3
8 1677 0.0058268228798436655 3
8 1678 0.005826831414126716 3
8 1679 0.005826794253666055 3
8 1680 0.005826831414126716 3
8 1681 0.005826831414126716 3
8 1682 0.0058268228798436655 3
8 1683 0.0058267942549708905 3
8 1684 0.005826794253666055 3
8 1685 0.005826794253666055 3
8 1686 0.005826831414126716 3
8 1687 0.0058267942549708905 3
8 1688 0.005826794253666055 3
8 1689 0.005826822878644711 3
8 1690 0.15214107697613036 3
8 1691 0.005826822878644711 3
8 1692 0.005826822878644711 3
8 1693 0.005826794253666055 3
8 1694 0.0058267942549708905 3
8 1695 0.0058268228798436655 3
8 1696 0.005826831415223406 3
8 1697 0.005826831415223406 3
8 1698 0.005826831415223406 3
8 1699 0.005826831414126716 3
8 1700 0.005826822878644711 3
8 1701 0.005826831415223406 3
8 1702 0.005826822878644711 3
8 1703 0.005826831415223406 3
8 1704 0.005826831415223406 3
8 1705 0.0058268228798436655 3
8 1706 0.06622215984274153 3
8 1707 0.0058267942549708905 3
8 1708 0.005826794253666055 3
8 1709 0.0058268228798436655 3
8 1710 0.005826822878644711 3
8 1711 0.005826794253666055 3
8 1712 0.0058267942549708905 3
8 1713 0.005826794253666055 3
8 1714 0.0058268228798436655 3
8 1715 0.005826794253666055 3
8 1716 0.005826831414126716 3
8 1717 0.028082955309743668 3
8 1718 0.005826794253666055 3
8 1719 0.0058268228798436655 3
8 1720 0.005826831414126716 3
8 1721 0.0058268228798436655 3
8 1722 0.005826831415223406 3
8 1723 0.0058268228798436655 3
8 1724 0.005826831414126716 3
8 1725 0.0058268228798436655 3
8 1726 0.005826831415223406 3
8 1727 0.005826794253666055 3
8 1728 0.0058267942549708905 3
8 1729 0.005826822878644711 3
8 1730 0.005826822878644711 3
8 1731 0.005826831414126716 3
8 1732 0.005826794253666055 3
8 1733 0.005826794253666055 3
8 1734 0.005826831414126716 3
8 1735 0.005826831414126716 3
8 1736 0.005826794253666055 3
8 1737 0.005826822878644711 3
8 1738 0.005826831414126716 3
8 1739 0.005826831414126716 3
8 1740 0.005826831414126716 3
8 1741 0.005826831414126716 3
8 1742 0.0058268228798436655 3
8 1743 0.005826831415223406 3
8 1744 0.005826794253666055 3
8 1745 1.5277804343534123 3
8 1746 0.005826831415223406 3
8 1747 0.17467227425357382 3
8 1748 0.005826831415223406 3
8 1749 0.005826794253666055 3
8 1750 0.0058268228798436655 3
8 1751 0.005826794253666055 3
8 1752 0.1217881704675076 3
8 1753 0.0058268228798436655 3
8 1754 0.0058268228798436655 3
8 1755 0.0058268228798436655 3
8 1756 0.1015271058710326 3
8 1757 0.005826822878644711 3
8 1758 0.005826831415223406 3
8 1759 0.005826831415223406 3
8 1760 0.005826822878644711 3
8 1761 0.005826822878644711 3
8 1762 0.005826822878644711 3
8 1763 0.0058268228798436655 3
8 1764 0.0058268228798436655 3
8 1765 0.0058268228798436655 3
8 1766 0.0058268228798436655 3
8 1767 0.005826794253666055 3
8 1768 0.005826822878644711 3
8 1769 0.005826822878644711 3
8 1770 0.005826794253666055 3
8 1771 0.005826831415223406 3
8 1772 0.005826794253666055 3
8 1773 0.0058268228798436655 3
8 1774 0.005826794253666055 3
8 1775 0.005826831415223406 3
8 1776 0.005826794253666055 3
8 1777 0.04077629968315666 3
8 1778 0.0058267942549708905 3
8 1779 0.005826822878644711 3
8 1780 0.0058268228798436655 3
8 1781 0.005826822878644711 3
8 1782 0.005826794253666055 3
8 1783 0.019570702139771096 3
8 1784 0.005826831414126716 3
8 1785 0.005826822878644711 3
8 1786 0.06929029414615659 3
8 1787 0.005826831415223406 3
8 1788 0.0058267942549708905 3
8 1789 0.005826794253666055 3
8 1790 0.005826822878644711 3
8 1791 0.0058267942549708905 3
8 1792 0.0058267942549708905 3
8 1793 0.0058267942549708905 3
8 1794 0.005826794253666055 3
8 1795 0.005826794253666055 3
8 1796 0.0058268228798436655 3
8 1797 0.005826831414126716 3
8 1798 0.0058267942549708905 3
8 1799 0.005826794253666055 3
8 1800 0.0058267942549708905 3
8 1801 0.005826831415223406 3
8 1802 0.005826794253666055 3
8 1803 0.005826831414126716 3
8 1804 0.0058267942549708905 3
8 1805 0.005826831415223406 3
8 1806 0.005826794253666055 3
8 1807 0.03250579214950413 3
8 1808 0.005826831414126716 3
8 1809 0.005826822878644711 3
8 1810 0.005826831415223406 3
8 1811 0.005826831414126716 3
8 1812 0.005826831414126716 3
8 1813 0.0058267942549708905 3
8 1814 0.0058268228798436655 3
8 1815 0.005826831414126716 3
8 1816 0.005826822878644711 3
8 1817 0.005826822878644711 3
8 1818 0.005826794253666055 3
8 1819 0.07001036180281098 3
8 1820 0.005826822878644711 3
8 1821 0.005826831414126716 3
8 1822 0.0058268228798436655 3
8 1823 0.005826831415223406 3
8 1824 0.005826794253666055 3
8 1825 0.005826831414126716 3
8 1826 0.005826831414126716 3
8 1827 0.0058267942549708905 3
8 1828 0.005826831415223406 3
8 1829 0.005826831415223406 3
8 1830 0.005826831414126716 3
8 1831 0.0058267942549708905 3
8 1832 0.005826794253666055 3
8 1833 0.0058267942549708905 3
8 1834 0.005826794253666055 3
8 1835 0.005826831415223406 3
8 1836 0.005826831414126716 3
8 1837 0.005826822878644711 3
8 1838 0.07001036184981539 3
8 1839 0.005826822878644711 3
8 1840 0.005826831414126716 3
8 1841 0.0058268228798436655 3
8 1842 0.0058267942549708905 3
8 1843 0.0058268228798436655 3
8 1844 0.005826822878644711 3
8 1845 0.005826831414126716 3
8 1846 0.0058267942549708905 3
8 1847 0.005826794253666055 3
8 1848 0.0058268228798436655 3
8 1849 0.0058267942549708905 3
8 1850 0.005826794253666055 3
8 1851 0.0058267942549708905 3
8 1852 0.005826831415223406 3
8 1853 0.005826831414126716 3
8 1854 0.005826831414126716 3
8 1855 0.005826831414126716 3
8 1856 0.005826831415223406 3
8 1857 0.005826831414126716 3
8 1858 0.0058267942549708905 3
8 1859 0.005826822878644711 3
8 1860 0.005826822878644711 3
8 1861 0.0058268228798436655 3
8 1862 0.005826822878644711 3
8 1863 0.005826831415223406 3
8 1864 0.10857466461748451 3
8 1865 0.005826831414126716 3
8 1866 0.005826831414126716 3
8 1867 0.0058267942549708905 3
8 1868 0.0058267942549708905 3
8 1869 0.005826822878644711 3
8 1870 0.005826822878644711 3
8 1871 0.0058268228798436655 3
8 1872 0.005826831415223406 3
8 1873 0.005826822878644711 3
8 1874 0.005826831415223406 3
8 1875 0.0058268228798436655 3
8 1876 0.005826822878644711 3
8 1877 0.0058268228798436655 3
8 1878 0.0058268228798436655 3
8 1879 0.005826831415223406 3
8 1880 0.005826822878644711 3
8 1881 0.005826794253666055 3
8 1882 0.005826794253666055 3
8 1883 0.005826831415223406 3
8 1884 0.005826822878644711 3
8 1885 0.005826794253666055 3
8 1886 0.005826831415223406 3
8 1887 0.005826822878644711 3
8 1888 0.0058268228798436655 3
8 1889 0.005826831415223406 3
8 1890 0.005826794253666055 3
8 1891 0.0058267942549708905 3
8 1892 0.005826794253666055 3
8 1893 0.0058267942549708905 3
8 1894 0.0058267942549708905 3
8 1895 0.005826794253666055 3
8 1896 0.019788598386678714 3
8 1897 0.005826831415223406 3
8 1898 0.0058267942549708905 3
8 1899 0.005826831414126716 3
8 1900 0.005826831414126716 3
8 1901 0.005826831414126716 3
8 1902 0.005826794253666055 3
8 1903 0.0058268228798436655 3
8 1904 0.005826831415223406 3
8 1905 0.0058268228798436655 3
8 1906 0.0058268228798436655 3
8 1907 0.0058267942549708905 3
8 1908 0.005826794253666055 3
8 1909 0.0058267942549708905 3
8 1910 0.005826822878644711 3
8 1911 0.005826831414126716 3
8 1912 0.0058267942549708905 3
8 1913 0.005826831415223406 3
8 1914 0.0058268228798436655 3
8 1915 0.005826831414126716 3
8 1916 0.0058268228798436655 3
8 1917 0.005826831415223406 3
8 1918 0.0058267942549708905 3
8 1919 0.005826831414126716 3
8 1920 0.005826831414126716 3
8 1921 0.005826831415223406 3
8 1922 0.0058268228798436655 3
8 1923 0.0058267942549708905 3
8 1924 0.005826794253666055 3
8 1925 0.0058268228798436655 3
8 1926 0.057443989211095066 3
8 1927 0.005826822878644711 3
8 1928 0.0058268228798436655 3
8 1929 0.044864155496025904 3
8 1930 0.020459982431213074 3
8 1931 0.0058267942549708905 3
8 1932 0.005826794253666055 3
8 1933 0.005826831415223406 3
8 1934 0.005826831414126716 3
8 1935 0.005826831414126716 3
8 1936 0.005826822878644711 3
8 1937 0.037123922353055776 3
8 1938 0.005826822878644711 3
8 1939 0.016715020524901286 3
8 1940 0.0058268228798436655 3
8 1941 0.005826831414126716 3
8 1942 0.07455046220339745 3
8 1943 0.0742665509361314 3
8 1944 0.005826794253666055 3
8 1945 0.005826831415223406 3
8 1946 0.0058267942549708905 3
8 1947 0.005826831414126716 3
8 1948 0.0058267942549708905 3
8 1949 0.005826831414126716 3
8 1950 0.0058267942549708905 3
8 1951 0.005826822878644711 3
8 1952 0.005826831415223406 3
8 1953 0.005826794253666055 3
8 1954 0.005826831414126716 3
8 1955 0.005826831414126716 3
8 1956 0.0058268228798436655 3
8 1957 0.005826831415223406 3
8 1958 0.005826831415223406 3
8 1959 0.0058267942549708905 3
8 1960 0.005826831415223406 3
8 1961 0.005826794253666055 3
8 1962 0.005826831415223406 3
8 1963 0.03936289304248713 3
8 1964 0.005826794253666055 3
8 1965 0.005826831415223406 3
8 1966 0.005826831415223406 3
8 1967 0.005826822878644711 3
8 1968 0.005826831414126716 3
8 1969 0.0058267942549708905 3
8 1970 0.0058268228798436655 3
8 1971 0.005826822878644711 3
8 1972 0.005826822878644711 3
8 1973 0.005826822878644711 3
8 1974 0.4865787306728564 3
8 1975 0.0058267942549708905 3
8 1976 0.005826831414126716 3
8 1977 0.005826822878644711 3
8 1978 0.0058268228798436655 3
8 1979 0.14423578018559075 3
8 1980 0.005826822878644711 3
8 1981 0.0058267942549708905 3
8 1982 0.0058267942549708905 3
8 1983 0.005826822878644711 3
8 1984 0.005826831414126716 3
8 1985 0.0058268228798436655 3
8 1986 0.005826794253666055 3
8 1987 0.005826831415223406 3
8 1988 0.005826831414126716 3
8 1989 0.005826794253666055 3
8 1990 0.005826794253666055 3
8 1991 0.005826831414126716 3
8 1992 0.0058267942549708905 3
8 1993 0.005826831415223406 3
8 1994 0.005826831414126716 3
8 1995 0.0058267942549708905 3
8 1996 0.0058267942549708905 3
8 1997 0.005826822878644711 3
8 1998 0.005826822878644711 3
8 1999 0.005826822878644711 3
9 0 0.005826794253666055 3
9 1 0.005826794253666055 3
9 2 0.005826794253666055 3
9 3 0.005826794253666055 3
9 4 0.005826794253666055 3
9 5 0.005826794253666055 3
9 6 0.005826794253666055 3
9 7 0.005826794253666055 3
9 8 0.005826794253666055 3
9 9 0.005826794253666055 3
9 10 0.005826794253666055 3
9 11 0.005826794253666055 3
9 12 0.005826794253666055 3
9 13 0.005826794253666055 3
9 14 0.005826794253666055 3
9 15 0.005826794253666055 3
9 16 0.005826794253666055 3
9 17 0.005826794253666055 3
9 18 0.005826794253666055 3
9 19 0.005826794253666055 3
9 20 0.005826794253666055 3
9 21 0.005826794253666055 3
9 22 0.005826794253666055 3
9 23 0.005826794253666055 3
9 24 0.005826794253666055 3
9 25 0.005826794253666055 3
9 26 0.005826794253666055 3
9 27 0.005826794253666055 3
9 28 0.005826794253666055 3
9 29 0.005826794253666055 3
9 30 0.005826794253666055 3
9 31 0.005826794253666055 3
9 32 0.005826794253666055 3
9 33 0.005826794253666055 3
9 34 0.005826794253666055 3
9 35 0.005826794253666055 3
9 36 0.005826794253666055 3
9 37 0.005826794253666055 3
9 38 0.005826794253666055 3
9 39 0.005826794253666055 3
9 40 0.005826794253666055 3
9 41 0.005826794253666055 3
9 42 0.005826794253666055 3
9 43 0.005826794253666055 3
9 44 0.005826794253666055 3
9 45 0.005826794253666055 3
9 46 0.005826794253666055 3
9 47 0.005826794253666055 3
9 48 0.005826794253666055 3
9 49 0.005826794253666055 3
9 50 0.005826794253666055 3
9 51 0.005826794253666055 3
9 52 0.005826794253666055 3
9 53 0.005826794253666055 3
9 54 0.005826794253666055 3
9 55 0.005826794253666055 3
9 56 0.005826794253666055 3
9 57 0.005826794253666055 3
9 58 0.005826794253666055 3
9 59 0.005826794253666055 3
9 60 0.005826794253666055 3
9 61 0.005826794253666055 3
9 62 0.005826794253666055 3
9 63 0.005826794253666055 3
9 64 0.005826794253666055 3
9 65 0.005826794253666055 3
9 66 0.005826794253666055 3
9 67 0.005826794253666055 3
9 68 0.005826794253666055 3
9 69 0.005826794253666055 3
9 70 0.005826794253666055 3
9 71 0.005826794253666055 3
9 72 0.005826794253666055 3
9 73 0.005826794253666055 3
9 74 0.005826794253666055 3
9 75 0.005826794253666055 3
9 76 0.005826794253666055 3
9 77 0.005826794253666055 3
9 78 0.005826794253666055 3
9 79 0.005826794253666055 3
9 80 0.005826794253666055 3
9 81 0.005826794253666055 3
9 82 0.005826794253666055 3
9 83 0.005826794253666055 3
9 84 0.005826794253666055 3
9 85 0.005826794253666055 3
9 86 0.005826794253666055 3
9 87 0.005826794253666055 3
9 88 0.005826794253666055 3
9 89 0.005826794253666055 3
9 90 0.005826794253666055 3
9 91 0.005826794253666055 3
9 92 0.005826794253666055 3
9 93 0.005826794253666055 3
9 94 0.005826794253666055 3
9 95 0.005826794253666055 3
9 96 0.005826794253666055 3
9 97 0.005826794253666055 3
9 98 0.005826794253666055 3
9 99 0.005826794253666055 3
9 100 0.005826794253666055 3
9 101 0.005826794253666055 3
9 102 0.005826794253666055 3
9 103 0.005826794253666055 3
9 104 0.005826794253666055 3
9 105 0.005826794253666055 3
9 106 0.005826794253666055 3
9 107 0.005826794253666055 3
9 108 0.005826794253666055 3
9 109 0.005826794253666055 3
9 110 0.005826794253666055 3
9 111 0.005826794253666055 3
9 112 0.005826794253666055 3
9 113 0.005826794253666055 3
9 114 0.005826794253666055 3
9 115 0.005826794253666055 3
9 116 0.005826794253666055 3
9 117 0.005826794253666055 3
9 118 0.005826794253666055 3
9 119 0.005826794253666055 3
9 120 0.005826794253666055 3
9 121 0.005826794253666055 3
9 122 0.005826794253666055 3
9 123 0.005826794253666055 3
9 124 0.005826794253666055 3
9 125 0.005826794253666055 3
9 126 0.005826794253666055 3
9 127 0.005826794253666055 3
9 128 0.005826794253666055 3
9 129 0.005826794253666055 3
9 130 0.005826794253666055 3
9 131 0.005826794253666055 3
9 132 0.005826794253666055 3
9 133 0.005826794253666055 3
9 134 0.005826794253666055 3
9 135 0.005826794253666055 3
9 136 0.005826794253666055 3
9 137 0.005826794253666055 3
9 138 0.005826794253666055 3
9 139 0.005826794253666055 3
9 140 0.005826794253666055 3
9 141 0.005826794253666055 3
9 142 0.005826794253666055 3
9 143 0.005826794253666055 3
9 144 0.005826794253666055 3
9 145 0.005826794253666055 3
9 146 0.005826794253666055 3
9 147 0.005826794253666055 3
9 148 0.005826794253666055 3
9 149 0.005826794253666055 3
9 150 0.005826794253666055 3
9 151 0.005826794253666055 3
9 152 0.005826794253666055 3
9 153 0.005826794253666055 3
9 154 0.005826794253666055 3
9 155 0.005826794253666055 3
9 156 0.005826794253666055 3
9 157 0.005826794253666055 3
9 158 0.005826794253666055 3
9 159 0.005826794253666055 3
9 160 0.005826794253666055 3
9 161 0.005826794253666055 3
9 162 0.005826794253666055 3
9 163 0.005826794253666055 3
9 164 0.005826794253666055 3
9 165 0.005826794253666055 3
9 166 0.005826794253666055 3
9 167 0.005826794253666055 3
9 168 0.005826794253666055 3
9 169 0.005826794253666055 3
9 170 0.005826794253666055 3
9 171 0.005826794253666055 3
9 172 0.005826794253666055 3
9 173 0.005826794253666055 3
9 174 0.005826794253666055 3
9 175 0.005826794253666055 3
9 176 0.005826794253666055 3
9 177 0.005826794253666055 3
9 178 0.005826794253666055 3
9 179 0.005826794253666055 3
9 180 0.005826794253666055 3
9 181 0.005826794253666055 3
9 182 0.005826794253666055 3
9 183 0.005826794253666055 3
9 184 0.005826794253666055 3
9 185 0.005826794253666055 3
9 186 0.005826794253666055 3
9 187 0.005826794253666055 3
9 188 0.005826794253666055 3
9 189 0.005826794253666055 3
9 190 0.005826794253666055 3
9 191 0.005826794253666055 3
9 192 0.005826794253666055 3
9 193 0.005826794253666055 3
9 194 0.005826794253666055 3
9 195 0.005826794253666055 3
9 196 0.005826794253666055 3
9 197 0.005826794253666055 3
9 198 0.005826794253666055 3
9 199 0.005826794253666055 3
9 200 0.0058267942549708905 3
9 201 0.005826794253666055 3
9 202 0.005826831415223406 3
9 203 0.005826831414126716 3
9 204 0.0058268228798436655 3
9 205 0.005826794253666055 3
9 206 0.005826831415223406 3
9 207 0.005826831414126716 3
9 208 0.0058267942549708905 3
9 209 0.0058268228798436655 3
9 210 0.005826794253666055 3
9 211 0.005826831415223406 3
9 212 0.0058268228798436655 3
9 213 0.0058267942549708905 3
9 214 0.005826831414126716 3
9 215 0.005826831415223406 3
9 216 0.0058267942549708905 3
9 217 0.0058267942549708905 3
9 218 0.0058267942549708905 3
9 219 0.0058268228798436655 3
9 220 0.005826831415223406 3
9 221 0.005826794253666055 3
9 222 0.005826822878644711 3
9 223 0.005826831414126716 3
9 224 0.0058267942549708905 3
9 225 0.0058268228798436655 3
9 226 0.005826831415223406 3
9 227 0.005826831414126716 3
9 228 0.005826831415223406 3
9 229 0.005826822878644711 3
9 230 0.005826831414126716 3
9 231 0.005826822878644711 3
9 232 0.0058268228798436655 3
9 233 0.005826831414126716 3
9 234 0.0058268228798436655 3
9 235 0.005826822878644711 3
9 236 0.005826822878644711 3
9 237 0.005826822878644711 3
9 238 0.0058268228798436655 3
9 239 0.005826831415223406 3
9 240 0.005826831415223406 3
9 241 0.005826794253666055 3
9 242 0.0058268228798436655 3
9 243 0.005826831415223406 3
9 244 0.005826794253666055 3
9 245 0.005826822878644711 3
9 246 0.005826831414126716 3
9 247 0.0637900431477365 3
9 248 0.0058267942549708905 3
9 249 0.0058268228798436655 3
9 250 0.0058267942549708905 3
9 251 0.019703495225731997 3
9 252 0.005826822878644711 3
9 253 0.005826831415223406 3
9 254 0.005826831414126716 3
9 255 0.0058268228798436655 3
9 256 0.07717419699237864 3
9 257 0.0058268228798436655 3
9 258 0.005826822878644711 3
9 259 0.0058268228798436655 3
9 260 0.0058267942549708905 3
9 261 0.005826831415223406 3
9 262 0.005826831415223406 3
9 263 0.005826822878644711 3
9 264 0.018881650279844776 3
9 265 1327770.4143033065 3
9 266 0.005826794253666055 3
9 267 0.005826831415223406 3
9 268 0.0058267942549708905 3
9 269 0.005826831414126716 3
9 270 0.005826831415223406 3
9 271 0.10857464972720686 3
9 272 0.0058268228798436655 3
9 273 0.005826831415223406 3
9 274 0.0058268228798436655 3
9 275 0.005826831415223406 3
9 276 0.005826822878644711 3
9 277 0.07372216071276529 3
9 278 0.0058267942549708905 3
9 279 0.005826831415223406 3
9 280 0.0058267942549708905 3
9 281 0.005826831415223406 3
9 282 0.005826794253666055 3
9 283 0.005826831415223406 3
9 284 0.005826831414126716 3
9 285 0.005826831414126716 3
9 286 0.0058268228798436655 3
9 287 0.005826831415223406 3
9 288 0.005826831415223406 3
9 289 0.0058268228798436655 3
9 290 0.005826794253666055 3
9 291 0.005826822878644711 3
9 292 0.005826831414126716 3
9 293 0.005826831415223406 3
9 294 0.005826794253666055 3
9 295 0.005826822878644711 3
9 296 0.0058267942549708905 3
9 297 0.005826822878644711 3
9 298 0.005826831415223406 3
9 299 0.005826831415223406 3
9 300 0.005826831415223406 3
9 301 0.005826794253666055 3
9 302 0.005826822878644711 3
9 303 0.010320453866858913 3
9 304 0.0058267942549708905 3
9 305 0.005826794253666055 3
9 306 0.005826794253666055 3
9 307 0.005826831414126716 3
9 308 0.0058268228798436655 3
9 309 0.0058268228798436655 3
9 310 0.005826822878644711 3
9 311 0.14385705860269637 3
9 312 0.005826831414126716 3
9 313 0.005826822878644711 3
9 314 0.005826831415223406 3
9 315 0.005826831415223406 3
9 316 0.005826831415223406 3
9 317 0.005826831415223406 3
9 318 0.03711085268455597 3
9 319 0.005826822878644711 3
9 320 0.005826831414126716 3
9 321 0.005826822878644711 3
9 322 0.005826822878644711 3
9 323 0.005826794253666055 3
9 324 0.005826794253666055 3
9 325 0.005826794253666055 3
9 326 0.005826831414126716 3
9 327 0.005826831415223406 3
9 328 0.005826794253666055 3
9 329 0.005826822878644711 3
9 330 0.005826831414126716 3
9 331 0.005826831414126716 3
9 332 0.0058268228798436655 3
9 333 0.005826831415223406 3
9 334 0.019702548060115222 3
9 335 0.005826794253666055 3
9 336 0.005826822878644711 3
9 337 0.005826831414126716 3
9 338 0.005826822878644711 3
9 339 0.005826831414126716 3
9 340 0.0058267942549708905 3
9 341 0.005826822878644711 3
9 342 0.0058268228798436655 3
9 343 0.005826794253666055 3
9 344 0.005826831415223406 3
9 345 0.0058268228798436655 3
9 346 0.0058267942549708905 3
9 347 0.0058268228798436655 3
9 348 0.0058267942549708905 3
9 349 0.0058268228798436655 3
9 350 0.0058268228798436655 3
9 351 0.005826831415223406 3
9 352 0.005826822878644711 3
9 353 0.005826831414126716 3
9 354 0.005826822878644711 3
9 355 0.0058267942549708905 3
9 356 0.0058267942549708905 3
9 357 0.0058267942549708905 3
9 358 0.005826831415223406 3
9 359 0.005826831414126716 3
9 360 0.005826831415223406 3
9 361 0.005826831415223406 3
9 362 0.0058267942549708905 3
9 363 0.005826794253666055 3
9 364 0.005826794253666055 3
9 365 0.005826831415223406 3
9 366 0.005826794253666055 3
9 367 0.022378701232667306 3
9 368 0.12787523052929287 3
9 369 0.005826794253666055 3
9 370 0.0058268228798436655 3
9 371 0.005826794253666055 3
9 372 0.0058267942549708905 3
9 373 0.0058267942549708905 3
9 374 0.005826831415223406 3
9 375 0.005826822878644711 3
9 376 0.005826831415223406 3
9 377 0.005826794253666055 3
9 378 0.0058268228798436655 3
9 379 0.005826831415223406 3
9 380 0.005826831414126716 3
9 381 0.005826831415223406 3
9 382 0.005826822878644711 3
9 383 0.0058268228798436655 3
9 384 0.005826831415223406 3
9 385 0.005826822878644711 3
9 386 0.005826831414126716 3
9 387 0.0058267942549708905 3
9 388 0.0058267942549708905 3
9 389 0.005826831415223406 3
9 390 0.005826831414126716 3
9 391 0.005826831414126716 3
9 392 0.005826794253666055 3
9 393 0.005826831414126716 3
9 394 0.005826831414126716 3
9 395 0.005826831415223406 3
9 396 0.005826822878644711 3
9 397 0.005826831415223406 3
9 398 0.0058267942549708905 3
9 399 0.005826794253666055 3
9 400 0.005826822878644711 3
9 401 0.005826831414126716 3
9 402 0.005826794253666055 3
9 403 0.005826831415223406 3
9 404 0.0058268228798436655 3
9 405 0.0058267942549708905 3
9 406 0.005826831414126716 3
9 407 0.0058267942549708905 3
9 408 0.005826831415223406 3
9 409 1.1086613415300208 3
9 410 0.0058268228798436655 3
9 411 0.005826831414126716 3
9 412 0.044417640129312805 3
9 413 0.005826831414126716 3
9 414 0.005826822878644711 3
9 415 0.005826794253666055 3
9 416 0.005826794253666055 3
9 417 0.0058268228798436655 3
9 418 0.44440960592070633 3
9 419 0.005826794253666055 3
9 420 0.0058267942549708905 3
9 421 0.005826794253666055 3
9 422 0.005826831415223406 3
9 423 0.005826831415223406 3
9 424 0.0058267942549708905 3
9 425 0.005826794253666055 3
9 426 0.005826794253666055 3
9 427 0.05744398919406638 3
9 428 0.0058268228798436655 3
9 429 0.005826831415223406 3
9 430 0.0058267942549708905 3
9 431 0.005826831415223406 3
9 432 0.01950803571347117 3
9 433 0.019634772951229843 3
9 434 0.005826831414126716 3
9 435 0.005826794253666055 3
9 436 0.005826831414126716 3
9 437 0.005826794253666055 3
9 438 0.005826831414126716 3
9 439 0.0058267942549708905 3
9 440 0.0058267942549708905 3
9 441 0.005826831415223406 3
9 442 0.005826794253666055 3
9 443 0.005826831414126716 3
9 444 0.0058267942549708905 3
9 445 0.02021947151612023 3
9 446 0.005826831414126716 3
9 447 0.0058268228798436655 3
9 448 0.0058268228798436655 3
9 449 0.005826831414126716 3
9 450 0.005826822878644711 3
9 451 0.005826794253666055 3
9 452 0.0058267942549708905 3
9 453 0.0058267942549708905 3
9 454 0.005826822878644711 3
9 455 0.0058267942549708905 3
9 456 0.0058268228798436655 3
9 457 0.005826831414126716 3
9 458 0.0058268228798436655 3
9 459 0.005826794253666055 3
9 460 0.005826831414126716 3
9 461 0.005826794253666055 3
9 462 0.005826822878644711 3
9 463 0.005826794253666055 3
9 464 0.005826794253666055 3
9 465 0.005826831415223406 3
9 466 0.0058267942549708905 3
9 467 0.0058268228798436655 3
9 468 0.0058268228798436655 3
9 469 0.0058268228798436655 3
9 470 0.005826831414126716 3
9 471 0.0058267942549708905 3
9 472 0.005826794253666055 3
9 473 0.005826794253666055 3
9 474 0.005826831415223406 3
9 475 0.0058267942549708905 3
9 476 0.0058267942549708905 3
9 477 0.005826794253666055 3
9 478 0.005826794253666055 3
9 479 0.0058267942549708905 3
9 480 0.005826794253666055 3
9 481 0.0058267942549708905 3
9 482 0.005826822878644711 3
9 483 0.0058268228798436655 3
9 484 0.005826822878644711 3
9 485 0.005826831414126716 3
9 486 0.005826831415223406 3
9 487 0.0058267942549708905 3
9 488 0.005826822878644711 3
9 489 0.005826822878644711 3
9 490 0.0058267942549708905 3
9 491 0.005826831414126716 3
9 492 0.005826831415223406 3
9 493 0.005826794253666055 3
9 494 0.005826822878644711 3
9 495 0.005826831414126716 3
9 496 0.0058267942549708905 3
9 497 0.0058268228798436655 3
9 498 0.005826831415223406 3
9 499 3375820.6838899152 3
9 500 0.005826794253666055 3
9 501 0.005826831415223406 3
9 502 0.0058268228798436655 3
9 503 0.0058267942549708905 3
9 504 0.0058268228798436655 3
9 505 0.0058268228798436655 3
9 506 0.005826794253666055 3
9 507 0.005826831414126716 3
9 508 0.0058267942549708905 3
9 509 0.0058268228798436655 3
9 510 0.005826794253666055 3
9 511 0.0058267942549708905 3
9 512 0.0058267942549708905 3
9 513 0.0058267942549708905 3
9 514 0.005826831415223406 3
9 515 0.005826822878644711 3
9 516 0.0058268228798436655 3
9 517 0.0058267942549708905 3
9 518 0.005826822878644711 3
9 519 0.005826831414126716 3
9 520 0.005826831414126716 3
9 521 0.0058267942549708905 3
9 522 0.005826831415223406 3
9 523 0.005826831414126716 3
9 524 0.005826831414126716 3
9 525 0.0058267942549708905 3
9 526 0.005826822878644711 3
9 527 0.005826794253666055 3
9 528 0.0058267942549708905 3
9 529 0.0058268228798436655 3
9 530 0.0058268228798436655 3
9 531 0.07001036176374521 3
9 532 0.005826822878644711 3
9 533 0.005826822878644711 3
9 534 0.005826794253666055 3
9 535 0.005826831415223406 3
9 536 0.0058268228798436655 3
9 537 0.005826822878644711 3
9 538 0.005826831414126716 3
9 539 0.0846765763575944 3
9 540 0.005826831414126716 3
9 541 0.0058267942549708905 3
9 542 0.005826831415223406 3
9 543 0.005826794253666055 3
9 544 0.005826831414126716 3
9 545 0.0058268228798436655 3
9 546 0.005826822878644711 3
9 547 0.005826794253666055 3
9 548 0.0058267942549708905 3
9 549 0.005826794253666055 3
9 550 0.005826831414126716 3
9 551 0.0058267942549708905 3
9 552 0.010502477213881704 3
9 553 0.005826831414126716 3
9 554 0.005826831414126716 3
9 555 0.005826831415223406 3
9 556 0.005826794253666055 3
9 557 0.005826831415223406 3
9 558 0.005826831415223406 3
9 559 0.005826831414126716 3
9 560 0.0058268228798436655 3
9 561 0.005826822878644711 3
9 562 0.005826794253666055 3
9 563 0.005826831415223406 3
9 564 0.005826822878644711 3
9 565 0.0058268228798436655 3
9 566 0.005826822878644711 3
9 567 0.0058268228798436655 3
9 568 0.0058267942549708905 3
9 569 0.005826831415223406 3
9 570 0.021658067843993326 3
9 571 0.0058268228798436655 3
9 572 0.005826831415223406 3
9 573 0.005826831414126716 3
9 574 0.0058267942549708905 3
9 575 0.005826822878644711 3
9 576 0.019721501306472645 3
9 577 0.005826831415223406 3
9 578 0.005826794253666055 3
9 579 0.0058267942549708905 3
9 580 0.0058268228798436655 3
9 581 0.0058267942549708905 3
9 582 0.005826831414126716 3
9 583 0.005826794253666055 3
9 584 0.005826831414126716 3
9 585 0.005826831415223406 3
9 586 0.005826831415223406 3
9 587 0.005826822878644711 3
9 588 0.005826831415223406 3
9 589 0.005826822878644711 3
9 590 0.005826831414126716 3
9 591 0.03742725714007275 3
9 592 0.0058267942549708905 3
9 593 0.005826831415223406 3
9 594 0.0058268228798436655 3
9 595 0.005826831414126716 3
9 596 0.005826822878644711 3
9 597 0.01665225550188076 3
9 598 0.005826831414126716 3
9 599 0.0058267942549708905 3
9 600 0.005826822878644711 3
9 601 0.0058267942549708905 3
9 602 0.0058268228798436655 3
9 603 0.005826831415223406 3
9 604 0.0058267942549708905 3
9 605 0.005826831415223406 3
9 606 0.0058268228798436655 3
9 607 0.0058268228798436655 3
9 608 0.005826794253666055 3
9 609 0.005826831415223406 3
9 610 0.005826831414126716 3
9 611 0.0058268228798436655 3
9 612 0.0058267942549708905 3
9 613 0.005826822878644711 3
9 614 0.005826794253666055 3
9 615 0.005826822878644711 3
9 616 0.0058268228798436655 3
9 617 0.005826822878644711 3
9 618 0.005826822878644711 3
9 619 0.005826822878644711 3
9 620 0.0058267942549708905 3
9 621 0.005826794253666055 3
9 622 0.005826822878644711 3
9 623 0.005826831415223406 3
9 624 0.005826794253666055 3
9 625 0.0058267942549708905 3
9 626 0.005826831415223406 3
9 627 0.0058268228798436655 3
9 628 0.005826822878644711 3
9 629 0.0058267942549708905 3
9 630 0.005826794253666055 3
9 631 0.005826822878644711 3
9 632 0.0058268228798436655 3
9 633 0.005826831414126716 3
9 634 0.005826831414126716 3
9 635 0.0058267942549708905 3
9 636 0.005826831414126716 3
9 637 0.005826831414126716 3
9 638 0.1438570650033261 3
9 639 0.005826831415223406 3
9 640 0.0058268228798436655 3
9 641 0.0058268228798436655 3
9 642 0.005826831415223406 3
9 643 0.005826831415223406 3
9 644 0.005826831415223406 3
9 645 0.07372216674160358 3
9 646 0.005826822878644711 3
9 647 0.07342434791922214 3
9 648 0.01947159475325639 3
9 649 0.4444100288690651 3
9 650 0.0058267942549708905 3
9 651 0.005826831415223406 3
9 652 0.005826822878644711 3
9 653 0.005826831415223406 3
9 654 0.005826794253666055 3
9 655 0.03128579313570304 3
9 656 0.02142896939521631 3
9 657 0.005826794253666055 3
9 658 0.0058267942549708905 3
9 659 0.005826831414126716 3
9 660 0.005826831415223406 3
9 661 0.005826831414126716 3
9 662 0.005826831414126716 3
9 663 0.005826822878644711 3
9 664 1327770.4143033065 3
9 665 0.0058268228798436655 3
9 666 0.0058267942549708905 3
9 667 0.005826822878644711 3
9 668 0.005826822878644711 3
9 669 0.018696256411715014 3
9 670 0.005826831415223406 3
9 671 0.005826831415223406 3
9 672 0.005826794253666055 3
9 673 0.0058267942549708905 3
9 674 0.005826794253666055 3
9 675 0.005826831415223406 3
9 676 0.0058268228798436655 3
9 677 0.0058267942549708905 3
9 678 0.005826831414126716 3
9 679 0.0058268228798436655 3
9 680 0.0058267942549708905 3
9 681 0.0058267942549708905 3
9 682 0.005826831414126716 3
9 683 0.005826831414126716 3
9 684 0.0058268228798436655 3
9 685 0.005826822878644711 3
9 686 0.005826822878644711 3
9 687 0.005826831414126716 3
9 688 0.005826831415223406 3
9 689 0.005826831415223406 3
9 690 0.0058267942549708905 3
9 691 0.03742725896858304 3
9 692 0.005826831415223406 3
9 693 0.008354366530051505 3
9 694 0.005826794253666055 3
9 695 0.04503338386229213 3
9 696 0.005826794253666055 3
9 697 0.005826831415223406 3
9 698 0.005826831414126716 3
9 699 0.005826831415223406 3
9 700 0.005826822878644711 3
9 701 0.0058268228798436655 3
9 702 0.005826822878644711 3
9 703 0.005826831415223406 3
9 704 0.005826822878644711 3
9 705 0.005826794253666055 3
9 706 0.04077629968315666 3
9 707 0.08477916560451175 3
9 708 0.005826794253666055 3
9 709 0.005826831415223406 3
9 710 0.005826794253666055 3
9 711 0.005826831415223406 3
9 712 0.005826831414126716 3
9 713 0.005826794253666055 3
9 714 0.005826831414126716 3
9 715 0.0058268228798436655 3
9 716 0.005826822878644711 3
9 717 0.005826831415223406 3
9 718 0.005826831415223406 3
9 719 0.005826822878644711 3
9 720 0.005826831415223406 3
9 721 0.0058267942549708905 3
9 722 0.005826794253666055 3
9 723 0.0058267942549708905 3
9 724 0.005826831414126716 3
9 725 0.005826794253666055 3
9 726 0.11987805955327231 3
9 727 0.0058268228798436655 3
9 728 0.005826822878644711 3
9 729 0.005826831415223406 3
9 730 0.0058267942549708905 3
9 731 0.005826794253666055 3
9 732 0.0058268228798436655 3
9 733 0.0058267942549708905 3
9 734 0.12178817956871713 3
9 735 0.005826794253666055 3
9 736 0.0058268228798436655 3
9 737 0.0058268228798436655 3
9 738 0.005826794253666055 3
9 739 0.0058268228798436655 3
9 740 1.1181489154050406 3
9 741 0.005826794253666055 3
9 742 0.0058268228798436655 3
9 743 0.005826822878644711 3
9 744 0.0058267942549708905 3
9 745 0.005826831414126716 3
9 746 0.0058267942549708905 3
9 747 0.005826822878644711 3
9 748 0.005826794253666055 3
9 749 0.005826831415223406 3
9 750 0.005826794253666055 3
9 751 0.005826831414126716 3
9 752 0.005826822878644711 3
9 753 0.005826831415223406 3
9 754 0.005826794253666055 3
9 755 0.02021947151612023 3
9 756 0.005826831415223406 3
9 757 0.005826794253666055 3
9 758 0.005826831414126716 3
9 759 0.005826794253666055 3
9 760 0.0058268228798436655 3
9 761 0.005826831414126716 3
9 762 0.0733342331790013 3
9 763 0.005826831415223406 3
9 764 0.0058268228798436655 3
9 765 0.0058267942549708905 3
9 766 0.0058268228798436655 3
9 767 0.005826831415223406 3
9 768 0.0058268228798436655 3
9 769 0.0058268228798436655 3
9 770 0.018878956358947558 3
9 771 0.005826831415223406 3
9 772 0.005826794253666055 3
9 773 0.005826831415223406 3
9 774 0.005826831415223406 3
9 775 0.0058267942549708905 3
9 776 0.0058268228798436655 3
9 777 0.005826822878644711 3
9 778 0.0058268228798436655 3
9 779 0.005826794253666055 3
9 780 0.0058267942549708905 3
9 781 0.005826831414126716 3
9 782 0.0058267942549708905 3
9 783 0.0058267942549708905 3
9 784 0.07342432172390594 3
9 785 0.005826822878644711 3
9 786 0.005826831414126716 3
9 787 0.005826794253666055 3
9 788 0.0058268228798436655 3
9 789 0.005826831415223406 3
9 790 0.005826822878644711 3
9 791 0.0058268228798436655 3
9 792 0.005826794253666055 3
9 793 0.005826831414126716 3
9 794 0.005826831414126716 3
9 795 0.0058267942549708905 3
9 796 0.005826794253666055 3
9 797 0.005826794253666055 3
9 798 0.0058268228798436655 3
9 799 0.0058268228798436655 3
9 800 0.0058267942549708905 3
9 801 0.005826822878644711 3
9 802 0.005826831414126716 3
9 803 0.005826794253666055 3
9 804 0.005826831414126716 3
9 805 0.005826794253666055 3
9 806 0.0058267942549708905 3
9 807 0.005826822878644711 3
9 808 0.0058267942549708905 3
9 809 0.005826831415223406 3
9 810 0.005826794253666055 3
9 811 0.0058267942549708905 3
9 812 0.005826794253666055 3
9 813 0.005826831415223406 3
9 814 0.04262444371398428 3
9 815 0.005826831415223406 3
9 816 0.0058268228798436655 3
9 817 0.005826794253666055 3
9 818 0.0058267942549708905 3
9 819 0.02133045527402769 3
9 820 0.0058267942549708905 3
9 821 0.0058267942549708905 3
9 822 0.0678255074458283 3
9 823 0.005826822878644711 3
9 824 0.005826822878644711 3
9 825 0.1746722741548666 3
9 826 0.005826822878644711 3
9 827 0.005826831414126716 3
9 828 0.005826831414126716 3
9 829 0.005826831415223406 3
9 830 0.005826831415223406 3
9 831 0.005826794253666055 3
9 832 0.045033094150576505 3
9 833 0.005826822878644711 3
9 834 0.0058268228798436655 3
9 835 0.0058267942549708905 3
9 836 0.005826822878644711 3
9 837 0.005826822878644711 3
9 838 0.005826831414126716 3
9 839 0.005826831415223406 3
9 840 0.0058267942549708905 3
9 841 0.005826831414126716 3
9 842 0.021294517955934688 3
9 843 0.005826831414126716 3
9 844 0.005826831414126716 3
9 845 0.0058267942549708905 3
9 846 0.0058267942549708905 3
9 847 0.005826794253666055 3
9 848 0.005826831415223406 3
9 849 0.005826794253666055 3
9 850 0.005826822878644711 3
9 851 0.0058268228798436655 3
9 852 0.0058268228798436655 3
9 853 0.0058267942549708905 3
9 854 0.005826831414126716 3
9 855 0.005826831414126716 3
9 856 0.0058268228798436655 3
9 857 0.005826794253666055 3
9 858 0.0058267942549708905 3
9 859 0.0058268228798436655 3
9 860 0.0058268228798436655 3
9 861 0.005826794253666055 3
9 862 0.005826822878644711 3
9 863 0.005826831414126716 3
9 864 0.0058267942549708905 3
9 865 0.005826831415223406 3
9 866 0.050504761001487146 3
9 867 0.0058268228798436655 3
9 868 0.0058268228798436655 3
9 869 0.0058268228798436655 3
9 870 0.0058268228798436655 3
9 871 0.005826822878644711 3
9 872 0.005826831415223406 3
9 873 0.0058268228798436655 3
9 874 0.005826794253666055 3
9 875 0.0058267942549708905 3
9 876 0.005826794253666055 3
9 877 0.005826822878644711 3
9 878 0.07049857947297625 3
9 879 0.005826794253666055 3
9 880 0.005826831414126716 3
9 881 0.005826831414126716 3
9 882 0.0058268228798436655 3
9 883 0.005826831414126716 3
9 884 0.07199113412377328 3
9 885 0.0058267942549708905 3
9 886 0.005826822878644711 3
9 887 0.0058267942549708905 3
9 888 0.005826794253666055 3
9 889 0.005826822878644711 3
9 890 0.005826831415223406 3
9 891 0.005826822878644711 3
9 892 0.005826831414126716 3
9 893 0.0058268228798436655 3
9 894 0.005826831414126716 3
9 895 0.0058267942549708905 3
9 896 0.0058268228798436655 3
9 897 0.0058267942549708905 3
9 898 0.005826831415223406 3
9 899 0.005826831415223406 3
9 900 0.0058268228798436655 3
9 901 0.005826831414126716 3
9 902 0.005826831414126716 3
9 903 0.0058267942549708905 3
9 904 0.005826794253666055 3
9 905 0.0058267942549708905 3
9 906 0.0058267942549708905 3
9 907 0.005826831414126716 3
9 908 0.005826822878644711 3
9 909 0.17467227425357382 3
9 910 0.005826831415223406 3
9 911 0.005826831415223406 3
9 912 0.09896352599773615 3
9 913 0.005826822878644711 3
9 914 0.005826831415223406 3
9 915 0.005826794253666055 3
9 916 0.0058268228798436655 3
9 917 0.005826831415223406 3
9 918 0.005826822878644711 3
9 919 0.005826831414126716 3
9 920 0.0058268228798436655 3
9 921 0.0058268228798436655 3
9 922 0.005826831415223406 3
9 923 0.005826794253666055 3
9 924 0.005826831414126716 3
9 925 0.0058268228798436655 3
9 926 0.005826831415223406 3
9 927 0.0058267942549708905 3
9 928 0.0058267942549708905 3
9 929 0.005826822878644711 3
9 930 0.005826831415223406 3
9 931 0.0058267942549708905 3
9 932 0.0058267942549708905 3
9 933 0.005826831415223406 3
9 934 0.010502468810452501 3
9 935 0.005826831415223406 3
9 936 0.005826822878644711 3
9 937 0.005826822878644711 3
9 938 0.0058267942549708905 3
9 939 0.005826831414126716 3
9 940 0.0058267942549708905 3
9 941 0.0058268228798436655 3
9 942 0.005826831415223406 3
9 943 0.0058268228798436655 3
9 944 0.12787523053068195 3
9 945 0.01971456448137093 3
9 946 0.005826831415223406 3
9 947 0.005826822878644711 3
9 948 0.005826822878644711 3
9 949 0.0058268228798436655 3
9 950 0.005826831415223406 3
9 951 0.06622215796828612 3
9 952 0.0058267942549708905 3
9 953 0.005826794253666055 3
9 954 0.0058267942549708905 3
9 955 0.0058268228798436655 3
9 956 0.005826794253666055 3
9 957 0.10152710587180702 3
9 958 0.0058268228798436655 3
9 959 0.005826831415223406 3
9 960 0.005826822878644711 3
9 961 0.005826794253666055 3
9 962 0.0058267942549708905 3
9 963 0.005826822878644711 3
9 964 0.0058267942549708905 3
9 965 0.0058267942549708905 3
9 966 0.005826794253666055 3
9 967 0.005826822878644711 3
9 968 0.005826831415223406 3
9 969 0.0058268228798436655 3
9 970 0.019720577820163232 3
9 971 0.005826831414126716 3
9 972 0.005826822878644711 3
9 973 0.005826822878644711 3
9 974 0.0058267942549708905 3
9 975 0.0058268228798436655 3
9 976 0.0058267942549708905 3
9 977 0.005826822878644711 3
9 978 0.0058268228798436655 3
9 979 0.0058268228798436655 3
9 980 0.0058267942549708905 3
9 981 0.0058267942549708905 3
9 982 0.0058267942549708905 3
9 983 0.005826794253666055 3
9 984 0.0058268228798436655 3
9 985 0.005826831414126716 3
9 986 0.005826794253666055 3
9 987 0.005826831414126716 3
9 988 0.005826831415223406 3
9 989 0.0058267942549708905 3
9 990 0.0058267942549708905 3
9 991 0.0058268228798436655 3
9 992 0.0058267942549708905 3
9 993 0.06528184297634139 3
9 994 0.0058268228798436655 3
9 995 0.0058268228798436655 3
9 996 0.005826822878644711 3
9 997 0.0058268228798436655 3
9 998 0.0058268228798436655 3
9 999 0.005826831415223406 3
9 1000 0.0058267942549708905 3
9 1001 0.005826794253666055 3
9 1002 0.005826831414126716 3
9 1003 0.0058268228798436655 3
9 1004 0.07372216674160358 3
9 1005 0.0058268228798436655 3
9 1006 0.17467221080628592 3
9 1007 0.005826822878644711 3
9 1008 0.005826831414126716 3
9 1009 0.0058268228798436655 3
9 1010 0.005826831414126716 3
9 1011 0.005826822878644711 3
9 1012 0.005826831415223406 3
9 1013 0.0058268228798436655 3
9 1014 0.005826822878644711 3
9 1015 0.005826794253666055 3
9 1016 0.005826831414126716 3
9 1017 0.005826794253666055 3
9 1018 0.0058267942549708905 3
9 1019 0.01065630579050087 3
9 1020 0.0058267942549708905 3
9 1021 0.0058267942549708905 3
9 1022 0.0058268228798436655 3
9 1023 0.005826822878644711 3
9 1024 0.1438570650033261 3
9 1025 0.005826794253666055 3
9 1026 0.005826831414126716 3
9 1027 0.005826822878644711 3
9 1028 0.005826822878644711 3
9 1029 0.005826831415223406 3
9 1030 0.0058268228798436655 3
9 1031 0.0058268228798436655 3
9 1032 0.0058268228798436655 3
9 1033 0.028082961838660842 3
9 1034 0.005826831414126716 3
9 1035 0.0058267942549708905 3
9 1036 0.0058267942549708905 3
9 1037 0.0058267942549708905 3
9 1038 0.005826794253666055 3
9 1039 0.0058268228798436655 3
9 1040 0.005826831415223406 3
9 1041 0.005826831415223406 3
9 1042 0.0058268228798436655 3
9 1043 0.005826822878644711 3
9 1044 0.01905265813846875 3
9 1045 0.005826831414126716 3
9 1046 0.005826822878644711 3
9 1047 0.005826831415223406 3
9 1048 0.005826831415223406 3
9 1049 67.7836217214577 3
9 1050 0.005826822878644711 3
9 1051 0.005826822878644711 3
9 1052 0.12787523052940714 3
9 1053 0.005826831414126716 3
9 1054 0.005826831415223406 3
9 1055 0.0058268228798436655 3
9 1056 0.019052661208810825 3
9 1057 0.005826794253666055 3
9 1058 0.0058267942549708905 3
9 1059 0.005826831414126716 3
9 1060 0.005826822878644711 3
9 1061 0.005826831414126716 3
9 1062 0.005826831414126716 3
9 1063 0.005826794253666055 3
9 1064 0.005826831414126716 3
9 1065 0.005826794253666055 3
9 1066 0.04066725252569002 3
9 1067 0.005826794253666055 3
9 1068 0.005826822878644711 3
9 1069 0.005826831414126716 3
9 1070 0.0058267942549708905 3
9 1071 0.005826794253666055 3
9 1072 0.005826794253666055 3
9 1073 0.005826794253666055 3
9 1074 0.005826794253666055 3
9 1075 0.005826794253666055 3
9 1076 0.005826794253666055 3
9 1077 0.005826831415223406 3
9 1078 0.0058267942549708905 3
9 1079 0.005826831415223406 3
9 1080 0.0058268228798436655 3
9 1081 0.005826831414126716 3
9 1082 0.005826831415223406 3
9 1083 0.005826794253666055 3
9 1084 0.005826831414126716 3
9 1085 0.005826831414126716 3
9 1086 0.005826822878644711 3
9 1087 0.005826831415223406 3
9 1088 0.005826831415223406 3
9 1089 0.005826822878644711 3
9 1090 0.005826822878644711 3
9 1091 0.005826831415223406 3
9 1092 0.0058267942549708905 3
9 1093 0.0058268228798436655 3
9 1094 0.005826831414126716 3
9 1095 0.005826794253666055 3
9 1096 0.0058268228798436655 3
9 1097 0.0058268228798436655 3
9 1098 0.005826831415223406 3
9 1099 0.005826822878644711 3
9 1100 0.005826831415223406 3
9 1101 0.005826822878644711 3
9 1102 0.010502476686511743 3
9 1103 0.005826831415223406 3
9 1104 0.023461875383259268 3
9 1105 0.005826822878644711 3
9 1106 0.005826831415223406 3
9 1107 0.005826831415223406 3
9 1108 0.005826831414126716 3
9 1109 0.021294525554331527 3
9 1110 0.005826831414126716 3
9 1111 0.005826831415223406 3
9 1112 0.02318935307301938 3
9 1113 0.005826822878644711 3
9 1114 0.005826831414126716 3
9 1115 0.0058267942549708905 3
9 1116 0.0058267942549708905 3
9 1117 0.0058267942549708905 3
9 1118 0.0058267942549708905 3
9 1119 0.005826794253666055 3
9 1120 0.005826794253666055 3
9 1121 0.0058267942549708905 3
9 1122 0.0058268228798436655 3
9 1123 0.005826794253666055 3
9 1124 0.0058268228798436655 3
9 1125 0.0058268228798436655 3
9 1126 0.0058267942549708905 3
9 1127 0.005826794253666055 3
9 1128 0.005826831415223406 3
9 1129 0.005826822878644711 3
9 1130 0.005826831415223406 3
9 1131 0.0058267942549708905 3
9 1132 0.0058268228798436655 3
9 1133 0.01065630579050087 3
9 1134 0.005826831414126716 3
9 1135 0.005826794253666055 3
9 1136 0.005826831414126716 3
9 1137 0.0058267942549708905 3
9 1138 0.005826822878644711 3
9 1139 0.0058267942549708905 3
9 1140 0.005826831414126716 3
9 1141 0.4865793425185585 3
9 1142 0.005826822878644711 3
9 1143 0.0058268228798436655 3
9 1144 0.019570702139823076 3
9 1145 0.005826831414126716 3
9 1146 0.005826794253666055 3
9 1147 0.005826831414126716 3
9 1148 0.0058267942549708905 3
9 1149 0.005826794253666055 3
9 1150 0.0058267942549708905 3
9 1151 0.0058268228798436655 3
9 1152 0.005826831415223406 3
9 1153 0.0058267942549708905 3
9 1154 0.005826831414126716 3
9 1155 0.005826831414126716 3
9 1156 0.005826794253666055 3
9 1157 0.005826822878644711 3
9 1158 0.0058267942549708905 3
9 1159 0.0058267942549708905 3
9 1160 0.0058268228798436655 3
9 1161 0.005826794253666055 3
9 1162 0.0058267942549708905 3
9 1163 0.005826794253666055 3
9 1164 0.005826822878644711 3
9 1165 0.005826831414126716 3
9 1166 0.005826831414126716 3
9 1167 0.005826822878644711 3
9 1168 0.005826822878644711 3
9 1169 0.0058268228798436655 3
9 1170 0.005826831414126716 3
9 1171 0.005826831414126716 3
9 1172 0.0058268228798436655 3
9 1173 0.005826822878644711 3
9 1174 0.005826831415223406 3
9 1175 0.0058268228798436655 3
9 1176 0.005826831414126716 3
9 1177 0.0058267942549708905 3
9 1178 0.005826794253666055 3
9 1179 0.005826831415223406 3
9 1180 0.04503338386229213 3
9 1181 0.0058267942549708905 3
9 1182 0.005826822878644711 3
9 1183 0.005826794253666055 3
9 1184 0.0058267942549708905 3
9 1185 0.0058267942549708905 3
9 1186 0.019052661208810825 3
9 1187 0.005826794253666055 3
9 1188 0.0058267942549708905 3
9 1189 0.0058267942549708905 3
9 1190 0.005826794253666055 3
9 1191 0.005826831415223406 3
9 1192 0.0058267942549708905 3
9 1193 0.0058268228798436655 3
9 1194 0.005826794253666055 3
9 1195 0.0058267942549708905 3
9 1196 0.016715020524901286 3
9 1197 0.0058267942549708905 3
9 1198 0.005826822878644711 3
9 1199 0.005826794253666055 3
9 1200 0.005826822878644711 3
9 1201 0.0058267942549708905 3
9 1202 0.005826822878644711 3
9 1203 0.0058267942549708905 3
9 1204 0.07001036184981539 3
9 1205 0.005826831414126716 3
9 1206 0.005826794253666055 3
9 1207 0.005826822878644711 3
9 1208 0.005826794253666055 3
9 1209 0.0058267942549708905 3
9 1210 0.06940817352653152 3
9 1211 0.0058268228798436655 3
9 1212 0.005826831415223406 3
9 1213 0.005826822878644711 3
9 1214 0.005826831415223406 3
9 1215 0.005826831415223406 3
9 1216 0.0058267942549708905 3
9 1217 0.005826794253666055 3
9 1218 0.005826831415223406 3
9 1219 0.0058268228798436655 3
9 1220 0.005826822878644711 3
9 1221 0.018696256411760516 3
9 1222 0.019429019410714957 3
9 1223 0.0058267942549708905 3
9 1224 0.005826794253666055 3
9 1225 0.005826822878644711 3
9 1226 0.005826831415223406 3
9 1227 0.005826822878644711 3
9 1228 0.005826794253666055 3
9 1229 0.0058267942549708905 3
9 1230 0.005826831414126716 3
9 1231 0.08079518161895806 3
9 1232 0.005826831415223406 3
9 1233 0.0058267942549708905 3
9 1234 0.0058268228798436655 3
9 1235 0.0058268228798436655 3
9 1236 0.005826831414126716 3
9 1237 0.005826831415223406 3
9 1238 0.07001036176374521 3
9 1239 0.005826822878644711 3
9 1240 0.005826831414126716 3
9 1241 0.005826794253666055 3
9 1242 0.005826822878644711 3
9 1243 0.005826822878644711 3
9 1244 0.0058267942549708905 3
9 1245 0.15214107697650783 3
9 1246 0.0058267942549708905 3
9 1247 0.0058268228798436655 3
9 1248 0.01972278136779932 3
9 1249 0.005826831414126716 3
9 1250 0.005826831415223406 3
9 1251 0.005826794253666055 3
9 1252 0.005826831414126716 3
9 1253 0.005826831414126716 3
9 1254 0.005826831415223406 3
9 1255 666052.3982169701 3
9 1256 0.0058267942549708905 3
9 1257 0.0058268228798436655 3
9 1258 0.005826794253666055 3
9 1259 0.0058268228798436655 3
9 1260 0.005826831415223406 3
9 1261 0.005826831414126716 3
9 1262 0.0058267942549708905 3
9 1263 0.005826831415223406 3
9 1264 0.005826822878644711 3
9 1265 0.005826822878644711 3
9 1266 0.005826831415223406 3
9 1267 0.005826831414126716 3
9 1268 0.0058267942549708905 3
9 1269 0.0058268228798436655 3
9 1270 0.0666675624633368 3
9 1271 0.17468674524600472 3
9 1272 0.0058267942549708905 3
9 1273 0.019707400834159547 3
9 1274 0.0058267942549708905 3
9 1275 0.005826831415223406 3
9 1276 0.0058267942549708905 3
9 1277 0.0058267942549708905 3
9 1278 0.005826794253666055 3
9 1279 0.005826822878644711 3
9 1280 0.005826831414126716 3
9 1281 0.005826794253666055 3
9 1282 0.0058268228798436655 3
9 1283 0.0058268228798436655 3
9 1284 0.005826822878644711 3
9 1285 0.019729219730339295 3
9 1286 0.005826794253666055 3
9 1287 0.005826794253666055 3
9 1288 0.005826831414126716 3
9 1289 0.005826831415223406 3
9 1290 0.005826822878644711 3
9 1291 0.005826831414126716 3
9 1292 0.005826794253666055 3
9 1293 0.005826831414126716 3
9 1294 0.005826794253666055 3
9 1295 0.005826831415223406 3
9 1296 0.005826822878644711 3
9 1297 0.0058268228798436655 3
9 1298 0.005826822878644711 3
9 1299 0.10623294053409821 3
9 1300 0.005826831415223406 3
9 1301 0.48657693897523707 3
9 1302 0.005826831414126716 3
9 1303 0.005826831414126716 3
9 1304 0.0058267942549708905 3
9 1305 0.019729185974961417 3
9 1306 0.005826831414126716 3
9 1307 0.005826831414126716 3
9 1308 0.005826822878644711 3
9 1309 0.005826831415223406 3
9 1310 0.005826831415223406 3
9 1311 0.037054275238698406 3
9 1312 0.005826794253666055 3
9 1313 0.07528540352997695 3
9 1314 0.01947292041133944 3
9 1315 0.06929034197820702 3
9 1316 0.005826831415223406 3
9 1317 0.0058267942549708905 3
9 1318 0.005826822878644711 3
9 1319 0.0058267942549708905 3
9 1320 0.005826831414126716 3
9 1321 0.005826822878644711 3
9 1322 0.005826831415223406 3
9 1323 0.0058267942549708905 3
9 1324 0.005826822878644711 3
9 1325 0.0058267942549708905 3
9 1326 0.005826831415223406 3
9 1327 0.005826822878644711 3
9 1328 0.005826794253666055 3
9 1329 0.005826831414126716 3
9 1330 0.005826831414126716 3
9 1331 0.005826831414126716 3
9 1332 0.0058268228798436655 3
9 1333 0.019707400834148597 3
9 1334 0.005826831415223406 3
9 1335 0.005826831414126716 3
9 1336 0.005826831415223406 3
9 1337 0.0058267942549708905 3
9 1338 0.17611575473734642 3
9 1339 0.0058267942549708905 3
9 1340 0.005826794253666055 3
9 1341 0.07199113412379905 3
9 1342 0.0058268228798436655 3
9 1343 0.12540963243989087 3
9 1344 0.0058268228798436655 3
9 1345 0.0058268228798436655 3
9 1346 0.005826794253666055 3
9 1347 0.02318935307429842 3
9 1348 0.005826831414126716 3
9 1349 0.0058267942549708905 3
9 1350 0.005826831414126716 3
9 1351 0.005826794253666055 3
9 1352 0.005826794253666055 3
9 1353 0.005826822878644711 3
9 1354 0.0058268228798436655 3
9 1355 0.005826831414126716 3
9 1356 0.005826822878644711 3
9 1357 0.005826831414126716 3
9 1358 0.0058267942549708905 3
9 1359 0.0058267942549708905 3
9 1360 0.0058268228798436655 3
9 1361 0.005826831414126716 3
9 1362 0.15214107697613036 3
9 1363 0.0058267942549708905 3
9 1364 0.17611575473768482 3
9 1365 0.0058267942549708905 3
9 1366 0.005826822878644711 3
9 1367 0.0058268228798436655 3
9 1368 0.0058268228798436655 3
9 1369 0.005826831414126716 3
9 1370 0.005826831414126716 3
9 1371 0.018881650275377835 3
9 1372 0.005826794253666055 3
9 1373 0.0058267942549708905 3
9 1374 0.005826831414126716 3
9 1375 0.020461418462133552 3
9 1376 0.0058267942549708905 3
9 1377 0.005826831414126716 3
9 1378 0.005826831414126716 3
9 1379 0.005826794253666055 3
9 1380 0.005826831415223406 3
9 1381 0.005826831415223406 3
9 1382 0.005826794253666055 3
9 1383 0.0058267942549708905 3
9 1384 0.03711091131733402 3
9 1385 0.0058267942549708905 3
9 1386 0.005826794253666055 3
9 1387 0.005826794253666055 3
9 1388 0.0058267942549708905 3
9 1389 0.005826794253666055 3
9 1390 0.0058268228798436655 3
9 1391 0.0058267942549708905 3
9 1392 0.0058268228798436655 3
9 1393 0.0058268228798436655 3
9 1394 0.005826831414126716 3
9 1395 0.005826794253666055 3
9 1396 0.005826831415223406 3
9 1397 0.005826831415223406 3
9 1398 0.005826822878644711 3
9 1399 0.06460963574401701 3
9 1400 0.005826794253666055 3
9 1401 0.005826831414126716 3
9 1402 0.0058267942549708905 3
9 1403 0.005826831415223406 3
9 1404 0.0058267942549708905 3
9 1405 0.005826794253666055 3
9 1406 0.005826794253666055 3
9 1407 0.005826794253666055 3
9 1408 0.005826831415223406 3
9 1409 0.0058267942549708905 3
9 1410 0.005826794253666055 3
9 1411 0.005826831414126716 3
9 1412 0.005826794253666055 3
9 1413 0.0058268228798436655 3
9 1414 0.005826794253666055 3
9 1415 0.005826794253666055 3
9 1416 0.0058268228798436655 3
9 1417 0.005826794253666055 3
9 1418 0.005826831414126716 3
9 1419 0.005826794253666055 3
9 1420 0.0058268228798436655 3
9 1421 0.005826822878644711 3
9 1422 0.0058268228798436655 3
9 1423 0.1198780641077869 3
9 1424 0.005826831415223406 3
9 1425 0.005826831415223406 3
9 1426 0.0058267942549708905 3
9 1427 0.0058267942549708905 3
9 1428 0.0058267942549708905 3
9 1429 0.0058267942549708905 3
9 1430 0.005826831414126716 3
9 1431 0.005826831415223406 3
9 1432 0.005826831414126716 3
9 1433 0.005826831415223406 3
9 1434 0.0058268228798436655 3
9 1435 0.005826831415223406 3
9 1436 0.0058267942549708905 3
9 1437 0.005826794253666055 3
9 1438 0.005826822878644711 3
9 1439 0.0058267942549708905 3
9 1440 0.005826831414126716 3
9 1441 0.0058268228798436655 3
9 1442 0.005826794253666055 3
9 1443 0.005826822878644711 3
9 1444 0.005826822878644711 3
9 1445 0.0058268228798436655 3
9 1446 0.0058268228798436655 3
9 1447 0.005826831415223406 3
9 1448 0.005826822878644711 3
9 1449 0.005826822878644711 3
9 1450 0.01974410496907164 3
9 1451 0.005826831414126716 3
9 1452 0.005826831415223406 3
9 1453 0.0058267942549708905 3
9 1454 0.005826831414126716 3
9 1455 0.0058268228798436655 3
9 1456 0.12540963970996183 3
9 1457 0.0058268228798436655 3
9 1458 0.005826831415223406 3
9 1459 0.005826822878644711 3
9 1460 0.0058268228798436655 3
9 1461 0.005826831414126716 3
9 1462 0.005826822878644711 3
9 1463 0.005826822878644711 3
9 1464 0.005826822878644711 3
9 1465 0.005826831415223406 3
9 1466 0.0058268228798436655 3
9 1467 0.0058268228798436655 3
9 1468 0.005826831415223406 3
9 1469 0.0058267942549708905 3
9 1470 0.005826831415223406 3
9 1471 0.005826822878644711 3
9 1472 0.018696256411766244 3
9 1473 0.005826831414126716 3
9 1474 0.005826822878644711 3
9 1475 0.005826831414126716 3
9 1476 0.019727161561124876 3
9 1477 0.005826831414126716 3
9 1478 0.005826794253666055 3
9 1479 0.0058268228798436655 3
9 1480 0.0058268228798436655 3
9 1481 0.005826822878644711 3
9 1482 0.005826831415223406 3
9 1483 0.17468674524591973 3
9 1484 0.005826831414126716 3
9 1485 0.005826822878644711 3
9 1486 0.005826831414126716 3
9 1487 0.0058268228798436655 3
9 1488 0.08331826255859216 3
9 1489 0.005826822878644711 3
9 1490 0.0058268228798436655 3
9 1491 0.005826822878644711 3
9 1492 0.0058268228798436655 3
9 1493 0.005826822878644711 3
9 1494 0.005826831415223406 3
9 1495 0.005826831415223406 3
9 1496 0.0058267942549708905 3
9 1497 0.0058267942549708905 3
9 1498 0.0058268228798436655 3
9 1499 0.0058267942549708905 3
9 1500 0.005826831415223406 3
9 1501 0.005826822878644711 3
9 1502 0.005826794253666055 3
9 1503 0.0058268228798436655 3
9 1504 0.005826831414126716 3
9 1505 0.005826831415223406 3
9 1506 0.0058268228798436655 3
9 1507 0.005826831414126716 3
9 1508 0.0058267942549708905 3
9 1509 0.005826831415223406 3
9 1510 0.0058268228798436655 3
9 1511 0.0058268228798436655 3
9 1512 0.0058268228798436655 3
9 1513 0.0058268228798436655 3
9 1514 0.005826794253666055 3
9 1515 0.0058268228798436655 3
9 1516 0.005826831414126716 3
9 1517 0.005826794253666055 3
9 1518 0.005826831414126716 3
9 1519 0.0058268228798436655 3
9 1520 0.0058267942549708905 3
9 1521 0.005826794253666055 3
9 1522 0.005826794253666055 3
9 1523 0.005826831414126716 3
9 1524 0.005826831414126716 3
9 1525 0.0058267942549708905 3
9 1526 0.005826831415223406 3
9 1527 0.0058268228798436655 3
9 1528 0.005826822878644711 3
9 1529 0.0058268228798436655 3
9 1530 0.005826822878644711 3
9 1531 0.0058268228798436655 3
9 1532 0.005826831414126716 3
9 1533 0.005826831415223406 3
9 1534 0.005826831415223406 3
9 1535 0.005826794253666055 3
9 1536 0.04066725252569002 3
9 1537 0.0058268228798436655 3
9 1538 0.005826831414126716 3
9 1539 0.005826794253666055 3
9 1540 0.005826794253666055 3
9 1541 7.296996749201716 3
9 1542 0.005826822878644711 3
9 1543 0.005826822878644711 3
9 1544 0.005826831414126716 3
9 1545 0.0058268228798436655 3
9 1546 1.1086613415216449 3
9 1547 0.021658067846782526 3
9 1548 0.005826794253666055 3
9 1549 0.005826831414126716 3
9 1550 0.0733342331790013 3
9 1551 0.005826822878644711 3
9 1552 0.0058267942549708905 3
9 1553 0.016652336457389463 3
9 1554 0.005826822878644711 3
9 1555 0.07059960674123054 3
9 1556 0.0058268228798436655 3
9 1557 0.0058267942549708905 3
9 1558 0.0058267942549708905 3
9 1559 0.005826822878644711 3
9 1560 0.0058267942549708905 3
9 1561 0.005826831415223406 3
9 1562 0.005826794253666055 3
9 1563 0.005826794253666055 3
9 1564 0.005826794253666055 3
9 1565 0.005826831415223406 3
9 1566 0.0058268228798436655 3
9 1567 0.0058267942549708905 3
9 1568 0.005826831415223406 3
9 1569 0.005826831415223406 3
9 1570 0.005826822878644711 3
9 1571 0.005826794253666055 3
9 1572 0.005826794253666055 3
9 1573 0.005826822878644711 3
9 1574 0.05744398919406638 3
9 1575 0.005826831414126716 3
9 1576 0.03705427523867291 3
9 1577 0.005826822878644711 3
9 1578 0.0058267942549708905 3
9 1579 0.0058268228798436655 3
9 1580 0.005826794253666055 3
9 1581 0.0058267942549708905 3
9 1582 0.005826831414126716 3
9 1583 0.005826831415223406 3
9 1584 0.0058267942549708905 3
9 1585 0.019727123282326037 3
9 1586 0.0058267942549708905 3
9 1587 0.005826794253666055 3
9 1588 0.0058267942549708905 3
9 1589 0.005826794253666055 3
9 1590 0.005826831415223406 3
9 1591 0.005826831414126716 3
9 1592 0.018878955565696322 3
9 1593 0.0058268228798436655 3
9 1594 0.005826794253666055 3
9 1595 0.005826794253666055 3
9 1596 0.0058268228798436655 3
9 1597 0.005826831414126716 3
9 1598 0.06940608797398999 3
9 1599 0.005826822878644711 3
9 1600 0.005826794253666055 3
9 1601 0.005826794253666055 3
9 1602 0.005826831414126716 3
9 1603 0.0058268228798436655 3
9 1604 0.005826822878644711 3
9 1605 0.005826822878644711 3
9 1606 0.005826822878644711 3
9 1607 0.005826831414126716 3
9 1608 0.019714564481368543 3
9 1609 0.0058268228798436655 3
9 1610 0.005826822878644711 3
9 1611 0.005826822878644711 3
9 1612 0.005826831415223406 3
9 1613 0.005826831415223406 3
9 1614 0.005826822878644711 3
9 1615 0.005826822878644711 3
9 1616 0.005826831414126716 3
9 1617 0.005826831415223406 3
9 1618 0.005826831414126716 3
9 1619 0.005826822878644711 3
9 1620 0.005826831415223406 3
9 1621 0.0481042280706633 3
9 1622 0.005826831414126716 3
9 1623 0.046795087951553606 3
9 1624 0.020459982431213074 3
9 1625 0.0058268228798436655 3
9 1626 0.005826794253666055 3
9 1627 0.0058268228798436655 3
9 1628 0.005826822878644711 3
9 1629 0.005826831414126716 3
9 1630 0.0058268228798436655 3
9 1631 0.005826831414126716 3
9 1632 0.005826831414126716 3
9 1633 0.005826831414126716 3
9 1634 0.005826794253666055 3
9 1635 0.0058268228798436655 3
9 1636 0.005826822878644711 3
9 1637 0.0058267942549708905 3
9 1638 0.005826831415223406 3
9 1639 0.005826794253666055 3
9 1640 0.0058267942549708905 3
9 1641 0.05987204776012756 3
9 1642 0.005826794253666055 3
9 1643 0.0058268228798436655 3
9 1644 0.005826794253666055 3
9 1645 0.005826831415223406 3
9 1646 0.019669600602582438 3
9 1647 0.0058267942549708905 3
9 1648 0.005826794253666055 3
9 1649 0.0058267942549708905 3
9 1650 0.005826794253666055 3
9 1651 0.005826831415223406 3
9 1652 0.005826831415223406 3
9 1653 0.0058268228798436655 3
9 1654 0.005826794253666055 3
9 1655 0.005826794253666055 3
9 1656 0.005826831414126716 3
9 1657 0.005826794253666055 3
9 1658 0.005826831414126716 3
9 1659 0.005826831415223406 3
9 1660 0.0058268228798436655 3
9 1661 0.005826794253666055 3
9 1662 0.0058267942549708905 3
9 1663 0.0058268228798436655 3
9 1664 0.0058268228798436655 3
9 1665 0.005826794253666055 3
9 1666 0.005826794253666055 3
9 1667 0.005826831414126716 3
9 1668 0.005826831415223406 3
9 1669 0.04441764012923258 3
9 1670 0.005826831415223406 3
9 1671 0.005826831415223406 3
9 1672 0.005826794253666055 3
9 1673 0.005826794253666055 3
9 1674 0.005826794253666055 3
9 1675 0.0058267942549708905 3
9 1676 0.0058268228798436655 3
9 1677 0.005826831415223406 3
9 1678 0.040667268795193216 3
9 1679 0.005826794253666055 3
9 1680 0.005826822878644711 3
9 1681 0.005826831415223406 3
9 1682 0.005826794253666055 3
9 1683 0.005826831415223406 3
9 1684 0.0058268228798436655 3
9 1685 0.005826831414126716 3
9 1686 0.0058268228798436655 3
9 1687 0.0058268228798436655 3
9 1688 0.0058267942549708905 3
9 1689 0.005826794253666055 3
9 1690 0.0058268228798436655 3
9 1691 0.005826822878644711 3
9 1692 0.005826794253666055 3
9 1693 0.005826831414126716 3
9 1694 0.005826794253666055 3
9 1695 0.019570702139771096 3
9 1696 0.0058268228798436655 3
9 1697 0.027868115845180993 3
9 1698 0.0058267942549708905 3
9 1699 0.0058268228798436655 3
9 1700 0.005826831414126716 3
9 1701 0.005826822878644711 3
9 1702 0.005826822878644711 3
9 1703 0.0058268228798436655 3
9 1704 0.1588433177165943 3
9 1705 0.0058267942549708905 3
9 1706 0.005826831415223406 3
9 1707 0.005826794253666055 3
9 1708 0.04503338386229213 3
9 1709 0.0058267942549708905 3
9 1710 0.005826831414126716 3
9 1711 0.005826794253666055 3
9 1712 0.005826822878644711 3
9 1713 0.0058268228798436655 3
9 1714 0.005826822878644711 3
9 1715 0.1760171765904025 3
9 1716 0.005826822878644711 3
9 1717 0.0058267942549708905 3
9 1718 0.005826794253666055 3
9 1719 0.005826822878644711 3
9 1720 0.005826822878644711 3
9 1721 0.005826794253666055 3
9 1722 0.005826831415223406 3
9 1723 0.005826822878644711 3
9 1724 0.005826794253666055 3
9 1725 0.0058267942549708905 3
9 1726 0.005826831414126716 3
9 1727 0.005826831414126716 3
9 1728 0.005826831415223406 3
9 1729 0.005826831414126716 3
9 1730 0.0058268228798436655 3
9 1731 0.0058267942549708905 3
9 1732 0.005826831415223406 3
9 1733 0.005826822878644711 3
9 1734 0.0058268228798436655 3
9 1735 1.108661341527948 3
9 1736 0.005826794253666055 3
9 1737 0.005826831414126716 3
9 1738 0.0058268228798436655 3
9 1739 0.0058268228798436655 3
9 1740 0.005826822878644711 3
9 1741 0.06940901696399256 3
9 1742 0.005826822878644711 3
9 1743 0.0058267942549708905 3
9 1744 0.005826794253666055 3
9 1745 0.005826831414126716 3
9 1746 0.01970132173528904 3
9 1747 0.0058267942549708905 3
9 1748 0.0058267942549708905 3
9 1749 0.005826831414126716 3
9 1750 0.005826822878644711 3
9 1751 0.005826831414126716 3
9 1752 0.005826831414126716 3
9 1753 0.0058268228798436655 3
9 1754 0.005826831414126716 3
9 1755 0.005826831415223406 3
9 1756 0.005826822878644711 3
9 1757 0.005826831414126716 3
9 1758 0.020459982421360892 3
9 1759 0.0058267942549708905 3
9 1760 0.1746867475120038 3
9 1761 0.005826831414126716 3
9 1762 0.005826822878644711 3
9 1763 0.005826822878644711 3
9 1764 0.005826794253666055 3
9 1765 0.0058267942549708905 3
9 1766 0.0058268228798436655 3
9 1767 0.005826794253666055 3
9 1768 0.0058267942549708905 3
9 1769 0.005826831415223406 3
9 1770 0.005826831415223406 3
9 1771 0.005826822878644711 3
9 1772 0.005826831415223406 3
9 1773 0.0058267942549708905 3
9 1774 0.005826831414126716 3
9 1775 0.005826794253666055 3
9 1776 0.0058267942549708905 3
9 1777 0.0058268228798436655 3
9 1778 0.005826831414126716 3
9 1779 0.005826822878644711 3
9 1780 0.005826794253666055 3
9 1781 0.005826822878644711 3
9 1782 0.0058267942549708905 3
9 1783 0.005826794253666055 3
9 1784 0.0058267942549708905 3
9 1785 0.005826831415223406 3
9 1786 0.005826794253666055 3
9 1787 0.0058268228798436655 3
9 1788 0.0058267942549708905 3
9 1789 0.0058268228798436655 3
9 1790 0.005826831414126716 3
9 1791 0.005826794253666055 3
9 1792 0.005826831414126716 3
9 1793 0.0058267942549708905 3
9 1794 0.005826822878644711 3
9 1795 0.005826831415223406 3
9 1796 0.005826822878644711 3
9 1797 0.0058268228798436655 3
9 1798 0.005826794253666055 3
9 1799 0.0058267942549708905 3
9 1800 0.005826831415223406 3
9 1801 0.005826822878644711 3
9 1802 0.005826822878644711 3
9 1803 0.005826822878644711 3
9 1804 0.005826831415223406 3
9 1805 0.005826794253666055 3
9 1806 0.0058268228798436655 3
9 1807 0.06303736480701626 3
9 1808 0.005826822878644711 3
9 1809 0.005826794253666055 3
9 1810 0.005826822878644711 3
9 1811 0.005826831415223406 3
9 1812 0.0058267942549708905 3
9 1813 0.005826831415223406 3
9 1814 0.0058267942549708905 3
9 1815 0.005826794253666055 3
9 1816 0.019720577821830947 3
9 1817 0.0058268228798436655 3
9 1818 0.005826822878644711 3
9 1819 0.005826822878644711 3
9 1820 0.0058268228798436655 3
9 1821 0.005826794253666055 3
9 1822 0.005826831414126716 3
9 1823 0.005826831415223406 3
9 1824 0.005826794253666055 3
9 1825 0.0058268228798436655 3
9 1826 0.005826822878644711 3
9 1827 0.005826822878644711 3
9 1828 0.1703518164078304 3
9 1829 0.005826831415223406 3
9 1830 0.005826822878644711 3
9 1831 0.0058268228798436655 3
9 1832 0.005826831415223406 3
9 1833 0.005826831414126716 3
9 1834 0.005826822878644711 3
9 1835 0.0058267942549708905 3
9 1836 0.005826822878644711 3
9 1837 0.005826822878644711 3
9 1838 0.005826831415223406 3
9 1839 0.005826822878644711 3
9 1840 0.0058267942549708905 3
9 1841 0.005826831415223406 3
9 1842 0.0058268228798436655 3
9 1843 0.005826794253666055 3
9 1844 0.005826822878644711 3
9 1845 0.005826794253666055 3
9 1846 0.01226108374131719 3
9 1847 0.07333423330401038 3
9 1848 0.0058267942549708905 3
9 1849 0.005826831415223406 3
9 1850 0.0058268228798436655 3
9 1851 0.0058267942549708905 3
9 1852 0.06666756236630568 3
9 1853 0.0058268228798436655 3
9 1854 0.005826794253666055 3
9 1855 0.0058267942549708905 3
9 1856 0.005826831414126716 3
9 1857 0.0058267942549708905 3
9 1858 0.005826831414126716 3
9 1859 0.005826831414126716 3
9 1860 0.0058267942549708905 3
9 1861 0.005826831415223406 3
9 1862 0.005826831414126716 3
9 1863 0.0058268228798436655 3
9 1864 0.0058267942549708905 3
9 1865 0.005826822878644711 3
9 1866 0.005826822878644711 3
9 1867 0.005826822878644711 3
9 1868 0.005826831414126716 3
9 1869 0.005826794253666055 3
9 1870 0.005826822878644711 3
9 1871 0.019177306661305755 3
9 1872 0.005826831415223406 3
9 1873 0.005826794253666055 3
9 1874 0.07447141776141378 3
9 1875 0.005826831415223406 3
9 1876 0.0058268228798436655 3
9 1877 0.0058267942549708905 3
9 1878 0.005826831415223406 3
9 1879 0.005826822878644711 3
9 1880 0.005826831414126716 3
9 1881 0.005826831414126716 3
9 1882 0.005826831414126716 3
9 1883 0.005826831415223406 3
9 1884 0.0058267942549708905 3
9 1885 0.0058267942549708905 3
9 1886 0.17035181624912601 3
9 1887 0.005826831414126716 3
9 1888 0.005826831414126716 3
9 1889 0.005826831415223406 3
9 1890 0.0058268228798436655 3
9 1891 0.005826822878644711 3
9 1892 0.005826822878644711 3
9 1893 0.005826831414126716 3
9 1894 0.005826831415223406 3
9 1895 0.0058268228798436655 3
9 1896 0.005826822878644711 3
9 1897 0.005826794253666055 3
9 1898 0.0058267942549708905 3
9 1899 0.005826831414126716 3
9 1900 0.005826831414126716 3
9 1901 0.005826794253666055 3
9 1902 0.0058267942549708905 3
9 1903 0.0058268228798436655 3
9 1904 0.005826822878644711 3
9 1905 0.005826831415223406 3
9 1906 0.005826831415223406 3
9 1907 0.0058267942549708905 3
9 1908 0.0058268228798436655 3
9 1909 0.005826794253666055 3
9 1910 0.0058268228798436655 3
9 1911 0.0058268228798436655 3
9 1912 0.005826822878644711 3
9 1913 0.005826831414126716 3
9 1914 0.010320447340098451 3
9 1915 0.005826794253666055 3
9 1916 0.005826822878644711 3
9 1917 0.0058268228798436655 3
9 1918 0.005826831415223406 3
9 1919 0.005826794253666055 3
9 1920 0.0058268228798436655 3
9 1921 0.0058268228798436655 3
9 1922 0.005826794253666055 3
9 1923 0.005826822878644711 3
9 1924 0.005826831415223406 3
9 1925 0.005826822878644711 3
9 1926 0.005826831414126716 3
9 1927 0.005826831415223406 3
9 1928 0.005826822878644711 3
9 1929 0.005826822878644711 3
9 1930 0.005826831414126716 3
9 1931 0.005826822878644711 3
9 1932 0.005826831414126716 3
9 1933 0.0058268228798436655 3
9 1934 0.005826822878644711 3
9 1935 0.0058268228798436655 3
9 1936 0.005826831414126716 3
9 1937 0.005826831414126716 3
9 1938 0.005826831414126716 3
9 1939 0.005826831415223406 3
9 1940 0.005826831414126716 3
9 1941 0.02237870123205357 3
9 1942 0.0058268228798436655 3
9 1943 0.005826831415223406 3
9 1944 0.005826794253666055 3
9 1945 0.005826822878644711 3
9 1946 0.0058267942549708905 3
9 1947 0.005826794253666055 3
9 1948 0.005826794253666055 3
9 1949 0.005826794253666055 3
9 1950 0.0058267942549708905 3
9 1951 0.005826831414126716 3
9 1952 0.005826831414126716 3
9 1953 0.005826794253666055 3
9 1954 0.005826822878644711 3
9 1955 0.0058267942549708905 3
9 1956 0.005826831414126716 3
9 1957 0.0058268228798436655 3
9 1958 0.0058267942549708905 3
9 1959 0.005826831414126716 3
9 1960 0.005826831414126716 3
9 1961 0.005826822878644711 3
9 1962 0.005826831415223406 3
9 1963 0.005826831414126716 3
9 1964 0.17022872941064174 3
9 1965 0.005826794253666055 3
9 1966 0.0058268228798436655 3
9 1967 0.005826794253666055 3
9 1968 0.005826794253666055 3
9 1969 0.005826822878644711 3
9 1970 0.005826794253666055 3
9 1971 0.005826831414126716 3
9 1972 0.0058267942549708905 3
9 1973 0.005826831415223406 3
9 1974 0.0058268228798436655 3
9 1975 0.0058268228798436655 3
9 1976 0.06686693238733823 3
9 1977 0.043523932603379285 3
9 1978 0.005826831414126716 3
9 1979 0.005826794253666055 3
9 1980 0.0058268228798436655 3
9 1981 0.005826794253666055 3
9 1982 0.0058268228798436655 3
9 1983 0.005826831414126716 3
9 1984 0.0058268228798436655 3
9 1985 0.0058267942549708905 3
9 1986 0.0058267942549708905 3
9 1987 0.005826794253666055 3
9 1988 0.005826822878644711 3
9 1989 0.005826831415223406 3
9 1990 0.0058268228798436655 3
9 1991 0.005826822878644711 3
9 1992 0.0058267942549708905 3
9 1993 0.0058268228798436655 3
9 1994 0.0435239326509758 3
9 1995 0.005826822878644711 3
9 1996 1.118148915402149 3
9 1997 0.005826831414126716 3
9 1998 0.005826822878644711 3
9 1999 0.005826794253666055 3
